date,AT&T
2011-01-01,50.050000000000004
2011-01-02,52.0
2011-01-03,58.5
2011-01-04,56.550000000000004
2011-01-05,54.6
2011-01-06,53.95
2011-01-07,53.95
2011-01-08,56.550000000000004
2011-01-09,49.4
2011-01-10,51.35
2011-01-11,65.0
2011-01-12,61.75
2011-01-13,53.300000000000004
2011-01-14,54.6
2011-01-15,53.95
2011-01-16,50.7
2011-01-17,53.95
2011-01-18,51.35
2011-01-19,50.7
2011-01-20,50.050000000000004
2011-01-21,50.050000000000004
2011-01-22,52.65
2011-01-23,48.1
2011-01-24,50.050000000000004
2011-01-25,50.7
2011-01-26,48.1
2011-01-27,46.800000000000004
2011-01-28,47.45
2011-01-29,48.75
2011-01-30,47.45
2011-01-31,48.1
2011-02-01,53.46
2011-02-02,55.440000000000005
2011-02-03,56.1
2011-02-04,60.06
2011-02-05,58.080000000000005
2011-02-06,48.84
2011-02-07,54.120000000000005
2011-02-08,56.760000000000005
2011-02-09,58.74
2011-02-10,61.38
2011-02-11,64.68
2011-02-12,66.0
2011-02-13,60.720000000000006
2011-02-14,60.06
2011-02-15,60.720000000000006
2011-02-16,58.080000000000005
2011-02-17,59.400000000000006
2011-02-18,55.440000000000005
2011-02-19,62.7
2011-02-20,58.080000000000005
2011-02-21,58.74
2011-02-22,59.400000000000006
2011-02-23,60.06
2011-02-24,55.440000000000005
2011-02-25,58.74
2011-02-26,58.74
2011-02-27,53.46
2011-02-28,58.080000000000005
2011-03-01,31.82
2011-03-02,34.78
2011-03-03,35.519999999999996
2011-03-04,32.56
2011-03-05,34.78
2011-03-06,31.82
2011-03-07,34.04
2011-03-08,31.82
2011-03-09,32.56
2011-03-10,32.56
2011-03-11,34.04
2011-03-12,33.3
2011-03-13,28.86
2011-03-14,34.04
2011-03-15,33.3
2011-03-16,32.56
2011-03-17,30.34
2011-03-18,33.3
2011-03-19,34.04
2011-03-20,59.2
2011-03-21,74.0
2011-03-22,51.8
2011-03-23,42.92
2011-03-24,37.0
2011-03-25,37.0
2011-03-26,36.26
2011-03-27,34.04
2011-03-28,34.78
2011-03-29,34.04
2011-03-30,31.08
2011-03-31,31.82
2011-04-01,63.0
2011-04-02,60.480000000000004
2011-04-03,56.07
2011-04-04,58.59
2011-04-05,60.480000000000004
2011-04-06,58.59
2011-04-07,56.07
2011-04-08,57.96
2011-04-09,59.22
2011-04-10,48.51
2011-04-11,51.03
2011-04-12,56.7
2011-04-13,51.660000000000004
2011-04-14,53.55
2011-04-15,59.22
2011-04-16,51.660000000000004
2011-04-17,50.4
2011-04-18,54.81
2011-04-19,56.7
2011-04-20,53.55
2011-04-21,54.81
2011-04-22,57.33
2011-04-23,51.660000000000004
2011-04-24,47.88
2011-04-25,56.7
2011-04-26,54.81
2011-04-27,56.07
2011-04-28,52.29
2011-04-29,53.55
2011-04-30,54.18
2011-05-01,55.04
2011-05-02,55.04
2011-05-03,56.96
2011-05-04,57.6
2011-05-05,56.32
2011-05-06,57.6
2011-05-07,60.160000000000004
2011-05-08,52.480000000000004
2011-05-09,53.120000000000005
2011-05-10,57.6
2011-05-11,55.04
2011-05-12,56.32
2011-05-13,64.0
2011-05-14,57.6
2011-05-15,57.6
2011-05-16,59.52
2011-05-17,60.800000000000004
2011-05-18,56.96
2011-05-19,55.68
2011-05-20,56.96
2011-05-21,56.96
2011-05-22,55.04
2011-05-23,60.160000000000004
2011-05-24,58.88
2011-05-25,60.800000000000004
2011-05-26,56.32
2011-05-27,62.72
2011-05-28,56.96
2011-05-29,53.120000000000005
2011-05-30,53.120000000000005
2011-05-31,61.44
2011-06-01,68.0
2011-06-02,63.24
2011-06-03,66.64
2011-06-04,61.2
2011-06-05,61.88
2011-06-06,64.60000000000001
2011-06-07,68.0
2011-06-08,64.60000000000001
2011-06-09,60.52
2011-06-10,55.760000000000005
2011-06-11,63.24
2011-06-12,56.440000000000005
2011-06-13,63.24
2011-06-14,65.96000000000001
2011-06-15,61.2
2011-06-16,55.760000000000005
2011-06-17,65.28
2011-06-18,59.160000000000004
2011-06-19,57.800000000000004
2011-06-20,62.56
2011-06-21,59.160000000000004
2011-06-22,65.96000000000001
2011-06-23,60.52
2011-06-24,65.28
2011-06-25,60.52
2011-06-26,59.160000000000004
2011-06-27,61.2
2011-06-28,62.56
2011-06-29,65.28
2011-06-30,63.92
2011-07-01,60.480000000000004
2011-07-02,57.96
2011-07-03,54.81
2011-07-04,50.4
2011-07-05,60.480000000000004
2011-07-06,63.0
2011-07-07,59.22
2011-07-08,57.33
2011-07-09,52.29
2011-07-10,55.44
2011-07-11,57.96
2011-07-12,55.44
2011-07-13,58.59
2011-07-14,54.81
2011-07-15,56.7
2011-07-16,53.55
2011-07-17,48.51
2011-07-18,56.07
2011-07-19,57.96
2011-07-20,54.81
2011-07-21,56.07
2011-07-22,56.7
2011-07-23,52.92
2011-07-24,51.660000000000004
2011-07-25,54.81
2011-07-26,51.660000000000004
2011-07-27,46.62
2011-07-28,52.29
2011-07-29,54.81
2011-07-30,54.18
2011-07-31,47.88
2011-08-01,55.8
2011-08-02,60.14
2011-08-03,58.28
2011-08-04,55.8
2011-08-05,53.94
2011-08-06,53.32
2011-08-07,47.74
2011-08-08,53.32
2011-08-09,53.94
2011-08-10,52.08
2011-08-11,49.6
2011-08-12,53.94
2011-08-13,50.839999999999996
2011-08-14,45.88
2011-08-15,53.94
2011-08-16,52.7
2011-08-17,50.22
2011-08-18,50.22
2011-08-19,53.32
2011-08-20,52.08
2011-08-21,48.36
2011-08-22,51.46
2011-08-23,49.6
2011-08-24,47.74
2011-08-25,48.36
2011-08-26,51.46
2011-08-27,46.5
2011-08-28,45.26
2011-08-29,53.32
2011-08-30,52.7
2011-08-31,62.0
2011-09-01,57.99999999999999
2011-09-02,54.519999999999996
2011-09-03,50.459999999999994
2011-09-04,49.3
2011-09-05,47.559999999999995
2011-09-06,53.94
2011-09-07,53.36
2011-09-08,48.13999999999999
2011-09-09,51.04
2011-09-10,48.72
2011-09-11,41.76
2011-09-12,49.3
2011-09-13,49.879999999999995
2011-09-14,51.04
2011-09-15,49.3
2011-09-16,48.72
2011-09-17,48.13999999999999
2011-09-18,52.199999999999996
2011-09-19,48.72
2011-09-20,48.13999999999999
2011-09-21,49.879999999999995
2011-09-22,47.559999999999995
2011-09-23,45.82
2011-09-24,46.4
2011-09-25,53.36
2011-09-26,49.879999999999995
2011-09-27,48.13999999999999
2011-09-28,46.98
2011-09-29,44.66
2011-09-30,48.13999999999999
2011-10-01,37.52
2011-10-02,35.510000000000005
2011-10-03,40.2
2011-10-04,58.96
2011-10-05,56.95
2011-10-06,48.24
2011-10-07,67.0
2011-10-08,44.89
2011-10-09,40.2
2011-10-10,44.89
2011-10-11,44.89
2011-10-12,43.550000000000004
2011-10-13,45.56
2011-10-14,62.31
2011-10-15,59.63
2011-10-16,44.220000000000006
2011-10-17,50.92
2011-10-18,46.230000000000004
2011-10-19,42.21
2011-10-20,42.88
2011-10-21,42.21
2011-10-22,41.54
2011-10-23,36.18
2011-10-24,42.21
2011-10-25,38.190000000000005
2011-10-26,36.85
2011-10-27,37.52
2011-10-28,38.86
2011-10-29,36.18
2011-10-30,35.510000000000005
2011-10-31,38.86
2011-11-01,56.42999999999999
2011-11-02,51.3
2011-11-03,52.44
2011-11-04,51.3
2011-11-05,53.58
2011-11-06,47.309999999999995
2011-11-07,51.3
2011-11-08,49.589999999999996
2011-11-09,50.16
2011-11-10,50.73
2011-11-11,50.16
2011-11-12,50.73
2011-11-13,45.029999999999994
2011-11-14,49.589999999999996
2011-11-15,51.3
2011-11-16,49.019999999999996
2011-11-17,47.879999999999995
2011-11-18,51.3
2011-11-19,50.73
2011-11-20,46.169999999999995
2011-11-21,51.3
2011-11-22,48.449999999999996
2011-11-23,54.15
2011-11-24,46.739999999999995
2011-11-25,56.99999999999999
2011-11-26,53.01
2011-11-27,47.309999999999995
2011-11-28,53.01
2011-11-29,50.73
2011-11-30,47.309999999999995
2011-12-01,46.440000000000005
2011-12-02,46.440000000000005
2011-12-03,45.36
2011-12-04,45.36
2011-12-05,46.980000000000004
2011-12-06,42.660000000000004
2011-12-07,41.040000000000006
2011-12-08,39.42
2011-12-09,42.120000000000005
2011-12-10,41.040000000000006
2011-12-11,40.5
2011-12-12,44.28
2011-12-13,41.040000000000006
2011-12-14,44.28
2011-12-15,40.5
2011-12-16,46.440000000000005
2011-12-17,43.2
2011-12-18,41.040000000000006
2011-12-19,48.6
2011-12-20,48.06
2011-12-21,45.36
2011-12-22,43.74
2011-12-23,45.36
2011-12-24,42.660000000000004
2011-12-25,40.5
2011-12-26,54.0
2011-12-27,50.760000000000005
2011-12-28,48.6
2011-12-29,49.14
2011-12-30,46.440000000000005
2011-12-31,41.040000000000006
2012-01-01,34.8
2012-01-02,43.5
2012-01-03,45.239999999999995
2012-01-04,44.08
2012-01-05,41.76
2012-01-06,44.08
2012-01-07,41.18
2012-01-08,35.379999999999995
2012-01-09,39.44
2012-01-10,40.019999999999996
2012-01-11,38.86
2012-01-12,39.44
2012-01-13,43.5
2012-01-14,42.919999999999995
2012-01-15,37.699999999999996
2012-01-16,49.879999999999995
2012-01-17,53.94
2012-01-18,56.26
2012-01-19,53.94
2012-01-20,54.519999999999996
2012-01-21,57.99999999999999
2012-01-22,48.13999999999999
2012-01-23,57.419999999999995
2012-01-24,53.36
2012-01-25,56.839999999999996
2012-01-26,52.199999999999996
2012-01-27,53.36
2012-01-28,54.519999999999996
2012-01-29,47.559999999999995
2012-01-30,51.04
2012-01-31,55.67999999999999
2012-02-01,57.04
2012-02-02,55.8
2012-02-03,57.66
2012-02-04,60.76
2012-02-05,52.7
2012-02-06,55.18
2012-02-07,57.66
2012-02-08,54.56
2012-02-09,58.9
2012-02-10,60.76
2012-02-11,62.0
2012-02-12,57.66
2012-02-13,57.04
2012-02-14,55.8
2012-02-15,54.56
2012-02-16,55.8
2012-02-17,55.18
2012-02-18,57.66
2012-02-19,52.7
2012-02-20,55.8
2012-02-21,53.94
2012-02-22,58.28
2012-02-23,57.66
2012-02-24,53.94
2012-02-25,57.04
2012-02-26,52.08
2012-02-27,53.94
2012-02-28,55.18
2012-02-29,53.94
2012-03-01,56.7
2012-03-02,62.37
2012-03-03,59.22
2012-03-04,54.81
2012-03-05,57.33
2012-03-06,56.7
2012-03-07,61.11
2012-03-08,61.74
2012-03-09,60.480000000000004
2012-03-10,61.11
2012-03-11,55.44
2012-03-12,58.59
2012-03-13,56.7
2012-03-14,54.81
2012-03-15,56.7
2012-03-16,63.0
2012-03-17,59.85
2012-03-18,54.18
2012-03-19,59.85
2012-03-20,55.44
2012-03-21,52.29
2012-03-22,52.29
2012-03-23,56.7
2012-03-24,52.92
2012-03-25,51.03
2012-03-26,54.81
2012-03-27,54.18
2012-03-28,54.81
2012-03-29,53.55
2012-03-30,55.44
2012-03-31,49.77
2012-04-01,47.25
2012-04-02,52.29
2012-04-03,54.18
2012-04-04,54.81
2012-04-05,51.03
2012-04-06,54.18
2012-04-07,51.03
2012-04-08,51.03
2012-04-09,63.0
2012-04-10,56.7
2012-04-11,51.03
2012-04-12,51.660000000000004
2012-04-13,51.660000000000004
2012-04-14,51.660000000000004
2012-04-15,48.51
2012-04-16,54.81
2012-04-17,52.92
2012-04-18,52.29
2012-04-19,50.4
2012-04-20,52.29
2012-04-21,51.03
2012-04-22,49.14
2012-04-23,51.03
2012-04-24,47.25
2012-04-25,47.88
2012-04-26,49.14
2012-04-27,48.51
2012-04-28,49.77
2012-04-29,44.73
2012-04-30,49.77
2012-05-01,53.94
2012-05-02,52.779999999999994
2012-05-03,53.94
2012-05-04,52.779999999999994
2012-05-05,54.519999999999996
2012-05-06,47.559999999999995
2012-05-07,56.26
2012-05-08,54.519999999999996
2012-05-09,52.779999999999994
2012-05-10,55.67999999999999
2012-05-11,53.94
2012-05-12,54.519999999999996
2012-05-13,48.13999999999999
2012-05-14,57.419999999999995
2012-05-15,53.94
2012-05-16,53.36
2012-05-17,57.99999999999999
2012-05-18,56.839999999999996
2012-05-19,54.519999999999996
2012-05-20,50.459999999999994
2012-05-21,55.67999999999999
2012-05-22,56.26
2012-05-23,53.36
2012-05-24,53.94
2012-05-25,57.419999999999995
2012-05-26,51.62
2012-05-27,45.239999999999995
2012-05-28,48.13999999999999
2012-05-29,55.099999999999994
2012-05-30,53.94
2012-05-31,55.67999999999999
2012-06-01,55.080000000000005
2012-06-02,52.36000000000001
2012-06-03,50.32
2012-06-04,58.480000000000004
2012-06-05,56.440000000000005
2012-06-06,54.400000000000006
2012-06-07,55.080000000000005
2012-06-08,56.440000000000005
2012-06-09,52.36000000000001
2012-06-10,50.32
2012-06-11,54.400000000000006
2012-06-12,57.120000000000005
2012-06-13,57.800000000000004
2012-06-14,57.800000000000004
2012-06-15,60.52
2012-06-16,57.800000000000004
2012-06-17,51.00000000000001
2012-06-18,61.2
2012-06-19,57.800000000000004
2012-06-20,58.480000000000004
2012-06-21,59.160000000000004
2012-06-22,54.400000000000006
2012-06-23,57.120000000000005
2012-06-24,51.68000000000001
2012-06-25,60.52
2012-06-26,59.84
2012-06-27,57.800000000000004
2012-06-28,59.84
2012-06-29,64.60000000000001
2012-06-30,68.0
2012-07-01,65.0
2012-07-02,53.95
2012-07-03,49.4
2012-07-04,39.65
2012-07-05,47.45
2012-07-06,51.35
2012-07-07,46.15
2012-07-08,41.6
2012-07-09,45.5
2012-07-10,47.45
2012-07-11,48.1
2012-07-12,45.5
2012-07-13,51.35
2012-07-14,45.5
2012-07-15,42.25
2012-07-16,48.1
2012-07-17,44.85
2012-07-18,47.45
2012-07-19,47.45
2012-07-20,46.15
2012-07-21,43.550000000000004
2012-07-22,40.95
2012-07-23,46.800000000000004
2012-07-24,47.45
2012-07-25,46.800000000000004
2012-07-26,44.85
2012-07-27,46.800000000000004
2012-07-28,42.9
2012-07-29,41.6
2012-07-30,44.85
2012-07-31,50.7
2012-08-01,64.0
2012-08-02,60.800000000000004
2012-08-03,62.72
2012-08-04,55.04
2012-08-05,53.76
2012-08-06,60.800000000000004
2012-08-07,62.72
2012-08-08,58.88
2012-08-09,59.52
2012-08-10,58.24
2012-08-11,56.96
2012-08-12,50.56
2012-08-13,55.68
2012-08-14,56.32
2012-08-15,57.6
2012-08-16,57.6
2012-08-17,57.6
2012-08-18,55.68
2012-08-19,53.76
2012-08-20,60.800000000000004
2012-08-21,55.68
2012-08-22,60.160000000000004
2012-08-23,58.88
2012-08-24,55.68
2012-08-25,55.68
2012-08-26,53.120000000000005
2012-08-27,60.160000000000004
2012-08-28,55.68
2012-08-29,54.4
2012-08-30,56.96
2012-08-31,56.32
2012-09-01,36.96
2012-09-02,32.76
2012-09-03,32.76
2012-09-04,35.28
2012-09-05,36.12
2012-09-06,35.28
2012-09-07,34.44
2012-09-08,32.76
2012-09-09,32.76
2012-09-10,35.28
2012-09-11,37.8
2012-09-12,57.96
2012-09-13,67.2
2012-09-14,84.0
2012-09-15,52.08
2012-09-16,43.68
2012-09-17,47.879999999999995
2012-09-18,44.519999999999996
2012-09-19,47.879999999999995
2012-09-20,48.72
2012-09-21,68.88
2012-09-22,63.0
2012-09-23,51.239999999999995
2012-09-24,55.44
2012-09-25,51.239999999999995
2012-09-26,50.4
2012-09-27,43.68
2012-09-28,48.72
2012-09-29,48.72
2012-09-30,42.839999999999996
2012-10-01,70.0
2012-10-02,66.5
2012-10-03,61.599999999999994
2012-10-04,58.099999999999994
2012-10-05,61.599999999999994
2012-10-06,63.699999999999996
2012-10-07,57.4
2012-10-08,58.099999999999994
2012-10-09,57.4
2012-10-10,57.4
2012-10-11,57.4
2012-10-12,57.4
2012-10-13,60.9
2012-10-14,53.199999999999996
2012-10-15,62.3
2012-10-16,58.099999999999994
2012-10-17,54.599999999999994
2012-10-18,53.9
2012-10-19,58.099999999999994
2012-10-20,56.0
2012-10-21,53.9
2012-10-22,60.9
2012-10-23,59.49999999999999
2012-10-24,60.199999999999996
2012-10-25,56.699999999999996
2012-10-26,58.8
2012-10-27,55.3
2012-10-28,49.699999999999996
2012-10-29,52.5
2012-10-30,56.699999999999996
2012-10-31,55.3
2012-11-01,60.199999999999996
2012-11-02,64.39999999999999
2012-11-03,60.199999999999996
2012-11-04,53.9
2012-11-05,57.4
2012-11-06,51.8
2012-11-07,49.0
2012-11-08,57.4
2012-11-09,62.3
2012-11-10,58.099999999999994
2012-11-11,53.9
2012-11-12,54.599999999999994
2012-11-13,56.0
2012-11-14,58.8
2012-11-15,58.099999999999994
2012-11-16,58.8
2012-11-17,60.9
2012-11-18,56.0
2012-11-19,56.699999999999996
2012-11-20,58.099999999999994
2012-11-21,57.4
2012-11-22,48.3
2012-11-23,70.0
2012-11-24,65.8
2012-11-25,57.4
2012-11-26,62.99999999999999
2012-11-27,57.4
2012-11-28,55.3
2012-11-29,54.599999999999994
2012-11-30,56.699999999999996
2012-12-01,57.800000000000004
2012-12-02,46.92
2012-12-03,53.040000000000006
2012-12-04,53.720000000000006
2012-12-05,52.36000000000001
2012-12-06,46.24
2012-12-07,50.32
2012-12-08,51.00000000000001
2012-12-09,46.24
2012-12-10,45.56
2012-12-11,46.92
2012-12-12,51.00000000000001
2012-12-13,46.92
2012-12-14,51.68000000000001
2012-12-15,51.00000000000001
2012-12-16,51.68000000000001
2012-12-17,48.96
2012-12-18,52.36000000000001
2012-12-19,53.040000000000006
2012-12-20,52.36000000000001
2012-12-21,53.720000000000006
2012-12-22,56.440000000000005
2012-12-23,55.760000000000005
2012-12-24,49.64
2012-12-25,53.040000000000006
2012-12-26,68.0
2012-12-27,64.60000000000001
2012-12-28,61.88
2012-12-29,55.080000000000005
2012-12-30,48.28
2012-12-31,49.64
2013-01-01,48.8
2013-01-02,60.39
2013-01-03,58.56
2013-01-04,61.0
2013-01-05,57.949999999999996
2013-01-06,50.019999999999996
2013-01-07,51.85
2013-01-08,57.339999999999996
2013-01-09,51.24
2013-01-10,51.24
2013-01-11,52.46
2013-01-12,50.629999999999995
2013-01-13,47.58
2013-01-14,49.41
2013-01-15,50.629999999999995
2013-01-16,50.019999999999996
2013-01-17,48.19
2013-01-18,51.24
2013-01-19,50.019999999999996
2013-01-20,45.75
2013-01-21,48.19
2013-01-22,50.629999999999995
2013-01-23,49.41
2013-01-24,50.629999999999995
2013-01-25,49.41
2013-01-26,48.19
2013-01-27,40.87
2013-01-28,46.36
2013-01-29,48.19
2013-01-30,45.75
2013-01-31,48.19
2013-02-01,55.099999999999994
2013-02-02,53.36
2013-02-03,46.4
2013-02-04,52.199999999999996
2013-02-05,55.099999999999994
2013-02-06,55.099999999999994
2013-02-07,52.199999999999996
2013-02-08,57.99999999999999
2013-02-09,55.67999999999999
2013-02-10,55.099999999999994
2013-02-11,53.94
2013-02-12,51.62
2013-02-13,49.3
2013-02-14,49.879999999999995
2013-02-15,55.67999999999999
2013-02-16,54.519999999999996
2013-02-17,52.199999999999996
2013-02-18,55.67999999999999
2013-02-19,52.199999999999996
2013-02-20,53.36
2013-02-21,52.199999999999996
2013-02-22,52.779999999999994
2013-02-23,51.62
2013-02-24,48.72
2013-02-25,49.3
2013-02-26,52.199999999999996
2013-02-27,52.199999999999996
2013-02-28,54.519999999999996
2013-03-01,58.41
2013-03-02,56.64
2013-03-03,54.87
2013-03-04,57.82
2013-03-05,55.459999999999994
2013-03-06,56.05
2013-03-07,54.87
2013-03-08,54.279999999999994
2013-03-09,54.279999999999994
2013-03-10,52.51
2013-03-11,58.41
2013-03-12,56.64
2013-03-13,50.739999999999995
2013-03-14,54.87
2013-03-15,57.82
2013-03-16,57.23
2013-03-17,55.459999999999994
2013-03-18,56.64
2013-03-19,56.64
2013-03-20,52.51
2013-03-21,55.459999999999994
2013-03-22,59.0
2013-03-23,55.459999999999994
2013-03-24,52.51
2013-03-25,55.459999999999994
2013-03-26,56.05
2013-03-27,58.41
2013-03-28,56.05
2013-03-29,58.41
2013-03-30,53.69
2013-03-31,52.51
2013-04-01,56.42999999999999
2013-04-02,56.99999999999999
2013-04-03,55.85999999999999
2013-04-04,53.01
2013-04-05,53.58
2013-04-06,55.28999999999999
2013-04-07,49.019999999999996
2013-04-08,52.44
2013-04-09,53.58
2013-04-10,50.73
2013-04-11,51.87
2013-04-12,55.85999999999999
2013-04-13,52.44
2013-04-14,49.589999999999996
2013-04-15,50.73
2013-04-16,53.58
2013-04-17,50.73
2013-04-18,51.87
2013-04-19,52.44
2013-04-20,51.3
2013-04-21,49.019999999999996
2013-04-22,52.44
2013-04-23,54.72
2013-04-24,53.01
2013-04-25,53.01
2013-04-26,55.85999999999999
2013-04-27,55.85999999999999
2013-04-28,51.3
2013-04-29,54.15
2013-04-30,54.15
2013-05-01,54.279999999999994
2013-05-02,52.51
2013-05-03,55.459999999999994
2013-05-04,51.919999999999995
2013-05-05,48.97
2013-05-06,55.459999999999994
2013-05-07,54.279999999999994
2013-05-08,54.279999999999994
2013-05-09,53.69
2013-05-10,56.05
2013-05-11,57.23
2013-05-12,54.279999999999994
2013-05-13,57.82
2013-05-14,53.69
2013-05-15,54.279999999999994
2013-05-16,53.69
2013-05-17,56.64
2013-05-18,53.69
2013-05-19,50.739999999999995
2013-05-20,57.82
2013-05-21,54.87
2013-05-22,53.69
2013-05-23,52.51
2013-05-24,54.279999999999994
2013-05-25,55.459999999999994
2013-05-26,50.739999999999995
2013-05-27,49.559999999999995
2013-05-28,56.05
2013-05-29,56.64
2013-05-30,54.87
2013-05-31,59.0
2013-06-01,59.800000000000004
2013-06-02,52.65
2013-06-03,56.550000000000004
2013-06-04,57.85
2013-06-05,59.15
2013-06-06,59.15
2013-06-07,59.800000000000004
2013-06-08,57.85
2013-06-09,53.95
2013-06-10,61.1
2013-06-11,61.1
2013-06-12,56.550000000000004
2013-06-13,57.2
2013-06-14,61.1
2013-06-15,58.5
2013-06-16,59.15
2013-06-17,62.400000000000006
2013-06-18,61.75
2013-06-19,59.15
2013-06-20,59.15
2013-06-21,60.45
2013-06-22,60.45
2013-06-23,59.800000000000004
2013-06-24,61.75
2013-06-25,61.75
2013-06-26,61.1
2013-06-27,63.7
2013-06-28,65.0
2013-06-29,63.050000000000004
2013-06-30,65.0
2013-07-01,62.99999999999999
2013-07-02,60.9
2013-07-03,58.099999999999994
2013-07-04,48.3
2013-07-05,59.49999999999999
2013-07-06,54.599999999999994
2013-07-07,51.099999999999994
2013-07-08,61.599999999999994
2013-07-09,57.4
2013-07-10,56.699999999999996
2013-07-11,53.9
2013-07-12,60.199999999999996
2013-07-13,53.199999999999996
2013-07-14,48.3
2013-07-15,56.699999999999996
2013-07-16,60.199999999999996
2013-07-17,59.49999999999999
2013-07-18,57.4
2013-07-19,62.3
2013-07-20,61.599999999999994
2013-07-21,55.3
2013-07-22,66.5
2013-07-23,66.5
2013-07-24,66.5
2013-07-25,65.8
2013-07-26,70.0
2013-07-27,64.39999999999999
2013-07-28,62.99999999999999
2013-07-29,67.89999999999999
2013-07-30,70.0
2013-07-31,70.0
2013-08-01,73.47
2013-08-02,79.0
2013-08-03,72.68
2013-08-04,71.89
2013-08-05,75.84
2013-08-06,79.0
2013-08-07,75.05
2013-08-08,76.63000000000001
2013-08-09,77.42
2013-08-10,71.89
2013-08-11,72.68
2013-08-12,79.0
2013-08-13,74.26
2013-08-14,71.10000000000001
2013-08-15,72.68
2013-08-16,76.63000000000001
2013-08-17,74.26
2013-08-18,71.10000000000001
2013-08-19,74.26
2013-08-20,75.84
2013-08-21,71.10000000000001
2013-08-22,73.47
2013-08-23,72.68
2013-08-24,69.52000000000001
2013-08-25,67.94
2013-08-26,64.78
2013-08-27,68.73
2013-08-28,70.31
2013-08-29,65.57000000000001
2013-08-30,74.26
2013-08-31,75.84
2013-09-01,43.0
2013-09-02,42.14
2013-09-03,48.16
2013-09-04,44.72
2013-09-05,44.72
2013-09-06,45.58
2013-09-07,44.72
2013-09-08,41.28
2013-09-09,43.0
2013-09-10,54.18
2013-09-11,55.9
2013-09-12,50.74
2013-09-13,54.18
2013-09-14,49.88
2013-09-15,43.86
2013-09-16,46.44
2013-09-17,46.44
2013-09-18,49.88
2013-09-19,54.18
2013-09-20,86.0
2013-09-21,65.36
2013-09-22,55.04
2013-09-23,52.46
2013-09-24,49.88
2013-09-25,49.019999999999996
2013-09-26,47.3
2013-09-27,46.44
2013-09-28,48.16
2013-09-29,44.72
2013-09-30,46.44
2013-10-01,74.25
2013-10-02,69.0
2013-10-03,72.0
2013-10-04,73.5
2013-10-05,75.0
2013-10-06,69.0
2013-10-07,72.75
2013-10-08,72.0
2013-10-09,68.25
2013-10-10,66.75
2013-10-11,70.5
2013-10-12,71.25
2013-10-13,66.0
2013-10-14,72.75
2013-10-15,67.5
2013-10-16,67.5
2013-10-17,67.5
2013-10-18,72.0
2013-10-19,70.5
2013-10-20,63.75
2013-10-21,69.75
2013-10-22,70.5
2013-10-23,68.25
2013-10-24,67.5
2013-10-25,68.25
2013-10-26,72.0
2013-10-27,62.25
2013-10-28,68.25
2013-10-29,69.0
2013-10-30,68.25
2013-10-31,66.0
2013-11-01,57.0
2013-11-02,61.56
2013-11-03,53.96
2013-11-04,53.2
2013-11-05,55.480000000000004
2013-11-06,50.92
2013-11-07,50.160000000000004
2013-11-08,57.76
2013-11-09,53.96
2013-11-10,52.44
2013-11-11,53.2
2013-11-12,48.64
2013-11-13,51.68
2013-11-14,54.72
2013-11-15,59.28
2013-11-16,57.76
2013-11-17,51.68
2013-11-18,57.0
2013-11-19,50.92
2013-11-20,52.44
2013-11-21,53.2
2013-11-22,52.44
2013-11-23,56.24
2013-11-24,47.12
2013-11-25,52.44
2013-11-26,57.0
2013-11-27,53.2
2013-11-28,53.96
2013-11-29,76.0
2013-11-30,60.8
2013-12-01,54.510000000000005
2013-12-02,64.78
2013-12-03,61.620000000000005
2013-12-04,57.67
2013-12-05,59.25
2013-12-06,61.620000000000005
2013-12-07,56.09
2013-12-08,53.72
2013-12-09,55.300000000000004
2013-12-10,56.09
2013-12-11,53.72
2013-12-12,53.72
2013-12-13,62.410000000000004
2013-12-14,60.830000000000005
2013-12-15,61.620000000000005
2013-12-16,62.410000000000004
2013-12-17,59.25
2013-12-18,57.67
2013-12-19,62.410000000000004
2013-12-20,63.2
2013-12-21,66.36
2013-12-22,60.830000000000005
2013-12-23,67.94
2013-12-24,58.46
2013-12-25,60.040000000000006
2013-12-26,79.0
2013-12-27,73.47
2013-12-28,66.36
2013-12-29,63.2
2013-12-30,62.410000000000004
2013-12-31,61.620000000000005
2014-01-01,58.32
2014-01-02,67.67999999999999
2014-01-03,69.12
2014-01-04,72.0
2014-01-05,59.04
2014-01-06,54.72
2014-01-07,62.64
2014-01-08,58.32
2014-01-09,57.599999999999994
2014-01-10,59.76
2014-01-11,58.32
2014-01-12,59.04
2014-01-13,54.72
2014-01-14,56.16
2014-01-15,54.72
2014-01-16,56.16
2014-01-17,59.76
2014-01-18,56.879999999999995
2014-01-19,57.599999999999994
2014-01-20,56.879999999999995
2014-01-21,54.72
2014-01-22,54.0
2014-01-23,55.44
2014-01-24,58.32
2014-01-25,55.44
2014-01-26,54.0
2014-01-27,57.599999999999994
2014-01-28,56.16
2014-01-29,56.879999999999995
2014-01-30,55.44
2014-01-31,57.599999999999994
2014-02-01,73.72
2014-02-02,66.12
2014-02-03,69.92
2014-02-04,68.4
2014-02-05,66.12
2014-02-06,64.6
2014-02-07,69.92
2014-02-08,72.2
2014-02-09,66.88
2014-02-10,66.88
2014-02-11,66.88
2014-02-12,67.64
2014-02-13,66.88
2014-02-14,66.12
2014-02-15,76.0
2014-02-16,67.64
2014-02-17,76.0
2014-02-18,66.88
2014-02-19,68.4
2014-02-20,66.88
2014-02-21,68.4
2014-02-22,72.2
2014-02-23,65.36
2014-02-24,69.16
2014-02-25,66.88
2014-02-26,67.64
2014-02-27,65.36
2014-02-28,73.72
2014-03-01,72.0
2014-03-02,63.36
2014-03-03,61.199999999999996
2014-03-04,63.36
2014-03-05,61.199999999999996
2014-03-06,61.199999999999996
2014-03-07,61.199999999999996
2014-03-08,60.48
2014-03-09,55.44
2014-03-10,65.52
2014-03-11,57.599999999999994
2014-03-12,55.44
2014-03-13,60.48
2014-03-14,61.919999999999995
2014-03-15,63.36
2014-03-16,59.76
2014-03-17,59.76
2014-03-18,54.72
2014-03-19,61.919999999999995
2014-03-20,59.04
2014-03-21,59.76
2014-03-22,59.76
2014-03-23,59.04
2014-03-24,60.48
2014-03-25,59.04
2014-03-26,61.919999999999995
2014-03-27,61.199999999999996
2014-03-28,58.32
2014-03-29,59.04
2014-03-30,58.32
2014-03-31,59.76
2014-04-01,66.42999999999999
2014-04-02,66.42999999999999
2014-04-03,64.97
2014-04-04,63.51
2014-04-05,67.89
2014-04-06,73.0
2014-04-07,73.0
2014-04-08,72.27
2014-04-09,62.05
2014-04-10,64.24
2014-04-11,71.53999999999999
2014-04-12,68.62
2014-04-13,58.4
2014-04-14,64.24
2014-04-15,63.51
2014-04-16,62.05
2014-04-17,65.7
2014-04-18,60.589999999999996
2014-04-19,61.32
2014-04-20,55.48
2014-04-21,67.16
2014-04-22,63.51
2014-04-23,59.129999999999995
2014-04-24,62.05
2014-04-25,62.78
2014-04-26,61.32
2014-04-27,55.48
2014-04-28,61.32
2014-04-29,57.67
2014-04-30,63.51
2014-05-01,59.339999999999996
2014-05-02,64.17
2014-05-03,57.959999999999994
2014-05-04,53.81999999999999
2014-05-05,58.65
2014-05-06,59.339999999999996
2014-05-07,56.58
2014-05-08,55.88999999999999
2014-05-09,60.029999999999994
2014-05-10,57.959999999999994
2014-05-11,51.74999999999999
2014-05-12,62.099999999999994
2014-05-13,60.029999999999994
2014-05-14,56.58
2014-05-15,58.65
2014-05-16,59.339999999999996
2014-05-17,59.339999999999996
2014-05-18,60.72
2014-05-19,69.0
2014-05-20,61.41
2014-05-21,61.41
2014-05-22,53.81999999999999
2014-05-23,59.339999999999996
2014-05-24,56.58
2014-05-25,52.44
2014-05-26,50.37
2014-05-27,54.51
2014-05-28,52.44
2014-05-29,50.37
2014-05-30,53.81999999999999
2014-05-31,55.88999999999999
2014-06-01,53.76
2014-06-02,57.6
2014-06-03,55.68
2014-06-04,50.56
2014-06-05,58.24
2014-06-06,56.32
2014-06-07,61.44
2014-06-08,53.120000000000005
2014-06-09,56.32
2014-06-10,57.6
2014-06-11,55.68
2014-06-12,56.32
2014-06-13,56.32
2014-06-14,51.84
2014-06-15,50.56
2014-06-16,56.32
2014-06-17,51.84
2014-06-18,53.76
2014-06-19,56.32
2014-06-20,56.96
2014-06-21,54.4
2014-06-22,52.480000000000004
2014-06-23,57.6
2014-06-24,59.52
2014-06-25,54.4
2014-06-26,50.56
2014-06-27,57.6
2014-06-28,53.120000000000005
2014-06-29,52.480000000000004
2014-06-30,64.0
2014-07-01,60.48
2014-07-02,58.32
2014-07-03,59.04
2014-07-04,51.12
2014-07-05,54.72
2014-07-06,54.72
2014-07-07,65.52
2014-07-08,64.8
2014-07-09,62.64
2014-07-10,62.64
2014-07-11,66.24
2014-07-12,66.96
2014-07-13,57.599999999999994
2014-07-14,65.52
2014-07-15,66.96
2014-07-16,66.24
2014-07-17,61.919999999999995
2014-07-18,63.36
2014-07-19,66.96
2014-07-20,61.919999999999995
2014-07-21,72.0
2014-07-22,68.39999999999999
2014-07-23,66.24
2014-07-24,65.52
2014-07-25,67.67999999999999
2014-07-26,65.52
2014-07-27,59.76
2014-07-28,66.24
2014-07-29,63.36
2014-07-30,66.96
2014-07-31,72.0
2014-08-01,72.0
2014-08-02,69.12
2014-08-03,61.919999999999995
2014-08-04,71.28
2014-08-05,69.84
2014-08-06,70.56
2014-08-07,66.96
2014-08-08,68.39999999999999
2014-08-09,65.52
2014-08-10,62.64
2014-08-11,69.84
2014-08-12,65.52
2014-08-13,59.04
2014-08-14,64.8
2014-08-15,70.56
2014-08-16,67.67999999999999
2014-08-17,61.199999999999996
2014-08-18,66.96
2014-08-19,66.24
2014-08-20,64.8
2014-08-21,67.67999999999999
2014-08-22,69.12
2014-08-23,66.96
2014-08-24,62.64
2014-08-25,65.52
2014-08-26,65.52
2014-08-27,61.199999999999996
2014-08-28,64.08
2014-08-29,67.67999999999999
2014-08-30,64.8
2014-08-31,64.08
2014-09-01,37.0
2014-09-02,39.0
2014-09-03,41.0
2014-09-04,40.0
2014-09-05,40.0
2014-09-06,40.0
2014-09-07,39.0
2014-09-08,39.0
2014-09-09,61.0
2014-09-10,66.0
2014-09-11,63.0
2014-09-12,100.0
2014-09-13,65.0
2014-09-14,54.0
2014-09-15,54.0
2014-09-16,51.0
2014-09-17,49.0
2014-09-18,51.0
2014-09-19,78.0
2014-09-20,80.0
2014-09-21,66.0
2014-09-22,63.0
2014-09-23,60.0
2014-09-24,55.0
2014-09-25,52.0
2014-09-26,53.0
2014-09-27,60.0
2014-09-28,55.0
2014-09-29,56.0
2014-09-30,54.0
2014-10-01,80.50999999999999
2014-10-02,77.19
2014-10-03,83.0
2014-10-04,81.33999999999999
2014-10-05,76.36
2014-10-06,80.50999999999999
2014-10-07,73.86999999999999
2014-10-08,71.38
2014-10-09,78.02
2014-10-10,73.03999999999999
2014-10-11,77.19
2014-10-12,71.38
2014-10-13,73.86999999999999
2014-10-14,72.21
2014-10-15,73.86999999999999
2014-10-16,73.86999999999999
2014-10-17,77.19
2014-10-18,80.50999999999999
2014-10-19,72.21
2014-10-20,74.7
2014-10-21,71.38
2014-10-22,68.89
2014-10-23,68.89
2014-10-24,71.38
2014-10-25,78.02
2014-10-26,72.21
2014-10-27,73.03999999999999
2014-10-28,72.21
2014-10-29,65.57
2014-10-30,68.89
2014-10-31,68.89
2014-11-01,72.68
2014-11-02,62.410000000000004
2014-11-03,63.99
2014-11-04,61.620000000000005
2014-11-05,55.300000000000004
2014-11-06,57.67
2014-11-07,62.410000000000004
2014-11-08,60.830000000000005
2014-11-09,56.88
2014-11-10,59.25
2014-11-11,56.88
2014-11-12,55.300000000000004
2014-11-13,57.67
2014-11-14,63.2
2014-11-15,67.15
2014-11-16,56.09
2014-11-17,59.25
2014-11-18,58.46
2014-11-19,58.46
2014-11-20,57.67
2014-11-21,58.46
2014-11-22,64.78
2014-11-23,59.25
2014-11-24,63.99
2014-11-25,59.25
2014-11-26,63.99
2014-11-27,60.040000000000006
2014-11-28,79.0
2014-11-29,71.89
2014-11-30,62.410000000000004
2014-12-01,71.28
2014-12-02,67.23
2014-12-03,61.56
2014-12-04,60.75000000000001
2014-12-05,61.56
2014-12-06,63.99
2014-12-07,63.18000000000001
2014-12-08,62.370000000000005
2014-12-09,59.13
2014-12-10,59.940000000000005
2014-12-11,58.32000000000001
2014-12-12,63.99
2014-12-13,67.23
2014-12-14,60.75000000000001
2014-12-15,62.370000000000005
2014-12-16,64.80000000000001
2014-12-17,64.80000000000001
2014-12-18,63.99
2014-12-19,68.85000000000001
2014-12-20,71.28
2014-12-21,66.42
2014-12-22,71.28
2014-12-23,72.09
2014-12-24,64.80000000000001
2014-12-25,55.080000000000005
2014-12-26,81.0
2014-12-27,73.71000000000001
2014-12-28,60.75000000000001
2014-12-29,71.28
2014-12-30,70.47
2014-12-31,66.42
2015-01-01,51.8
2015-01-02,63.699999999999996
2015-01-03,54.599999999999994
2015-01-04,49.0
2015-01-05,52.5
2015-01-06,51.099999999999994
2015-01-07,51.099999999999994
2015-01-08,50.4
2015-01-09,51.099999999999994
2015-01-10,52.5
2015-01-11,44.8
2015-01-12,49.699999999999996
2015-01-13,70.0
2015-01-14,51.099999999999994
2015-01-15,47.599999999999994
2015-01-16,48.3
2015-01-17,47.599999999999994
2015-01-18,44.8
2015-01-19,47.599999999999994
2015-01-20,44.8
2015-01-21,44.8
2015-01-22,44.8
2015-01-23,47.599999999999994
2015-01-24,46.9
2015-01-25,39.9
2015-01-26,42.0
2015-01-27,42.699999999999996
2015-01-28,43.4
2015-01-29,43.4
2015-01-30,45.5
2015-01-31,48.3
2015-02-01,51.0
2015-02-02,50.4
2015-02-03,53.4
2015-02-04,56.4
2015-02-05,59.4
2015-02-06,58.8
2015-02-07,58.199999999999996
2015-02-08,51.0
2015-02-09,60.0
2015-02-10,55.199999999999996
2015-02-11,51.6
2015-02-12,59.4
2015-02-13,57.599999999999994
2015-02-14,58.8
2015-02-15,54.0
2015-02-16,55.199999999999996
2015-02-17,48.0
2015-02-18,50.4
2015-02-19,48.0
2015-02-20,49.199999999999996
2015-02-21,48.6
2015-02-22,48.6
2015-02-23,48.0
2015-02-24,46.8
2015-02-25,48.0
2015-02-26,45.0
2015-02-27,46.8
2015-02-28,54.6
2015-03-01,50.88
2015-03-02,53.0
2015-03-03,51.940000000000005
2015-03-04,49.29
2015-03-05,50.35
2015-03-06,53.0
2015-03-07,50.35
2015-03-08,48.760000000000005
2015-03-09,47.7
2015-03-10,47.7
2015-03-11,45.050000000000004
2015-03-12,47.7
2015-03-13,50.35
2015-03-14,47.17
2015-03-15,45.580000000000005
2015-03-16,46.11
2015-03-17,45.580000000000005
2015-03-18,44.52
2015-03-19,47.17
2015-03-20,47.7
2015-03-21,49.29
2015-03-22,47.7
2015-03-23,45.050000000000004
2015-03-24,45.050000000000004
2015-03-25,43.99
2015-03-26,46.64
2015-03-27,49.82
2015-03-28,46.11
2015-03-29,48.230000000000004
2015-03-30,47.17
2015-03-31,47.7
2015-04-01,45.36
2015-04-02,45.900000000000006
2015-04-03,48.6
2015-04-04,47.52
2015-04-05,42.120000000000005
2015-04-06,49.14
2015-04-07,48.06
2015-04-08,46.980000000000004
2015-04-09,48.06
2015-04-10,50.760000000000005
2015-04-11,46.440000000000005
2015-04-12,45.36
2015-04-13,47.52
2015-04-14,45.36
2015-04-15,47.52
2015-04-16,43.2
2015-04-17,44.82
2015-04-18,45.36
2015-04-19,44.82
2015-04-20,54.0
2015-04-21,45.36
2015-04-22,45.36
2015-04-23,45.900000000000006
2015-04-24,46.980000000000004
2015-04-25,41.040000000000006
2015-04-26,38.34
2015-04-27,46.980000000000004
2015-04-28,45.36
2015-04-29,44.82
2015-04-30,45.36
2015-05-01,45.36
2015-05-02,44.82
2015-05-03,37.800000000000004
2015-05-04,45.36
2015-05-05,41.580000000000005
2015-05-06,41.580000000000005
2015-05-07,39.96
2015-05-08,42.120000000000005
2015-05-09,47.52
2015-05-10,39.42
2015-05-11,43.74
2015-05-12,42.660000000000004
2015-05-13,43.74
2015-05-14,42.660000000000004
2015-05-15,42.660000000000004
2015-05-16,44.28
2015-05-17,40.5
2015-05-18,41.040000000000006
2015-05-19,44.82
2015-05-20,44.82
2015-05-21,41.580000000000005
2015-05-22,43.74
2015-05-23,47.52
2015-05-24,37.800000000000004
2015-05-25,44.28
2015-05-26,49.14
2015-05-27,50.760000000000005
2015-05-28,49.14
2015-05-29,54.0
2015-05-30,51.84
2015-05-31,50.220000000000006
2015-06-01,59.800000000000004
2015-06-02,53.95
2015-06-03,57.2
2015-06-04,52.65
2015-06-05,57.85
2015-06-06,57.85
2015-06-07,52.65
2015-06-08,60.45
2015-06-09,59.15
2015-06-10,61.1
2015-06-11,59.800000000000004
2015-06-12,58.5
2015-06-13,58.5
2015-06-14,51.35
2015-06-15,59.15
2015-06-16,58.5
2015-06-17,62.400000000000006
2015-06-18,61.75
2015-06-19,61.75
2015-06-20,57.2
2015-06-21,48.75
2015-06-22,64.35000000000001
2015-06-23,58.5
2015-06-24,65.0
2015-06-25,62.400000000000006
2015-06-26,61.1
2015-06-27,57.2
2015-06-28,53.300000000000004
2015-06-29,61.75
2015-06-30,63.050000000000004
2015-07-01,63.92
2015-07-02,64.60000000000001
2015-07-03,64.60000000000001
2015-07-04,48.96
2015-07-05,55.080000000000005
2015-07-06,63.24
2015-07-07,61.88
2015-07-08,59.84
2015-07-09,60.52
2015-07-10,62.56
2015-07-11,55.080000000000005
2015-07-12,55.080000000000005
2015-07-13,57.800000000000004
2015-07-14,58.480000000000004
2015-07-15,60.52
2015-07-16,58.480000000000004
2015-07-17,58.480000000000004
2015-07-18,58.480000000000004
2015-07-19,53.720000000000006
2015-07-20,61.2
2015-07-21,59.84
2015-07-22,64.60000000000001
2015-07-23,63.24
2015-07-24,61.88
2015-07-25,62.56
2015-07-26,58.480000000000004
2015-07-27,63.24
2015-07-28,67.32000000000001
2015-07-29,68.0
2015-07-30,59.84
2015-07-31,61.88
2015-08-01,51.00000000000001
2015-08-02,46.92
2015-08-03,52.36000000000001
2015-08-04,68.0
2015-08-05,55.080000000000005
2015-08-06,44.88
2015-08-07,49.64
2015-08-08,48.28
2015-08-09,47.6
2015-08-10,49.64
2015-08-11,52.36000000000001
2015-08-12,50.32
2015-08-13,50.32
2015-08-14,53.040000000000006
2015-08-15,51.68000000000001
2015-08-16,45.56
2015-08-17,55.760000000000005
2015-08-18,54.400000000000006
2015-08-19,54.400000000000006
2015-08-20,51.68000000000001
2015-08-21,56.440000000000005
2015-08-22,54.400000000000006
2015-08-23,51.00000000000001
2015-08-24,53.040000000000006
2015-08-25,51.68000000000001
2015-08-26,51.00000000000001
2015-08-27,51.00000000000001
2015-08-28,48.96
2015-08-29,51.00000000000001
2015-08-30,48.28
2015-08-31,53.040000000000006
2015-09-01,54.019999999999996
2015-09-02,48.91
2015-09-03,54.019999999999996
2015-09-04,50.37
2015-09-05,52.56
2015-09-06,52.56
2015-09-07,48.18
2015-09-08,55.48
2015-09-09,63.51
2015-09-10,60.589999999999996
2015-09-11,60.589999999999996
2015-09-12,73.0
2015-09-13,56.21
2015-09-14,56.21
2015-09-15,54.75
2015-09-16,54.75
2015-09-17,56.94
2015-09-18,55.48
2015-09-19,53.29
2015-09-20,49.64
2015-09-21,52.56
2015-09-22,50.37
2015-09-23,50.37
2015-09-24,55.48
2015-09-25,68.62
2015-09-26,70.81
2015-09-27,57.67
2015-09-28,61.32
2015-09-29,57.67
2015-09-30,54.75
2015-10-01,56.42
2015-10-02,57.04
2015-10-03,62.0
2015-10-04,55.8
2015-10-05,58.9
2015-10-06,57.04
2015-10-07,55.18
2015-10-08,55.18
2015-10-09,57.04
2015-10-10,56.42
2015-10-11,55.8
2015-10-12,57.04
2015-10-13,50.839999999999996
2015-10-14,52.7
2015-10-15,53.32
2015-10-16,53.94
2015-10-17,55.8
2015-10-18,50.839999999999996
2015-10-19,53.32
2015-10-20,50.839999999999996
2015-10-21,48.98
2015-10-22,49.6
2015-10-23,52.08
2015-10-24,51.46
2015-10-25,48.36
2015-10-26,52.7
2015-10-27,47.74
2015-10-28,49.6
2015-10-29,45.88
2015-10-30,48.36
2015-10-31,50.22
2015-11-01,50.739999999999995
2015-11-02,51.33
2015-11-03,50.739999999999995
2015-11-04,44.839999999999996
2015-11-05,46.61
2015-11-06,44.839999999999996
2015-11-07,49.559999999999995
2015-11-08,44.839999999999996
2015-11-09,47.79
2015-11-10,44.839999999999996
2015-11-11,43.66
2015-11-12,43.07
2015-11-13,46.019999999999996
2015-11-14,46.019999999999996
2015-11-15,38.94
2015-11-16,44.25
2015-11-17,43.66
2015-11-18,41.89
2015-11-19,41.3
2015-11-20,46.019999999999996
2015-11-21,47.79
2015-11-22,43.07
2015-11-23,42.48
2015-11-24,43.07
2015-11-25,48.97
2015-11-26,46.61
2015-11-27,59.0
2015-11-28,49.559999999999995
2015-11-29,47.199999999999996
2015-11-30,51.33
2015-12-01,49.8
2015-12-02,48.6
2015-12-03,46.8
2015-12-04,47.4
2015-12-05,49.8
2015-12-06,44.4
2015-12-07,47.4
2015-12-08,49.199999999999996
2015-12-09,43.199999999999996
2015-12-10,45.6
2015-12-11,45.0
2015-12-12,46.199999999999996
2015-12-13,42.6
2015-12-14,44.4
2015-12-15,44.4
2015-12-16,42.0
2015-12-17,46.8
2015-12-18,52.199999999999996
2015-12-19,53.4
2015-12-20,49.8
2015-12-21,55.199999999999996
2015-12-22,52.199999999999996
2015-12-23,52.199999999999996
2015-12-24,53.4
2015-12-25,43.199999999999996
2015-12-26,60.0
2015-12-27,54.6
2015-12-28,58.8
2015-12-29,57.0
2015-12-30,53.4
2015-12-31,57.0
2016-01-01,51.0
2016-01-02,46.92
2016-01-03,44.88
2016-01-04,48.96
2016-01-05,44.88
2016-01-06,43.86
2016-01-07,44.88
2016-01-08,40.8
2016-01-09,42.84
2016-01-10,36.21
2016-01-11,39.27
2016-01-12,45.39
2016-01-13,38.76
2016-01-14,36.72
2016-01-15,39.27
2016-01-16,35.7
2016-01-17,33.660000000000004
2016-01-18,37.230000000000004
2016-01-19,36.21
2016-01-20,34.17
2016-01-21,37.74
2016-01-22,34.17
2016-01-23,35.19
2016-01-24,37.74
2016-01-25,39.78
2016-01-26,34.68
2016-01-27,36.21
2016-01-28,35.19
2016-01-29,37.230000000000004
2016-01-30,38.76
2016-01-31,34.68
2016-02-01,40.67
2016-02-02,40.18
2016-02-03,39.69
2016-02-04,40.67
2016-02-05,41.65
2016-02-06,44.1
2016-02-07,39.69
2016-02-08,40.67
2016-02-09,42.63
2016-02-10,42.63
2016-02-11,43.12
2016-02-12,43.61
2016-02-13,49.0
2016-02-14,42.14
2016-02-15,44.589999999999996
2016-02-16,39.69
2016-02-17,39.2
2016-02-18,41.16
2016-02-19,40.18
2016-02-20,43.61
2016-02-21,41.65
2016-02-22,42.14
2016-02-23,43.61
2016-02-24,42.14
2016-02-25,40.67
2016-02-26,40.67
2016-02-27,43.61
2016-02-28,41.65
2016-02-29,41.16
2016-03-01,41.5
2016-03-02,39.0
2016-03-03,41.0
2016-03-04,44.0
2016-03-05,45.0
2016-03-06,41.5
2016-03-07,42.0
2016-03-08,43.0
2016-03-09,41.0
2016-03-10,44.5
2016-03-11,48.0
2016-03-12,50.0
2016-03-13,43.0
2016-03-14,44.0
2016-03-15,45.0
2016-03-16,42.5
2016-03-17,46.5
2016-03-18,46.0
2016-03-19,46.5
2016-03-20,45.0
2016-03-21,44.5
2016-03-22,41.0
2016-03-23,44.5
2016-03-24,45.5
2016-03-25,48.0
2016-03-26,42.5
2016-03-27,38.5
2016-03-28,49.0
2016-03-29,45.5
2016-03-30,44.5
2016-03-31,45.5
2016-04-01,49.0
2016-04-02,49.0
2016-04-03,44.589999999999996
2016-04-04,43.12
2016-04-05,38.71
2016-04-06,38.22
2016-04-07,39.2
2016-04-08,42.63
2016-04-09,42.63
2016-04-10,38.22
2016-04-11,39.2
2016-04-12,38.22
2016-04-13,37.73
2016-04-14,39.2
2016-04-15,38.71
2016-04-16,39.69
2016-04-17,37.24
2016-04-18,40.67
2016-04-19,36.75
2016-04-20,35.28
2016-04-21,34.79
2016-04-22,37.24
2016-04-23,37.24
2016-04-24,38.22
2016-04-25,39.69
2016-04-26,34.79
2016-04-27,35.28
2016-04-28,36.26
2016-04-29,41.16
2016-04-30,39.69
2016-05-01,42.5
2016-05-02,47.0
2016-05-03,46.0
2016-05-04,44.5
2016-05-05,44.5
2016-05-06,44.0
2016-05-07,44.5
2016-05-08,39.5
2016-05-09,46.5
2016-05-10,48.0
2016-05-11,43.5
2016-05-12,44.0
2016-05-13,45.0
2016-05-14,44.5
2016-05-15,42.0
2016-05-16,48.5
2016-05-17,45.5
2016-05-18,44.0
2016-05-19,44.5
2016-05-20,47.5
2016-05-21,48.0
2016-05-22,46.0
2016-05-23,48.5
2016-05-24,48.5
2016-05-25,45.5
2016-05-26,45.5
2016-05-27,47.0
2016-05-28,47.0
2016-05-29,43.5
2016-05-30,40.0
2016-05-31,50.0
2016-06-01,50.050000000000004
2016-06-02,52.800000000000004
2016-06-03,55.00000000000001
2016-06-04,54.45
2016-06-05,45.650000000000006
2016-06-06,51.150000000000006
2016-06-07,47.300000000000004
2016-06-08,46.75000000000001
2016-06-09,45.650000000000006
2016-06-10,47.85
2016-06-11,45.1
2016-06-12,46.2
2016-06-13,48.400000000000006
2016-06-14,48.95
2016-06-15,49.50000000000001
2016-06-16,50.6
2016-06-17,50.050000000000004
2016-06-18,51.7
2016-06-19,43.45
2016-06-20,51.7
2016-06-21,50.050000000000004
2016-06-22,49.50000000000001
2016-06-23,48.400000000000006
2016-06-24,47.85
2016-06-25,48.95
2016-06-26,44.550000000000004
2016-06-27,51.7
2016-06-28,50.6
2016-06-29,48.400000000000006
2016-06-30,52.25000000000001
2016-07-01,53.0
2016-07-02,46.64
2016-07-03,41.870000000000005
2016-07-04,42.93
2016-07-05,51.410000000000004
2016-07-06,51.410000000000004
2016-07-07,51.940000000000005
2016-07-08,50.88
2016-07-09,48.760000000000005
2016-07-10,44.52
2016-07-11,50.35
2016-07-12,52.470000000000006
2016-07-13,50.88
2016-07-14,49.82
2016-07-15,50.88
2016-07-16,48.760000000000005
2016-07-17,42.93
2016-07-18,51.940000000000005
2016-07-19,49.29
2016-07-20,47.7
2016-07-21,49.29
2016-07-22,47.7
2016-07-23,48.760000000000005
2016-07-24,45.050000000000004
2016-07-25,53.0
2016-07-26,48.230000000000004
2016-07-27,50.35
2016-07-28,48.230000000000004
2016-07-29,49.29
2016-07-30,46.64
2016-07-31,42.93
2016-08-01,51.410000000000004
2016-08-02,52.470000000000006
2016-08-03,52.470000000000006
2016-08-04,51.410000000000004
2016-08-05,51.410000000000004
2016-08-06,46.11
2016-08-07,42.400000000000006
2016-08-08,49.29
2016-08-09,49.82
2016-08-10,47.7
2016-08-11,45.580000000000005
2016-08-12,47.17
2016-08-13,49.29
2016-08-14,46.64
2016-08-15,51.940000000000005
2016-08-16,52.470000000000006
2016-08-17,48.760000000000005
2016-08-18,49.29
2016-08-19,52.470000000000006
2016-08-20,52.470000000000006
2016-08-21,48.230000000000004
2016-08-22,48.760000000000005
2016-08-23,50.35
2016-08-24,46.64
2016-08-25,48.230000000000004
2016-08-26,51.940000000000005
2016-08-27,53.0
2016-08-28,47.17
2016-08-29,49.82
2016-08-30,49.82
2016-08-31,50.35
2016-09-01,37.82
2016-09-02,41.54
2016-09-03,43.4
2016-09-04,43.4
2016-09-05,37.82
2016-09-06,38.44
2016-09-07,46.5
2016-09-08,53.94
2016-09-09,62.0
2016-09-10,50.22
2016-09-11,44.64
2016-09-12,45.26
2016-09-13,47.12
2016-09-14,45.26
2016-09-15,44.64
2016-09-16,59.519999999999996
2016-09-17,58.28
2016-09-18,48.98
2016-09-19,46.5
2016-09-20,47.12
2016-09-21,48.36
2016-09-22,42.78
2016-09-23,45.26
2016-09-24,52.08
2016-09-25,47.74
2016-09-26,44.02
2016-09-27,39.68
2016-09-28,38.44
2016-09-29,39.68
2016-09-30,41.54
2016-10-01,44.800000000000004
2016-10-02,42.56
2016-10-03,44.24
2016-10-04,42.00000000000001
2016-10-05,40.32000000000001
2016-10-06,41.440000000000005
2016-10-07,38.080000000000005
2016-10-08,44.24
2016-10-09,43.120000000000005
2016-10-10,42.56
2016-10-11,43.120000000000005
2016-10-12,42.56
2016-10-13,38.64
2016-10-14,40.32000000000001
2016-10-15,41.440000000000005
2016-10-16,39.760000000000005
2016-10-17,39.760000000000005
2016-10-18,40.88
2016-10-19,38.080000000000005
2016-10-20,38.080000000000005
2016-10-21,43.120000000000005
2016-10-22,54.32000000000001
2016-10-23,56.00000000000001
2016-10-24,51.52
2016-10-25,41.440000000000005
2016-10-26,40.32000000000001
2016-10-27,42.00000000000001
2016-10-28,41.440000000000005
2016-10-29,46.480000000000004
2016-10-30,37.52
2016-10-31,40.32000000000001
2016-11-01,39.52
2016-11-02,35.88
2016-11-03,36.4
2016-11-04,40.56
2016-11-05,36.92
2016-11-06,34.32
2016-11-07,33.28
2016-11-08,31.720000000000002
2016-11-09,25.48
2016-11-10,31.200000000000003
2016-11-11,34.32
2016-11-12,33.28
2016-11-13,30.68
2016-11-14,35.36
2016-11-15,33.28
2016-11-16,35.36
2016-11-17,32.24
2016-11-18,35.88
2016-11-19,37.96
2016-11-20,35.36
2016-11-21,33.800000000000004
2016-11-22,38.480000000000004
2016-11-23,38.480000000000004
2016-11-24,37.44
2016-11-25,52.0
2016-11-26,44.2
2016-11-27,37.44
2016-11-28,39.0
2016-11-29,37.44
2016-11-30,37.44
2016-12-01,44.28
2016-12-02,44.82
2016-12-03,47.52
2016-12-04,42.660000000000004
2016-12-05,41.040000000000006
2016-12-06,42.660000000000004
2016-12-07,43.2
2016-12-08,40.5
2016-12-09,43.74
2016-12-10,41.580000000000005
2016-12-11,40.5
2016-12-12,37.800000000000004
2016-12-13,41.580000000000005
2016-12-14,40.5
2016-12-15,40.5
2016-12-16,44.82
2016-12-17,45.900000000000006
2016-12-18,44.82
2016-12-19,45.900000000000006
2016-12-20,47.52
2016-12-21,48.6
2016-12-22,46.980000000000004
2016-12-23,50.760000000000005
2016-12-24,44.82
2016-12-25,38.34
2016-12-26,52.92
2016-12-27,54.0
2016-12-28,49.68000000000001
2016-12-29,48.6
2016-12-30,48.6
2016-12-31,45.900000000000006
2017-01-01,40.89
2017-01-02,47.0
2017-01-03,45.589999999999996
2017-01-04,41.83
2017-01-05,41.36
2017-01-06,39.01
2017-01-07,39.48
2017-01-08,39.01
2017-01-09,39.01
2017-01-10,39.949999999999996
2017-01-11,36.66
2017-01-12,38.07
2017-01-13,38.07
2017-01-14,40.419999999999995
2017-01-15,39.01
2017-01-16,43.239999999999995
2017-01-17,38.07
2017-01-18,33.839999999999996
2017-01-19,34.78
2017-01-20,34.309999999999995
2017-01-21,35.72
2017-01-22,33.839999999999996
2017-01-23,34.78
2017-01-24,36.19
2017-01-25,34.78
2017-01-26,34.309999999999995
2017-01-27,36.19
2017-01-28,35.25
2017-01-29,31.49
2017-01-30,32.9
2017-01-31,34.78
2017-02-01,36.45
2017-02-02,36.45
2017-02-03,37.35
2017-02-04,37.35
2017-02-05,35.1
2017-02-06,34.65
2017-02-07,36.9
2017-02-08,37.800000000000004
2017-02-09,36.9
2017-02-10,41.4
2017-02-11,43.2
2017-02-12,38.7
2017-02-13,37.35
2017-02-14,36.0
2017-02-15,38.7
2017-02-16,37.800000000000004
2017-02-17,45.0
2017-02-18,44.550000000000004
2017-02-19,36.0
2017-02-20,39.6
2017-02-21,36.45
2017-02-22,39.15
2017-02-23,40.5
2017-02-24,40.5
2017-02-25,37.35
2017-02-26,35.550000000000004
2017-02-27,37.35
2017-02-28,41.85
2017-03-01,42.32
2017-03-02,42.32
2017-03-03,42.78
2017-03-04,44.620000000000005
2017-03-05,40.480000000000004
2017-03-06,41.4
2017-03-07,40.480000000000004
2017-03-08,39.1
2017-03-09,42.32
2017-03-10,41.4
2017-03-11,46.0
2017-03-12,38.18
2017-03-13,40.02
2017-03-14,39.1
2017-03-15,38.18
2017-03-16,38.18
2017-03-17,38.18
2017-03-18,39.56
2017-03-19,37.72
2017-03-20,40.480000000000004
2017-03-21,39.1
2017-03-22,40.02
2017-03-23,38.64
2017-03-24,40.480000000000004
2017-03-25,40.940000000000005
2017-03-26,37.260000000000005
2017-03-27,40.02
2017-03-28,40.480000000000004
2017-03-29,40.480000000000004
2017-03-30,41.86
2017-03-31,42.78
2017-04-01,41.8
2017-04-02,37.4
2017-04-03,44.0
2017-04-04,41.36
2017-04-05,40.48
2017-04-06,37.84
2017-04-07,38.72
2017-04-08,40.92
2017-04-09,36.08
2017-04-10,37.84
2017-04-11,40.04
2017-04-12,37.84
2017-04-13,37.4
2017-04-14,40.92
2017-04-15,37.84
2017-04-16,32.56
2017-04-17,40.04
2017-04-18,37.84
2017-04-19,37.84
2017-04-20,38.72
2017-04-21,41.36
2017-04-22,40.04
2017-04-23,35.2
2017-04-24,42.24
2017-04-25,42.68
2017-04-26,40.92
2017-04-27,37.84
2017-04-28,38.28
2017-04-29,39.6
2017-04-30,37.84
2017-05-01,45.12
2017-05-02,44.65
2017-05-03,42.3
2017-05-04,39.949999999999996
2017-05-05,40.89
2017-05-06,38.07
2017-05-07,38.07
2017-05-08,43.71
2017-05-09,41.36
2017-05-10,38.54
2017-05-11,41.36
2017-05-12,42.3
2017-05-13,41.36
2017-05-14,37.129999999999995
2017-05-15,40.89
2017-05-16,45.589999999999996
2017-05-17,43.71
2017-05-18,42.3
2017-05-19,45.12
2017-05-20,45.12
2017-05-21,43.71
2017-05-22,44.65
2017-05-23,44.18
2017-05-24,43.239999999999995
2017-05-25,44.65
2017-05-26,43.239999999999995
2017-05-27,43.71
2017-05-28,38.07
2017-05-29,40.419999999999995
2017-05-30,47.0
2017-05-31,45.12
2017-06-01,46.06
2017-06-02,44.589999999999996
2017-06-03,45.08
2017-06-04,40.18
2017-06-05,46.06
2017-06-06,45.08
2017-06-07,46.06
2017-06-08,42.63
2017-06-09,42.14
2017-06-10,41.65
2017-06-11,38.22
2017-06-12,44.589999999999996
2017-06-13,44.589999999999996
2017-06-14,42.63
2017-06-15,44.589999999999996
2017-06-16,49.0
2017-06-17,45.08
2017-06-18,40.67
2017-06-19,47.04
2017-06-20,47.04
2017-06-21,44.1
2017-06-22,46.55
2017-06-23,47.53
2017-06-24,46.55
2017-06-25,44.1
2017-06-26,47.04
2017-06-27,47.53
2017-06-28,47.04
2017-06-29,47.04
2017-06-30,49.0
2017-07-01,49.0
2017-07-02,41.0
2017-07-03,44.0
2017-07-04,40.5
2017-07-05,48.0
2017-07-06,47.0
2017-07-07,49.0
2017-07-08,45.5
2017-07-09,39.0
2017-07-10,47.0
2017-07-11,46.5
2017-07-12,49.0
2017-07-13,45.0
2017-07-14,47.5
2017-07-15,42.5
2017-07-16,44.5
2017-07-17,49.5
2017-07-18,46.5
2017-07-19,47.5
2017-07-20,50.0
2017-07-21,45.5
2017-07-22,44.5
2017-07-23,46.0
2017-07-24,46.5
2017-07-25,47.5
2017-07-26,49.5
2017-07-27,46.5
2017-07-28,44.5
2017-07-29,43.0
2017-07-30,41.0
2017-07-31,48.0
2017-08-01,50.0
2017-08-02,47.0
2017-08-03,46.5
2017-08-04,48.0
2017-08-05,45.0
2017-08-06,40.0
2017-08-07,48.5
2017-08-08,47.5
2017-08-09,47.5
2017-08-10,46.5
2017-08-11,45.5
2017-08-12,42.0
2017-08-13,39.0
2017-08-14,45.5
2017-08-15,46.0
2017-08-16,45.5
2017-08-17,44.5
2017-08-18,45.5
2017-08-19,45.0
2017-08-20,42.0
2017-08-21,40.0
2017-08-22,48.0
2017-08-23,48.0
2017-08-24,44.0
2017-08-25,43.5
2017-08-26,43.5
2017-08-27,39.5
2017-08-28,43.5
2017-08-29,44.0
2017-08-30,43.5
2017-08-31,44.0
2017-09-01,42.33
2017-09-02,44.37
2017-09-03,35.7
2017-09-04,36.21
2017-09-05,37.230000000000004
2017-09-06,34.68
2017-09-07,36.21
2017-09-08,34.17
2017-09-09,37.230000000000004
2017-09-10,32.13
2017-09-11,37.230000000000004
2017-09-12,46.92
2017-09-13,51.0
2017-09-14,45.39
2017-09-15,48.96
2017-09-16,45.39
2017-09-17,40.8
2017-09-18,40.8
2017-09-19,41.31
2017-09-20,39.78
2017-09-21,37.74
2017-09-22,43.86
2017-09-23,45.9
2017-09-24,39.27
2017-09-25,40.8
2017-09-26,42.33
2017-09-27,38.25
2017-09-28,36.72
2017-09-29,41.31
2017-09-30,43.35
2017-10-01,39.48
2017-10-02,36.66
2017-10-03,36.66
2017-10-04,37.599999999999994
2017-10-05,36.66
2017-10-06,36.66
2017-10-07,38.07
2017-10-08,35.72
2017-10-09,38.54
2017-10-10,35.72
2017-10-11,35.72
2017-10-12,35.25
2017-10-13,37.129999999999995
2017-10-14,36.66
2017-10-15,33.839999999999996
2017-10-16,34.309999999999995
2017-10-17,33.839999999999996
2017-10-18,33.839999999999996
2017-10-19,32.9
2017-10-20,36.19
2017-10-21,35.72
2017-10-22,32.9
2017-10-23,34.78
2017-10-24,39.949999999999996
2017-10-25,36.66
2017-10-26,35.25
2017-10-27,47.0
2017-10-28,37.129999999999995
2017-10-29,34.309999999999995
2017-10-30,36.19
2017-10-31,33.839999999999996
2017-11-01,34.32
2017-11-02,35.36
2017-11-03,41.6
2017-11-04,43.160000000000004
2017-11-05,37.44
2017-11-06,37.96
2017-11-07,37.44
2017-11-08,35.88
2017-11-09,37.96
2017-11-10,39.0
2017-11-11,37.96
2017-11-12,34.84
2017-11-13,33.28
2017-11-14,34.84
2017-11-15,46.800000000000004
2017-11-16,49.4
2017-11-17,37.44
2017-11-18,37.44
2017-11-19,36.4
2017-11-20,38.480000000000004
2017-11-21,40.04
2017-11-22,39.52
2017-11-23,37.96
2017-11-24,52.0
2017-11-25,41.6
2017-11-26,36.4
2017-11-27,41.08
2017-11-28,37.96
2017-11-29,34.84
2017-11-30,37.96
2017-12-01,36.72
2017-12-02,42.84
2017-12-03,35.7
2017-12-04,35.7
2017-12-05,36.21
2017-12-06,35.7
2017-12-07,34.68
2017-12-08,36.21
2017-12-09,36.72
2017-12-10,33.15
2017-12-11,32.64
2017-12-12,33.15
2017-12-13,32.64
2017-12-14,35.19
2017-12-15,37.230000000000004
2017-12-16,40.29
2017-12-17,36.72
2017-12-18,39.78
2017-12-19,39.27
2017-12-20,41.31
2017-12-21,46.92
2017-12-22,43.35
2017-12-23,41.82
2017-12-24,37.230000000000004
2017-12-25,34.17
2017-12-26,51.0
2017-12-27,44.37
2017-12-28,45.9
2017-12-29,42.33
2017-12-30,41.31
2017-12-31,33.660000000000004
2018-01-01,32.800000000000004
2018-01-02,40.0
2018-01-03,40.0
2018-01-04,38.800000000000004
2018-01-05,35.2
2018-01-06,34.0
2018-01-07,32.800000000000004
2018-01-08,33.6
2018-01-09,32.800000000000004
2018-01-10,31.200000000000003
2018-01-11,29.6
2018-01-12,30.400000000000002
2018-01-13,30.8
2018-01-14,27.200000000000003
2018-01-15,30.0
2018-01-16,28.0
2018-01-17,28.8
2018-01-18,28.8
2018-01-19,30.400000000000002
2018-01-20,27.6
2018-01-21,24.0
2018-01-22,26.0
2018-01-23,27.6
2018-01-24,28.0
2018-01-25,26.8
2018-01-26,28.400000000000002
2018-01-27,26.8
2018-01-28,27.6
2018-01-29,26.0
2018-01-30,27.6
2018-01-31,27.6
2018-02-01,34.41
2018-02-02,33.3
2018-02-03,34.41
2018-02-04,29.6
2018-02-05,30.71
2018-02-06,32.93
2018-02-07,32.56
2018-02-08,35.15
2018-02-09,33.3
2018-02-10,37.0
2018-02-11,35.15
2018-02-12,32.93
2018-02-13,31.45
2018-02-14,28.86
2018-02-15,32.93
2018-02-16,32.93
2018-02-17,36.26
2018-02-18,31.45
2018-02-19,32.19
2018-02-20,32.19
2018-02-21,31.82
2018-02-22,34.41
2018-02-23,32.56
2018-02-24,36.63
2018-02-25,31.45
2018-02-26,32.19
2018-02-27,33.67
2018-02-28,33.3
2018-03-01,34.71
2018-03-02,39.0
2018-03-03,38.22
2018-03-04,35.49
2018-03-05,36.27
2018-03-06,35.49
2018-03-07,33.54
2018-03-08,31.98
2018-03-09,34.71
2018-03-10,32.370000000000005
2018-03-11,32.370000000000005
2018-03-12,34.71
2018-03-13,33.93
2018-03-14,35.1
2018-03-15,35.49
2018-03-16,35.49
2018-03-17,35.49
2018-03-18,33.15
2018-03-19,35.88
2018-03-20,35.49
2018-03-21,31.59
2018-03-22,33.54
2018-03-23,35.88
2018-03-24,35.49
2018-03-25,32.76
2018-03-26,36.660000000000004
2018-03-27,37.83
2018-03-28,36.660000000000004
2018-03-29,34.32
2018-03-30,38.22
2018-03-31,36.27
2018-04-01,25.2
2018-04-02,36.0
2018-04-03,32.4
2018-04-04,34.92
2018-04-05,30.959999999999997
2018-04-06,32.04
2018-04-07,29.52
2018-04-08,29.88
2018-04-09,30.959999999999997
2018-04-10,29.52
2018-04-11,29.16
2018-04-12,28.439999999999998
2018-04-13,31.32
2018-04-14,27.36
2018-04-15,26.64
2018-04-16,30.24
2018-04-17,30.24
2018-04-18,30.24
2018-04-19,29.16
2018-04-20,29.16
2018-04-21,28.439999999999998
2018-04-22,29.88
2018-04-23,32.4
2018-04-24,30.24
2018-04-25,30.599999999999998
2018-04-26,30.24
2018-04-27,29.88
2018-04-28,30.959999999999997
2018-04-29,26.64
2018-04-30,31.32
2018-05-01,37.0
2018-05-02,29.97
2018-05-03,33.67
2018-05-04,31.82
2018-05-05,31.08
2018-05-06,27.38
2018-05-07,31.82
2018-05-08,30.71
2018-05-09,32.56
2018-05-10,31.82
2018-05-11,33.3
2018-05-12,31.82
2018-05-13,27.38
2018-05-14,34.78
2018-05-15,33.3
2018-05-16,34.04
2018-05-17,33.3
2018-05-18,33.3
2018-05-19,32.56
2018-05-20,32.19
2018-05-21,33.3
2018-05-22,29.97
2018-05-23,32.19
2018-05-24,29.97
2018-05-25,32.56
2018-05-26,31.08
2018-05-27,29.23
2018-05-28,31.82
2018-05-29,35.15
2018-05-30,33.3
2018-05-31,34.04
2018-06-01,30.36
2018-06-02,26.84
2018-06-03,25.080000000000002
2018-06-04,29.48
2018-06-05,29.92
2018-06-06,29.92
2018-06-07,28.16
2018-06-08,28.16
2018-06-09,25.96
2018-06-10,25.080000000000002
2018-06-11,29.92
2018-06-12,44.0
2018-06-13,38.28
2018-06-14,33.0
2018-06-15,33.44
2018-06-16,29.48
2018-06-17,25.52
2018-06-18,32.56
2018-06-19,30.8
2018-06-20,29.04
2018-06-21,32.12
2018-06-22,31.68
2018-06-23,32.12
2018-06-24,26.84
2018-06-25,31.68
2018-06-26,30.36
2018-06-27,30.8
2018-06-28,30.36
2018-06-29,31.24
2018-06-30,29.92
2018-07-01,33.21
2018-07-02,37.72
2018-07-03,37.309999999999995
2018-07-04,32.8
2018-07-05,37.309999999999995
2018-07-06,37.309999999999995
2018-07-07,36.08
2018-07-08,33.62
2018-07-09,37.309999999999995
2018-07-10,37.72
2018-07-11,35.669999999999995
2018-07-12,35.26
2018-07-13,41.0
2018-07-14,34.85
2018-07-15,33.62
2018-07-16,38.129999999999995
2018-07-17,39.36
2018-07-18,39.36
2018-07-19,36.08
2018-07-20,37.309999999999995
2018-07-21,33.62
2018-07-22,31.979999999999997
2018-07-23,36.08
2018-07-24,37.72
2018-07-25,37.309999999999995
2018-07-26,36.489999999999995
2018-07-27,37.309999999999995
2018-07-28,34.85
2018-07-29,34.03
2018-07-30,37.309999999999995
2018-07-31,40.18
2018-08-01,41.58
2018-08-02,38.22
2018-08-03,40.32
2018-08-04,35.28
2018-08-05,33.6
2018-08-06,39.48
2018-08-07,41.16
2018-08-08,42.0
2018-08-09,38.22
2018-08-10,41.58
2018-08-11,37.8
2018-08-12,34.44
2018-08-13,40.32
2018-08-14,39.059999999999995
2018-08-15,39.059999999999995
2018-08-16,37.379999999999995
2018-08-17,37.8
2018-08-18,37.379999999999995
2018-08-19,34.44
2018-08-20,37.8
2018-08-21,39.48
2018-08-22,36.12
2018-08-23,36.12
2018-08-24,37.8
2018-08-25,38.22
2018-08-26,35.699999999999996
2018-08-27,37.8
2018-08-28,37.379999999999995
2018-08-29,38.22
2018-08-30,35.28
2018-08-31,39.059999999999995
2018-09-01,35.2
2018-09-02,31.68
2018-09-03,35.2
2018-09-04,31.24
2018-09-05,33.88
2018-09-06,34.76
2018-09-07,30.36
2018-09-08,34.76
2018-09-09,28.6
2018-09-10,32.12
2018-09-11,29.48
2018-09-12,37.4
2018-09-13,38.28
2018-09-14,41.36
2018-09-15,39.6
2018-09-16,41.36
2018-09-17,37.4
2018-09-18,35.64
2018-09-19,34.32
2018-09-20,36.08
2018-09-21,40.04
2018-09-22,44.0
2018-09-23,37.84
2018-09-24,37.4
2018-09-25,37.4
2018-09-26,36.52
2018-09-27,34.32
2018-09-28,36.96
2018-09-29,36.96
2018-09-30,35.2
2018-10-01,32.39
2018-10-02,32.39
2018-10-03,34.03
2018-10-04,31.569999999999997
2018-10-05,32.8
2018-10-06,35.26
2018-10-07,29.11
2018-10-08,32.39
2018-10-09,30.34
2018-10-10,29.93
2018-10-11,30.749999999999996
2018-10-12,29.93
2018-10-13,30.34
2018-10-14,28.7
2018-10-15,41.0
2018-10-16,35.669999999999995
2018-10-17,30.34
2018-10-18,29.11
2018-10-19,30.34
2018-10-20,29.93
2018-10-21,27.06
2018-10-22,29.11
2018-10-23,28.7
2018-10-24,28.29
2018-10-25,27.47
2018-10-26,31.569999999999997
2018-10-27,30.34
2018-10-28,29.11
2018-10-29,29.11
2018-10-30,27.47
2018-10-31,26.65
2018-11-01,30.66
2018-11-02,30.24
2018-11-03,30.24
2018-11-04,28.98
2018-11-05,28.56
2018-11-06,28.98
2018-11-07,23.939999999999998
2018-11-08,28.14
2018-11-09,27.72
2018-11-10,29.4
2018-11-11,26.04
2018-11-12,27.3
2018-11-13,27.3
2018-11-14,26.459999999999997
2018-11-15,27.3
2018-11-16,28.14
2018-11-17,28.56
2018-11-18,27.72
2018-11-19,29.82
2018-11-20,29.82
2018-11-21,31.08
2018-11-22,32.339999999999996
2018-11-23,42.0
2018-11-24,32.339999999999996
2018-11-25,28.56
2018-11-26,31.5
2018-11-27,31.08
2018-11-28,28.56
2018-11-29,30.66
2018-11-30,31.919999999999998
2018-12-01,39.059999999999995
2018-12-02,32.339999999999996
2018-12-03,30.24
2018-12-04,33.18
2018-12-05,31.5
2018-12-06,29.4
2018-12-07,32.76
2018-12-08,32.76
2018-12-09,30.66
2018-12-10,29.82
2018-12-11,31.5
2018-12-12,29.4
2018-12-13,31.919999999999998
2018-12-14,30.24
2018-12-15,36.12
2018-12-16,28.98
2018-12-17,31.919999999999998
2018-12-18,33.6
2018-12-19,31.08
2018-12-20,34.86
2018-12-21,35.699999999999996
2018-12-22,39.059999999999995
2018-12-23,32.76
2018-12-24,33.6
2018-12-25,26.04
2018-12-26,39.9
2018-12-27,38.64
2018-12-28,42.0
2018-12-29,41.58
2018-12-30,35.699999999999996
2018-12-31,33.18
2019-01-01,31.92
2019-01-02,38.0
2019-01-03,38.0
2019-01-04,37.62
2019-01-05,37.24
2019-01-06,35.34
2019-01-07,30.78
2019-01-08,33.82
2019-01-09,32.68
2019-01-10,31.54
2019-01-11,33.06
2019-01-12,31.54
2019-01-13,29.64
2019-01-14,28.88
2019-01-15,31.16
2019-01-16,28.5
2019-01-17,30.4
2019-01-18,31.16
2019-01-19,32.68
2019-01-20,28.5
2019-01-21,31.54
2019-01-22,28.88
2019-01-23,29.64
2019-01-24,29.64
2019-01-25,29.64
2019-01-26,29.26
2019-01-27,28.5
2019-01-28,29.26
2019-01-29,28.12
2019-01-30,31.92
2019-01-31,30.02
2019-02-01,31.08
2019-02-02,32.93
2019-02-03,27.38
2019-02-04,29.23
2019-02-05,31.08
2019-02-06,29.6
2019-02-07,29.97
2019-02-08,32.19
2019-02-09,37.0
2019-02-10,35.15
2019-02-11,34.78
2019-02-12,29.6
2019-02-13,28.86
2019-02-14,27.009999999999998
2019-02-15,30.71
2019-02-16,29.97
2019-02-17,27.38
2019-02-18,28.12
2019-02-19,28.49
2019-02-20,27.38
2019-02-21,31.08
2019-02-22,32.19
2019-02-23,31.08
2019-02-24,29.23
2019-02-25,29.97
2019-02-26,30.34
2019-02-27,30.71
2019-02-28,31.45
2019-03-01,35.15
2019-03-02,37.0
2019-03-03,34.78
2019-03-04,35.519999999999996
2019-03-05,32.56
2019-03-06,31.45
2019-03-07,32.93
2019-03-08,34.04
2019-03-09,35.15
2019-03-10,32.56
2019-03-11,34.41
2019-03-12,32.56
2019-03-13,33.67
2019-03-14,32.56
2019-03-15,36.26
2019-03-16,33.67
2019-03-17,30.34
2019-03-18,31.08
2019-03-19,31.82
2019-03-20,32.93
2019-03-21,32.19
2019-03-22,34.04
2019-03-23,34.41
2019-03-24,32.19
2019-03-25,32.56
2019-03-26,34.04
2019-03-27,32.93
2019-03-28,31.45
2019-03-29,34.78
2019-03-30,34.04
2019-03-31,29.6
2019-04-01,36.0
2019-04-02,35.64
2019-04-03,34.92
2019-04-04,33.839999999999996
2019-04-05,33.839999999999996
2019-04-06,34.92
2019-04-07,32.76
2019-04-08,32.4
2019-04-09,32.4
2019-04-10,31.68
2019-04-11,30.599999999999998
2019-04-12,33.48
2019-04-13,32.76
2019-04-14,30.959999999999997
2019-04-15,34.199999999999996
2019-04-16,34.199999999999996
2019-04-17,32.76
2019-04-18,32.04
2019-04-19,35.28
2019-04-20,33.48
2019-04-21,25.56
2019-04-22,34.92
2019-04-23,33.48
2019-04-24,32.76
2019-04-25,33.839999999999996
2019-04-26,33.839999999999996
2019-04-27,31.68
2019-04-28,30.599999999999998
2019-04-29,32.4
2019-04-30,34.199999999999996
2019-05-01,30.24
2019-05-02,29.88
2019-05-03,32.04
2019-05-04,30.599999999999998
2019-05-05,29.88
2019-05-06,32.04
2019-05-07,30.959999999999997
2019-05-08,29.88
2019-05-09,31.32
2019-05-10,34.199999999999996
2019-05-11,34.199999999999996
2019-05-12,29.16
2019-05-13,32.04
2019-05-14,30.24
2019-05-15,31.32
2019-05-16,29.88
2019-05-17,32.4
2019-05-18,30.599999999999998
2019-05-19,28.799999999999997
2019-05-20,30.599999999999998
2019-05-21,30.599999999999998
2019-05-22,30.24
2019-05-23,30.24
2019-05-24,35.28
2019-05-25,31.32
2019-05-26,30.599999999999998
2019-05-27,29.52
2019-05-28,29.88
2019-05-29,34.199999999999996
2019-05-30,34.199999999999996
2019-05-31,36.0
2019-06-01,34.800000000000004
2019-06-02,32.0
2019-06-03,40.0
2019-06-04,36.0
2019-06-05,35.6
2019-06-06,34.800000000000004
2019-06-07,35.2
2019-06-08,34.800000000000004
2019-06-09,34.4
2019-06-10,37.6
2019-06-11,36.4
2019-06-12,35.2
2019-06-13,34.800000000000004
2019-06-14,36.0
2019-06-15,32.4
2019-06-16,32.0
2019-06-17,34.0
2019-06-18,37.2
2019-06-19,36.0
2019-06-20,34.800000000000004
2019-06-21,35.6
2019-06-22,31.6
2019-06-23,31.6
2019-06-24,37.6
2019-06-25,36.4
2019-06-26,36.0
2019-06-27,34.4
2019-06-28,35.6
2019-06-29,34.800000000000004
2019-06-30,30.400000000000002
2019-07-01,38.800000000000004
2019-07-02,38.400000000000006
2019-07-03,40.0
2019-07-04,29.200000000000003
2019-07-05,37.6
2019-07-06,31.200000000000003
2019-07-07,30.400000000000002
2019-07-08,38.0
2019-07-09,36.800000000000004
2019-07-10,36.800000000000004
2019-07-11,34.800000000000004
2019-07-12,37.2
2019-07-13,32.4
2019-07-14,30.0
2019-07-15,37.2
2019-07-16,38.400000000000006
2019-07-17,38.0
2019-07-18,35.6
2019-07-19,35.6
2019-07-20,35.2
2019-07-21,34.4
2019-07-22,35.6
2019-07-23,37.6
2019-07-24,36.800000000000004
2019-07-25,36.4
2019-07-26,35.6
2019-07-27,34.800000000000004
2019-07-28,32.800000000000004
2019-07-29,36.800000000000004
2019-07-30,37.6
2019-07-31,38.0
2019-08-01,38.22
2019-08-02,39.059999999999995
2019-08-03,36.12
2019-08-04,32.339999999999996
2019-08-05,37.8
2019-08-06,38.64
2019-08-07,37.379999999999995
2019-08-08,40.32
2019-08-09,39.059999999999995
2019-08-10,37.379999999999995
2019-08-11,31.919999999999998
2019-08-12,36.12
2019-08-13,36.12
2019-08-14,39.059999999999995
2019-08-15,35.699999999999996
2019-08-16,37.8
2019-08-17,34.44
2019-08-18,34.019999999999996
2019-08-19,36.96
2019-08-20,36.96
2019-08-21,37.8
2019-08-22,38.64
2019-08-23,39.059999999999995
2019-08-24,42.0
2019-08-25,38.22
2019-08-26,40.74
2019-08-27,40.74
2019-08-28,38.22
2019-08-29,38.64
2019-08-30,39.059999999999995
2019-08-31,39.059999999999995
2019-09-01,33.18
2019-09-02,30.24
2019-09-03,33.18
2019-09-04,34.019999999999996
2019-09-05,33.6
2019-09-06,33.6
2019-09-07,34.019999999999996
2019-09-08,31.919999999999998
2019-09-09,33.6
2019-09-10,37.379999999999995
2019-09-11,35.699999999999996
2019-09-12,36.96
2019-09-13,41.58
2019-09-14,38.22
2019-09-15,34.44
2019-09-16,32.339999999999996
2019-09-17,34.019999999999996
2019-09-18,32.76
2019-09-19,32.76
2019-09-20,38.64
2019-09-21,42.0
2019-09-22,38.22
2019-09-23,35.699999999999996
2019-09-24,36.12
2019-09-25,35.699999999999996
2019-09-26,35.28
2019-09-27,38.64
2019-09-28,40.74
2019-09-29,34.44
2019-09-30,36.54
2019-10-01,39.0
2019-10-02,36.660000000000004
2019-10-03,36.27
2019-10-04,36.27
2019-10-05,37.44
2019-10-06,36.660000000000004
2019-10-07,36.660000000000004
2019-10-08,33.93
2019-10-09,35.49
2019-10-10,33.15
2019-10-11,34.32
2019-10-12,34.71
2019-10-13,31.98
2019-10-14,34.32
2019-10-15,34.32
2019-10-16,35.49
2019-10-17,34.32
2019-10-18,35.1
2019-10-19,37.050000000000004
2019-10-20,34.71
2019-10-21,35.1
2019-10-22,34.71
2019-10-23,33.15
2019-10-24,31.98
2019-10-25,34.32
2019-10-26,33.93
2019-10-27,31.98
2019-10-28,35.49
2019-10-29,33.54
2019-10-30,33.15
2019-10-31,31.200000000000003
2019-11-01,28.8
2019-11-02,29.6
2019-11-03,27.200000000000003
2019-11-04,27.6
2019-11-05,28.8
2019-11-06,28.0
2019-11-07,27.6
2019-11-08,26.8
2019-11-09,28.400000000000002
2019-11-10,25.6
2019-11-11,27.200000000000003
2019-11-12,25.6
2019-11-13,26.400000000000002
2019-11-14,26.0
2019-11-15,26.8
2019-11-16,27.6
2019-11-17,25.6
2019-11-18,25.200000000000003
2019-11-19,27.6
2019-11-20,26.0
2019-11-21,25.6
2019-11-22,28.0
2019-11-23,27.200000000000003
2019-11-24,27.200000000000003
2019-11-25,27.200000000000003
2019-11-26,29.6
2019-11-27,30.400000000000002
2019-11-28,29.200000000000003
2019-11-29,40.0
2019-11-30,34.0
2019-12-01,36.54
2019-12-02,39.48
2019-12-03,38.22
2019-12-04,34.86
2019-12-05,33.18
2019-12-06,32.339999999999996
2019-12-07,38.64
2019-12-08,29.82
2019-12-09,31.5
2019-12-10,34.019999999999996
2019-12-11,31.919999999999998
2019-12-12,31.919999999999998
2019-12-13,31.919999999999998
2019-12-14,36.54
2019-12-15,33.18
2019-12-16,31.919999999999998
2019-12-17,34.86
2019-12-18,32.339999999999996
2019-12-19,31.5
2019-12-20,34.44
2019-12-21,38.64
2019-12-22,31.919999999999998
2019-12-23,36.54
2019-12-24,36.12
2019-12-25,28.56
2019-12-26,42.0
2019-12-27,40.74
2019-12-28,37.379999999999995
2019-12-29,33.6
2019-12-30,34.86
2019-12-31,35.699999999999996
2020-01-01,27.65
2020-01-02,35.0
2020-01-03,32.9
2020-01-04,30.45
2020-01-05,26.95
2020-01-06,29.749999999999996
2020-01-07,29.4
2020-01-08,29.4
2020-01-09,27.299999999999997
2020-01-10,28.0
2020-01-11,28.349999999999998
2020-01-12,24.5
2020-01-13,27.299999999999997
2020-01-14,29.049999999999997
2020-01-15,28.0
2020-01-16,26.599999999999998
2020-01-17,28.0
2020-01-18,28.0
2020-01-19,24.849999999999998
2020-01-20,26.25
2020-01-21,25.2
2020-01-22,27.65
2020-01-23,27.299999999999997
2020-01-24,27.299999999999997
2020-01-25,26.25
2020-01-26,22.75
2020-01-27,23.099999999999998
2020-01-28,26.95
2020-01-29,26.25
2020-01-30,25.549999999999997
2020-01-31,28.0
2020-02-01,34.3
2020-02-02,28.7
2020-02-03,29.049999999999997
2020-02-04,32.199999999999996
2020-02-05,30.099999999999998
2020-02-06,30.799999999999997
2020-02-07,32.55
2020-02-08,35.0
2020-02-09,34.3
2020-02-10,31.499999999999996
2020-02-11,32.199999999999996
2020-02-12,30.099999999999998
2020-02-13,30.099999999999998
2020-02-14,29.4
2020-02-15,29.4
2020-02-16,28.0
2020-02-17,32.55
2020-02-18,30.799999999999997
2020-02-19,32.199999999999996
2020-02-20,30.45
2020-02-21,30.099999999999998
2020-02-22,32.199999999999996
2020-02-23,27.65
2020-02-24,28.7
2020-02-25,30.099999999999998
2020-02-26,30.799999999999997
2020-02-27,31.499999999999996
2020-02-28,33.25
2020-02-29,33.599999999999994
2020-03-01,33.44
2020-03-02,37.24
2020-03-03,34.2
2020-03-04,33.44
2020-03-05,33.06
2020-03-06,34.2
2020-03-07,34.58
2020-03-08,31.92
2020-03-09,31.92
2020-03-10,30.4
2020-03-11,33.06
2020-03-12,31.54
2020-03-13,32.68
2020-03-14,32.3
2020-03-15,29.26
2020-03-16,34.58
2020-03-17,35.72
2020-03-18,37.24
2020-03-19,34.58
2020-03-20,37.24
2020-03-21,36.1
2020-03-22,30.02
2020-03-23,37.24
2020-03-24,38.0
2020-03-25,34.96
2020-03-26,34.2
2020-03-27,38.0
2020-03-28,32.3
2020-03-29,26.98
2020-03-30,34.96
2020-03-31,37.24
2020-04-01,34.199999999999996
2020-04-02,36.0
2020-04-03,33.12
2020-04-04,30.24
2020-04-05,24.84
2020-04-06,32.04
2020-04-07,31.68
2020-04-08,31.68
2020-04-09,31.32
2020-04-10,30.24
2020-04-11,26.279999999999998
2020-04-12,21.24
2020-04-13,34.199999999999996
2020-04-14,33.12
2020-04-15,35.28
2020-04-16,33.48
2020-04-17,33.839999999999996
2020-04-18,32.4
2020-04-19,25.919999999999998
2020-04-20,32.04
2020-04-21,30.959999999999997
2020-04-22,31.68
2020-04-23,31.68
2020-04-24,31.68
2020-04-25,29.16
2020-04-26,24.119999999999997
2020-04-27,31.68
2020-04-28,30.24
2020-04-29,33.12
2020-04-30,32.04
