date,Bank of America
2011-01-01,47.17
2011-01-02,43.61
2011-01-03,63.19
2011-01-04,59.63
2011-01-05,57.85
2011-01-06,57.85
2011-01-07,62.300000000000004
2011-01-08,59.63
2011-01-09,42.72
2011-01-10,50.730000000000004
2011-01-11,51.62
2011-01-12,48.95
2011-01-13,51.62
2011-01-14,89.0
2011-01-15,56.96
2011-01-16,37.38
2011-01-17,47.17
2011-01-18,51.62
2011-01-19,53.4
2011-01-20,51.62
2011-01-21,56.96
2011-01-22,51.62
2011-01-23,37.38
2011-01-24,50.730000000000004
2011-01-25,50.730000000000004
2011-01-26,48.95
2011-01-27,48.95
2011-01-28,56.07
2011-01-29,53.4
2011-01-30,40.05
2011-01-31,55.18
2011-02-01,68.85
2011-02-02,63.75
2011-02-03,66.3
2011-02-04,75.64999999999999
2011-02-05,68.0
2011-02-06,48.449999999999996
2011-02-07,63.75
2011-02-08,64.6
2011-02-09,64.6
2011-02-10,62.9
2011-02-11,72.25
2011-02-12,62.9
2011-02-13,47.6
2011-02-14,64.6
2011-02-15,68.85
2011-02-16,66.3
2011-02-17,63.75
2011-02-18,69.7
2011-02-19,61.199999999999996
2011-02-20,45.05
2011-02-21,54.4
2011-02-22,62.05
2011-02-23,64.6
2011-02-24,61.199999999999996
2011-02-25,70.55
2011-02-26,66.3
2011-02-27,48.449999999999996
2011-02-28,85.0
2011-03-01,86.0
2011-03-02,47.3
2011-03-03,44.72
2011-03-04,48.16
2011-03-05,39.56
2011-03-06,29.24
2011-03-07,41.28
2011-03-08,38.7
2011-03-09,38.7
2011-03-10,38.7
2011-03-11,41.28
2011-03-12,33.54
2011-03-13,24.08
2011-03-14,39.56
2011-03-15,43.86
2011-03-16,40.42
2011-03-17,39.56
2011-03-18,43.0
2011-03-19,36.98
2011-03-20,29.24
2011-03-21,39.56
2011-03-22,36.98
2011-03-23,36.12
2011-03-24,37.839999999999996
2011-03-25,42.14
2011-03-26,36.12
2011-03-27,27.52
2011-03-28,38.7
2011-03-29,39.56
2011-03-30,38.7
2011-03-31,42.14
2011-04-01,80.04
2011-04-02,69.6
2011-04-03,51.33
2011-04-04,70.47
2011-04-05,71.34
2011-04-06,64.38
2011-04-07,68.73
2011-04-08,75.69
2011-04-09,65.25
2011-04-10,53.94
2011-04-11,69.6
2011-04-12,70.47
2011-04-13,67.86
2011-04-14,70.47
2011-04-15,87.0
2011-04-16,70.47
2011-04-17,53.07
2011-04-18,71.34
2011-04-19,69.6
2011-04-20,66.99
2011-04-21,66.12
2011-04-22,70.47
2011-04-23,64.38
2011-04-24,46.11
2011-04-25,64.38
2011-04-26,63.51
2011-04-27,66.12
2011-04-28,66.12
2011-04-29,75.69
2011-04-30,71.34
2011-05-01,59.84
2011-05-02,76.56
2011-05-03,78.32000000000001
2011-05-04,73.92
2011-05-05,73.04
2011-05-06,81.84
2011-05-07,72.16
2011-05-08,54.56
2011-05-09,74.8
2011-05-10,74.8
2011-05-11,75.68
2011-05-12,77.44
2011-05-13,85.36
2011-05-14,74.8
2011-05-15,58.08
2011-05-16,75.68
2011-05-17,74.8
2011-05-18,71.28
2011-05-19,73.04
2011-05-20,77.44
2011-05-21,72.16
2011-05-22,55.44
2011-05-23,73.04
2011-05-24,80.96
2011-05-25,72.16
2011-05-26,73.04
2011-05-27,86.24
2011-05-28,77.44
2011-05-29,58.96
2011-05-30,65.12
2011-05-31,88.0
2011-06-01,91.19999999999999
2011-06-02,86.45
2011-06-03,95.0
2011-06-04,93.1
2011-06-05,65.55
2011-06-06,82.64999999999999
2011-06-07,81.7
2011-06-08,77.89999999999999
2011-06-09,80.75
2011-06-10,89.3
2011-06-11,77.89999999999999
2011-06-12,64.6
2011-06-13,82.64999999999999
2011-06-14,81.7
2011-06-15,87.39999999999999
2011-06-16,84.55
2011-06-17,94.05
2011-06-18,79.8
2011-06-19,62.699999999999996
2011-06-20,80.75
2011-06-21,80.75
2011-06-22,79.8
2011-06-23,78.85
2011-06-24,86.45
2011-06-25,76.95
2011-06-26,70.3
2011-06-27,82.64999999999999
2011-06-28,80.75
2011-06-29,87.39999999999999
2011-06-30,86.45
2011-07-01,97.0
2011-07-02,76.63
2011-07-03,57.23
2011-07-04,55.29
2011-07-05,80.50999999999999
2011-07-06,76.63
2011-07-07,76.63
2011-07-08,80.50999999999999
2011-07-09,70.81
2011-07-10,57.23
2011-07-11,73.72
2011-07-12,75.66
2011-07-13,74.69
2011-07-14,73.72
2011-07-15,90.21
2011-07-16,74.69
2011-07-17,68.87
2011-07-18,79.53999999999999
2011-07-19,75.66
2011-07-20,73.72
2011-07-21,72.75
2011-07-22,80.50999999999999
2011-07-23,68.87
2011-07-24,53.35
2011-07-25,69.84
2011-07-26,74.69
2011-07-27,74.69
2011-07-28,74.69
2011-07-29,85.36
2011-07-30,74.69
2011-07-31,61.11
2011-08-01,98.0
2011-08-02,92.0
2011-08-03,91.0
2011-08-04,88.0
2011-08-05,98.0
2011-08-06,82.0
2011-08-07,69.0
2011-08-08,91.0
2011-08-09,94.0
2011-08-10,92.0
2011-08-11,92.0
2011-08-12,100.0
2011-08-13,85.0
2011-08-14,77.0
2011-08-15,96.0
2011-08-16,91.0
2011-08-17,87.0
2011-08-18,88.0
2011-08-19,100.0
2011-08-20,85.0
2011-08-21,67.0
2011-08-22,88.0
2011-08-23,88.0
2011-08-24,88.0
2011-08-25,89.0
2011-08-26,95.0
2011-08-27,74.0
2011-08-28,59.0
2011-08-29,85.0
2011-08-30,83.0
2011-08-31,89.0
2011-09-01,59.17
2011-09-02,64.99
2011-09-03,55.29
2011-09-04,40.74
2011-09-05,42.68
2011-09-06,57.23
2011-09-07,58.199999999999996
2011-09-08,55.29
2011-09-09,61.11
2011-09-10,52.379999999999995
2011-09-11,39.769999999999996
2011-09-12,55.29
2011-09-13,54.32
2011-09-14,52.379999999999995
2011-09-15,57.23
2011-09-16,62.08
2011-09-17,50.44
2011-09-18,38.8
2011-09-19,52.379999999999995
2011-09-20,53.35
2011-09-21,52.379999999999995
2011-09-22,52.379999999999995
2011-09-23,58.199999999999996
2011-09-24,48.5
2011-09-25,39.769999999999996
2011-09-26,50.44
2011-09-27,48.5
2011-09-28,49.47
2011-09-29,57.23
2011-09-30,97.0
2011-10-01,97.0
2011-10-02,58.199999999999996
2011-10-03,87.3
2011-10-04,77.6
2011-10-05,71.78
2011-10-06,67.89999999999999
2011-10-07,70.81
2011-10-08,63.05
2011-10-09,46.56
2011-10-10,58.199999999999996
2011-10-11,60.14
2011-10-12,57.23
2011-10-13,59.17
2011-10-14,69.84
2011-10-15,56.26
2011-10-16,43.65
2011-10-17,60.14
2011-10-18,60.14
2011-10-19,58.199999999999996
2011-10-20,60.14
2011-10-21,65.96
2011-10-22,57.23
2011-10-23,46.56
2011-10-24,58.199999999999996
2011-10-25,59.17
2011-10-26,56.26
2011-10-27,58.199999999999996
2011-10-28,65.96
2011-10-29,59.17
2011-10-30,44.62
2011-10-31,64.02
2011-11-01,90.0
2011-11-02,77.4
2011-11-03,74.7
2011-11-04,84.60000000000001
2011-11-05,71.10000000000001
2011-11-06,55.800000000000004
2011-11-07,72.0
2011-11-08,71.10000000000001
2011-11-09,69.3
2011-11-10,77.4
2011-11-11,74.7
2011-11-12,71.10000000000001
2011-11-13,51.300000000000004
2011-11-14,75.60000000000001
2011-11-15,77.4
2011-11-16,72.9
2011-11-17,72.0
2011-11-18,78.3
2011-11-19,69.3
2011-11-20,53.1
2011-11-21,68.4
2011-11-22,72.9
2011-11-23,74.7
2011-11-24,56.7
2011-11-25,73.8
2011-11-26,67.5
2011-11-27,56.7
2011-11-28,71.10000000000001
2011-11-29,71.10000000000001
2011-11-30,74.7
2011-12-01,78.32000000000001
2011-12-02,81.88
2011-12-03,73.87
2011-12-04,58.74
2011-12-05,73.87
2011-12-06,72.98
2011-12-07,72.98
2011-12-08,70.31
2011-12-09,78.32000000000001
2011-12-10,70.31
2011-12-11,55.18
2011-12-12,71.2
2011-12-13,72.09
2011-12-14,72.09
2011-12-15,75.65
2011-12-16,80.99
2011-12-17,73.87
2011-12-18,56.07
2011-12-19,72.09
2011-12-20,76.54
2011-12-21,76.54
2011-12-22,77.43
2011-12-23,82.77
2011-12-24,67.64
2011-12-25,39.160000000000004
2011-12-26,64.08
2011-12-27,75.65
2011-12-28,77.43
2011-12-29,77.43
2011-12-30,89.0
2011-12-31,70.31
2012-01-01,48.16
2012-01-02,68.8
2012-01-03,78.26
2012-01-04,74.82
2012-01-05,73.96
2012-01-06,79.12
2012-01-07,68.8
2012-01-08,52.46
2012-01-09,78.26
2012-01-10,73.1
2012-01-11,71.38
2012-01-12,76.53999999999999
2012-01-13,86.0
2012-01-14,70.52
2012-01-15,50.74
2012-01-16,63.64
2012-01-17,70.52
2012-01-18,72.24
2012-01-19,70.52
2012-01-20,75.67999999999999
2012-01-21,65.36
2012-01-22,45.58
2012-01-23,59.339999999999996
2012-01-24,69.66
2012-01-25,62.78
2012-01-26,64.5
2012-01-27,69.66
2012-01-28,64.5
2012-01-29,49.88
2012-01-30,67.08
2012-01-31,73.96
2012-02-01,84.0
2012-02-02,74.75999999999999
2012-02-03,83.16
2012-02-04,76.44
2012-02-05,52.919999999999995
2012-02-06,73.08
2012-02-07,76.44
2012-02-08,71.39999999999999
2012-02-09,73.08
2012-02-10,79.8
2012-02-11,73.08
2012-02-12,49.559999999999995
2012-02-13,66.36
2012-02-14,73.08
2012-02-15,79.8
2012-02-16,77.28
2012-02-17,84.0
2012-02-18,69.72
2012-02-19,52.08
2012-02-20,63.839999999999996
2012-02-21,74.75999999999999
2012-02-22,75.6
2012-02-23,70.56
2012-02-24,75.6
2012-02-25,68.88
2012-02-26,52.919999999999995
2012-02-27,68.88
2012-02-28,70.56
2012-02-29,72.24
2012-03-01,81.6
2012-03-02,85.0
2012-03-03,74.8
2012-03-04,56.949999999999996
2012-03-05,75.64999999999999
2012-03-06,73.95
2012-03-07,71.39999999999999
2012-03-08,68.0
2012-03-09,77.35
2012-03-10,74.8
2012-03-11,52.699999999999996
2012-03-12,73.95
2012-03-13,73.95
2012-03-14,73.95
2012-03-15,79.05
2012-03-16,82.45
2012-03-17,70.55
2012-03-18,56.949999999999996
2012-03-19,72.25
2012-03-20,73.1
2012-03-21,72.25
2012-03-22,68.85
2012-03-23,75.64999999999999
2012-03-24,66.3
2012-03-25,52.699999999999996
2012-03-26,68.85
2012-03-27,69.7
2012-03-28,68.85
2012-03-29,68.85
2012-03-30,82.45
2012-03-31,68.0
2012-04-01,54.27
2012-04-02,73.71000000000001
2012-04-03,70.47
2012-04-04,68.85000000000001
2012-04-05,71.28
2012-04-06,79.38000000000001
2012-04-07,64.80000000000001
2012-04-08,46.17
2012-04-09,68.04
2012-04-10,71.28
2012-04-11,68.04
2012-04-12,66.42
2012-04-13,77.76
2012-04-14,68.04
2012-04-15,53.46
2012-04-16,72.09
2012-04-17,71.28
2012-04-18,68.04
2012-04-19,65.61
2012-04-20,74.52000000000001
2012-04-21,64.80000000000001
2012-04-22,46.980000000000004
2012-04-23,63.99
2012-04-24,64.80000000000001
2012-04-25,65.61
2012-04-26,64.80000000000001
2012-04-27,81.0
2012-04-28,65.61
2012-04-29,48.6
2012-04-30,73.71000000000001
2012-05-01,81.0
2012-05-02,72.9
2012-05-03,73.71000000000001
2012-05-04,79.38000000000001
2012-05-05,68.85000000000001
2012-05-06,51.03
2012-05-07,72.9
2012-05-08,73.71000000000001
2012-05-09,72.09
2012-05-10,74.52000000000001
2012-05-11,79.38000000000001
2012-05-12,67.23
2012-05-13,48.6
2012-05-14,72.9
2012-05-15,81.0
2012-05-16,79.38000000000001
2012-05-17,72.9
2012-05-18,76.95
2012-05-19,67.23
2012-05-20,53.46
2012-05-21,71.28
2012-05-22,71.28
2012-05-23,68.85000000000001
2012-05-24,71.28
2012-05-25,79.38000000000001
2012-05-26,67.23
2012-05-27,49.410000000000004
2012-05-28,51.03
2012-05-29,75.33
2012-05-30,75.33
2012-05-31,81.0
2012-06-01,85.0
2012-06-02,72.25
2012-06-03,54.4
2012-06-04,73.1
2012-06-05,73.1
2012-06-06,68.0
2012-06-07,70.55
2012-06-08,80.75
2012-06-09,66.3
2012-06-10,48.449999999999996
2012-06-11,72.25
2012-06-12,70.55
2012-06-13,69.7
2012-06-14,71.39999999999999
2012-06-15,84.14999999999999
2012-06-16,68.0
2012-06-17,48.449999999999996
2012-06-18,72.25
2012-06-19,73.1
2012-06-20,70.55
2012-06-21,70.55
2012-06-22,79.05
2012-06-23,67.14999999999999
2012-06-24,52.699999999999996
2012-06-25,69.7
2012-06-26,68.0
2012-06-27,67.14999999999999
2012-06-28,69.7
2012-06-29,80.75
2012-06-30,65.45
2012-07-01,53.12
2012-07-02,74.7
2012-07-03,74.7
2012-07-04,54.779999999999994
2012-07-05,75.53
2012-07-06,83.0
2012-07-07,66.39999999999999
2012-07-08,48.97
2012-07-09,70.55
2012-07-10,70.55
2012-07-11,68.06
2012-07-12,68.89
2012-07-13,78.85
2012-07-14,67.22999999999999
2012-07-15,51.46
2012-07-16,70.55
2012-07-17,71.38
2012-07-18,68.06
2012-07-19,69.72
2012-07-20,75.53
2012-07-21,63.08
2012-07-22,50.629999999999995
2012-07-23,68.06
2012-07-24,66.39999999999999
2012-07-25,66.39999999999999
2012-07-26,66.39999999999999
2012-07-27,73.03999999999999
2012-07-28,62.25
2012-07-29,48.97
2012-07-30,69.72
2012-07-31,75.53
2012-08-01,76.53999999999999
2012-08-02,74.82
2012-08-03,80.84
2012-08-04,69.66
2012-08-05,49.88
2012-08-06,69.66
2012-08-07,70.52
2012-08-08,67.08
2012-08-09,67.94
2012-08-10,73.1
2012-08-11,62.78
2012-08-12,49.019999999999996
2012-08-13,70.52
2012-08-14,71.38
2012-08-15,77.4
2012-08-16,76.53999999999999
2012-08-17,78.26
2012-08-18,67.94
2012-08-19,51.6
2012-08-20,69.66
2012-08-21,71.38
2012-08-22,69.66
2012-08-23,65.36
2012-08-24,77.4
2012-08-25,61.92
2012-08-26,51.6
2012-08-27,70.52
2012-08-28,70.52
2012-08-29,69.66
2012-08-30,70.52
2012-08-31,86.0
2012-09-01,60.48
2012-09-02,42.0
2012-09-03,45.36
2012-09-04,64.67999999999999
2012-09-05,64.67999999999999
2012-09-06,62.16
2012-09-07,67.2
2012-09-08,51.239999999999995
2012-09-09,40.32
2012-09-10,58.8
2012-09-11,53.76
2012-09-12,55.44
2012-09-13,56.28
2012-09-14,67.2
2012-09-15,57.12
2012-09-16,39.48
2012-09-17,57.12
2012-09-18,84.0
2012-09-19,67.2
2012-09-20,57.12
2012-09-21,63.0
2012-09-22,52.08
2012-09-23,39.48
2012-09-24,55.44
2012-09-25,56.28
2012-09-26,52.919999999999995
2012-09-27,55.44
2012-09-28,67.2
2012-09-29,53.76
2012-09-30,43.68
2012-10-01,76.80000000000001
2012-10-02,72.0
2012-10-03,68.8
2012-10-04,68.0
2012-10-05,80.0
2012-10-06,64.8
2012-10-07,48.0
2012-10-08,65.60000000000001
2012-10-09,69.60000000000001
2012-10-10,69.60000000000001
2012-10-11,69.60000000000001
2012-10-12,76.0
2012-10-13,64.0
2012-10-14,48.0
2012-10-15,71.2
2012-10-16,67.2
2012-10-17,66.4
2012-10-18,64.0
2012-10-19,72.0
2012-10-20,61.6
2012-10-21,47.2
2012-10-22,64.0
2012-10-23,61.6
2012-10-24,64.0
2012-10-25,65.60000000000001
2012-10-26,72.8
2012-10-27,57.6
2012-10-28,44.0
2012-10-29,59.2
2012-10-30,60.0
2012-10-31,67.2
2012-11-01,76.80000000000001
2012-11-02,77.60000000000001
2012-11-03,64.0
2012-11-04,45.6
2012-11-05,66.4
2012-11-06,62.400000000000006
2012-11-07,54.400000000000006
2012-11-08,69.60000000000001
2012-11-09,72.8
2012-11-10,61.6
2012-11-11,47.2
2012-11-12,59.2
2012-11-13,65.60000000000001
2012-11-14,72.0
2012-11-15,72.8
2012-11-16,76.0
2012-11-17,63.2
2012-11-18,46.400000000000006
2012-11-19,64.8
2012-11-20,67.2
2012-11-21,74.4
2012-11-22,44.800000000000004
2012-11-23,64.8
2012-11-24,60.0
2012-11-25,46.400000000000006
2012-11-26,63.2
2012-11-27,64.8
2012-11-28,61.6
2012-11-29,63.2
2012-11-30,80.0
2012-12-01,74.82
2012-12-02,52.46
2012-12-03,73.96
2012-12-04,74.82
2012-12-05,71.38
2012-12-06,70.52
2012-12-07,78.26
2012-12-08,66.22
2012-12-09,49.019999999999996
2012-12-10,73.96
2012-12-11,82.56
2012-12-12,80.84
2012-12-13,77.4
2012-12-14,80.84
2012-12-15,77.4
2012-12-16,50.74
2012-12-17,71.38
2012-12-18,70.52
2012-12-19,70.52
2012-12-20,72.24
2012-12-21,78.26
2012-12-22,69.66
2012-12-23,51.6
2012-12-24,67.94
2012-12-25,39.56
2012-12-26,71.38
2012-12-27,86.0
2012-12-28,85.14
2012-12-29,68.8
2012-12-30,49.88
2012-12-31,73.1
2013-01-01,56.58
2013-01-02,81.17999999999999
2013-01-03,77.89999999999999
2013-01-04,82.0
2013-01-05,68.88
2013-01-06,50.019999999999996
2013-01-07,71.33999999999999
2013-01-08,71.33999999999999
2013-01-09,67.24
2013-01-10,67.24
2013-01-11,74.61999999999999
2013-01-12,62.31999999999999
2013-01-13,46.739999999999995
2013-01-14,68.06
2013-01-15,74.61999999999999
2013-01-16,75.44
2013-01-17,70.52
2013-01-18,76.25999999999999
2013-01-19,65.6
2013-01-20,45.919999999999995
2013-01-21,56.58
2013-01-22,68.06
2013-01-23,67.24
2013-01-24,68.88
2013-01-25,74.61999999999999
2013-01-26,61.49999999999999
2013-01-27,45.919999999999995
2013-01-28,66.42
2013-01-29,65.6
2013-01-30,64.78
2013-01-31,72.97999999999999
2013-02-01,85.0
2013-02-02,62.9
2013-02-03,37.4
2013-02-04,51.0
2013-02-05,52.699999999999996
2013-02-06,48.449999999999996
2013-02-07,50.15
2013-02-08,54.4
2013-02-09,45.05
2013-02-10,35.699999999999996
2013-02-11,45.05
2013-02-12,47.6
2013-02-13,48.449999999999996
2013-02-14,49.3
2013-02-15,57.8
2013-02-16,49.3
2013-02-17,34.85
2013-02-18,41.65
2013-02-19,48.449999999999996
2013-02-20,51.0
2013-02-21,48.449999999999996
2013-02-22,51.85
2013-02-23,44.199999999999996
2013-02-24,32.3
2013-02-25,44.199999999999996
2013-02-26,46.75
2013-02-27,46.75
2013-02-28,51.85
2013-03-01,79.0
2013-03-02,63.99
2013-03-03,46.61
2013-03-04,65.57000000000001
2013-03-05,66.36
2013-03-06,61.620000000000005
2013-03-07,62.410000000000004
2013-03-08,67.94
2013-03-09,59.25
2013-03-10,42.660000000000004
2013-03-11,60.830000000000005
2013-03-12,60.040000000000006
2013-03-13,60.830000000000005
2013-03-14,63.99
2013-03-15,75.84
2013-03-16,62.410000000000004
2013-03-17,44.24
2013-03-18,59.25
2013-03-19,59.25
2013-03-20,58.46
2013-03-21,61.620000000000005
2013-03-22,66.36
2013-03-23,55.300000000000004
2013-03-24,43.45
2013-03-25,59.25
2013-03-26,60.040000000000006
2013-03-27,63.2
2013-03-28,69.52000000000001
2013-03-29,74.26
2013-03-30,59.25
2013-03-31,41.08
2013-04-01,77.42
2013-04-02,73.47
2013-04-03,71.10000000000001
2013-04-04,69.52000000000001
2013-04-05,76.63000000000001
2013-04-06,63.2
2013-04-07,50.56
2013-04-08,67.94
2013-04-09,69.52000000000001
2013-04-10,67.94
2013-04-11,68.73
2013-04-12,79.0
2013-04-13,66.36
2013-04-14,51.35
2013-04-15,72.68
2013-04-16,69.52000000000001
2013-04-17,66.36
2013-04-18,61.620000000000005
2013-04-19,67.94
2013-04-20,60.040000000000006
2013-04-21,45.82
2013-04-22,65.57000000000001
2013-04-23,63.99
2013-04-24,63.99
2013-04-25,64.78
2013-04-26,71.10000000000001
2013-04-27,62.410000000000004
2013-04-28,45.03
2013-04-29,66.36
2013-04-30,72.68
2013-05-01,63.96
2013-05-02,61.620000000000005
2013-05-03,68.64
2013-05-04,55.38
2013-05-05,39.78
2013-05-06,60.84
2013-05-07,61.620000000000005
2013-05-08,56.940000000000005
2013-05-09,57.72
2013-05-10,62.400000000000006
2013-05-11,53.82
2013-05-12,38.22
2013-05-13,58.5
2013-05-14,59.28
2013-05-15,63.96
2013-05-16,60.84
2013-05-17,65.52
2013-05-18,53.82
2013-05-19,39.78
2013-05-20,58.5
2013-05-21,57.72
2013-05-22,56.940000000000005
2013-05-23,56.940000000000005
2013-05-24,63.18
2013-05-25,50.7
2013-05-26,38.22
2013-05-27,39.78
2013-05-28,58.5
2013-05-29,60.84
2013-05-30,60.84
2013-05-31,78.0
2013-06-01,68.8
2013-06-02,50.400000000000006
2013-06-03,76.0
2013-06-04,73.60000000000001
2013-06-05,70.4
2013-06-06,67.2
2013-06-07,74.4
2013-06-08,62.400000000000006
2013-06-09,47.2
2013-06-10,67.2
2013-06-11,68.8
2013-06-12,68.0
2013-06-13,66.4
2013-06-14,80.0
2013-06-15,64.8
2013-06-16,48.0
2013-06-17,70.4
2013-06-18,68.0
2013-06-19,66.4
2013-06-20,67.2
2013-06-21,74.4
2013-06-22,62.400000000000006
2013-06-23,46.400000000000006
2013-06-24,68.8
2013-06-25,66.4
2013-06-26,65.60000000000001
2013-06-27,65.60000000000001
2013-06-28,79.2
2013-06-29,65.60000000000001
2013-06-30,49.6
2013-07-01,80.50999999999999
2013-07-02,80.50999999999999
2013-07-03,83.0
2013-07-04,60.589999999999996
2013-07-05,81.33999999999999
2013-07-06,67.22999999999999
2013-07-07,52.29
2013-07-08,75.53
2013-07-09,74.7
2013-07-10,72.21
2013-07-11,73.03999999999999
2013-07-12,82.17
2013-07-13,65.57
2013-07-14,48.97
2013-07-15,78.02
2013-07-16,77.19
2013-07-17,73.86999999999999
2013-07-18,74.7
2013-07-19,80.50999999999999
2013-07-20,64.74
2013-07-21,51.46
2013-07-22,71.38
2013-07-23,70.55
2013-07-24,71.38
2013-07-25,70.55
2013-07-26,78.85
2013-07-27,63.91
2013-07-28,53.12
2013-07-29,70.55
2013-07-30,75.53
2013-07-31,77.19
2013-08-01,77.89999999999999
2013-08-02,82.0
2013-08-03,65.6
2013-08-04,48.379999999999995
2013-08-05,72.16
2013-08-06,68.06
2013-08-07,67.24
2013-08-08,66.42
2013-08-09,74.61999999999999
2013-08-10,62.31999999999999
2013-08-11,45.099999999999994
2013-08-12,65.6
2013-08-13,68.06
2013-08-14,66.42
2013-08-15,72.16
2013-08-16,77.89999999999999
2013-08-17,62.31999999999999
2013-08-18,46.739999999999995
2013-08-19,67.24
2013-08-20,68.88
2013-08-21,65.6
2013-08-22,65.6
2013-08-23,69.7
2013-08-24,58.22
2013-08-25,46.739999999999995
2013-08-26,61.49999999999999
2013-08-27,63.959999999999994
2013-08-28,61.49999999999999
2013-08-29,63.959999999999994
2013-08-30,79.53999999999999
2013-08-31,65.6
2013-09-01,46.5
2013-09-02,50.25
2013-09-03,75.0
2013-09-04,72.75
2013-09-05,70.5
2013-09-06,75.0
2013-09-07,59.25
2013-09-08,42.75
2013-09-09,64.5
2013-09-10,63.75
2013-09-11,63.0
2013-09-12,63.0
2013-09-13,72.0
2013-09-14,60.75
2013-09-15,43.5
2013-09-16,65.25
2013-09-17,61.5
2013-09-18,61.5
2013-09-19,60.75
2013-09-20,69.75
2013-09-21,57.75
2013-09-22,41.25
2013-09-23,61.5
2013-09-24,61.5
2013-09-25,60.0
2013-09-26,60.75
2013-09-27,69.0
2013-09-28,58.5
2013-09-29,42.75
2013-09-30,66.75
2013-10-01,74.0
2013-10-02,68.08
2013-10-03,68.82
2013-10-04,73.26
2013-10-05,61.42
2013-10-06,42.92
2013-10-07,65.86
2013-10-08,65.86
2013-10-09,62.9
2013-10-10,64.38
2013-10-11,71.78
2013-10-12,58.46
2013-10-13,44.4
2013-10-14,62.9
2013-10-15,65.12
2013-10-16,64.38
2013-10-17,59.94
2013-10-18,68.82
2013-10-19,54.76
2013-10-20,42.18
2013-10-21,59.94
2013-10-22,57.72
2013-10-23,57.72
2013-10-24,59.2
2013-10-25,65.86
2013-10-26,54.019999999999996
2013-10-27,39.96
2013-10-28,57.72
2013-10-29,59.94
2013-10-30,55.5
2013-10-31,62.9
2013-11-01,69.0
2013-11-02,55.199999999999996
2013-11-03,39.33
2013-11-04,57.959999999999994
2013-11-05,55.199999999999996
2013-11-06,52.44
2013-11-07,51.74999999999999
2013-11-08,59.339999999999996
2013-11-09,51.059999999999995
2013-11-10,35.879999999999995
2013-11-11,46.919999999999995
2013-11-12,53.129999999999995
2013-11-13,53.81999999999999
2013-11-14,53.81999999999999
2013-11-15,62.78999999999999
2013-11-16,51.059999999999995
2013-11-17,33.809999999999995
2013-11-18,50.37
2013-11-19,50.37
2013-11-20,50.37
2013-11-21,50.37
2013-11-22,54.51
2013-11-23,47.61
2013-11-24,34.5
2013-11-25,48.989999999999995
2013-11-26,53.129999999999995
2013-11-27,57.959999999999994
2013-11-28,34.5
2013-11-29,54.51
2013-11-30,52.44
2013-12-01,41.18
2013-12-02,61.769999999999996
2013-12-03,63.19
2013-12-04,56.089999999999996
2013-12-05,54.669999999999995
2013-12-06,58.93
2013-12-07,54.669999999999995
2013-12-08,36.92
2013-12-09,52.54
2013-12-10,53.959999999999994
2013-12-11,53.25
2013-12-12,54.669999999999995
2013-12-13,61.769999999999996
2013-12-14,52.54
2013-12-15,39.05
2013-12-16,57.51
2013-12-17,56.089999999999996
2013-12-18,56.089999999999996
2013-12-19,62.48
2013-12-20,71.0
2013-12-21,62.48
2013-12-22,41.89
2013-12-23,65.32
2013-12-24,65.32
2013-12-25,32.66
2013-12-26,59.64
2013-12-27,66.74
2013-12-28,55.379999999999995
2013-12-29,39.05
2013-12-30,61.059999999999995
2013-12-31,69.58
2014-01-01,44.849999999999994
2014-01-02,64.86
2014-01-03,68.30999999999999
2014-01-04,57.959999999999994
2014-01-05,40.019999999999996
2014-01-06,58.65
2014-01-07,55.199999999999996
2014-01-08,57.269999999999996
2014-01-09,57.269999999999996
2014-01-10,63.48
2014-01-11,53.81999999999999
2014-01-12,39.33
2014-01-13,54.51
2014-01-14,58.65
2014-01-15,62.099999999999994
2014-01-16,56.58
2014-01-17,63.48
2014-01-18,54.51
2014-01-19,37.26
2014-01-20,48.989999999999995
2014-01-21,54.51
2014-01-22,57.959999999999994
2014-01-23,54.51
2014-01-24,60.029999999999994
2014-01-25,51.059999999999995
2014-01-26,37.949999999999996
2014-01-27,50.37
2014-01-28,66.92999999999999
2014-01-29,52.44
2014-01-30,56.58
2014-01-31,69.0
2014-02-01,63.48
2014-02-02,39.33
2014-02-03,58.65
2014-02-04,62.099999999999994
2014-02-05,57.269999999999996
2014-02-06,54.51
2014-02-07,68.30999999999999
2014-02-08,57.269999999999996
2014-02-09,40.709999999999994
2014-02-10,57.959999999999994
2014-02-11,58.65
2014-02-12,58.65
2014-02-13,53.81999999999999
2014-02-14,66.92999999999999
2014-02-15,57.959999999999994
2014-02-16,41.4
2014-02-17,53.81999999999999
2014-02-18,59.339999999999996
2014-02-19,62.099999999999994
2014-02-20,55.199999999999996
2014-02-21,62.099999999999994
2014-02-22,55.199999999999996
2014-02-23,39.33
2014-02-24,56.58
2014-02-25,58.65
2014-02-26,56.58
2014-02-27,56.58
2014-02-28,69.0
2014-03-01,64.99000000000001
2014-03-02,43.550000000000004
2014-03-03,59.63
2014-03-04,60.970000000000006
2014-03-05,60.970000000000006
2014-03-06,58.290000000000006
2014-03-07,64.99000000000001
2014-03-08,55.61000000000001
2014-03-09,38.190000000000005
2014-03-10,58.290000000000006
2014-03-11,55.61000000000001
2014-03-12,55.61000000000001
2014-03-13,55.61000000000001
2014-03-14,67.0
2014-03-15,55.61000000000001
2014-03-16,40.870000000000005
2014-03-17,56.95
2014-03-18,54.940000000000005
2014-03-19,53.6
2014-03-20,55.61000000000001
2014-03-21,60.970000000000006
2014-03-22,50.92
2014-03-23,38.190000000000005
2014-03-24,52.93
2014-03-25,54.940000000000005
2014-03-26,56.28
2014-03-27,54.940000000000005
2014-03-28,60.300000000000004
2014-03-29,50.25
2014-03-30,40.870000000000005
2014-03-31,60.300000000000004
2014-04-01,64.68
2014-04-02,59.400000000000006
2014-04-03,60.06
2014-04-04,65.34
2014-04-05,56.1
2014-04-06,40.92
2014-04-07,56.1
2014-04-08,58.080000000000005
2014-04-09,58.74
2014-04-10,59.400000000000006
2014-04-11,66.0
2014-04-12,51.480000000000004
2014-04-13,40.260000000000005
2014-04-14,59.400000000000006
2014-04-15,62.040000000000006
2014-04-16,58.74
2014-04-17,56.1
2014-04-18,62.040000000000006
2014-04-19,49.5
2014-04-20,33.660000000000004
2014-04-21,56.1
2014-04-22,56.1
2014-04-23,53.46
2014-04-24,52.800000000000004
2014-04-25,58.74
2014-04-26,49.5
2014-04-27,34.980000000000004
2014-04-28,55.440000000000005
2014-04-29,55.440000000000005
2014-04-30,59.400000000000006
2014-05-01,60.06
2014-05-02,64.02
2014-05-03,52.800000000000004
2014-05-04,37.620000000000005
2014-05-05,56.760000000000005
2014-05-06,52.800000000000004
2014-05-07,49.5
2014-05-08,52.800000000000004
2014-05-09,56.1
2014-05-10,47.52
2014-05-11,33.660000000000004
2014-05-12,53.46
2014-05-13,52.800000000000004
2014-05-14,51.480000000000004
2014-05-15,56.1
2014-05-16,59.400000000000006
2014-05-17,50.82
2014-05-18,36.96
2014-05-19,54.120000000000005
2014-05-20,52.800000000000004
2014-05-21,50.82
2014-05-22,52.800000000000004
2014-05-23,59.400000000000006
2014-05-24,46.86
2014-05-25,32.34
2014-05-26,38.28
2014-05-27,54.78
2014-05-28,53.46
2014-05-29,51.480000000000004
2014-05-30,66.0
2014-05-31,55.440000000000005
2014-06-01,40.260000000000005
2014-06-02,64.02
2014-06-03,64.02
2014-06-04,58.080000000000005
2014-06-05,58.74
2014-06-06,66.0
2014-06-07,50.82
2014-06-08,37.620000000000005
2014-06-09,58.080000000000005
2014-06-10,56.1
2014-06-11,54.120000000000005
2014-06-12,55.440000000000005
2014-06-13,62.7
2014-06-14,51.480000000000004
2014-06-15,37.620000000000005
2014-06-16,58.74
2014-06-17,56.1
2014-06-18,55.440000000000005
2014-06-19,56.760000000000005
2014-06-20,64.02
2014-06-21,48.84
2014-06-22,38.28
2014-06-23,54.120000000000005
2014-06-24,56.760000000000005
2014-06-25,56.1
2014-06-26,53.46
2014-06-27,62.7
2014-06-28,52.800000000000004
2014-06-29,37.620000000000005
2014-06-30,64.68
2014-07-01,63.92
2014-07-02,63.24
2014-07-03,68.0
2014-07-04,45.56
2014-07-05,46.24
2014-07-06,38.080000000000005
2014-07-07,62.56
2014-07-08,57.800000000000004
2014-07-09,55.080000000000005
2014-07-10,57.120000000000005
2014-07-11,61.2
2014-07-12,50.32
2014-07-13,34.0
2014-07-14,57.120000000000005
2014-07-15,60.52
2014-07-16,57.800000000000004
2014-07-17,55.080000000000005
2014-07-18,63.24
2014-07-19,47.6
2014-07-20,37.400000000000006
2014-07-21,55.080000000000005
2014-07-22,54.400000000000006
2014-07-23,53.720000000000006
2014-07-24,52.36000000000001
2014-07-25,61.88
2014-07-26,48.96
2014-07-27,36.720000000000006
2014-07-28,55.760000000000005
2014-07-29,54.400000000000006
2014-07-30,55.080000000000005
2014-07-31,63.24
2014-08-01,68.0
2014-08-02,53.720000000000006
2014-08-03,38.080000000000005
2014-08-04,55.080000000000005
2014-08-05,55.080000000000005
2014-08-06,53.720000000000006
2014-08-07,57.120000000000005
2014-08-08,57.120000000000005
2014-08-09,47.6
2014-08-10,34.0
2014-08-11,49.64
2014-08-12,49.64
2014-08-13,49.64
2014-08-14,50.32
2014-08-15,61.2
2014-08-16,47.6
2014-08-17,34.0
2014-08-18,53.040000000000006
2014-08-19,51.00000000000001
2014-08-20,50.32
2014-08-21,52.36000000000001
2014-08-22,55.760000000000005
2014-08-23,47.6
2014-08-24,33.32
2014-08-25,49.64
2014-08-26,49.64
2014-08-27,49.64
2014-08-28,49.64
2014-08-29,60.52
2014-08-30,48.28
2014-08-31,31.28
2014-09-01,40.95
2014-09-02,62.37
2014-09-03,62.37
2014-09-04,57.33
2014-09-05,63.0
2014-09-06,50.4
2014-09-07,34.65
2014-09-08,53.55
2014-09-09,52.92
2014-09-10,53.55
2014-09-11,52.92
2014-09-12,59.85
2014-09-13,51.03
2014-09-14,36.54
2014-09-15,58.59
2014-09-16,51.660000000000004
2014-09-17,50.4
2014-09-18,51.03
2014-09-19,60.480000000000004
2014-09-20,47.88
2014-09-21,32.76
2014-09-22,52.92
2014-09-23,51.660000000000004
2014-09-24,50.4
2014-09-25,49.77
2014-09-26,57.33
2014-09-27,47.25
2014-09-28,34.02
2014-09-29,51.660000000000004
2014-09-30,56.7
2014-10-01,58.9
2014-10-02,53.94
2014-10-03,62.0
2014-10-04,47.74
2014-10-05,34.1
2014-10-06,51.46
2014-10-07,50.22
2014-10-08,47.74
2014-10-09,47.12
2014-10-10,56.42
2014-10-11,47.74
2014-10-12,32.86
2014-10-13,47.12
2014-10-14,47.12
2014-10-15,54.56
2014-10-16,49.6
2014-10-17,55.8
2014-10-18,45.26
2014-10-19,32.24
2014-10-20,49.6
2014-10-21,50.22
2014-10-22,45.26
2014-10-23,47.12
2014-10-24,54.56
2014-10-25,40.3
2014-10-26,31.62
2014-10-27,45.88
2014-10-28,46.5
2014-10-29,44.02
2014-10-30,47.12
2014-10-31,58.28
2014-11-01,50.459999999999994
2014-11-02,35.379999999999995
2014-11-03,57.99999999999999
2014-11-04,48.72
2014-11-05,42.339999999999996
2014-11-06,42.919999999999995
2014-11-07,51.62
2014-11-08,42.919999999999995
2014-11-09,28.419999999999998
2014-11-10,45.82
2014-11-11,42.919999999999995
2014-11-12,42.919999999999995
2014-11-13,44.08
2014-11-14,53.94
2014-11-15,44.08
2014-11-16,30.74
2014-11-17,44.66
2014-11-18,42.339999999999996
2014-11-19,44.08
2014-11-20,43.5
2014-11-21,47.559999999999995
2014-11-22,42.339999999999996
2014-11-23,27.259999999999998
2014-11-24,42.339999999999996
2014-11-25,44.08
2014-11-26,48.13999999999999
2014-11-27,28.999999999999996
2014-11-28,45.239999999999995
2014-11-29,39.44
2014-11-30,31.9
2014-12-01,54.29
2014-12-02,54.29
2014-12-03,49.41
2014-12-04,46.97
2014-12-05,53.07
2014-12-06,46.36
2014-12-07,32.94
2014-12-08,48.8
2014-12-09,46.36
2014-12-10,46.36
2014-12-11,45.14
2014-12-12,55.51
2014-12-13,49.41
2014-12-14,32.94
2014-12-15,48.8
2014-12-16,49.41
2014-12-17,48.19
2014-12-18,47.58
2014-12-19,55.51
2014-12-20,48.19
2014-12-21,33.55
2014-12-22,53.07
2014-12-23,57.949999999999996
2014-12-24,53.07
2014-12-25,25.62
2014-12-26,51.24
2014-12-27,40.87
2014-12-28,31.72
2014-12-29,52.46
2014-12-30,53.68
2014-12-31,61.0
2015-01-01,38.35
2015-01-02,59.0
2015-01-03,57.23
2015-01-04,32.449999999999996
2015-01-05,53.69
2015-01-06,51.33
2015-01-07,47.199999999999996
2015-01-08,45.43
2015-01-09,52.51
2015-01-10,43.66
2015-01-11,29.5
2015-01-12,44.839999999999996
2015-01-13,46.019999999999996
2015-01-14,46.019999999999996
2015-01-15,51.33
2015-01-16,54.87
2015-01-17,45.43
2015-01-18,30.09
2015-01-19,41.89
2015-01-20,48.379999999999995
2015-01-21,48.97
2015-01-22,46.61
2015-01-23,51.33
2015-01-24,41.89
2015-01-25,30.09
2015-01-26,40.71
2015-01-27,42.48
2015-01-28,45.43
2015-01-29,46.019999999999996
2015-01-30,57.23
2015-01-31,48.379999999999995
2015-02-01,35.4
2015-02-02,50.739999999999995
2015-02-03,54.87
2015-02-04,51.919999999999995
2015-02-05,51.33
2015-02-06,56.64
2015-02-07,50.15
2015-02-08,35.989999999999995
2015-02-09,48.379999999999995
2015-02-10,51.919999999999995
2015-02-11,50.15
2015-02-12,51.33
2015-02-13,57.23
2015-02-14,47.79
2015-02-15,33.629999999999995
2015-02-16,47.79
2015-02-17,52.51
2015-02-18,51.919999999999995
2015-02-19,48.379999999999995
2015-02-20,53.69
2015-02-21,47.199999999999996
2015-02-22,34.22
2015-02-23,46.61
2015-02-24,48.97
2015-02-25,48.379999999999995
2015-02-26,51.33
2015-02-27,59.0
2015-02-28,51.33
2015-03-01,36.54
2015-03-02,52.779999999999994
2015-03-03,53.94
2015-03-04,48.13999999999999
2015-03-05,48.13999999999999
2015-03-06,55.67999999999999
2015-03-07,46.98
2015-03-08,34.22
2015-03-09,49.3
2015-03-10,48.72
2015-03-11,46.98
2015-03-12,48.72
2015-03-13,57.99999999999999
2015-03-14,45.82
2015-03-15,34.22
2015-03-16,51.04
2015-03-17,49.3
2015-03-18,49.879999999999995
2015-03-19,47.559999999999995
2015-03-20,52.199999999999996
2015-03-21,43.5
2015-03-22,31.9
2015-03-23,47.559999999999995
2015-03-24,45.82
2015-03-25,46.4
2015-03-26,47.559999999999995
2015-03-27,51.04
2015-03-28,41.76
2015-03-29,31.9
2015-03-30,49.879999999999995
2015-03-31,53.94
2015-04-01,52.199999999999996
2015-04-02,50.459999999999994
2015-04-03,57.99999999999999
2015-04-04,44.66
2015-04-05,28.999999999999996
2015-04-06,49.3
2015-04-07,46.98
2015-04-08,45.239999999999995
2015-04-09,47.559999999999995
2015-04-10,51.04
2015-04-11,42.919999999999995
2015-04-12,30.74
2015-04-13,48.72
2015-04-14,49.3
2015-04-15,51.04
2015-04-16,46.4
2015-04-17,50.459999999999994
2015-04-18,40.599999999999994
2015-04-19,31.319999999999997
2015-04-20,43.5
2015-04-21,44.08
2015-04-22,43.5
2015-04-23,43.5
2015-04-24,49.3
2015-04-25,40.599999999999994
2015-04-26,30.74
2015-04-27,42.339999999999996
2015-04-28,44.08
2015-04-29,41.76
2015-04-30,48.72
2015-05-01,57.419999999999995
2015-05-02,45.239999999999995
2015-05-03,31.9
2015-05-04,51.62
2015-05-05,49.3
2015-05-06,45.239999999999995
2015-05-07,46.98
2015-05-08,51.62
2015-05-09,44.08
2015-05-10,28.999999999999996
2015-05-11,46.98
2015-05-12,48.13999999999999
2015-05-13,45.82
2015-05-14,46.98
2015-05-15,55.67999999999999
2015-05-16,43.5
2015-05-17,30.159999999999997
2015-05-18,49.3
2015-05-19,48.13999999999999
2015-05-20,46.98
2015-05-21,47.559999999999995
2015-05-22,53.36
2015-05-23,42.339999999999996
2015-05-24,27.839999999999996
2015-05-25,31.9
2015-05-26,48.72
2015-05-27,49.3
2015-05-28,48.13999999999999
2015-05-29,57.99999999999999
2015-05-30,45.82
2015-05-31,34.22
2015-06-01,58.28
2015-06-02,55.8
2015-06-03,53.94
2015-06-04,54.56
2015-06-05,60.76
2015-06-06,48.36
2015-06-07,32.86
2015-06-08,53.94
2015-06-09,55.18
2015-06-10,52.7
2015-06-11,52.7
2015-06-12,58.9
2015-06-13,47.74
2015-06-14,34.1
2015-06-15,57.04
2015-06-16,54.56
2015-06-17,51.46
2015-06-18,50.839999999999996
2015-06-19,59.519999999999996
2015-06-20,44.64
2015-06-21,33.48
2015-06-22,55.8
2015-06-23,53.32
2015-06-24,52.7
2015-06-25,53.32
2015-06-26,59.519999999999996
2015-06-27,48.98
2015-06-28,34.1
2015-06-29,57.66
2015-06-30,62.0
2015-07-01,61.1
2015-07-02,64.35000000000001
2015-07-03,64.35000000000001
2015-07-04,36.4
2015-07-05,32.5
2015-07-06,57.2
2015-07-07,54.6
2015-07-08,52.65
2015-07-09,52.65
2015-07-10,59.15
2015-07-11,46.15
2015-07-12,31.85
2015-07-13,52.65
2015-07-14,53.300000000000004
2015-07-15,54.6
2015-07-16,50.7
2015-07-17,57.2
2015-07-18,46.15
2015-07-19,33.800000000000004
2015-07-20,53.300000000000004
2015-07-21,53.300000000000004
2015-07-22,49.4
2015-07-23,50.7
2015-07-24,57.2
2015-07-25,45.5
2015-07-26,32.5
2015-07-27,50.7
2015-07-28,51.35
2015-07-29,50.7
2015-07-30,52.0
2015-07-31,65.0
2015-08-01,52.92
2015-08-02,35.910000000000004
2015-08-03,59.85
2015-08-04,54.81
2015-08-05,54.18
2015-08-06,51.03
2015-08-07,59.85
2015-08-08,49.14
2015-08-09,33.39
2015-08-10,54.18
2015-08-11,52.92
2015-08-12,52.92
2015-08-13,51.660000000000004
2015-08-14,63.0
2015-08-15,50.4
2015-08-16,34.02
2015-08-17,55.44
2015-08-18,53.55
2015-08-19,51.03
2015-08-20,51.660000000000004
2015-08-21,58.59
2015-08-22,47.25
2015-08-23,33.39
2015-08-24,50.4
2015-08-25,49.77
2015-08-26,49.14
2015-08-27,50.4
2015-08-28,56.07
2015-08-29,45.99
2015-08-30,33.39
2015-08-31,54.18
2015-09-01,56.99999999999999
2015-09-02,51.3
2015-09-03,51.3
2015-09-04,56.42999999999999
2015-09-05,45.599999999999994
2015-09-06,28.499999999999996
2015-09-07,32.489999999999995
2015-09-08,50.16
2015-09-09,49.589999999999996
2015-09-10,47.309999999999995
2015-09-11,51.3
2015-09-12,41.04
2015-09-13,27.929999999999996
2015-09-14,47.309999999999995
2015-09-15,50.16
2015-09-16,46.169999999999995
2015-09-17,44.459999999999994
2015-09-18,51.3
2015-09-19,42.74999999999999
2015-09-20,29.069999999999997
2015-09-21,45.029999999999994
2015-09-22,45.029999999999994
2015-09-23,43.31999999999999
2015-09-24,44.459999999999994
2015-09-25,50.16
2015-09-26,41.61
2015-09-27,28.499999999999996
2015-09-28,44.459999999999994
2015-09-29,45.029999999999994
2015-09-30,49.589999999999996
2015-10-01,53.2
2015-10-02,56.00000000000001
2015-10-03,45.92
2015-10-04,33.040000000000006
2015-10-05,52.64000000000001
2015-10-06,47.040000000000006
2015-10-07,44.24
2015-10-08,45.36000000000001
2015-10-09,51.52
2015-10-10,44.24
2015-10-11,34.160000000000004
2015-10-12,46.480000000000004
2015-10-13,47.6
2015-10-14,47.040000000000006
2015-10-15,48.720000000000006
2015-10-16,52.080000000000005
2015-10-17,41.440000000000005
2015-10-18,29.120000000000005
2015-10-19,45.92
2015-10-20,44.24
2015-10-21,42.56
2015-10-22,43.120000000000005
2015-10-23,48.720000000000006
2015-10-24,39.2
2015-10-25,30.240000000000002
2015-10-26,45.36000000000001
2015-10-27,40.88
2015-10-28,41.440000000000005
2015-10-29,42.00000000000001
2015-10-30,53.2
2015-10-31,42.00000000000001
2015-11-01,33.39
2015-11-02,48.760000000000005
2015-11-03,50.35
2015-11-04,46.11
2015-11-05,47.7
2015-11-06,53.0
2015-11-07,44.52
2015-11-08,30.740000000000002
2015-11-09,46.64
2015-11-10,46.11
2015-11-11,43.46
2015-11-12,45.050000000000004
2015-11-13,51.940000000000005
2015-11-14,41.34
2015-11-15,28.62
2015-11-16,44.52
2015-11-17,45.050000000000004
2015-11-18,41.870000000000005
2015-11-19,43.46
2015-11-20,49.82
2015-11-21,41.870000000000005
2015-11-22,27.560000000000002
2015-11-23,45.580000000000005
2015-11-24,44.52
2015-11-25,49.29
2015-11-26,29.150000000000002
2015-11-27,42.93
2015-11-28,39.75
2015-11-29,31.270000000000003
2015-11-30,50.35
2015-12-01,47.879999999999995
2015-12-02,42.18
2015-12-03,43.31999999999999
2015-12-04,47.309999999999995
2015-12-05,42.74999999999999
2015-12-06,27.36
2015-12-07,39.9
2015-12-08,41.04
2015-12-09,38.19
2015-12-10,38.19
2015-12-11,45.029999999999994
2015-12-12,38.76
2015-12-13,27.36
2015-12-14,41.61
2015-12-15,42.74999999999999
2015-12-16,41.61
2015-12-17,40.47
2015-12-18,47.879999999999995
2015-12-19,40.47
2015-12-20,26.22
2015-12-21,42.74999999999999
2015-12-22,45.599999999999994
2015-12-23,48.449999999999996
2015-12-24,51.3
2015-12-25,21.09
2015-12-26,34.769999999999996
2015-12-27,26.22
2015-12-28,45.599999999999994
2015-12-29,43.88999999999999
2015-12-30,46.739999999999995
2015-12-31,56.99999999999999
2016-01-01,34.79
2016-01-02,42.63
2016-01-03,30.87
2016-01-04,46.06
2016-01-05,45.08
2016-01-06,42.14
2016-01-07,40.18
2016-01-08,45.08
2016-01-09,39.2
2016-01-10,24.99
2016-01-11,37.24
2016-01-12,37.73
2016-01-13,38.71
2016-01-14,37.24
2016-01-15,49.0
2016-01-16,42.14
2016-01-17,28.419999999999998
2016-01-18,36.26
2016-01-19,41.16
2016-01-20,41.65
2016-01-21,39.2
2016-01-22,42.63
2016-01-23,34.79
2016-01-24,24.99
2016-01-25,37.24
2016-01-26,37.73
2016-01-27,36.75
2016-01-28,38.71
2016-01-29,46.06
2016-01-30,41.16
2016-01-31,27.439999999999998
2016-02-01,44.5
2016-02-02,44.0
2016-02-03,44.0
2016-02-04,44.0
2016-02-05,50.0
2016-02-06,45.0
2016-02-07,29.5
2016-02-08,39.0
2016-02-09,41.5
2016-02-10,45.0
2016-02-11,42.5
2016-02-12,50.0
2016-02-13,45.0
2016-02-14,27.5
2016-02-15,39.5
2016-02-16,45.0
2016-02-17,44.0
2016-02-18,43.0
2016-02-19,45.5
2016-02-20,41.5
2016-02-21,28.5
2016-02-22,40.5
2016-02-23,41.5
2016-02-24,40.0
2016-02-25,40.5
2016-02-26,46.0
2016-02-27,43.5
2016-02-28,29.5
2016-02-29,43.0
2016-03-01,47.53
2016-03-02,44.589999999999996
2016-03-03,45.08
2016-03-04,49.0
2016-03-05,46.06
2016-03-06,28.91
2016-03-07,43.12
2016-03-08,44.1
2016-03-09,42.63
2016-03-10,41.16
2016-03-11,47.04
2016-03-12,42.63
2016-03-13,28.91
2016-03-14,43.61
2016-03-15,46.06
2016-03-16,42.14
2016-03-17,41.16
2016-03-18,46.55
2016-03-19,41.65
2016-03-20,29.4
2016-03-21,42.63
2016-03-22,41.65
2016-03-23,39.2
2016-03-24,43.61
2016-03-25,49.0
2016-03-26,40.18
2016-03-27,25.48
2016-03-28,42.63
2016-03-29,42.63
2016-03-30,41.65
2016-03-31,44.1
2016-04-01,50.0
2016-04-02,41.0
2016-04-03,27.0
2016-04-04,41.0
2016-04-05,41.5
2016-04-06,39.5
2016-04-07,38.5
2016-04-08,43.5
2016-04-09,38.5
2016-04-10,25.5
2016-04-11,38.5
2016-04-12,40.0
2016-04-13,40.5
2016-04-14,40.0
2016-04-15,46.0
2016-04-16,40.0
2016-04-17,27.0
2016-04-18,41.0
2016-04-19,38.5
2016-04-20,37.5
2016-04-21,36.0
2016-04-22,41.0
2016-04-23,35.0
2016-04-24,24.5
2016-04-25,36.0
2016-04-26,34.5
2016-04-27,35.0
2016-04-28,35.0
2016-04-29,45.0
2016-04-30,39.0
2016-05-01,29.759999999999998
2016-05-02,45.6
2016-05-03,45.6
2016-05-04,40.8
2016-05-05,44.16
2016-05-06,47.519999999999996
2016-05-07,42.239999999999995
2016-05-08,25.439999999999998
2016-05-09,42.72
2016-05-10,42.239999999999995
2016-05-11,40.8
2016-05-12,40.32
2016-05-13,48.0
2016-05-14,42.239999999999995
2016-05-15,27.36
2016-05-16,43.199999999999996
2016-05-17,42.239999999999995
2016-05-18,41.28
2016-05-19,40.8
2016-05-20,47.519999999999996
2016-05-21,39.36
2016-05-22,26.88
2016-05-23,41.76
2016-05-24,39.839999999999996
2016-05-25,42.239999999999995
2016-05-26,40.32
2016-05-27,47.04
2016-05-28,41.76
2016-05-29,26.88
2016-05-30,29.759999999999998
2016-05-31,48.0
2016-06-01,51.480000000000004
2016-06-02,48.36
2016-06-03,52.0
2016-06-04,44.72
2016-06-05,29.64
2016-06-06,43.160000000000004
2016-06-07,43.160000000000004
2016-06-08,41.6
2016-06-09,41.08
2016-06-10,48.36
2016-06-11,37.96
2016-06-12,25.48
2016-06-13,43.160000000000004
2016-06-14,42.64
2016-06-15,44.2
2016-06-16,43.160000000000004
2016-06-17,47.32
2016-06-18,42.120000000000005
2016-06-19,26.52
2016-06-20,44.2
2016-06-21,43.160000000000004
2016-06-22,42.64
2016-06-23,42.120000000000005
2016-06-24,48.88
2016-06-25,39.52
2016-06-26,28.080000000000002
2016-06-27,43.160000000000004
2016-06-28,43.160000000000004
2016-06-29,43.68
2016-06-30,49.4
2016-07-01,51.0
2016-07-02,42.84
2016-07-03,24.48
2016-07-04,24.48
2016-07-05,43.35
2016-07-06,42.84
2016-07-07,38.76
2016-07-08,43.35
2016-07-09,36.72
2016-07-10,22.95
2016-07-11,36.72
2016-07-12,38.76
2016-07-13,36.72
2016-07-14,36.72
2016-07-15,44.88
2016-07-16,37.230000000000004
2016-07-17,23.97
2016-07-18,38.25
2016-07-19,36.21
2016-07-20,36.72
2016-07-21,36.21
2016-07-22,39.27
2016-07-23,33.15
2016-07-24,22.95
2016-07-25,35.19
2016-07-26,35.7
2016-07-27,35.7
2016-07-28,34.68
2016-07-29,43.35
2016-07-30,36.72
2016-07-31,23.97
2016-08-01,49.0
2016-08-02,47.0
2016-08-03,46.5
2016-08-04,45.0
2016-08-05,50.0
2016-08-06,41.5
2016-08-07,27.0
2016-08-08,42.0
2016-08-09,42.5
2016-08-10,41.5
2016-08-11,43.0
2016-08-12,47.0
2016-08-13,40.0
2016-08-14,27.0
2016-08-15,45.0
2016-08-16,46.0
2016-08-17,43.0
2016-08-18,41.5
2016-08-19,47.5
2016-08-20,40.5
2016-08-21,26.5
2016-08-22,43.5
2016-08-23,43.0
2016-08-24,41.0
2016-08-25,43.0
2016-08-26,48.0
2016-08-27,39.5
2016-08-28,28.5
2016-08-29,41.5
2016-08-30,43.5
2016-08-31,44.0
2016-09-01,41.36
2016-09-02,47.0
2016-09-03,37.599999999999994
2016-09-04,23.5
2016-09-05,26.79
2016-09-06,39.01
2016-09-07,38.07
2016-09-08,35.72
2016-09-09,39.949999999999996
2016-09-10,33.839999999999996
2016-09-11,20.68
2016-09-12,33.839999999999996
2016-09-13,33.37
2016-09-14,33.839999999999996
2016-09-15,36.66
2016-09-16,39.949999999999996
2016-09-17,31.959999999999997
2016-09-18,21.15
2016-09-19,33.37
2016-09-20,33.839999999999996
2016-09-21,32.43
2016-09-22,33.37
2016-09-23,39.48
2016-09-24,32.9
2016-09-25,21.619999999999997
2016-09-26,31.959999999999997
2016-09-27,31.49
2016-09-28,31.959999999999997
2016-09-29,32.9
2016-09-30,43.239999999999995
2016-10-01,45.12
2016-10-02,27.84
2016-10-03,44.64
2016-10-04,42.239999999999995
2016-10-05,39.36
2016-10-06,39.839999999999996
2016-10-07,45.6
2016-10-08,40.32
2016-10-09,25.919999999999998
2016-10-10,41.76
2016-10-11,41.28
2016-10-12,40.8
2016-10-13,39.839999999999996
2016-10-14,48.0
2016-10-15,40.8
2016-10-16,26.4
2016-10-17,40.32
2016-10-18,40.32
2016-10-19,37.92
2016-10-20,38.4
2016-10-21,45.6
2016-10-22,38.4
2016-10-23,24.48
2016-10-24,38.4
2016-10-25,38.879999999999995
2016-10-26,36.96
2016-10-27,36.96
2016-10-28,45.12
2016-10-29,38.879999999999995
2016-10-30,27.36
2016-10-31,40.32
2016-11-01,44.160000000000004
2016-11-02,41.4
2016-11-03,37.72
2016-11-04,46.0
2016-11-05,40.940000000000005
2016-11-06,25.76
2016-11-07,37.72
2016-11-08,34.96
2016-11-09,27.6
2016-11-10,43.24
2016-11-11,44.620000000000005
2016-11-12,42.32
2016-11-13,25.3
2016-11-14,40.480000000000004
2016-11-15,44.160000000000004
2016-11-16,39.1
2016-11-17,40.02
2016-11-18,43.7
2016-11-19,37.72
2016-11-20,23.92
2016-11-21,38.64
2016-11-22,41.4
2016-11-23,45.080000000000005
2016-11-24,26.220000000000002
2016-11-25,39.1
2016-11-26,34.04
2016-11-27,24.84
2016-11-28,37.72
2016-11-29,38.64
2016-11-30,40.940000000000005
2016-12-01,43.68
2016-12-02,46.08
2016-12-03,39.36
2016-12-04,24.48
2016-12-05,37.44
2016-12-06,37.44
2016-12-07,35.519999999999996
2016-12-08,34.08
2016-12-09,39.36
2016-12-10,35.519999999999996
2016-12-11,24.48
2016-12-12,36.0
2016-12-13,38.4
2016-12-14,37.44
2016-12-15,38.4
2016-12-16,42.72
2016-12-17,37.44
2016-12-18,24.0
2016-12-19,37.44
2016-12-20,41.76
2016-12-21,38.879999999999995
2016-12-22,40.8
2016-12-23,48.0
2016-12-24,36.0
2016-12-25,16.32
2016-12-26,34.08
2016-12-27,38.4
2016-12-28,37.92
2016-12-29,37.44
2016-12-30,47.04
2016-12-31,36.96
2017-01-01,22.05
2017-01-02,39.15
2017-01-03,45.0
2017-01-04,42.300000000000004
2017-01-05,40.95
2017-01-06,40.95
2017-01-07,34.65
2017-01-08,22.5
2017-01-09,35.1
2017-01-10,36.9
2017-01-11,36.0
2017-01-12,36.0
2017-01-13,45.0
2017-01-14,38.25
2017-01-15,23.85
2017-01-16,34.2
2017-01-17,38.7
2017-01-18,39.15
2017-01-19,35.550000000000004
2017-01-20,39.15
2017-01-21,36.0
2017-01-22,22.5
2017-01-23,35.1
2017-01-24,35.1
2017-01-25,35.550000000000004
2017-01-26,34.2
2017-01-27,38.7
2017-01-28,36.0
2017-01-29,24.3
2017-01-30,35.550000000000004
2017-01-31,37.800000000000004
2017-02-01,41.36
2017-02-02,40.419999999999995
2017-02-03,47.0
2017-02-04,44.18
2017-02-05,25.849999999999998
2017-02-06,36.19
2017-02-07,39.01
2017-02-08,36.66
2017-02-09,35.72
2017-02-10,42.3
2017-02-11,38.07
2017-02-12,25.38
2017-02-13,36.19
2017-02-14,38.07
2017-02-15,40.89
2017-02-16,39.01
2017-02-17,43.71
2017-02-18,39.01
2017-02-19,25.849999999999998
2017-02-20,35.72
2017-02-21,40.419999999999995
2017-02-22,42.769999999999996
2017-02-23,40.89
2017-02-24,44.18
2017-02-25,39.01
2017-02-26,25.849999999999998
2017-02-27,37.599999999999994
2017-02-28,42.3
2017-03-01,41.4
2017-03-02,40.940000000000005
2017-03-03,46.0
2017-03-04,41.4
2017-03-05,27.14
2017-03-06,37.260000000000005
2017-03-07,35.88
2017-03-08,36.800000000000004
2017-03-09,35.88
2017-03-10,40.480000000000004
2017-03-11,37.260000000000005
2017-03-12,22.540000000000003
2017-03-13,34.96
2017-03-14,34.5
2017-03-15,38.18
2017-03-16,36.800000000000004
2017-03-17,40.940000000000005
2017-03-18,34.5
2017-03-19,23.92
2017-03-20,35.88
2017-03-21,35.42
2017-03-22,34.5
2017-03-23,34.96
2017-03-24,39.56
2017-03-25,35.42
2017-03-26,23.92
2017-03-27,35.42
2017-03-28,34.96
2017-03-29,35.42
2017-03-30,37.260000000000005
2017-03-31,45.54
2017-04-01,40.940000000000005
2017-04-02,28.060000000000002
2017-04-03,40.02
2017-04-04,38.64
2017-04-05,36.34
2017-04-06,35.42
2017-04-07,40.02
2017-04-08,35.42
2017-04-09,24.380000000000003
2017-04-10,35.88
2017-04-11,35.42
2017-04-12,37.72
2017-04-13,36.800000000000004
2017-04-14,46.0
2017-04-15,35.88
2017-04-16,21.62
2017-04-17,38.18
2017-04-18,37.72
2017-04-19,34.96
2017-04-20,33.120000000000005
2017-04-21,38.64
2017-04-22,33.58
2017-04-23,22.540000000000003
2017-04-24,33.58
2017-04-25,33.58
2017-04-26,34.96
2017-04-27,32.660000000000004
2017-04-28,40.02
2017-04-29,34.04
2017-04-30,24.84
2017-05-01,45.54
2017-05-02,43.24
2017-05-03,41.4
2017-05-04,39.56
2017-05-05,43.7
2017-05-06,38.64
2017-05-07,24.380000000000003
2017-05-08,39.56
2017-05-09,40.480000000000004
2017-05-10,36.34
2017-05-11,37.260000000000005
2017-05-12,43.7
2017-05-13,37.72
2017-05-14,23.46
2017-05-15,40.02
2017-05-16,40.480000000000004
2017-05-17,37.260000000000005
2017-05-18,36.34
2017-05-19,41.86
2017-05-20,35.88
2017-05-21,24.380000000000003
2017-05-22,37.260000000000005
2017-05-23,37.260000000000005
2017-05-24,35.42
2017-05-25,36.800000000000004
2017-05-26,44.620000000000005
2017-05-27,37.72
2017-05-28,23.92
2017-05-29,27.14
2017-05-30,41.4
2017-05-31,46.0
2017-06-01,43.61
2017-06-02,45.57
2017-06-03,39.2
2017-06-04,24.009999999999998
2017-06-05,40.18
2017-06-06,39.69
2017-06-07,37.24
2017-06-08,35.769999999999996
2017-06-09,42.14
2017-06-10,35.28
2017-06-11,24.5
2017-06-12,37.73
2017-06-13,36.75
2017-06-14,36.26
2017-06-15,40.18
2017-06-16,43.12
2017-06-17,37.24
2017-06-18,22.54
2017-06-19,37.73
2017-06-20,37.24
2017-06-21,35.28
2017-06-22,36.75
2017-06-23,40.18
2017-06-24,33.32
2017-06-25,22.54
2017-06-26,38.22
2017-06-27,37.24
2017-06-28,35.769999999999996
2017-06-29,39.69
2017-06-30,49.0
2017-07-01,49.47
2017-07-02,30.09
2017-07-03,51.0
2017-07-04,32.13
2017-07-05,44.88
2017-07-06,45.9
2017-07-07,50.49
2017-07-08,39.27
2017-07-09,26.01
2017-07-10,42.84
2017-07-11,43.86
2017-07-12,41.31
2017-07-13,40.8
2017-07-14,49.47
2017-07-15,42.33
2017-07-16,27.54
2017-07-17,42.33
2017-07-18,44.88
2017-07-19,47.43
2017-07-20,42.33
2017-07-21,45.9
2017-07-22,38.76
2017-07-23,24.48
2017-07-24,39.27
2017-07-25,40.8
2017-07-26,42.33
2017-07-27,42.33
2017-07-28,47.43
2017-07-29,42.84
2017-07-30,28.05
2017-07-31,46.92
2017-08-01,49.0
2017-08-02,42.63
2017-08-03,43.61
2017-08-04,48.51
2017-08-05,39.69
2017-08-06,25.97
2017-08-07,41.16
2017-08-08,41.16
2017-08-09,40.18
2017-08-10,39.69
2017-08-11,45.08
2017-08-12,37.73
2017-08-13,26.46
2017-08-14,40.67
2017-08-15,44.1
2017-08-16,40.18
2017-08-17,39.69
2017-08-18,44.1
2017-08-19,37.73
2017-08-20,24.5
2017-08-21,35.28
2017-08-22,39.69
2017-08-23,37.73
2017-08-24,37.73
2017-08-25,43.12
2017-08-26,35.769999999999996
2017-08-27,22.05
2017-08-28,37.73
2017-08-29,38.22
2017-08-30,40.18
2017-08-31,42.63
2017-09-01,48.0
2017-09-02,38.4
2017-09-03,23.04
2017-09-04,26.4
2017-09-05,38.4
2017-09-06,36.0
2017-09-07,35.519999999999996
2017-09-08,39.36
2017-09-09,31.2
2017-09-10,19.68
2017-09-11,31.68
2017-09-12,34.08
2017-09-13,36.0
2017-09-14,36.48
2017-09-15,44.16
2017-09-16,34.56
2017-09-17,22.08
2017-09-18,36.48
2017-09-19,34.08
2017-09-20,34.56
2017-09-21,35.04
2017-09-22,38.4
2017-09-23,32.16
2017-09-24,22.56
2017-09-25,34.08
2017-09-26,33.12
2017-09-27,32.64
2017-09-28,34.56
2017-09-29,43.199999999999996
2017-09-30,38.4
2017-10-01,27.6
2017-10-02,40.480000000000004
2017-10-03,42.32
2017-10-04,39.1
2017-10-05,40.02
2017-10-06,44.620000000000005
2017-10-07,36.34
2017-10-08,25.3
2017-10-09,37.72
2017-10-10,39.1
2017-10-11,39.1
2017-10-12,39.56
2017-10-13,46.0
2017-10-14,38.64
2017-10-15,24.84
2017-10-16,40.02
2017-10-17,39.56
2017-10-18,36.34
2017-10-19,37.260000000000005
2017-10-20,41.4
2017-10-21,35.88
2017-10-22,24.84
2017-10-23,35.88
2017-10-24,36.34
2017-10-25,35.42
2017-10-26,35.42
2017-10-27,39.56
2017-10-28,34.04
2017-10-29,22.540000000000003
2017-10-30,35.42
2017-10-31,38.18
2017-11-01,40.480000000000004
2017-11-02,39.56
2017-11-03,45.54
2017-11-04,38.18
2017-11-05,24.380000000000003
2017-11-06,37.72
2017-11-07,36.800000000000004
2017-11-08,35.42
2017-11-09,36.800000000000004
2017-11-10,46.0
2017-11-11,38.18
2017-11-12,23.0
2017-11-13,38.18
2017-11-14,37.72
2017-11-15,38.64
2017-11-16,37.260000000000005
2017-11-17,41.4
2017-11-18,35.88
2017-11-19,23.46
2017-11-20,36.800000000000004
2017-11-21,39.56
2017-11-22,42.32
2017-11-23,24.84
2017-11-24,38.18
2017-11-25,33.58
2017-11-26,25.3
2017-11-27,36.800000000000004
2017-11-28,37.72
2017-11-29,34.96
2017-11-30,40.02
2017-12-01,47.04
2017-12-02,41.16
2017-12-03,26.95
2017-12-04,39.2
2017-12-05,39.69
2017-12-06,36.75
2017-12-07,36.75
2017-12-08,41.16
2017-12-09,36.26
2017-12-10,23.03
2017-12-11,35.769999999999996
2017-12-12,36.26
2017-12-13,35.769999999999996
2017-12-14,35.769999999999996
2017-12-15,43.12
2017-12-16,39.2
2017-12-17,24.009999999999998
2017-12-18,36.75
2017-12-19,39.2
2017-12-20,37.73
2017-12-21,39.2
2017-12-22,47.04
2017-12-23,38.22
2017-12-24,22.54
2017-12-25,15.68
2017-12-26,37.24
2017-12-27,40.18
2017-12-28,41.65
2017-12-29,49.0
2017-12-30,38.22
2017-12-31,23.03
2018-01-01,25.38
2018-01-02,44.65
2018-01-03,43.239999999999995
2018-01-04,39.48
2018-01-05,47.0
2018-01-06,37.599999999999994
2018-01-07,23.5
2018-01-08,36.66
2018-01-09,37.599999999999994
2018-01-10,38.54
2018-01-11,37.129999999999995
2018-01-12,43.71
2018-01-13,38.07
2018-01-14,24.439999999999998
2018-01-15,36.19
2018-01-16,39.949999999999996
2018-01-17,40.419999999999995
2018-01-18,39.48
2018-01-19,42.769999999999996
2018-01-20,35.72
2018-01-21,22.56
2018-01-22,37.129999999999995
2018-01-23,39.949999999999996
2018-01-24,37.599999999999994
2018-01-25,37.599999999999994
2018-01-26,42.3
2018-01-27,37.129999999999995
2018-01-28,24.91
2018-01-29,36.19
2018-01-30,37.129999999999995
2018-01-31,38.54
2018-02-01,44.65
2018-02-02,47.0
2018-02-03,45.12
2018-02-04,26.32
2018-02-05,37.129999999999995
2018-02-06,39.48
2018-02-07,38.07
2018-02-08,39.01
2018-02-09,42.3
2018-02-10,39.48
2018-02-11,25.38
2018-02-12,37.599999999999994
2018-02-13,38.07
2018-02-14,36.66
2018-02-15,39.48
2018-02-16,45.589999999999996
2018-02-17,38.07
2018-02-18,25.38
2018-02-19,35.25
2018-02-20,41.36
2018-02-21,41.36
2018-02-22,40.89
2018-02-23,43.71
2018-02-24,39.949999999999996
2018-02-25,25.38
2018-02-26,38.07
2018-02-27,40.89
2018-02-28,43.71
2018-03-01,42.78
2018-03-02,42.78
2018-03-03,40.940000000000005
2018-03-04,25.76
2018-03-05,38.64
2018-03-06,38.18
2018-03-07,35.88
2018-03-08,35.42
2018-03-09,40.940000000000005
2018-03-10,36.800000000000004
2018-03-11,23.46
2018-03-12,36.800000000000004
2018-03-13,35.42
2018-03-14,35.88
2018-03-15,37.72
2018-03-16,41.4
2018-03-17,34.96
2018-03-18,23.46
2018-03-19,34.96
2018-03-20,34.96
2018-03-21,33.58
2018-03-22,33.58
2018-03-23,39.1
2018-03-24,34.04
2018-03-25,22.540000000000003
2018-03-26,34.5
2018-03-27,36.34
2018-03-28,34.5
2018-03-29,37.260000000000005
2018-03-30,46.0
2018-03-31,34.96
2018-04-01,24.2
2018-04-02,43.56
2018-04-03,42.24
2018-04-04,38.72
2018-04-05,38.28
2018-04-06,41.8
2018-04-07,37.4
2018-04-08,25.52
2018-04-09,37.84
2018-04-10,37.84
2018-04-11,37.84
2018-04-12,36.96
2018-04-13,44.0
2018-04-14,36.96
2018-04-15,25.96
2018-04-16,38.72
2018-04-17,38.72
2018-04-18,37.4
2018-04-19,36.08
2018-04-20,39.160000000000004
2018-04-21,34.32
2018-04-22,22.88
2018-04-23,35.64
2018-04-24,36.08
2018-04-25,37.4
2018-04-26,35.2
2018-04-27,40.04
2018-04-28,35.64
2018-04-29,24.64
2018-04-30,40.04
2018-05-01,44.0
2018-05-02,40.04
2018-05-03,39.6
2018-05-04,43.12
2018-05-05,38.28
2018-05-06,23.32
2018-05-07,37.84
2018-05-08,36.96
2018-05-09,37.84
2018-05-10,36.96
2018-05-11,44.0
2018-05-12,33.88
2018-05-13,22.44
2018-05-14,37.4
2018-05-15,40.04
2018-05-16,37.84
2018-05-17,36.52
2018-05-18,41.8
2018-05-19,34.76
2018-05-20,24.2
2018-05-21,37.84
2018-05-22,36.08
2018-05-23,35.2
2018-05-24,36.08
2018-05-25,42.24
2018-05-26,35.64
2018-05-27,22.0
2018-05-28,25.52
2018-05-29,37.4
2018-05-30,40.92
2018-05-31,41.36
2018-06-01,46.529999999999994
2018-06-02,39.48
2018-06-03,25.38
2018-06-04,40.419999999999995
2018-06-05,39.01
2018-06-06,37.129999999999995
2018-06-07,35.72
2018-06-08,42.3
2018-06-09,34.78
2018-06-10,23.029999999999998
2018-06-11,37.599999999999994
2018-06-12,35.72
2018-06-13,36.66
2018-06-14,35.25
2018-06-15,44.18
2018-06-16,35.72
2018-06-17,21.619999999999997
2018-06-18,38.07
2018-06-19,36.19
2018-06-20,36.66
2018-06-21,35.72
2018-06-22,40.89
2018-06-23,33.37
2018-06-24,22.09
2018-06-25,36.19
2018-06-26,36.19
2018-06-27,34.78
2018-06-28,36.19
2018-06-29,47.0
2018-06-30,39.01
2018-07-01,25.3
2018-07-02,42.78
2018-07-03,45.080000000000005
2018-07-04,28.98
2018-07-05,41.86
2018-07-06,46.0
2018-07-07,35.88
2018-07-08,23.46
2018-07-09,39.1
2018-07-10,38.64
2018-07-11,37.260000000000005
2018-07-12,39.1
2018-07-13,45.54
2018-07-14,35.42
2018-07-15,23.0
2018-07-16,40.02
2018-07-17,38.18
2018-07-18,36.800000000000004
2018-07-19,36.34
2018-07-20,40.940000000000005
2018-07-21,33.58
2018-07-22,23.46
2018-07-23,36.34
2018-07-24,37.72
2018-07-25,37.260000000000005
2018-07-26,36.800000000000004
2018-07-27,42.32
2018-07-28,35.42
2018-07-29,24.84
2018-07-30,40.940000000000005
2018-07-31,43.24
2018-08-01,43.239999999999995
2018-08-02,40.419999999999995
2018-08-03,46.059999999999995
2018-08-04,38.54
2018-08-05,22.56
2018-08-06,39.01
2018-08-07,37.599999999999994
2018-08-08,37.129999999999995
2018-08-09,37.129999999999995
2018-08-10,41.36
2018-08-11,33.37
2018-08-12,22.09
2018-08-13,37.599999999999994
2018-08-14,36.19
2018-08-15,40.89
2018-08-16,38.07
2018-08-17,40.89
2018-08-18,35.25
2018-08-19,23.029999999999998
2018-08-20,38.54
2018-08-21,37.599999999999994
2018-08-22,35.25
2018-08-23,35.72
2018-08-24,41.36
2018-08-25,34.78
2018-08-26,23.029999999999998
2018-08-27,36.19
2018-08-28,36.19
2018-08-29,34.78
2018-08-30,36.19
2018-08-31,47.0
2018-09-01,43.0
2018-09-02,22.36
2018-09-03,25.8
2018-09-04,39.13
2018-09-05,38.269999999999996
2018-09-06,35.26
2018-09-07,38.7
2018-09-08,32.68
2018-09-09,20.21
2018-09-10,33.54
2018-09-11,32.68
2018-09-12,32.68
2018-09-13,32.25
2018-09-14,37.839999999999996
2018-09-15,32.25
2018-09-16,20.64
2018-09-17,32.68
2018-09-18,31.82
2018-09-19,32.25
2018-09-20,32.25
2018-09-21,35.26
2018-09-22,30.53
2018-09-23,19.78
2018-09-24,31.82
2018-09-25,31.39
2018-09-26,31.39
2018-09-27,30.099999999999998
2018-09-28,36.55
2018-09-29,33.97
2018-09-30,22.36
2018-10-01,42.0
2018-10-02,39.059999999999995
2018-10-03,38.22
2018-10-04,36.96
2018-10-05,41.58
2018-10-06,36.54
2018-10-07,23.099999999999998
2018-10-08,36.54
2018-10-09,38.64
2018-10-10,36.12
2018-10-11,33.6
2018-10-12,42.0
2018-10-13,34.86
2018-10-14,23.099999999999998
2018-10-15,37.379999999999995
2018-10-16,36.54
2018-10-17,34.019999999999996
2018-10-18,35.28
2018-10-19,40.32
2018-10-20,33.18
2018-10-21,21.84
2018-10-22,36.12
2018-10-23,34.86
2018-10-24,31.08
2018-10-25,31.919999999999998
2018-10-26,38.64
2018-10-27,31.08
2018-10-28,21.419999999999998
2018-10-29,34.019999999999996
2018-10-30,34.019999999999996
2018-10-31,35.28
2018-11-01,36.489999999999995
2018-11-02,40.589999999999996
2018-11-03,34.85
2018-11-04,22.959999999999997
2018-11-05,33.62
2018-11-06,36.08
2018-11-07,28.29
2018-11-08,31.159999999999997
2018-11-09,36.9
2018-11-10,32.8
2018-11-11,20.09
2018-11-12,31.159999999999997
2018-11-13,34.03
2018-11-14,34.03
2018-11-15,32.39
2018-11-16,37.309999999999995
2018-11-17,34.03
2018-11-18,20.5
2018-11-19,33.21
2018-11-20,34.44
2018-11-21,38.949999999999996
2018-11-22,21.32
2018-11-23,33.62
2018-11-24,28.29
2018-11-25,20.91
2018-11-26,32.39
2018-11-27,32.39
2018-11-28,33.21
2018-11-29,31.979999999999997
2018-11-30,41.0
2018-12-01,38.22
2018-12-02,23.939999999999998
2018-12-03,36.96
2018-12-04,36.96
2018-12-05,35.699999999999996
2018-12-06,33.6
2018-12-07,37.8
2018-12-08,32.76
2018-12-09,21.419999999999998
2018-12-10,34.019999999999996
2018-12-11,33.18
2018-12-12,32.339999999999996
2018-12-13,32.339999999999996
2018-12-14,40.32
2018-12-15,35.699999999999996
2018-12-16,21.84
2018-12-17,34.019999999999996
2018-12-18,34.44
2018-12-19,34.44
2018-12-20,35.28
2018-12-21,41.16
2018-12-22,36.96
2018-12-23,25.2
2018-12-24,42.0
2018-12-25,16.8
2018-12-26,36.54
2018-12-27,36.96
2018-12-28,41.58
2018-12-29,36.12
2018-12-30,21.84
2018-12-31,40.32
2019-01-01,26.24
2019-01-02,38.54
2019-01-03,38.54
2019-01-04,41.0
2019-01-05,36.08
2019-01-06,21.73
2019-01-07,33.62
2019-01-08,33.21
2019-01-09,32.8
2019-01-10,31.569999999999997
2019-01-11,36.9
2019-01-12,31.979999999999997
2019-01-13,20.5
2019-01-14,33.62
2019-01-15,35.669999999999995
2019-01-16,34.03
2019-01-17,31.569999999999997
2019-01-18,36.08
2019-01-19,32.39
2019-01-20,19.68
2019-01-21,28.7
2019-01-22,32.39
2019-01-23,32.8
2019-01-24,31.569999999999997
2019-01-25,35.26
2019-01-26,32.8
2019-01-27,20.5
2019-01-28,31.979999999999997
2019-01-29,31.159999999999997
2019-01-30,31.569999999999997
2019-01-31,34.44
2019-02-01,42.0
2019-02-02,38.22
2019-02-03,22.68
2019-02-04,33.6
2019-02-05,34.86
2019-02-06,32.76
2019-02-07,31.919999999999998
2019-02-08,36.96
2019-02-09,34.44
2019-02-10,21.0
2019-02-11,33.18
2019-02-12,33.18
2019-02-13,32.339999999999996
2019-02-14,30.66
2019-02-15,40.32
2019-02-16,35.699999999999996
2019-02-17,23.939999999999998
2019-02-18,31.08
2019-02-19,34.44
2019-02-20,35.699999999999996
2019-02-21,33.18
2019-02-22,38.22
2019-02-23,33.18
2019-02-24,23.099999999999998
2019-02-25,33.6
2019-02-26,33.6
2019-02-27,36.12
2019-02-28,36.54
2019-03-01,42.0
2019-03-02,36.54
2019-03-03,21.419999999999998
2019-03-04,33.18
2019-03-05,32.339999999999996
2019-03-06,29.82
2019-03-07,31.08
2019-03-08,34.44
2019-03-09,31.919999999999998
2019-03-10,20.16
2019-03-11,31.08
2019-03-12,30.24
2019-03-13,28.56
2019-03-14,29.82
2019-03-15,35.28
2019-03-16,30.66
2019-03-17,20.16
2019-03-18,31.919999999999998
2019-03-19,31.919999999999998
2019-03-20,29.82
2019-03-21,29.4
2019-03-22,34.86
2019-03-23,31.08
2019-03-24,19.74
2019-03-25,31.08
2019-03-26,30.24
2019-03-27,31.08
2019-03-28,29.82
2019-03-29,36.96
2019-03-30,31.5
2019-03-31,20.58
2019-04-01,39.48
2019-04-02,38.22
2019-04-03,37.379999999999995
2019-04-04,34.86
2019-04-05,41.58
2019-04-06,36.54
2019-04-07,23.099999999999998
2019-04-08,35.28
2019-04-09,39.9
2019-04-10,39.059999999999995
2019-04-11,36.12
2019-04-12,40.74
2019-04-13,36.96
2019-04-14,23.52
2019-04-15,39.9
2019-04-16,36.12
2019-04-17,35.28
2019-04-18,35.699999999999996
2019-04-19,42.0
2019-04-20,33.18
2019-04-21,19.32
2019-04-22,34.019999999999996
2019-04-23,34.019999999999996
2019-04-24,33.18
2019-04-25,32.76
2019-04-26,36.12
2019-04-27,31.5
2019-04-28,21.84
2019-04-29,35.28
2019-04-30,36.12
2019-05-01,33.21
2019-05-02,31.569999999999997
2019-05-03,36.08
2019-05-04,31.979999999999997
2019-05-05,19.27
2019-05-06,29.93
2019-05-07,31.159999999999997
2019-05-08,28.29
2019-05-09,27.88
2019-05-10,32.39
2019-05-11,29.11
2019-05-12,17.63
2019-05-13,30.34
2019-05-14,31.159999999999997
2019-05-15,31.159999999999997
2019-05-16,29.52
2019-05-17,34.44
2019-05-18,29.93
2019-05-19,18.04
2019-05-20,29.93
2019-05-21,30.749999999999996
2019-05-22,29.93
2019-05-23,29.11
2019-05-24,34.85
2019-05-25,30.749999999999996
2019-05-26,18.04
2019-05-27,20.91
2019-05-28,32.8
2019-05-29,31.569999999999997
2019-05-30,32.39
2019-05-31,41.0
2019-06-01,41.8
2019-06-02,24.64
2019-06-03,40.92
2019-06-04,38.28
2019-06-05,36.96
2019-06-06,36.96
2019-06-07,40.48
2019-06-08,34.76
2019-06-09,21.56
2019-06-10,39.160000000000004
2019-06-11,36.08
2019-06-12,35.64
2019-06-13,34.76
2019-06-14,42.24
2019-06-15,34.32
2019-06-16,22.0
2019-06-17,37.4
2019-06-18,36.52
2019-06-19,36.52
2019-06-20,36.08
2019-06-21,40.04
2019-06-22,34.32
2019-06-23,22.88
2019-06-24,38.28
2019-06-25,36.08
2019-06-26,36.52
2019-06-27,36.52
2019-06-28,44.0
2019-06-29,37.84
2019-06-30,24.64
2019-07-01,43.56
2019-07-02,41.8
2019-07-03,42.68
2019-07-04,27.28
2019-07-05,44.0
2019-07-06,34.32
2019-07-07,22.44
2019-07-08,38.28
2019-07-09,38.72
2019-07-10,37.4
2019-07-11,35.64
2019-07-12,42.24
2019-07-13,34.76
2019-07-14,22.44
2019-07-15,39.6
2019-07-16,36.96
2019-07-17,36.96
2019-07-18,35.2
2019-07-19,40.92
2019-07-20,33.88
2019-07-21,22.44
2019-07-22,36.52
2019-07-23,36.08
2019-07-24,34.76
2019-07-25,35.64
2019-07-26,40.48
2019-07-27,33.44
2019-07-28,22.88
2019-07-29,37.84
2019-07-30,39.160000000000004
2019-07-31,39.160000000000004
2019-08-01,42.32
2019-08-02,46.0
2019-08-03,36.800000000000004
2019-08-04,23.46
2019-08-05,39.1
2019-08-06,38.18
2019-08-07,36.34
2019-08-08,36.800000000000004
2019-08-09,40.480000000000004
2019-08-10,33.58
2019-08-11,22.080000000000002
2019-08-12,36.34
2019-08-13,37.72
2019-08-14,35.88
2019-08-15,38.64
2019-08-16,40.480000000000004
2019-08-17,33.120000000000005
2019-08-18,22.080000000000002
2019-08-19,35.88
2019-08-20,36.34
2019-08-21,35.42
2019-08-22,34.5
2019-08-23,38.18
2019-08-24,33.58
2019-08-25,21.16
2019-08-26,34.5
2019-08-27,33.58
2019-08-28,34.04
2019-08-29,34.5
2019-08-30,39.56
2019-08-31,35.88
2019-09-01,22.549999999999997
2019-09-02,24.189999999999998
2019-09-03,39.36
2019-09-04,41.0
2019-09-05,36.489999999999995
2019-09-06,38.54
2019-09-07,34.44
2019-09-08,21.32
2019-09-09,34.44
2019-09-10,34.03
2019-09-11,33.21
2019-09-12,33.62
2019-09-13,37.72
2019-09-14,33.21
2019-09-15,21.32
2019-09-16,33.62
2019-09-17,33.62
2019-09-18,32.8
2019-09-19,31.569999999999997
2019-09-20,36.08
2019-09-21,30.749999999999996
2019-09-22,18.86
2019-09-23,32.8
2019-09-24,32.8
2019-09-25,31.569999999999997
2019-09-26,31.569999999999997
2019-09-27,36.08
2019-09-28,33.21
2019-09-29,20.5
2019-09-30,37.309999999999995
2019-10-01,40.589999999999996
2019-10-02,37.72
2019-10-03,37.309999999999995
2019-10-04,41.0
2019-10-05,33.62
2019-10-06,23.369999999999997
2019-10-07,35.26
2019-10-08,34.85
2019-10-09,34.03
2019-10-10,32.8
2019-10-11,38.129999999999995
2019-10-12,34.85
2019-10-13,21.32
2019-10-14,35.669999999999995
2019-10-15,36.489999999999995
2019-10-16,37.309999999999995
2019-10-17,35.26
2019-10-18,37.309999999999995
2019-10-19,31.979999999999997
2019-10-20,20.09
2019-10-21,34.03
2019-10-22,32.8
2019-10-23,31.569999999999997
2019-10-24,31.159999999999997
2019-10-25,36.08
2019-10-26,29.93
2019-10-27,19.27
2019-10-28,31.979999999999997
2019-10-29,31.979999999999997
2019-10-30,36.489999999999995
2019-10-31,31.979999999999997
2019-11-01,39.0
2019-11-02,33.15
2019-11-03,20.67
2019-11-04,32.76
2019-11-05,33.54
2019-11-06,30.03
2019-11-07,29.25
2019-11-08,33.54
2019-11-09,29.25
2019-11-10,17.94
2019-11-11,27.3
2019-11-12,30.03
2019-11-13,29.25
2019-11-14,28.080000000000002
2019-11-15,35.49
2019-11-16,29.25
2019-11-17,17.55
2019-11-18,28.86
2019-11-19,29.25
2019-11-20,28.86
2019-11-21,27.69
2019-11-22,32.370000000000005
2019-11-23,26.130000000000003
2019-11-24,19.11
2019-11-25,27.69
2019-11-26,29.64
2019-11-27,32.76
2019-11-28,18.330000000000002
2019-11-29,32.76
2019-11-30,28.080000000000002
2019-12-01,20.67
2019-12-02,31.200000000000003
2019-12-03,31.98
2019-12-04,29.64
2019-12-05,29.64
2019-12-06,32.76
2019-12-07,28.470000000000002
2019-12-08,17.94
2019-12-09,27.69
2019-12-10,28.470000000000002
2019-12-11,27.3
2019-12-12,27.3
2019-12-13,32.370000000000005
2019-12-14,29.25
2019-12-15,17.94
2019-12-16,30.03
2019-12-17,29.64
2019-12-18,28.86
2019-12-19,28.080000000000002
2019-12-20,33.93
2019-12-21,30.03
2019-12-22,19.11
2019-12-23,32.76
2019-12-24,35.1
2019-12-25,15.600000000000001
2019-12-26,29.25
2019-12-27,33.54
2019-12-28,28.86
2019-12-29,17.94
2019-12-30,32.76
2019-12-31,39.0
2020-01-01,23.01
2020-01-02,35.1
2020-01-03,39.0
2020-01-04,32.76
2020-01-05,19.5
2020-01-06,31.59
2020-01-07,31.59
2020-01-08,29.25
2020-01-09,30.03
2020-01-10,32.370000000000005
2020-01-11,28.080000000000002
2020-01-12,17.55
2020-01-13,28.470000000000002
2020-01-14,29.25
2020-01-15,31.59
2020-01-16,28.86
2020-01-17,32.76
2020-01-18,29.25
2020-01-19,17.94
2020-01-20,26.52
2020-01-21,29.64
2020-01-22,30.42
2020-01-23,28.86
2020-01-24,31.98
2020-01-25,28.86
2020-01-26,16.38
2020-01-27,26.52
2020-01-28,28.86
2020-01-29,27.3
2020-01-30,29.25
2020-01-31,35.88
2020-02-01,37.050000000000004
2020-02-02,20.67
2020-02-03,32.370000000000005
2020-02-04,34.32
2020-02-05,31.59
2020-02-06,30.42
2020-02-07,35.49
2020-02-08,31.98
2020-02-09,21.060000000000002
2020-02-10,30.42
2020-02-11,30.810000000000002
2020-02-12,31.98
2020-02-13,30.42
2020-02-14,35.88
2020-02-15,31.200000000000003
2020-02-16,20.28
2020-02-17,30.42
2020-02-18,32.370000000000005
2020-02-19,32.76
2020-02-20,31.59
2020-02-21,35.49
2020-02-22,30.42
2020-02-23,19.5
2020-02-24,30.810000000000002
2020-02-25,32.370000000000005
2020-02-26,31.98
2020-02-27,31.98
2020-02-28,39.0
2020-02-29,35.49
2020-03-01,22.62
2020-03-02,37.050000000000004
2020-03-03,35.1
2020-03-04,33.54
2020-03-05,31.59
2020-03-06,37.050000000000004
2020-03-07,33.15
2020-03-08,20.67
2020-03-09,33.93
2020-03-10,31.59
2020-03-11,31.59
2020-03-12,28.86
2020-03-13,35.1
2020-03-14,29.64
2020-03-15,20.67
2020-03-16,34.71
2020-03-17,33.54
2020-03-18,32.370000000000005
2020-03-19,33.54
2020-03-20,39.0
2020-03-21,29.25
2020-03-22,19.11
2020-03-23,32.76
2020-03-24,33.15
2020-03-25,30.810000000000002
2020-03-26,31.59
2020-03-27,35.1
2020-03-28,26.52
2020-03-29,17.94
2020-03-30,34.71
2020-03-31,37.44
2020-04-01,29.279999999999998
2020-04-02,29.279999999999998
2020-04-03,38.4
2020-04-04,25.919999999999998
2020-04-05,16.32
2020-04-06,29.279999999999998
2020-04-07,27.84
2020-04-08,27.84
2020-04-09,27.36
2020-04-10,30.72
2020-04-11,23.52
2020-04-12,16.32
2020-04-13,35.519999999999996
2020-04-14,37.44
2020-04-15,48.0
2020-04-16,36.48
2020-04-17,34.08
2020-04-18,25.439999999999998
2020-04-19,16.8
2020-04-20,30.24
2020-04-21,29.759999999999998
2020-04-22,28.32
2020-04-23,27.36
2020-04-24,29.279999999999998
2020-04-25,22.56
2020-04-26,16.32
2020-04-27,30.24
2020-04-28,30.24
2020-04-29,30.72
2020-04-30,30.24
