date,Comcast
2011-01-01,83.7
2011-01-02,89.28
2011-01-03,93.0
2011-01-04,84.63000000000001
2011-01-05,79.98
2011-01-06,82.77000000000001
2011-01-07,79.05
2011-01-08,82.77000000000001
2011-01-09,76.26
2011-01-10,79.98
2011-01-11,75.33
2011-01-12,71.61
2011-01-13,73.47
2011-01-14,72.54
2011-01-15,79.05
2011-01-16,76.26
2011-01-17,76.26
2011-01-18,81.84
2011-01-19,77.19
2011-01-20,73.47
2011-01-21,77.19
2011-01-22,92.07000000000001
2011-01-23,70.68
2011-01-24,74.4
2011-01-25,74.4
2011-01-26,66.96000000000001
2011-01-27,71.61
2011-01-28,75.33
2011-01-29,82.77000000000001
2011-01-30,73.47
2011-01-31,73.47
2011-02-01,71.38
2011-02-02,79.67999999999999
2011-02-03,73.03999999999999
2011-02-04,73.03999999999999
2011-02-05,83.0
2011-02-06,74.7
2011-02-07,73.03999999999999
2011-02-08,73.86999999999999
2011-02-09,70.55
2011-02-10,68.06
2011-02-11,68.06
2011-02-12,78.85
2011-02-13,67.22999999999999
2011-02-14,67.22999999999999
2011-02-15,70.55
2011-02-16,73.86999999999999
2011-02-17,73.86999999999999
2011-02-18,73.03999999999999
2011-02-19,81.33999999999999
2011-02-20,75.53
2011-02-21,76.36
2011-02-22,73.86999999999999
2011-02-23,63.91
2011-02-24,73.86999999999999
2011-02-25,72.21
2011-02-26,75.53
2011-02-27,70.55
2011-02-28,72.21
2011-03-01,80.36
2011-03-02,72.97999999999999
2011-03-03,70.52
2011-03-04,80.36
2011-03-05,80.36
2011-03-06,72.16
2011-03-07,77.08
2011-03-08,77.08
2011-03-09,69.7
2011-03-10,71.33999999999999
2011-03-11,77.08
2011-03-12,79.53999999999999
2011-03-13,63.13999999999999
2011-03-14,77.89999999999999
2011-03-15,80.36
2011-03-16,77.89999999999999
2011-03-17,78.72
2011-03-18,74.61999999999999
2011-03-19,80.36
2011-03-20,71.33999999999999
2011-03-21,76.25999999999999
2011-03-22,76.25999999999999
2011-03-23,73.8
2011-03-24,72.97999999999999
2011-03-25,73.8
2011-03-26,82.0
2011-03-27,67.24
2011-03-28,75.44
2011-03-29,79.53999999999999
2011-03-30,76.25999999999999
2011-03-31,73.8
2011-04-01,75.53
2011-04-02,81.33999999999999
2011-04-03,76.36
2011-04-04,73.03999999999999
2011-04-05,73.86999999999999
2011-04-06,73.03999999999999
2011-04-07,68.06
2011-04-08,69.72
2011-04-09,73.86999999999999
2011-04-10,64.74
2011-04-11,68.89
2011-04-12,68.89
2011-04-13,68.06
2011-04-14,70.55
2011-04-15,71.38
2011-04-16,83.0
2011-04-17,65.57
2011-04-18,70.55
2011-04-19,71.38
2011-04-20,73.03999999999999
2011-04-21,68.89
2011-04-22,69.72
2011-04-23,68.06
2011-04-24,63.08
2011-04-25,77.19
2011-04-26,75.53
2011-04-27,77.19
2011-04-28,67.22999999999999
2011-04-29,69.72
2011-04-30,74.7
2011-05-01,73.1
2011-05-02,75.64999999999999
2011-05-03,75.64999999999999
2011-05-04,75.64999999999999
2011-05-05,68.0
2011-05-06,73.1
2011-05-07,75.64999999999999
2011-05-08,69.7
2011-05-09,74.8
2011-05-10,74.8
2011-05-11,68.85
2011-05-12,79.05
2011-05-13,79.05
2011-05-14,79.89999999999999
2011-05-15,77.35
2011-05-16,81.6
2011-05-17,79.05
2011-05-18,73.95
2011-05-19,71.39999999999999
2011-05-20,78.2
2011-05-21,78.2
2011-05-22,71.39999999999999
2011-05-23,76.5
2011-05-24,78.2
2011-05-25,73.95
2011-05-26,74.8
2011-05-27,81.6
2011-05-28,84.14999999999999
2011-05-29,62.9
2011-05-30,64.6
2011-05-31,85.0
2011-06-01,82.56
2011-06-02,77.4
2011-06-03,80.84
2011-06-04,79.12
2011-06-05,70.52
2011-06-06,84.28
2011-06-07,83.42
2011-06-08,80.84
2011-06-09,77.4
2011-06-10,79.98
2011-06-11,77.4
2011-06-12,71.38
2011-06-13,78.26
2011-06-14,80.84
2011-06-15,81.7
2011-06-16,79.98
2011-06-17,77.4
2011-06-18,74.82
2011-06-19,63.64
2011-06-20,83.42
2011-06-21,79.12
2011-06-22,79.12
2011-06-23,80.84
2011-06-24,76.53999999999999
2011-06-25,76.53999999999999
2011-06-26,74.82
2011-06-27,86.0
2011-06-28,79.98
2011-06-29,79.12
2011-06-30,83.42
2011-07-01,85.44
2011-07-02,80.1
2011-07-03,67.64
2011-07-04,64.08
2011-07-05,78.32000000000001
2011-07-06,84.55
2011-07-07,80.1
2011-07-08,78.32000000000001
2011-07-09,72.09
2011-07-10,66.75
2011-07-11,85.44
2011-07-12,89.0
2011-07-13,86.33
2011-07-14,79.21000000000001
2011-07-15,77.43
2011-07-16,75.65
2011-07-17,76.54
2011-07-18,80.99
2011-07-19,80.1
2011-07-20,79.21000000000001
2011-07-21,76.54
2011-07-22,78.32000000000001
2011-07-23,83.66
2011-07-24,71.2
2011-07-25,77.43
2011-07-26,80.1
2011-07-27,76.54
2011-07-28,78.32000000000001
2011-07-29,84.55
2011-07-30,81.88
2011-07-31,69.42
2011-08-01,87.4
2011-08-02,85.56
2011-08-03,84.64
2011-08-04,78.2
2011-08-05,80.04
2011-08-06,78.2
2011-08-07,70.84
2011-08-08,90.16000000000001
2011-08-09,83.72
2011-08-10,80.96000000000001
2011-08-11,78.2
2011-08-12,85.56
2011-08-13,83.72
2011-08-14,82.8
2011-08-15,87.4
2011-08-16,80.04
2011-08-17,78.2
2011-08-18,78.2
2011-08-19,83.72
2011-08-20,80.96000000000001
2011-08-21,73.60000000000001
2011-08-22,86.48
2011-08-23,80.96000000000001
2011-08-24,77.28
2011-08-25,75.44
2011-08-26,77.28
2011-08-27,80.96000000000001
2011-08-28,87.4
2011-08-29,92.0
2011-08-30,84.64
2011-08-31,82.8
2011-09-01,78.3
2011-09-02,81.0
2011-09-03,90.0
2011-09-04,74.7
2011-09-05,68.4
2011-09-06,79.2
2011-09-07,81.0
2011-09-08,74.7
2011-09-09,76.5
2011-09-10,86.4
2011-09-11,77.4
2011-09-12,80.10000000000001
2011-09-13,77.4
2011-09-14,74.7
2011-09-15,73.8
2011-09-16,77.4
2011-09-17,83.7
2011-09-18,82.8
2011-09-19,74.7
2011-09-20,78.3
2011-09-21,74.7
2011-09-22,72.9
2011-09-23,71.10000000000001
2011-09-24,85.5
2011-09-25,71.10000000000001
2011-09-26,72.9
2011-09-27,68.4
2011-09-28,71.10000000000001
2011-09-29,71.10000000000001
2011-09-30,72.9
2011-10-01,73.47
2011-10-02,65.57000000000001
2011-10-03,67.15
2011-10-04,63.99
2011-10-05,61.620000000000005
2011-10-06,63.2
2011-10-07,60.040000000000006
2011-10-08,67.94
2011-10-09,61.620000000000005
2011-10-10,69.52000000000001
2011-10-11,65.57000000000001
2011-10-12,68.73
2011-10-13,66.36
2011-10-14,67.15
2011-10-15,79.0
2011-10-16,63.99
2011-10-17,62.410000000000004
2011-10-18,57.67
2011-10-19,56.88
2011-10-20,54.510000000000005
2011-10-21,60.830000000000005
2011-10-22,63.2
2011-10-23,54.510000000000005
2011-10-24,57.67
2011-10-25,53.72
2011-10-26,56.09
2011-10-27,57.67
2011-10-28,56.88
2011-10-29,66.36
2011-10-30,65.57000000000001
2011-10-31,65.57000000000001
2011-11-01,66.75
2011-11-02,66.75
2011-11-03,63.0
2011-11-04,69.75
2011-11-05,66.0
2011-11-06,63.75
2011-11-07,60.75
2011-11-08,64.5
2011-11-09,59.25
2011-11-10,69.75
2011-11-11,64.5
2011-11-12,64.5
2011-11-13,66.0
2011-11-14,64.5
2011-11-15,60.75
2011-11-16,57.0
2011-11-17,57.75
2011-11-18,61.5
2011-11-19,66.75
2011-11-20,61.5
2011-11-21,62.25
2011-11-22,60.75
2011-11-23,63.0
2011-11-24,54.75
2011-11-25,75.0
2011-11-26,72.75
2011-11-27,69.75
2011-11-28,66.75
2011-11-29,62.25
2011-11-30,69.0
2011-12-01,60.06
2011-12-02,66.3
2011-12-03,71.76
2011-12-04,61.620000000000005
2011-12-05,60.06
2011-12-06,63.18
2011-12-07,58.5
2011-12-08,59.28
2011-12-09,59.28
2011-12-10,63.18
2011-12-11,56.940000000000005
2011-12-12,60.84
2011-12-13,56.940000000000005
2011-12-14,58.5
2011-12-15,58.5
2011-12-16,60.06
2011-12-17,69.42
2011-12-18,64.74000000000001
2011-12-19,60.84
2011-12-20,62.400000000000006
2011-12-21,62.400000000000006
2011-12-22,60.06
2011-12-23,60.84
2011-12-24,59.28
2011-12-25,63.18
2011-12-26,75.66
2011-12-27,78.0
2011-12-28,70.2
2011-12-29,77.22
2011-12-30,78.0
2011-12-31,68.64
2012-01-01,65.60000000000001
2012-01-02,80.0
2012-01-03,77.60000000000001
2012-01-04,72.8
2012-01-05,72.8
2012-01-06,70.4
2012-01-07,74.4
2012-01-08,67.2
2012-01-09,70.4
2012-01-10,72.0
2012-01-11,66.4
2012-01-12,67.2
2012-01-13,80.0
2012-01-14,71.2
2012-01-15,63.2
2012-01-16,66.4
2012-01-17,68.0
2012-01-18,66.4
2012-01-19,62.400000000000006
2012-01-20,69.60000000000001
2012-01-21,69.60000000000001
2012-01-22,60.800000000000004
2012-01-23,63.2
2012-01-24,65.60000000000001
2012-01-25,60.800000000000004
2012-01-26,61.6
2012-01-27,67.2
2012-01-28,69.60000000000001
2012-01-29,65.60000000000001
2012-01-30,60.800000000000004
2012-01-31,65.60000000000001
2012-02-01,70.28999999999999
2012-02-02,68.16
2012-02-03,65.32
2012-02-04,70.28999999999999
2012-02-05,68.16
2012-02-06,66.74
2012-02-07,66.03
2012-02-08,68.86999999999999
2012-02-09,63.19
2012-02-10,65.32
2012-02-11,70.28999999999999
2012-02-12,59.64
2012-02-13,66.03
2012-02-14,58.93
2012-02-15,71.0
2012-02-16,66.03
2012-02-17,66.03
2012-02-18,71.0
2012-02-19,59.64
2012-02-20,68.86999999999999
2012-02-21,66.74
2012-02-22,69.58
2012-02-23,65.32
2012-02-24,62.48
2012-02-25,66.03
2012-02-26,61.059999999999995
2012-02-27,66.74
2012-02-28,64.61
2012-02-29,65.32
2012-03-01,62.48
2012-03-02,66.03
2012-03-03,66.74
2012-03-04,57.51
2012-03-05,68.16
2012-03-06,64.61
2012-03-07,62.48
2012-03-08,63.19
2012-03-09,71.0
2012-03-10,68.86999999999999
2012-03-11,55.379999999999995
2012-03-12,66.74
2012-03-13,64.61
2012-03-14,66.03
2012-03-15,66.03
2012-03-16,68.86999999999999
2012-03-17,66.74
2012-03-18,56.8
2012-03-19,64.61
2012-03-20,61.059999999999995
2012-03-21,58.22
2012-03-22,63.19
2012-03-23,63.19
2012-03-24,66.74
2012-03-25,60.349999999999994
2012-03-26,65.32
2012-03-27,64.61
2012-03-28,63.19
2012-03-29,66.03
2012-03-30,67.45
2012-03-31,67.45
2012-04-01,65.52
2012-04-02,66.96
2012-04-03,66.96
2012-04-04,61.199999999999996
2012-04-05,63.36
2012-04-06,64.08
2012-04-07,69.12
2012-04-08,59.04
2012-04-09,66.24
2012-04-10,63.36
2012-04-11,64.08
2012-04-12,60.48
2012-04-13,64.08
2012-04-14,65.52
2012-04-15,60.48
2012-04-16,69.12
2012-04-17,66.24
2012-04-18,61.919999999999995
2012-04-19,59.04
2012-04-20,64.08
2012-04-21,72.0
2012-04-22,60.48
2012-04-23,66.24
2012-04-24,64.8
2012-04-25,64.08
2012-04-26,64.8
2012-04-27,63.36
2012-04-28,67.67999999999999
2012-04-29,56.16
2012-04-30,69.84
2012-05-01,65.52
2012-05-02,61.919999999999995
2012-05-03,60.48
2012-05-04,61.919999999999995
2012-05-05,65.52
2012-05-06,54.72
2012-05-07,61.199999999999996
2012-05-08,61.199999999999996
2012-05-09,62.64
2012-05-10,56.879999999999995
2012-05-11,58.32
2012-05-12,57.599999999999994
2012-05-13,53.28
2012-05-14,63.36
2012-05-15,63.36
2012-05-16,61.919999999999995
2012-05-17,57.599999999999994
2012-05-18,65.52
2012-05-19,67.67999999999999
2012-05-20,54.72
2012-05-21,65.52
2012-05-22,62.64
2012-05-23,63.36
2012-05-24,62.64
2012-05-25,66.24
2012-05-26,65.52
2012-05-27,57.599999999999994
2012-05-28,58.32
2012-05-29,69.12
2012-05-30,69.12
2012-05-31,72.0
2012-06-01,72.0
2012-06-02,74.4
2012-06-03,57.6
2012-06-04,70.4
2012-06-05,66.4
2012-06-06,64.8
2012-06-07,64.0
2012-06-08,65.60000000000001
2012-06-09,69.60000000000001
2012-06-10,64.8
2012-06-11,68.0
2012-06-12,61.6
2012-06-13,64.0
2012-06-14,60.800000000000004
2012-06-15,65.60000000000001
2012-06-16,64.8
2012-06-17,61.6
2012-06-18,72.0
2012-06-19,64.8
2012-06-20,65.60000000000001
2012-06-21,60.0
2012-06-22,65.60000000000001
2012-06-23,68.0
2012-06-24,60.0
2012-06-25,63.2
2012-06-26,67.2
2012-06-27,66.4
2012-06-28,60.800000000000004
2012-06-29,65.60000000000001
2012-06-30,80.0
2012-07-01,69.72
2012-07-02,76.44
2012-07-03,71.39999999999999
2012-07-04,56.28
2012-07-05,67.2
2012-07-06,72.24
2012-07-07,66.36
2012-07-08,62.16
2012-07-09,73.08
2012-07-10,71.39999999999999
2012-07-11,66.36
2012-07-12,66.36
2012-07-13,71.39999999999999
2012-07-14,69.72
2012-07-15,60.48
2012-07-16,74.75999999999999
2012-07-17,72.24
2012-07-18,69.72
2012-07-19,68.88
2012-07-20,68.88
2012-07-21,64.67999999999999
2012-07-22,60.48
2012-07-23,74.75999999999999
2012-07-24,67.2
2012-07-25,68.88
2012-07-26,71.39999999999999
2012-07-27,84.0
2012-07-28,80.64
2012-07-29,69.72
2012-07-30,73.92
2012-07-31,74.75999999999999
2012-08-01,81.84
2012-08-02,80.08
2012-08-03,81.84
2012-08-04,76.56
2012-08-05,73.92
2012-08-06,85.36
2012-08-07,78.32000000000001
2012-08-08,73.92
2012-08-09,83.6
2012-08-10,80.08
2012-08-11,77.44
2012-08-12,73.04
2012-08-13,86.24
2012-08-14,88.0
2012-08-15,80.96
2012-08-16,80.08
2012-08-17,80.96
2012-08-18,80.08
2012-08-19,77.44
2012-08-20,84.48
2012-08-21,80.96
2012-08-22,81.84
2012-08-23,80.08
2012-08-24,80.96
2012-08-25,85.36
2012-08-26,76.56
2012-08-27,83.6
2012-08-28,80.96
2012-08-29,76.56
2012-08-30,80.08
2012-08-31,88.0
2012-09-01,82.32
2012-09-02,64.67999999999999
2012-09-03,57.96
2012-09-04,71.39999999999999
2012-09-05,68.03999999999999
2012-09-06,67.2
2012-09-07,72.24
2012-09-08,84.0
2012-09-09,73.08
2012-09-10,70.56
2012-09-11,64.67999999999999
2012-09-12,64.67999999999999
2012-09-13,63.0
2012-09-14,62.16
2012-09-15,71.39999999999999
2012-09-16,66.36
2012-09-17,67.2
2012-09-18,64.67999999999999
2012-09-19,52.08
2012-09-20,61.32
2012-09-21,66.36
2012-09-22,68.88
2012-09-23,54.6
2012-09-24,65.52
2012-09-25,61.32
2012-09-26,59.64
2012-09-27,62.16
2012-09-28,65.52
2012-09-29,71.39999999999999
2012-09-30,64.67999999999999
2012-10-01,66.4
2012-10-02,67.2
2012-10-03,66.4
2012-10-04,68.0
2012-10-05,71.2
2012-10-06,75.2
2012-10-07,70.4
2012-10-08,67.2
2012-10-09,61.6
2012-10-10,69.60000000000001
2012-10-11,68.0
2012-10-12,64.8
2012-10-13,72.8
2012-10-14,68.8
2012-10-15,71.2
2012-10-16,66.4
2012-10-17,64.0
2012-10-18,62.400000000000006
2012-10-19,60.0
2012-10-20,72.8
2012-10-21,60.0
2012-10-22,61.6
2012-10-23,60.0
2012-10-24,60.0
2012-10-25,60.800000000000004
2012-10-26,60.800000000000004
2012-10-27,65.60000000000001
2012-10-28,59.2
2012-10-29,64.8
2012-10-30,80.0
2012-10-31,69.60000000000001
2012-11-01,71.10000000000001
2012-11-02,76.63000000000001
2012-11-03,75.84
2012-11-04,63.2
2012-11-05,67.94
2012-11-06,64.78
2012-11-07,57.67
2012-11-08,61.620000000000005
2012-11-09,67.94
2012-11-10,69.52000000000001
2012-11-11,62.410000000000004
2012-11-12,68.73
2012-11-13,63.2
2012-11-14,61.620000000000005
2012-11-15,68.73
2012-11-16,69.52000000000001
2012-11-17,74.26
2012-11-18,62.410000000000004
2012-11-19,65.57000000000001
2012-11-20,65.57000000000001
2012-11-21,64.78
2012-11-22,60.040000000000006
2012-11-23,68.73
2012-11-24,79.0
2012-11-25,67.15
2012-11-26,71.89
2012-11-27,63.99
2012-11-28,63.99
2012-11-29,64.78
2012-11-30,69.52000000000001
2012-12-01,67.64
2012-12-02,58.52
2012-12-03,60.04
2012-12-04,58.52
2012-12-05,59.28
2012-12-06,54.72
2012-12-07,59.28
2012-12-08,64.6
2012-12-09,57.0
2012-12-10,58.52
2012-12-11,59.28
2012-12-12,57.0
2012-12-13,56.24
2012-12-14,54.72
2012-12-15,58.52
2012-12-16,53.2
2012-12-17,62.32
2012-12-18,57.76
2012-12-19,56.24
2012-12-20,58.52
2012-12-21,58.52
2012-12-22,63.08
2012-12-23,57.0
2012-12-24,55.480000000000004
2012-12-25,60.8
2012-12-26,76.0
2012-12-27,73.72
2012-12-28,73.72
2012-12-29,72.96000000000001
2012-12-30,63.08
2012-12-31,65.36
2013-01-01,58.8
2013-01-02,73.92
2013-01-03,72.24
2013-01-04,84.0
2013-01-05,77.28
2013-01-06,62.16
2013-01-07,73.92
2013-01-08,73.92
2013-01-09,66.36
2013-01-10,62.16
2013-01-11,65.52
2013-01-12,71.39999999999999
2013-01-13,61.32
2013-01-14,67.2
2013-01-15,67.2
2013-01-16,66.36
2013-01-17,65.52
2013-01-18,72.24
2013-01-19,71.39999999999999
2013-01-20,63.839999999999996
2013-01-21,69.72
2013-01-22,66.36
2013-01-23,65.52
2013-01-24,63.839999999999996
2013-01-25,61.32
2013-01-26,64.67999999999999
2013-01-27,61.32
2013-01-28,67.2
2013-01-29,68.03999999999999
2013-01-30,67.2
2013-01-31,63.839999999999996
2013-02-01,69.16
2013-02-02,76.0
2013-02-03,67.64
2013-02-04,61.56
2013-02-05,66.88
2013-02-06,67.64
2013-02-07,64.6
2013-02-08,64.6
2013-02-09,69.16
2013-02-10,66.12
2013-02-11,69.16
2013-02-12,65.36
2013-02-13,65.36
2013-02-14,63.08
2013-02-15,69.16
2013-02-16,73.72
2013-02-17,68.4
2013-02-18,70.68
2013-02-19,65.36
2013-02-20,68.4
2013-02-21,65.36
2013-02-22,63.84
2013-02-23,69.92
2013-02-24,63.84
2013-02-25,64.6
2013-02-26,68.4
2013-02-27,67.64
2013-02-28,69.16
2013-03-01,74.4
2013-03-02,76.80000000000001
2013-03-03,68.0
2013-03-04,72.8
2013-03-05,68.8
2013-03-06,72.8
2013-03-07,61.6
2013-03-08,71.2
2013-03-09,76.0
2013-03-10,68.8
2013-03-11,68.0
2013-03-12,68.8
2013-03-13,60.0
2013-03-14,71.2
2013-03-15,73.60000000000001
2013-03-16,75.2
2013-03-17,64.8
2013-03-18,72.0
2013-03-19,73.60000000000001
2013-03-20,71.2
2013-03-21,75.2
2013-03-22,80.0
2013-03-23,76.80000000000001
2013-03-24,64.0
2013-03-25,72.8
2013-03-26,76.0
2013-03-27,71.2
2013-03-28,73.60000000000001
2013-03-29,76.80000000000001
2013-03-30,73.60000000000001
2013-03-31,64.8
2013-04-01,77.0
2013-04-02,75.46000000000001
2013-04-03,70.07000000000001
2013-04-04,71.61
2013-04-05,70.07000000000001
2013-04-06,70.84
2013-04-07,62.370000000000005
2013-04-08,68.53
2013-04-09,66.99
2013-04-10,62.370000000000005
2013-04-11,66.22
2013-04-12,67.76
2013-04-13,64.68
2013-04-14,57.75
2013-04-15,63.910000000000004
2013-04-16,62.370000000000005
2013-04-17,63.910000000000004
2013-04-18,60.83
2013-04-19,62.370000000000005
2013-04-20,69.3
2013-04-21,60.06
2013-04-22,65.45
2013-04-23,63.14
2013-04-24,63.14
2013-04-25,61.6
2013-04-26,62.370000000000005
2013-04-27,67.76
2013-04-28,59.29
2013-04-29,66.22
2013-04-30,69.3
2013-05-01,71.10000000000001
2013-05-02,63.99
2013-05-03,73.47
2013-05-04,69.52000000000001
2013-05-05,60.040000000000006
2013-05-06,67.15
2013-05-07,68.73
2013-05-08,66.36
2013-05-09,64.78
2013-05-10,64.78
2013-05-11,67.15
2013-05-12,56.09
2013-05-13,67.15
2013-05-14,67.94
2013-05-15,67.15
2013-05-16,71.10000000000001
2013-05-17,71.10000000000001
2013-05-18,69.52000000000001
2013-05-19,62.410000000000004
2013-05-20,68.73
2013-05-21,74.26
2013-05-22,67.94
2013-05-23,71.10000000000001
2013-05-24,70.31
2013-05-25,73.47
2013-05-26,54.510000000000005
2013-05-27,60.830000000000005
2013-05-28,75.05
2013-05-29,79.0
2013-05-30,75.84
2013-05-31,77.42
2013-06-01,78.11999999999999
2013-06-02,68.88
2013-06-03,84.0
2013-06-04,78.11999999999999
2013-06-05,73.92
2013-06-06,80.64
2013-06-07,80.64
2013-06-08,79.8
2013-06-09,64.67999999999999
2013-06-10,78.11999999999999
2013-06-11,78.11999999999999
2013-06-12,73.08
2013-06-13,71.39999999999999
2013-06-14,78.11999999999999
2013-06-15,78.96
2013-06-16,68.03999999999999
2013-06-17,78.96
2013-06-18,79.8
2013-06-19,68.88
2013-06-20,72.24
2013-06-21,71.39999999999999
2013-06-22,72.24
2013-06-23,62.16
2013-06-24,80.64
2013-06-25,78.11999999999999
2013-06-26,79.8
2013-06-27,75.6
2013-06-28,79.8
2013-06-29,76.44
2013-06-30,71.39999999999999
2013-07-01,84.28
2013-07-02,79.12
2013-07-03,73.96
2013-07-04,60.199999999999996
2013-07-05,77.4
2013-07-06,75.67999999999999
2013-07-07,67.94
2013-07-08,80.84
2013-07-09,79.98
2013-07-10,83.42
2013-07-11,79.12
2013-07-12,75.67999999999999
2013-07-13,74.82
2013-07-14,65.36
2013-07-15,84.28
2013-07-16,84.28
2013-07-17,80.84
2013-07-18,73.96
2013-07-19,76.53999999999999
2013-07-20,79.98
2013-07-21,69.66
2013-07-22,79.12
2013-07-23,76.53999999999999
2013-07-24,75.67999999999999
2013-07-25,77.4
2013-07-26,81.7
2013-07-27,79.98
2013-07-28,68.8
2013-07-29,84.28
2013-07-30,82.56
2013-07-31,86.0
2013-08-01,74.52000000000001
2013-08-02,75.44
2013-08-03,70.84
2013-08-04,64.4
2013-08-05,80.04
2013-08-06,75.44
2013-08-07,75.44
2013-08-08,72.68
2013-08-09,77.28
2013-08-10,71.76
2013-08-11,65.32000000000001
2013-08-12,78.2
2013-08-13,72.68
2013-08-14,73.60000000000001
2013-08-15,77.28
2013-08-16,81.88000000000001
2013-08-17,87.4
2013-08-18,69.92
2013-08-19,80.96000000000001
2013-08-20,78.2
2013-08-21,72.68
2013-08-22,72.68
2013-08-23,83.72
2013-08-24,74.52000000000001
2013-08-25,68.08
2013-08-26,76.36
2013-08-27,70.84
2013-08-28,73.60000000000001
2013-08-29,74.52000000000001
2013-08-30,89.24000000000001
2013-08-31,92.0
2013-09-01,71.89
2013-09-02,67.34
2013-09-03,83.72
2013-09-04,79.17
2013-09-05,77.35000000000001
2013-09-06,79.17
2013-09-07,91.0
2013-09-08,83.72
2013-09-09,76.44
2013-09-10,75.53
2013-09-11,67.34
2013-09-12,72.8
2013-09-13,77.35000000000001
2013-09-14,89.18
2013-09-15,82.81
2013-09-16,74.62
2013-09-17,68.25
2013-09-18,69.16
2013-09-19,65.52
2013-09-20,69.16
2013-09-21,71.89
2013-09-22,70.98
2013-09-23,69.16
2013-09-24,65.52
2013-09-25,68.25
2013-09-26,68.25
2013-09-27,69.16
2013-09-28,74.62
2013-09-29,70.07000000000001
2013-09-30,77.35000000000001
2013-10-01,73.87
2013-10-02,72.98
2013-10-03,71.2
2013-10-04,75.65
2013-10-05,88.11
2013-10-06,75.65
2013-10-07,72.98
2013-10-08,70.31
2013-10-09,66.75
2013-10-10,69.42
2013-10-11,72.09
2013-10-12,76.54
2013-10-13,67.64
2013-10-14,73.87
2013-10-15,70.31
2013-10-16,67.64
2013-10-17,69.42
2013-10-18,69.42
2013-10-19,74.76
2013-10-20,71.2
2013-10-21,75.65
2013-10-22,71.2
2013-10-23,72.98
2013-10-24,73.87
2013-10-25,75.65
2013-10-26,89.0
2013-10-27,70.31
2013-10-28,78.32000000000001
2013-10-29,75.65
2013-10-30,74.76
2013-10-31,73.87
2013-11-01,88.2
2013-11-02,90.0
2013-11-03,77.4
2013-11-04,82.8
2013-11-05,78.3
2013-11-06,73.8
2013-11-07,78.3
2013-11-08,84.60000000000001
2013-11-09,89.10000000000001
2013-11-10,77.4
2013-11-11,76.5
2013-11-12,75.60000000000001
2013-11-13,81.9
2013-11-14,75.60000000000001
2013-11-15,80.10000000000001
2013-11-16,85.5
2013-11-17,73.8
2013-11-18,81.9
2013-11-19,77.4
2013-11-20,72.9
2013-11-21,73.8
2013-11-22,79.2
2013-11-23,86.4
2013-11-24,75.60000000000001
2013-11-25,74.7
2013-11-26,78.3
2013-11-27,74.7
2013-11-28,63.0
2013-11-29,79.2
2013-11-30,89.10000000000001
2013-12-01,78.26
2013-12-02,81.9
2013-12-03,84.63000000000001
2013-12-04,82.81
2013-12-05,78.26
2013-12-06,77.35000000000001
2013-12-07,86.45
2013-12-08,70.98
2013-12-09,78.26
2013-12-10,76.44
2013-12-11,78.26
2013-12-12,74.62
2013-12-13,77.35000000000001
2013-12-14,80.99000000000001
2013-12-15,71.89
2013-12-16,79.17
2013-12-17,77.35000000000001
2013-12-18,71.89
2013-12-19,73.71000000000001
2013-12-20,77.35000000000001
2013-12-21,78.26
2013-12-22,74.62
2013-12-23,78.26
2013-12-24,74.62
2013-12-25,72.8
2013-12-26,90.09
2013-12-27,91.0
2013-12-28,86.45
2013-12-29,78.26
2013-12-30,88.27
2013-12-31,88.27
2014-01-01,77.08
2014-01-02,89.3
2014-01-03,94.0
2014-01-04,88.36
2014-01-05,78.02
2014-01-06,89.3
2014-01-07,87.42
2014-01-08,78.96
2014-01-09,78.02
2014-01-10,81.78
2014-01-11,86.47999999999999
2014-01-12,72.38
2014-01-13,77.08
2014-01-14,79.89999999999999
2014-01-15,84.6
2014-01-16,83.66
2014-01-17,81.78
2014-01-18,85.53999999999999
2014-01-19,78.02
2014-01-20,76.14
2014-01-21,78.02
2014-01-22,78.02
2014-01-23,74.25999999999999
2014-01-24,74.25999999999999
2014-01-25,79.89999999999999
2014-01-26,69.56
2014-01-27,79.89999999999999
2014-01-28,75.19999999999999
2014-01-29,78.02
2014-01-30,72.38
2014-01-31,78.02
2014-02-01,62.04
2014-02-02,61.099999999999994
2014-02-03,56.4
2014-02-04,57.339999999999996
2014-02-05,59.22
2014-02-06,53.58
2014-02-07,58.279999999999994
2014-02-08,62.98
2014-02-09,54.519999999999996
2014-02-10,60.16
2014-02-11,55.459999999999994
2014-02-12,56.4
2014-02-13,94.0
2014-02-14,73.32
2014-02-15,71.44
2014-02-16,62.04
2014-02-17,65.8
2014-02-18,62.98
2014-02-19,62.04
2014-02-20,58.279999999999994
2014-02-21,62.98
2014-02-22,61.099999999999994
2014-02-23,56.4
2014-02-24,70.5
2014-02-25,63.919999999999995
2014-02-26,62.04
2014-02-27,58.279999999999994
2014-02-28,65.8
2014-03-01,90.0
2014-03-02,81.0
2014-03-03,86.4
2014-03-04,85.5
2014-03-05,82.8
2014-03-06,80.10000000000001
2014-03-07,83.7
2014-03-08,81.0
2014-03-09,76.5
2014-03-10,81.0
2014-03-11,81.9
2014-03-12,80.10000000000001
2014-03-13,81.9
2014-03-14,84.60000000000001
2014-03-15,82.8
2014-03-16,75.60000000000001
2014-03-17,81.9
2014-03-18,81.0
2014-03-19,77.4
2014-03-20,79.2
2014-03-21,81.0
2014-03-22,80.10000000000001
2014-03-23,73.8
2014-03-24,84.60000000000001
2014-03-25,77.4
2014-03-26,78.3
2014-03-27,77.4
2014-03-28,82.8
2014-03-29,82.8
2014-03-30,70.2
2014-03-31,84.60000000000001
2014-04-01,82.56
2014-04-02,85.14
2014-04-03,78.26
2014-04-04,79.98
2014-04-05,79.98
2014-04-06,73.1
2014-04-07,85.14
2014-04-08,79.12
2014-04-09,79.98
2014-04-10,74.82
2014-04-11,77.4
2014-04-12,77.4
2014-04-13,73.96
2014-04-14,79.12
2014-04-15,80.84
2014-04-16,76.53999999999999
2014-04-17,75.67999999999999
2014-04-18,84.28
2014-04-19,73.96
2014-04-20,65.36
2014-04-21,86.0
2014-04-22,79.12
2014-04-23,79.98
2014-04-24,77.4
2014-04-25,75.67999999999999
2014-04-26,77.4
2014-04-27,67.08
2014-04-28,84.28
2014-04-29,81.7
2014-04-30,86.0
2014-05-01,76.56
2014-05-02,78.3
2014-05-03,87.0
2014-05-04,73.95
2014-05-05,76.56
2014-05-06,76.56
2014-05-07,73.95
2014-05-08,71.34
2014-05-09,73.95
2014-05-10,68.73
2014-05-11,64.38
2014-05-12,77.42999999999999
2014-05-13,77.42999999999999
2014-05-14,75.69
2014-05-15,78.3
2014-05-16,75.69
2014-05-17,75.69
2014-05-18,66.12
2014-05-19,75.69
2014-05-20,73.95
2014-05-21,72.21
2014-05-22,80.04
2014-05-23,80.04
2014-05-24,74.82
2014-05-25,60.9
2014-05-26,63.51
2014-05-27,81.78
2014-05-28,82.65
2014-05-29,79.17
2014-05-30,86.13
2014-05-31,84.39
2014-06-01,66.24000000000001
2014-06-02,83.72
2014-06-03,78.2
2014-06-04,84.64
2014-06-05,80.04
2014-06-06,72.68
2014-06-07,74.52000000000001
2014-06-08,69.0
2014-06-09,78.2
2014-06-10,80.96000000000001
2014-06-11,80.96000000000001
2014-06-12,92.0
2014-06-13,90.16000000000001
2014-06-14,80.04
2014-06-15,67.16
2014-06-16,92.0
2014-06-17,81.88000000000001
2014-06-18,78.2
2014-06-19,80.96000000000001
2014-06-20,82.8
2014-06-21,71.76
2014-06-22,71.76
2014-06-23,80.04
2014-06-24,81.88000000000001
2014-06-25,80.04
2014-06-26,86.48
2014-06-27,79.12
2014-06-28,77.28
2014-06-29,69.0
2014-06-30,85.56
2014-07-01,73.0
2014-07-02,64.0
2014-07-03,66.0
2014-07-04,56.0
2014-07-05,54.0
2014-07-06,52.0
2014-07-07,70.0
2014-07-08,69.0
2014-07-09,66.0
2014-07-10,63.0
2014-07-11,66.0
2014-07-12,58.0
2014-07-13,54.0
2014-07-14,67.0
2014-07-15,81.0
2014-07-16,100.0
2014-07-17,77.0
2014-07-18,71.0
2014-07-19,63.0
2014-07-20,55.0
2014-07-21,70.0
2014-07-22,70.0
2014-07-23,67.0
2014-07-24,63.0
2014-07-25,62.0
2014-07-26,60.0
2014-07-27,56.0
2014-07-28,70.0
2014-07-29,67.0
2014-07-30,67.0
2014-07-31,65.0
2014-08-01,92.12
2014-08-02,86.24
2014-08-03,72.52
2014-08-04,90.16
2014-08-05,87.22
2014-08-06,87.22
2014-08-07,91.14
2014-08-08,89.17999999999999
2014-08-09,84.28
2014-08-10,75.46
2014-08-11,94.08
2014-08-12,86.24
2014-08-13,88.2
2014-08-14,95.06
2014-08-15,91.14
2014-08-16,85.26
2014-08-17,76.44
2014-08-18,93.1
2014-08-19,85.26
2014-08-20,84.28
2014-08-21,84.28
2014-08-22,90.16
2014-08-23,87.22
2014-08-24,75.46
2014-08-25,93.1
2014-08-26,86.24
2014-08-27,86.24
2014-08-28,97.02
2014-08-29,96.03999999999999
2014-08-30,98.0
2014-08-31,77.42
2014-09-01,65.8
2014-09-02,78.96
2014-09-03,82.72
2014-09-04,76.14
2014-09-05,77.08
2014-09-06,94.0
2014-09-07,80.83999999999999
2014-09-08,75.19999999999999
2014-09-09,68.61999999999999
2014-09-10,68.61999999999999
2014-09-11,66.74
2014-09-12,68.61999999999999
2014-09-13,84.6
2014-09-14,75.19999999999999
2014-09-15,73.32
2014-09-16,73.32
2014-09-17,62.04
2014-09-18,67.67999999999999
2014-09-19,68.61999999999999
2014-09-20,69.56
2014-09-21,68.61999999999999
2014-09-22,66.74
2014-09-23,67.67999999999999
2014-09-24,65.8
2014-09-25,65.8
2014-09-26,70.5
2014-09-27,70.5
2014-09-28,67.67999999999999
2014-09-29,73.32
2014-09-30,69.56
2014-10-01,80.99000000000001
2014-10-02,81.9
2014-10-03,90.09
2014-10-04,87.36
2014-10-05,85.54
2014-10-06,84.63000000000001
2014-10-07,87.36
2014-10-08,85.54
2014-10-09,80.99000000000001
2014-10-10,80.08
2014-10-11,85.54
2014-10-12,78.26
2014-10-13,83.72
2014-10-14,81.9
2014-10-15,91.0
2014-10-16,81.9
2014-10-17,81.9
2014-10-18,80.99000000000001
2014-10-19,74.62
2014-10-20,80.99000000000001
2014-10-21,77.35000000000001
2014-10-22,73.71000000000001
2014-10-23,74.62
2014-10-24,80.99000000000001
2014-10-25,84.63000000000001
2014-10-26,75.53
2014-10-27,75.53
2014-10-28,78.26
2014-10-29,75.53
2014-10-30,76.44
2014-10-31,78.26
2014-11-01,90.0
2014-11-02,79.2
2014-11-03,88.2
2014-11-04,74.7
2014-11-05,74.7
2014-11-06,86.4
2014-11-07,72.9
2014-11-08,79.2
2014-11-09,65.7
2014-11-10,74.7
2014-11-11,75.60000000000001
2014-11-12,73.8
2014-11-13,69.3
2014-11-14,77.4
2014-11-15,81.9
2014-11-16,71.10000000000001
2014-11-17,76.5
2014-11-18,72.9
2014-11-19,69.3
2014-11-20,69.3
2014-11-21,76.5
2014-11-22,79.2
2014-11-23,63.9
2014-11-24,70.2
2014-11-25,71.10000000000001
2014-11-26,72.0
2014-11-27,62.1
2014-11-28,73.8
2014-11-29,84.60000000000001
2014-11-30,73.8
2014-12-01,75.67999999999999
2014-12-02,78.26
2014-12-03,71.38
2014-12-04,72.24
2014-12-05,79.12
2014-12-06,74.82
2014-12-07,67.08
2014-12-08,70.52
2014-12-09,72.24
2014-12-10,68.8
2014-12-11,66.22
2014-12-12,69.66
2014-12-13,69.66
2014-12-14,62.78
2014-12-15,68.8
2014-12-16,67.08
2014-12-17,64.5
2014-12-18,66.22
2014-12-19,69.66
2014-12-20,73.1
2014-12-21,63.64
2014-12-22,67.94
2014-12-23,72.24
2014-12-24,65.36
2014-12-25,58.48
2014-12-26,81.7
2014-12-27,74.82
2014-12-28,67.94
2014-12-29,86.0
2014-12-30,84.28
2014-12-31,76.53999999999999
2015-01-01,69.72
2015-01-02,84.0
2015-01-03,82.32
2015-01-04,70.56
2015-01-05,78.11999999999999
2015-01-06,74.75999999999999
2015-01-07,75.6
2015-01-08,70.56
2015-01-09,69.72
2015-01-10,74.75999999999999
2015-01-11,58.8
2015-01-12,68.88
2015-01-13,69.72
2015-01-14,68.03999999999999
2015-01-15,67.2
2015-01-16,69.72
2015-01-17,68.03999999999999
2015-01-18,63.0
2015-01-19,61.32
2015-01-20,66.36
2015-01-21,63.0
2015-01-22,63.0
2015-01-23,63.0
2015-01-24,65.52
2015-01-25,59.64
2015-01-26,63.839999999999996
2015-01-27,63.0
2015-01-28,64.67999999999999
2015-01-29,71.39999999999999
2015-01-30,71.39999999999999
2015-01-31,73.92
2015-02-01,60.0
2015-02-02,58.400000000000006
2015-02-03,60.0
2015-02-04,59.2
2015-02-05,58.400000000000006
2015-02-06,60.0
2015-02-07,65.60000000000001
2015-02-08,57.6
2015-02-09,63.2
2015-02-10,56.800000000000004
2015-02-11,60.0
2015-02-12,56.800000000000004
2015-02-13,60.800000000000004
2015-02-14,65.60000000000001
2015-02-15,54.400000000000006
2015-02-16,61.6
2015-02-17,62.400000000000006
2015-02-18,60.0
2015-02-19,60.800000000000004
2015-02-20,56.800000000000004
2015-02-21,66.4
2015-02-22,80.0
2015-02-23,59.2
2015-02-24,57.6
2015-02-25,57.6
2015-02-26,61.6
2015-02-27,61.6
2015-02-28,60.800000000000004
2015-03-01,64.78
2015-03-02,72.68
2015-03-03,71.89
2015-03-04,69.52000000000001
2015-03-05,66.36
2015-03-06,66.36
2015-03-07,73.47
2015-03-08,65.57000000000001
2015-03-09,71.89
2015-03-10,67.15
2015-03-11,67.15
2015-03-12,65.57000000000001
2015-03-13,71.89
2015-03-14,72.68
2015-03-15,63.2
2015-03-16,68.73
2015-03-17,73.47
2015-03-18,70.31
2015-03-19,70.31
2015-03-20,75.05
2015-03-21,71.10000000000001
2015-03-22,68.73
2015-03-23,71.89
2015-03-24,67.15
2015-03-25,69.52000000000001
2015-03-26,66.36
2015-03-27,72.68
2015-03-28,69.52000000000001
2015-03-29,71.89
2015-03-30,79.0
2015-03-31,73.47
2015-04-01,65.60000000000001
2015-04-02,64.0
2015-04-03,78.4
2015-04-04,62.400000000000006
2015-04-05,54.400000000000006
2015-04-06,79.2
2015-04-07,69.60000000000001
2015-04-08,66.4
2015-04-09,72.0
2015-04-10,69.60000000000001
2015-04-11,63.2
2015-04-12,61.6
2015-04-13,69.60000000000001
2015-04-14,68.0
2015-04-15,68.8
2015-04-16,65.60000000000001
2015-04-17,69.60000000000001
2015-04-18,62.400000000000006
2015-04-19,63.2
2015-04-20,69.60000000000001
2015-04-21,70.4
2015-04-22,76.0
2015-04-23,78.4
2015-04-24,80.0
2015-04-25,74.4
2015-04-26,64.0
2015-04-27,73.60000000000001
2015-04-28,68.0
2015-04-29,67.2
2015-04-30,67.2
2015-05-01,63.18
2015-05-02,77.22
2015-05-03,78.0
2015-05-04,62.400000000000006
2015-05-05,60.06
2015-05-06,54.6
2015-05-07,52.260000000000005
2015-05-08,55.38
2015-05-09,55.38
2015-05-10,45.24
2015-05-11,54.6
2015-05-12,57.72
2015-05-13,53.82
2015-05-14,53.04
2015-05-15,54.6
2015-05-16,54.6
2015-05-17,47.58
2015-05-18,54.6
2015-05-19,54.6
2015-05-20,57.72
2015-05-21,51.480000000000004
2015-05-22,56.160000000000004
2015-05-23,50.7
2015-05-24,44.46
2015-05-25,47.58
2015-05-26,59.28
2015-05-27,60.84
2015-05-28,57.72
2015-05-29,57.72
2015-05-30,55.38
2015-05-31,53.82
2015-06-01,63.75
2015-06-02,85.0
2015-06-03,62.05
2015-06-04,58.65
2015-06-05,64.6
2015-06-06,57.8
2015-06-07,52.699999999999996
2015-06-08,63.75
2015-06-09,62.05
2015-06-10,62.05
2015-06-11,59.5
2015-06-12,62.9
2015-06-13,56.1
2015-06-14,53.55
2015-06-15,63.75
2015-06-16,63.75
2015-06-17,61.199999999999996
2015-06-18,60.35
2015-06-19,63.75
2015-06-20,57.8
2015-06-21,51.0
2015-06-22,67.14999999999999
2015-06-23,61.199999999999996
2015-06-24,61.199999999999996
2015-06-25,60.35
2015-06-26,62.9
2015-06-27,52.699999999999996
2015-06-28,52.699999999999996
2015-06-29,66.3
2015-06-30,65.45
2015-07-01,84.0
2015-07-02,80.64
2015-07-03,80.64
2015-07-04,60.48
2015-07-05,61.32
2015-07-06,79.8
2015-07-07,80.64
2015-07-08,79.8
2015-07-09,75.6
2015-07-10,73.92
2015-07-11,71.39999999999999
2015-07-12,66.36
2015-07-13,82.32
2015-07-14,80.64
2015-07-15,84.0
2015-07-16,79.8
2015-07-17,78.11999999999999
2015-07-18,69.72
2015-07-19,63.839999999999996
2015-07-20,82.32
2015-07-21,80.64
2015-07-22,79.8
2015-07-23,74.75999999999999
2015-07-24,78.11999999999999
2015-07-25,73.08
2015-07-26,64.67999999999999
2015-07-27,82.32
2015-07-28,81.48
2015-07-29,78.96
2015-07-30,73.08
2015-07-31,78.96
2015-08-01,74.8
2015-08-02,68.64
2015-08-03,88.0
2015-08-04,79.2
2015-08-05,70.4
2015-08-06,80.96
2015-08-07,85.36
2015-08-08,67.76
2015-08-09,62.48
2015-08-10,78.32000000000001
2015-08-11,78.32000000000001
2015-08-12,79.2
2015-08-13,77.44
2015-08-14,82.72
2015-08-15,73.04
2015-08-16,64.24
2015-08-17,78.32000000000001
2015-08-18,74.8
2015-08-19,76.56
2015-08-20,73.04
2015-08-21,73.04
2015-08-22,66.0
2015-08-23,62.48
2015-08-24,80.96
2015-08-25,71.28
2015-08-26,69.52
2015-08-27,73.04
2015-08-28,72.16
2015-08-29,74.8
2015-08-30,66.88
2015-08-31,81.84
2015-09-01,76.14
2015-09-02,71.28
2015-09-03,75.33
2015-09-04,74.52000000000001
2015-09-05,77.76
2015-09-06,62.370000000000005
2015-09-07,56.7
2015-09-08,66.42
2015-09-09,67.23
2015-09-10,70.47
2015-09-11,72.9
2015-09-12,81.0
2015-09-13,72.09
2015-09-14,66.42
2015-09-15,66.42
2015-09-16,64.80000000000001
2015-09-17,68.04
2015-09-18,66.42
2015-09-19,74.52000000000001
2015-09-20,73.71000000000001
2015-09-21,66.42
2015-09-22,63.18000000000001
2015-09-23,64.80000000000001
2015-09-24,62.370000000000005
2015-09-25,63.18000000000001
2015-09-26,64.80000000000001
2015-09-27,59.940000000000005
2015-09-28,62.370000000000005
2015-09-29,68.04
2015-09-30,67.23
2015-10-01,70.68
2015-10-02,74.48
2015-10-03,76.0
2015-10-04,66.12
2015-10-05,70.68
2015-10-06,69.16
2015-10-07,70.68
2015-10-08,71.44
2015-10-09,74.48
2015-10-10,72.96000000000001
2015-10-11,66.12
2015-10-12,71.44
2015-10-13,68.4
2015-10-14,70.68
2015-10-15,70.68
2015-10-16,67.64
2015-10-17,68.4
2015-10-18,61.56
2015-10-19,62.32
2015-10-20,64.6
2015-10-21,62.32
2015-10-22,60.8
2015-10-23,63.84
2015-10-24,64.6
2015-10-25,59.28
2015-10-26,63.08
2015-10-27,65.36
2015-10-28,69.92
2015-10-29,68.4
2015-10-30,69.16
2015-10-31,66.88
2015-11-01,56.24
2015-11-02,62.16
2015-11-03,65.86
2015-11-04,62.16
2015-11-05,64.38
2015-11-06,70.3
2015-11-07,65.12
2015-11-08,59.94
2015-11-09,62.9
2015-11-10,68.08
2015-11-11,74.0
2015-11-12,59.2
2015-11-13,68.08
2015-11-14,65.12
2015-11-15,57.72
2015-11-16,57.72
2015-11-17,60.68
2015-11-18,60.68
2015-11-19,57.72
2015-11-20,61.42
2015-11-21,67.34
2015-11-22,57.72
2015-11-23,56.98
2015-11-24,60.68
2015-11-25,65.12
2015-11-26,48.1
2015-11-27,59.2
2015-11-28,63.64
2015-11-29,60.68
2015-11-30,62.16
2015-12-01,64.8
2015-12-02,61.199999999999996
2015-12-03,58.32
2015-12-04,59.04
2015-12-05,56.879999999999995
2015-12-06,46.08
2015-12-07,56.16
2015-12-08,56.16
2015-12-09,56.16
2015-12-10,50.4
2015-12-11,59.04
2015-12-12,54.72
2015-12-13,48.239999999999995
2015-12-14,50.4
2015-12-15,54.72
2015-12-16,55.44
2015-12-17,54.0
2015-12-18,57.599999999999994
2015-12-19,58.32
2015-12-20,54.72
2015-12-21,57.599999999999994
2015-12-22,56.879999999999995
2015-12-23,59.76
2015-12-24,52.559999999999995
2015-12-25,46.8
2015-12-26,62.64
2015-12-27,56.879999999999995
2015-12-28,72.0
2015-12-29,71.28
2015-12-30,68.39999999999999
2015-12-31,69.84
2016-01-01,62.31999999999999
2016-01-02,72.97999999999999
2016-01-03,71.33999999999999
2016-01-04,77.08
2016-01-05,72.97999999999999
2016-01-06,72.97999999999999
2016-01-07,68.88
2016-01-08,69.7
2016-01-09,82.0
2016-01-10,64.78
2016-01-11,64.78
2016-01-12,72.97999999999999
2016-01-13,68.88
2016-01-14,68.88
2016-01-15,82.0
2016-01-16,79.53999999999999
2016-01-17,68.88
2016-01-18,71.33999999999999
2016-01-19,66.42
2016-01-20,70.52
2016-01-21,68.06
2016-01-22,69.7
2016-01-23,72.97999999999999
2016-01-24,65.6
2016-01-25,64.78
2016-01-26,65.6
2016-01-27,64.78
2016-01-28,63.959999999999994
2016-01-29,68.06
2016-01-30,72.16
2016-01-31,60.68
2016-02-01,40.29
2016-02-02,40.29
2016-02-03,39.5
2016-02-04,41.870000000000005
2016-02-05,43.45
2016-02-06,42.660000000000004
2016-02-07,41.870000000000005
2016-02-08,37.13
2016-02-09,40.29
2016-02-10,38.71
2016-02-11,39.5
2016-02-12,42.660000000000004
2016-02-13,41.08
2016-02-14,35.550000000000004
2016-02-15,79.0
2016-02-16,45.82
2016-02-17,41.870000000000005
2016-02-18,39.5
2016-02-19,38.71
2016-02-20,41.870000000000005
2016-02-21,37.92
2016-02-22,37.92
2016-02-23,41.870000000000005
2016-02-24,38.71
2016-02-25,36.34
2016-02-26,39.5
2016-02-27,40.29
2016-02-28,36.34
2016-02-29,39.5
2016-03-01,73.26
2016-03-02,71.03999999999999
2016-03-03,73.26
2016-03-04,73.26
2016-03-05,74.0
2016-03-06,67.34
2016-03-07,68.08
2016-03-08,71.03999999999999
2016-03-09,63.64
2016-03-10,66.6
2016-03-11,68.08
2016-03-12,67.34
2016-03-13,59.2
2016-03-14,67.34
2016-03-15,68.08
2016-03-16,70.3
2016-03-17,71.03999999999999
2016-03-18,72.52
2016-03-19,70.3
2016-03-20,62.16
2016-03-21,68.08
2016-03-22,67.34
2016-03-23,63.64
2016-03-24,65.12
2016-03-25,71.78
2016-03-26,66.6
2016-03-27,54.76
2016-03-28,69.56
2016-03-29,71.03999999999999
2016-03-30,68.82
2016-03-31,71.78
2016-04-01,74.25
2016-04-02,75.0
2016-04-03,69.75
2016-04-04,73.5
2016-04-05,72.75
2016-04-06,69.75
2016-04-07,69.0
2016-04-08,69.75
2016-04-09,72.75
2016-04-10,69.0
2016-04-11,69.75
2016-04-12,69.0
2016-04-13,71.25
2016-04-14,70.5
2016-04-15,69.75
2016-04-16,69.75
2016-04-17,57.75
2016-04-18,69.0
2016-04-19,66.0
2016-04-20,67.5
2016-04-21,64.5
2016-04-22,69.75
2016-04-23,69.0
2016-04-24,65.25
2016-04-25,72.75
2016-04-26,69.0
2016-04-27,66.75
2016-04-28,73.5
2016-04-29,73.5
2016-04-30,67.5
2016-05-01,62.25
2016-05-02,72.75
2016-05-03,66.75
2016-05-04,63.75
2016-05-05,64.5
2016-05-06,67.5
2016-05-07,62.25
2016-05-08,55.5
2016-05-09,66.0
2016-05-10,63.0
2016-05-11,68.25
2016-05-12,63.0
2016-05-13,67.5
2016-05-14,64.5
2016-05-15,63.75
2016-05-16,66.75
2016-05-17,65.25
2016-05-18,68.25
2016-05-19,64.5
2016-05-20,65.25
2016-05-21,63.75
2016-05-22,57.0
2016-05-23,68.25
2016-05-24,66.0
2016-05-25,68.25
2016-05-26,62.25
2016-05-27,66.75
2016-05-28,65.25
2016-05-29,55.5
2016-05-30,58.5
2016-05-31,75.0
2016-06-01,77.0
2016-06-02,68.53
2016-06-03,70.84
2016-06-04,62.370000000000005
2016-06-05,57.75
2016-06-06,66.22
2016-06-07,66.99
2016-06-08,66.22
2016-06-09,66.99
2016-06-10,67.76
2016-06-11,63.910000000000004
2016-06-12,58.52
2016-06-13,67.76
2016-06-14,68.53
2016-06-15,65.45
2016-06-16,66.22
2016-06-17,66.22
2016-06-18,63.14
2016-06-19,55.44
2016-06-20,72.38
2016-06-21,68.53
2016-06-22,67.76
2016-06-23,65.45
2016-06-24,64.68
2016-06-25,60.83
2016-06-26,56.980000000000004
2016-06-27,65.45
2016-06-28,67.76
2016-06-29,66.99
2016-06-30,67.76
2016-07-01,53.96
2016-07-02,45.6
2016-07-03,36.480000000000004
2016-07-04,35.72
2016-07-05,52.44
2016-07-06,54.72
2016-07-07,55.480000000000004
2016-07-08,53.2
2016-07-09,47.88
2016-07-10,46.36
2016-07-11,51.68
2016-07-12,76.0
2016-07-13,56.24
2016-07-14,48.64
2016-07-15,52.44
2016-07-16,63.08
2016-07-17,43.32
2016-07-18,53.2
2016-07-19,51.68
2016-07-20,48.64
2016-07-21,48.64
2016-07-22,50.92
2016-07-23,42.56
2016-07-24,41.8
2016-07-25,50.160000000000004
2016-07-26,49.4
2016-07-27,48.64
2016-07-28,47.12
2016-07-29,51.68
2016-07-30,47.88
2016-07-31,41.04
2016-08-01,77.0
2016-08-02,72.38
2016-08-03,68.53
2016-08-04,65.45
2016-08-05,63.14
2016-08-06,60.83
2016-08-07,60.06
2016-08-08,63.910000000000004
2016-08-09,66.99
2016-08-10,66.22
2016-08-11,63.910000000000004
2016-08-12,66.99
2016-08-13,64.68
2016-08-14,51.59
2016-08-15,64.68
2016-08-16,63.14
2016-08-17,64.68
2016-08-18,63.14
2016-08-19,65.45
2016-08-20,63.14
2016-08-21,59.29
2016-08-22,64.68
2016-08-23,63.14
2016-08-24,60.83
2016-08-25,63.910000000000004
2016-08-26,68.53
2016-08-27,60.83
2016-08-28,62.370000000000005
2016-08-29,73.15
2016-08-30,64.68
2016-08-31,62.370000000000005
2016-09-01,71.44
2016-09-02,76.0
2016-09-03,75.24
2016-09-04,56.24
2016-09-05,57.0
2016-09-06,69.92
2016-09-07,69.16
2016-09-08,66.12
2016-09-09,71.44
2016-09-10,72.96000000000001
2016-09-11,70.68
2016-09-12,70.68
2016-09-13,68.4
2016-09-14,66.12
2016-09-15,65.36
2016-09-16,66.12
2016-09-17,71.44
2016-09-18,70.68
2016-09-19,69.16
2016-09-20,66.88
2016-09-21,66.12
2016-09-22,65.36
2016-09-23,69.92
2016-09-24,72.96000000000001
2016-09-25,66.88
2016-09-26,65.36
2016-09-27,66.12
2016-09-28,64.6
2016-09-29,63.84
2016-09-30,70.68
2016-10-01,65.25
2016-10-02,56.25
2016-10-03,59.25
2016-10-04,57.0
2016-10-05,53.25
2016-10-06,53.25
2016-10-07,64.5
2016-10-08,75.0
2016-10-09,66.75
2016-10-10,60.0
2016-10-11,74.25
2016-10-12,66.75
2016-10-13,59.25
2016-10-14,63.75
2016-10-15,62.25
2016-10-16,59.25
2016-10-17,57.0
2016-10-18,59.25
2016-10-19,60.0
2016-10-20,56.25
2016-10-21,58.5
2016-10-22,64.5
2016-10-23,56.25
2016-10-24,54.75
2016-10-25,56.25
2016-10-26,57.75
2016-10-27,54.0
2016-10-28,57.0
2016-10-29,59.25
2016-10-30,49.5
2016-10-31,52.5
2016-11-01,65.66000000000001
2016-11-02,61.64
2016-11-03,58.96
2016-11-04,62.31
2016-11-05,65.66000000000001
2016-11-06,58.290000000000006
2016-11-07,55.61000000000001
2016-11-08,57.620000000000005
2016-11-09,44.220000000000006
2016-11-10,57.620000000000005
2016-11-11,61.64
2016-11-12,56.95
2016-11-13,54.27
2016-11-14,57.620000000000005
2016-11-15,61.64
2016-11-16,56.95
2016-11-17,55.61000000000001
2016-11-18,60.300000000000004
2016-11-19,64.99000000000001
2016-11-20,58.96
2016-11-21,57.620000000000005
2016-11-22,59.63
2016-11-23,60.970000000000006
2016-11-24,48.910000000000004
2016-11-25,58.290000000000006
2016-11-26,62.31
2016-11-27,56.28
2016-11-28,57.620000000000005
2016-11-29,67.0
2016-11-30,66.33
2016-12-01,61.919999999999995
2016-12-02,64.08
2016-12-03,62.64
2016-12-04,54.0
2016-12-05,57.599999999999994
2016-12-06,54.72
2016-12-07,59.76
2016-12-08,59.76
2016-12-09,56.16
2016-12-10,61.199999999999996
2016-12-11,55.44
2016-12-12,56.879999999999995
2016-12-13,56.879999999999995
2016-12-14,64.08
2016-12-15,68.39999999999999
2016-12-16,64.8
2016-12-17,66.24
2016-12-18,51.839999999999996
2016-12-19,55.44
2016-12-20,61.199999999999996
2016-12-21,60.48
2016-12-22,56.879999999999995
2016-12-23,60.48
2016-12-24,48.96
2016-12-25,49.68
2016-12-26,62.64
2016-12-27,68.39999999999999
2016-12-28,69.12
2016-12-29,65.52
2016-12-30,72.0
2016-12-31,62.64
2017-01-01,54.599999999999994
2017-01-02,70.0
2017-01-03,70.0
2017-01-04,69.3
2017-01-05,67.19999999999999
2017-01-06,66.5
2017-01-07,70.0
2017-01-08,60.9
2017-01-09,64.39999999999999
2017-01-10,64.39999999999999
2017-01-11,65.1
2017-01-12,60.9
2017-01-13,65.1
2017-01-14,61.599999999999994
2017-01-15,54.599999999999994
2017-01-16,62.3
2017-01-17,62.3
2017-01-18,62.99999999999999
2017-01-19,58.099999999999994
2017-01-20,60.9
2017-01-21,63.699999999999996
2017-01-22,53.199999999999996
2017-01-23,59.49999999999999
2017-01-24,58.099999999999994
2017-01-25,57.4
2017-01-26,59.49999999999999
2017-01-27,61.599999999999994
2017-01-28,58.8
2017-01-29,52.5
2017-01-30,60.9
2017-01-31,62.3
2017-02-01,65.0
2017-02-02,63.7
2017-02-03,64.35000000000001
2017-02-04,61.1
2017-02-05,62.400000000000006
2017-02-06,64.35000000000001
2017-02-07,63.7
2017-02-08,58.5
2017-02-09,59.800000000000004
2017-02-10,63.050000000000004
2017-02-11,63.050000000000004
2017-02-12,50.050000000000004
2017-02-13,62.400000000000006
2017-02-14,57.2
2017-02-15,59.800000000000004
2017-02-16,57.2
2017-02-17,59.800000000000004
2017-02-18,59.15
2017-02-19,53.95
2017-02-20,59.15
2017-02-21,59.15
2017-02-22,56.550000000000004
2017-02-23,59.15
2017-02-24,61.75
2017-02-25,59.800000000000004
2017-02-26,55.25
2017-02-27,61.75
2017-02-28,61.75
2017-03-01,57.96
2017-03-02,61.74
2017-03-03,57.33
2017-03-04,58.59
2017-03-05,49.77
2017-03-06,58.59
2017-03-07,59.85
2017-03-08,57.33
2017-03-09,59.85
2017-03-10,63.0
2017-03-11,57.33
2017-03-12,51.03
2017-03-13,54.18
2017-03-14,58.59
2017-03-15,60.480000000000004
2017-03-16,59.85
2017-03-17,60.480000000000004
2017-03-18,52.92
2017-03-19,49.77
2017-03-20,56.7
2017-03-21,54.81
2017-03-22,56.7
2017-03-23,54.18
2017-03-24,59.85
2017-03-25,57.96
2017-03-26,49.14
2017-03-27,53.55
2017-03-28,58.59
2017-03-29,58.59
2017-03-30,56.07
2017-03-31,59.22
2017-04-01,60.480000000000004
2017-04-02,56.7
2017-04-03,63.0
2017-04-04,59.85
2017-04-05,60.480000000000004
2017-04-06,60.480000000000004
2017-04-07,60.480000000000004
2017-04-08,59.85
2017-04-09,49.14
2017-04-10,56.07
2017-04-11,59.22
2017-04-12,54.81
2017-04-13,56.07
2017-04-14,56.07
2017-04-15,51.03
2017-04-16,44.1
2017-04-17,62.37
2017-04-18,57.33
2017-04-19,54.18
2017-04-20,56.7
2017-04-21,54.81
2017-04-22,52.29
2017-04-23,50.4
2017-04-24,56.07
2017-04-25,49.77
2017-04-26,52.92
2017-04-27,51.660000000000004
2017-04-28,52.92
2017-04-29,52.29
2017-04-30,51.03
2017-05-01,59.4
2017-05-02,57.0
2017-05-03,57.599999999999994
2017-05-04,57.599999999999994
2017-05-05,52.199999999999996
2017-05-06,51.6
2017-05-07,48.6
2017-05-08,57.0
2017-05-09,53.4
2017-05-10,51.0
2017-05-11,55.199999999999996
2017-05-12,52.199999999999996
2017-05-13,50.4
2017-05-14,42.0
2017-05-15,57.0
2017-05-16,53.4
2017-05-17,51.0
2017-05-18,49.8
2017-05-19,49.199999999999996
2017-05-20,53.4
2017-05-21,43.8
2017-05-22,54.6
2017-05-23,52.199999999999996
2017-05-24,50.4
2017-05-25,54.6
2017-05-26,54.0
2017-05-27,48.0
2017-05-28,45.0
2017-05-29,46.8
2017-05-30,58.199999999999996
2017-05-31,60.0
2017-06-01,64.0
2017-06-02,63.36
2017-06-03,58.24
2017-06-04,51.2
2017-06-05,61.44
2017-06-06,62.08
2017-06-07,56.96
2017-06-08,58.88
2017-06-09,56.96
2017-06-10,54.4
2017-06-11,48.64
2017-06-12,58.88
2017-06-13,59.52
2017-06-14,57.6
2017-06-15,60.160000000000004
2017-06-16,61.44
2017-06-17,53.120000000000005
2017-06-18,46.08
2017-06-19,62.72
2017-06-20,59.52
2017-06-21,56.96
2017-06-22,56.96
2017-06-23,57.6
2017-06-24,55.68
2017-06-25,49.92
2017-06-26,64.0
2017-06-27,62.08
2017-06-28,60.160000000000004
2017-06-29,63.36
2017-06-30,61.44
2017-07-01,51.68000000000001
2017-07-02,46.24
2017-07-03,58.480000000000004
2017-07-04,44.88
2017-07-05,61.88
2017-07-06,59.84
2017-07-07,63.24
2017-07-08,56.440000000000005
2017-07-09,48.96
2017-07-10,59.84
2017-07-11,61.2
2017-07-12,61.88
2017-07-13,62.56
2017-07-14,61.2
2017-07-15,52.36000000000001
2017-07-16,53.720000000000006
2017-07-17,66.64
2017-07-18,59.84
2017-07-19,57.120000000000005
2017-07-20,57.120000000000005
2017-07-21,59.84
2017-07-22,56.440000000000005
2017-07-23,49.64
2017-07-24,64.60000000000001
2017-07-25,61.88
2017-07-26,58.480000000000004
2017-07-27,59.160000000000004
2017-07-28,60.52
2017-07-29,57.800000000000004
2017-07-30,51.68000000000001
2017-07-31,68.0
2017-08-01,65.55
2017-08-02,67.61999999999999
2017-08-03,64.17
2017-08-04,60.029999999999994
2017-08-05,53.81999999999999
2017-08-06,51.74999999999999
2017-08-07,58.65
2017-08-08,63.48
2017-08-09,62.099999999999994
2017-08-10,57.959999999999994
2017-08-11,64.86
2017-08-12,51.74999999999999
2017-08-13,50.37
2017-08-14,60.029999999999994
2017-08-15,64.86
2017-08-16,57.959999999999994
2017-08-17,58.65
2017-08-18,63.48
2017-08-19,55.88999999999999
2017-08-20,48.989999999999995
2017-08-21,55.199999999999996
2017-08-22,57.269999999999996
2017-08-23,58.65
2017-08-24,55.199999999999996
2017-08-25,63.48
2017-08-26,69.0
2017-08-27,61.41
2017-08-28,60.72
2017-08-29,57.269999999999996
2017-08-30,60.72
2017-08-31,62.78999999999999
2017-09-01,63.24
2017-09-02,63.92
2017-09-03,50.32
2017-09-04,48.28
2017-09-05,57.800000000000004
2017-09-06,54.400000000000006
2017-09-07,59.160000000000004
2017-09-08,53.720000000000006
2017-09-09,57.800000000000004
2017-09-10,57.120000000000005
2017-09-11,64.60000000000001
2017-09-12,66.64
2017-09-13,68.0
2017-09-14,61.2
2017-09-15,61.2
2017-09-16,67.32000000000001
2017-09-17,59.160000000000004
2017-09-18,59.84
2017-09-19,62.56
2017-09-20,56.440000000000005
2017-09-21,54.400000000000006
2017-09-22,55.760000000000005
2017-09-23,56.440000000000005
2017-09-24,53.720000000000006
2017-09-25,53.040000000000006
2017-09-26,53.720000000000006
2017-09-27,52.36000000000001
2017-09-28,51.68000000000001
2017-09-29,55.760000000000005
2017-09-30,57.120000000000005
2017-10-01,54.279999999999994
2017-10-02,53.69
2017-10-03,56.64
2017-10-04,53.099999999999994
2017-10-05,56.64
2017-10-06,56.64
2017-10-07,53.69
2017-10-08,53.69
2017-10-09,53.69
2017-10-10,54.279999999999994
2017-10-11,57.82
2017-10-12,55.459999999999994
2017-10-13,59.0
2017-10-14,53.69
2017-10-15,48.97
2017-10-16,52.51
2017-10-17,54.87
2017-10-18,53.69
2017-10-19,53.099999999999994
2017-10-20,53.69
2017-10-21,51.33
2017-10-22,44.839999999999996
2017-10-23,51.33
2017-10-24,51.33
2017-10-25,50.15
2017-10-26,54.279999999999994
2017-10-27,49.559999999999995
2017-10-28,50.15
2017-10-29,47.199999999999996
2017-10-30,57.23
2017-10-31,55.459999999999994
2017-11-01,39.6
2017-11-02,37.199999999999996
2017-11-03,37.199999999999996
2017-11-04,40.199999999999996
2017-11-05,34.8
2017-11-06,60.0
2017-11-07,41.4
2017-11-08,37.199999999999996
2017-11-09,37.199999999999996
2017-11-10,39.6
2017-11-11,41.4
2017-11-12,34.199999999999996
2017-11-13,34.8
2017-11-14,37.199999999999996
2017-11-15,36.6
2017-11-16,36.6
2017-11-17,38.4
2017-11-18,36.6
2017-11-19,34.199999999999996
2017-11-20,36.6
2017-11-21,37.8
2017-11-22,40.199999999999996
2017-11-23,30.0
2017-11-24,38.4
2017-11-25,37.8
2017-11-26,33.6
2017-11-27,37.199999999999996
2017-11-28,39.0
2017-11-29,38.4
2017-11-30,37.8
2017-12-01,56.42
2017-12-02,53.32
2017-12-03,44.02
2017-12-04,50.839999999999996
2017-12-05,51.46
2017-12-06,52.7
2017-12-07,46.5
2017-12-08,49.6
2017-12-09,53.94
2017-12-10,43.4
2017-12-11,47.12
2017-12-12,49.6
2017-12-13,47.74
2017-12-14,57.04
2017-12-15,59.519999999999996
2017-12-16,58.9
2017-12-17,51.46
2017-12-18,52.7
2017-12-19,48.36
2017-12-20,52.7
2017-12-21,58.9
2017-12-22,55.18
2017-12-23,48.36
2017-12-24,47.12
2017-12-25,39.06
2017-12-26,58.28
2017-12-27,57.66
2017-12-28,57.04
2017-12-29,62.0
2017-12-30,53.94
2017-12-31,42.78
2018-01-01,46.019999999999996
2018-01-02,59.0
2018-01-03,55.459999999999994
2018-01-04,56.64
2018-01-05,55.459999999999994
2018-01-06,54.279999999999994
2018-01-07,45.43
2018-01-08,50.15
2018-01-09,49.559999999999995
2018-01-10,49.559999999999995
2018-01-11,46.61
2018-01-12,50.15
2018-01-13,47.199999999999996
2018-01-14,46.61
2018-01-15,46.019999999999996
2018-01-16,45.43
2018-01-17,43.66
2018-01-18,47.79
2018-01-19,47.79
2018-01-20,47.79
2018-01-21,43.07
2018-01-22,46.019999999999996
2018-01-23,47.79
2018-01-24,46.61
2018-01-25,46.61
2018-01-26,47.199999999999996
2018-01-27,47.199999999999996
2018-01-28,41.3
2018-01-29,47.79
2018-01-30,50.15
2018-01-31,45.43
2018-02-01,50.050000000000004
2018-02-02,47.300000000000004
2018-02-03,51.150000000000006
2018-02-04,48.400000000000006
2018-02-05,47.300000000000004
2018-02-06,48.400000000000006
2018-02-07,43.45
2018-02-08,44.550000000000004
2018-02-09,48.400000000000006
2018-02-10,48.400000000000006
2018-02-11,41.25
2018-02-12,48.95
2018-02-13,43.45
2018-02-14,41.800000000000004
2018-02-15,44.0
2018-02-16,55.00000000000001
2018-02-17,45.650000000000006
2018-02-18,39.6
2018-02-19,47.85
2018-02-20,43.45
2018-02-21,42.900000000000006
2018-02-22,45.650000000000006
2018-02-23,45.650000000000006
2018-02-24,44.0
2018-02-25,43.45
2018-02-26,46.75000000000001
2018-02-27,47.85
2018-02-28,46.75000000000001
2018-03-01,48.95
2018-03-02,54.45
2018-03-03,55.00000000000001
2018-03-04,46.75000000000001
2018-03-05,46.75000000000001
2018-03-06,48.400000000000006
2018-03-07,47.85
2018-03-08,50.050000000000004
2018-03-09,51.150000000000006
2018-03-10,46.75000000000001
2018-03-11,42.35
2018-03-12,46.75000000000001
2018-03-13,48.95
2018-03-14,47.300000000000004
2018-03-15,51.150000000000006
2018-03-16,47.85
2018-03-17,45.650000000000006
2018-03-18,39.050000000000004
2018-03-19,46.75000000000001
2018-03-20,44.0
2018-03-21,45.1
2018-03-22,45.1
2018-03-23,42.35
2018-03-24,46.75000000000001
2018-03-25,39.050000000000004
2018-03-26,50.050000000000004
2018-03-27,51.150000000000006
2018-03-28,46.2
2018-03-29,47.85
2018-03-30,52.25000000000001
2018-03-31,45.650000000000006
2018-04-01,36.72
2018-04-02,54.0
2018-04-03,50.760000000000005
2018-04-04,52.38
2018-04-05,49.14
2018-04-06,46.440000000000005
2018-04-07,44.28
2018-04-08,39.96
2018-04-09,45.900000000000006
2018-04-10,46.440000000000005
2018-04-11,44.82
2018-04-12,44.82
2018-04-13,45.900000000000006
2018-04-14,42.660000000000004
2018-04-15,39.42
2018-04-16,44.82
2018-04-17,45.900000000000006
2018-04-18,44.28
2018-04-19,44.82
2018-04-20,43.2
2018-04-21,41.040000000000006
2018-04-22,36.72
2018-04-23,43.2
2018-04-24,44.82
2018-04-25,44.82
2018-04-26,43.74
2018-04-27,44.28
2018-04-28,40.5
2018-04-29,37.800000000000004
2018-04-30,46.440000000000005
2018-05-01,52.38
2018-05-02,47.52
2018-05-03,49.14
2018-05-04,52.38
2018-05-05,45.36
2018-05-06,39.96
2018-05-07,49.68000000000001
2018-05-08,49.68000000000001
2018-05-09,47.52
2018-05-10,49.14
2018-05-11,46.440000000000005
2018-05-12,45.36
2018-05-13,38.88
2018-05-14,48.6
2018-05-15,51.84
2018-05-16,51.84
2018-05-17,48.6
2018-05-18,48.06
2018-05-19,45.900000000000006
2018-05-20,42.660000000000004
2018-05-21,47.52
2018-05-22,48.6
2018-05-23,50.220000000000006
2018-05-24,50.220000000000006
2018-05-25,50.760000000000005
2018-05-26,47.52
2018-05-27,42.660000000000004
2018-05-28,44.28
2018-05-29,51.84
2018-05-30,54.0
2018-05-31,52.92
2018-06-01,20.1
2018-06-02,17.42
2018-06-03,16.75
2018-06-04,20.1
2018-06-05,18.09
2018-06-06,34.17
2018-06-07,26.130000000000003
2018-06-08,18.76
2018-06-09,17.42
2018-06-10,16.080000000000002
2018-06-11,19.43
2018-06-12,20.77
2018-06-13,22.110000000000003
2018-06-14,23.450000000000003
2018-06-15,21.44
2018-06-16,18.09
2018-06-17,14.74
2018-06-18,20.1
2018-06-19,18.76
2018-06-20,20.77
2018-06-21,18.76
2018-06-22,20.1
2018-06-23,18.09
2018-06-24,16.080000000000002
2018-06-25,20.1
2018-06-26,19.43
2018-06-27,19.43
2018-06-28,19.43
2018-06-29,67.0
2018-06-30,29.48
2018-07-01,54.6
2018-07-02,60.0
2018-07-03,55.199999999999996
2018-07-04,39.0
2018-07-05,52.199999999999996
2018-07-06,51.6
2018-07-07,44.4
2018-07-08,41.4
2018-07-09,52.199999999999996
2018-07-10,50.4
2018-07-11,48.6
2018-07-12,49.199999999999996
2018-07-13,51.0
2018-07-14,48.0
2018-07-15,40.8
2018-07-16,49.8
2018-07-17,54.6
2018-07-18,49.8
2018-07-19,54.0
2018-07-20,49.199999999999996
2018-07-21,49.8
2018-07-22,41.4
2018-07-23,57.0
2018-07-24,48.0
2018-07-25,49.8
2018-07-26,49.199999999999996
2018-07-27,49.8
2018-07-28,44.4
2018-07-29,40.199999999999996
2018-07-30,51.6
2018-07-31,55.199999999999996
2018-08-01,57.99999999999999
2018-08-02,54.519999999999996
2018-08-03,55.67999999999999
2018-08-04,46.98
2018-08-05,45.82
2018-08-06,56.839999999999996
2018-08-07,55.67999999999999
2018-08-08,55.67999999999999
2018-08-09,55.099999999999994
2018-08-10,54.519999999999996
2018-08-11,51.04
2018-08-12,42.919999999999995
2018-08-13,53.36
2018-08-14,54.519999999999996
2018-08-15,52.779999999999994
2018-08-16,52.199999999999996
2018-08-17,55.099999999999994
2018-08-18,53.36
2018-08-19,46.4
2018-08-20,51.62
2018-08-21,50.459999999999994
2018-08-22,51.04
2018-08-23,49.879999999999995
2018-08-24,49.879999999999995
2018-08-25,47.559999999999995
2018-08-26,41.76
2018-08-27,48.13999999999999
2018-08-28,51.04
2018-08-29,53.36
2018-08-30,51.04
2018-08-31,53.94
2018-09-01,51.7
2018-09-02,43.45
2018-09-03,43.45
2018-09-04,55.00000000000001
2018-09-05,50.050000000000004
2018-09-06,49.50000000000001
2018-09-07,50.6
2018-09-08,50.050000000000004
2018-09-09,52.25000000000001
2018-09-10,48.400000000000006
2018-09-11,48.95
2018-09-12,49.50000000000001
2018-09-13,46.75000000000001
2018-09-14,53.35
2018-09-15,49.50000000000001
2018-09-16,47.300000000000004
2018-09-17,45.1
2018-09-18,46.2
2018-09-19,45.650000000000006
2018-09-20,45.650000000000006
2018-09-21,47.300000000000004
2018-09-22,46.2
2018-09-23,45.1
2018-09-24,48.95
2018-09-25,47.300000000000004
2018-09-26,44.550000000000004
2018-09-27,46.2
2018-09-28,46.75000000000001
2018-09-29,47.300000000000004
2018-09-30,41.800000000000004
2018-10-01,50.49
2018-10-02,47.94
2018-10-03,46.92
2018-10-04,48.45
2018-10-05,49.980000000000004
2018-10-06,47.94
2018-10-07,42.84
2018-10-08,51.0
2018-10-09,44.88
2018-10-10,43.35
2018-10-11,45.9
2018-10-12,47.94
2018-10-13,46.92
2018-10-14,41.82
2018-10-15,45.9
2018-10-16,46.410000000000004
2018-10-17,45.39
2018-10-18,44.37
2018-10-19,45.39
2018-10-20,45.39
2018-10-21,40.8
2018-10-22,44.37
2018-10-23,45.9
2018-10-24,44.88
2018-10-25,43.35
2018-10-26,46.92
2018-10-27,45.39
2018-10-28,40.8
2018-10-29,46.410000000000004
2018-10-30,42.84
2018-10-31,43.35
2018-11-01,46.55
2018-11-02,47.53
2018-11-03,48.019999999999996
2018-11-04,40.18
2018-11-05,43.12
2018-11-06,42.14
2018-11-07,39.2
2018-11-08,43.12
2018-11-09,44.1
2018-11-10,41.16
2018-11-11,40.18
2018-11-12,46.06
2018-11-13,44.589999999999996
2018-11-14,45.57
2018-11-15,44.1
2018-11-16,49.0
2018-11-17,47.53
2018-11-18,40.18
2018-11-19,44.1
2018-11-20,44.589999999999996
2018-11-21,45.08
2018-11-22,34.3
2018-11-23,48.019999999999996
2018-11-24,42.63
2018-11-25,40.18
2018-11-26,49.0
2018-11-27,45.57
2018-11-28,46.06
2018-11-29,44.589999999999996
2018-11-30,45.08
2018-12-01,39.78
2018-12-02,37.74
2018-12-03,41.31
2018-12-04,40.29
2018-12-05,39.27
2018-12-06,36.21
2018-12-07,37.74
2018-12-08,36.21
2018-12-09,36.72
2018-12-10,40.29
2018-12-11,36.72
2018-12-12,36.72
2018-12-13,41.31
2018-12-14,38.76
2018-12-15,38.76
2018-12-16,35.7
2018-12-17,35.7
2018-12-18,37.74
2018-12-19,36.72
2018-12-20,40.29
2018-12-21,43.35
2018-12-22,36.21
2018-12-23,32.64
2018-12-24,34.17
2018-12-25,29.580000000000002
2018-12-26,44.88
2018-12-27,51.0
2018-12-28,46.92
2018-12-29,41.82
2018-12-30,36.72
2018-12-31,41.31
2019-01-01,39.5
2019-01-02,47.5
2019-01-03,46.0
2019-01-04,50.0
2019-01-05,43.5
2019-01-06,39.0
2019-01-07,46.0
2019-01-08,43.0
2019-01-09,39.0
2019-01-10,41.5
2019-01-11,43.5
2019-01-12,40.5
2019-01-13,33.0
2019-01-14,39.0
2019-01-15,49.0
2019-01-16,39.5
2019-01-17,43.0
2019-01-18,42.5
2019-01-19,42.5
2019-01-20,38.0
2019-01-21,44.5
2019-01-22,40.5
2019-01-23,41.0
2019-01-24,46.0
2019-01-25,43.5
2019-01-26,45.5
2019-01-27,33.0
2019-01-28,39.0
2019-01-29,38.5
2019-01-30,44.0
2019-01-31,45.5
2019-02-01,45.12
2019-02-02,42.72
2019-02-03,41.76
2019-02-04,39.839999999999996
2019-02-05,43.199999999999996
2019-02-06,39.839999999999996
2019-02-07,48.0
2019-02-08,41.76
2019-02-09,41.76
2019-02-10,40.32
2019-02-11,41.28
2019-02-12,41.28
2019-02-13,39.36
2019-02-14,40.8
2019-02-15,42.72
2019-02-16,39.36
2019-02-17,35.04
2019-02-18,42.239999999999995
2019-02-19,40.32
2019-02-20,41.28
2019-02-21,39.839999999999996
2019-02-22,39.36
2019-02-23,40.8
2019-02-24,36.96
2019-02-25,41.28
2019-02-26,39.36
2019-02-27,40.32
2019-02-28,39.36
2019-03-01,47.0
2019-03-02,43.71
2019-03-03,41.36
2019-03-04,43.239999999999995
2019-03-05,44.18
2019-03-06,40.89
2019-03-07,42.3
2019-03-08,42.769999999999996
2019-03-09,44.18
2019-03-10,36.19
2019-03-11,41.83
2019-03-12,41.83
2019-03-13,43.239999999999995
2019-03-14,43.71
2019-03-15,46.059999999999995
2019-03-16,42.769999999999996
2019-03-17,36.19
2019-03-18,42.769999999999996
2019-03-19,42.3
2019-03-20,46.529999999999994
2019-03-21,44.65
2019-03-22,46.529999999999994
2019-03-23,42.769999999999996
2019-03-24,35.72
2019-03-25,41.83
2019-03-26,43.239999999999995
2019-03-27,41.36
2019-03-28,46.059999999999995
2019-03-29,44.65
2019-03-30,42.769999999999996
2019-03-31,39.01
2019-04-01,46.0
2019-04-02,45.54
2019-04-03,45.080000000000005
2019-04-04,40.02
2019-04-05,41.4
2019-04-06,38.64
2019-04-07,34.04
2019-04-08,45.080000000000005
2019-04-09,43.24
2019-04-10,40.02
2019-04-11,40.940000000000005
2019-04-12,42.32
2019-04-13,38.64
2019-04-14,40.02
2019-04-15,46.0
2019-04-16,41.4
2019-04-17,43.7
2019-04-18,41.4
2019-04-19,40.480000000000004
2019-04-20,37.72
2019-04-21,33.58
2019-04-22,43.7
2019-04-23,43.24
2019-04-24,42.32
2019-04-25,40.940000000000005
2019-04-26,41.86
2019-04-27,39.56
2019-04-28,35.88
2019-04-29,45.54
2019-04-30,42.32
2019-05-01,39.48
2019-05-02,39.01
2019-05-03,39.949999999999996
2019-05-04,37.599999999999994
2019-05-05,34.309999999999995
2019-05-06,41.36
2019-05-07,38.07
2019-05-08,38.54
2019-05-09,37.599999999999994
2019-05-10,36.19
2019-05-11,31.959999999999997
2019-05-12,33.37
2019-05-13,39.01
2019-05-14,41.83
2019-05-15,41.36
2019-05-16,39.949999999999996
2019-05-17,39.949999999999996
2019-05-18,35.25
2019-05-19,34.309999999999995
2019-05-20,42.769999999999996
2019-05-21,39.949999999999996
2019-05-22,38.54
2019-05-23,41.36
2019-05-24,43.239999999999995
2019-05-25,39.01
2019-05-26,32.9
2019-05-27,32.9
2019-05-28,41.36
2019-05-29,44.18
2019-05-30,47.0
2019-05-31,42.769999999999996
2019-06-01,46.5
2019-06-02,41.5
2019-06-03,48.5
2019-06-04,47.5
2019-06-05,47.0
2019-06-06,43.0
2019-06-07,46.5
2019-06-08,41.0
2019-06-09,37.0
2019-06-10,48.5
2019-06-11,48.5
2019-06-12,47.0
2019-06-13,46.0
2019-06-14,49.5
2019-06-15,40.0
2019-06-16,35.0
2019-06-17,48.0
2019-06-18,48.0
2019-06-19,48.0
2019-06-20,46.0
2019-06-21,45.0
2019-06-22,39.5
2019-06-23,33.5
2019-06-24,48.0
2019-06-25,46.5
2019-06-26,44.5
2019-06-27,45.5
2019-06-28,50.0
2019-06-29,41.0
2019-06-30,38.5
2019-07-01,50.0
2019-07-02,47.5
2019-07-03,50.0
2019-07-04,33.5
2019-07-05,42.5
2019-07-06,39.0
2019-07-07,36.0
2019-07-08,48.5
2019-07-09,45.0
2019-07-10,43.0
2019-07-11,45.5
2019-07-12,44.5
2019-07-13,37.5
2019-07-14,35.0
2019-07-15,44.5
2019-07-16,45.5
2019-07-17,46.5
2019-07-18,46.0
2019-07-19,44.5
2019-07-20,39.0
2019-07-21,41.0
2019-07-22,45.5
2019-07-23,45.5
2019-07-24,43.0
2019-07-25,48.5
2019-07-26,43.0
2019-07-27,43.0
2019-07-28,38.0
2019-07-29,45.0
2019-07-30,46.0
2019-07-31,49.0
2019-08-01,50.0
2019-08-02,49.5
2019-08-03,40.0
2019-08-04,34.0
2019-08-05,46.0
2019-08-06,45.5
2019-08-07,48.5
2019-08-08,46.0
2019-08-09,48.0
2019-08-10,40.0
2019-08-11,34.5
2019-08-12,45.0
2019-08-13,46.0
2019-08-14,48.0
2019-08-15,48.0
2019-08-16,46.5
2019-08-17,42.0
2019-08-18,37.5
2019-08-19,49.5
2019-08-20,43.0
2019-08-21,45.5
2019-08-22,45.0
2019-08-23,44.5
2019-08-24,40.5
2019-08-25,36.0
2019-08-26,45.5
2019-08-27,45.0
2019-08-28,42.5
2019-08-29,48.5
2019-08-30,47.0
2019-08-31,47.5
2019-09-01,38.07
2019-09-02,36.66
2019-09-03,42.3
2019-09-04,45.12
2019-09-05,47.0
2019-09-06,45.589999999999996
2019-09-07,47.0
2019-09-08,43.239999999999995
2019-09-09,42.769999999999996
2019-09-10,40.89
2019-09-11,39.949999999999996
2019-09-12,41.83
2019-09-13,43.71
2019-09-14,42.3
2019-09-15,37.129999999999995
2019-09-16,40.419999999999995
2019-09-17,39.949999999999996
2019-09-18,43.239999999999995
2019-09-19,41.36
2019-09-20,39.01
2019-09-21,39.48
2019-09-22,38.07
2019-09-23,41.83
2019-09-24,40.419999999999995
2019-09-25,39.01
2019-09-26,43.71
2019-09-27,42.3
2019-09-28,41.83
2019-09-29,39.48
2019-09-30,43.239999999999995
2019-10-01,44.160000000000004
2019-10-02,45.080000000000005
2019-10-03,46.0
2019-10-04,45.080000000000005
2019-10-05,40.480000000000004
2019-10-06,34.04
2019-10-07,42.32
2019-10-08,38.64
2019-10-09,41.4
2019-10-10,42.78
2019-10-11,43.7
2019-10-12,44.620000000000005
2019-10-13,38.64
2019-10-14,41.4
2019-10-15,43.24
2019-10-16,40.940000000000005
2019-10-17,43.7
2019-10-18,41.4
2019-10-19,44.620000000000005
2019-10-20,35.88
2019-10-21,40.940000000000005
2019-10-22,40.02
2019-10-23,40.480000000000004
2019-10-24,38.64
2019-10-25,40.02
2019-10-26,39.56
2019-10-27,37.72
2019-10-28,42.78
2019-10-29,41.4
2019-10-30,39.1
2019-10-31,37.72
2019-11-01,43.2
2019-11-02,39.6
2019-11-03,35.550000000000004
2019-11-04,41.85
2019-11-05,45.0
2019-11-06,39.15
2019-11-07,36.45
2019-11-08,38.25
2019-11-09,37.35
2019-11-10,33.300000000000004
2019-11-11,37.35
2019-11-12,40.050000000000004
2019-11-13,41.4
2019-11-14,37.35
2019-11-15,37.35
2019-11-16,38.25
2019-11-17,32.85
2019-11-18,38.25
2019-11-19,35.550000000000004
2019-11-20,36.0
2019-11-21,37.35
2019-11-22,36.9
2019-11-23,37.35
2019-11-24,32.4
2019-11-25,34.65
2019-11-26,35.550000000000004
2019-11-27,36.9
2019-11-28,28.8
2019-11-29,37.800000000000004
2019-11-30,38.7
2019-12-01,35.26
2019-12-02,39.99
2019-12-03,40.42
2019-12-04,40.85
2019-12-05,38.7
2019-12-06,39.13
2019-12-07,38.269999999999996
2019-12-08,33.97
2019-12-09,35.26
2019-12-10,36.98
2019-12-11,40.42
2019-12-12,35.26
2019-12-13,36.55
2019-12-14,37.41
2019-12-15,32.68
2019-12-16,34.83
2019-12-17,35.26
2019-12-18,37.41
2019-12-19,37.41
2019-12-20,39.13
2019-12-21,37.839999999999996
2019-12-22,29.669999999999998
2019-12-23,35.69
2019-12-24,30.53
2019-12-25,27.52
2019-12-26,42.14
2019-12-27,43.0
2019-12-28,38.269999999999996
2019-12-29,33.54
2019-12-30,39.99
2019-12-31,41.71
2020-01-01,27.900000000000002
2020-01-02,32.85
2020-01-03,32.85
2020-01-04,31.5
2020-01-05,26.55
2020-01-06,31.05
2020-01-07,32.85
2020-01-08,29.7
2020-01-09,30.150000000000002
2020-01-10,29.7
2020-01-11,31.95
2020-01-12,23.400000000000002
2020-01-13,29.25
2020-01-14,30.150000000000002
2020-01-15,30.6
2020-01-16,29.7
2020-01-17,29.25
2020-01-18,30.6
2020-01-19,27.0
2020-01-20,29.7
2020-01-21,29.25
2020-01-22,30.6
2020-01-23,45.0
2020-01-24,30.150000000000002
2020-01-25,30.150000000000002
2020-01-26,21.150000000000002
2020-01-27,28.8
2020-01-28,31.05
2020-01-29,29.7
2020-01-30,27.0
2020-01-31,30.150000000000002
2020-02-01,41.58
2020-02-02,34.86
2020-02-03,39.059999999999995
2020-02-04,40.74
2020-02-05,36.54
2020-02-06,35.699999999999996
2020-02-07,38.64
2020-02-08,38.22
2020-02-09,34.44
2020-02-10,35.699999999999996
2020-02-11,38.64
2020-02-12,39.059999999999995
2020-02-13,37.379999999999995
2020-02-14,42.0
2020-02-15,36.12
2020-02-16,34.86
2020-02-17,39.48
2020-02-18,37.8
2020-02-19,36.96
2020-02-20,36.12
2020-02-21,37.8
2020-02-22,38.22
2020-02-23,34.44
2020-02-24,37.8
2020-02-25,36.54
2020-02-26,37.379999999999995
2020-02-27,37.379999999999995
2020-02-28,39.48
2020-02-29,40.74
2020-03-01,30.87
2020-03-02,34.3
2020-03-03,36.26
2020-03-04,36.75
2020-03-05,34.3
2020-03-06,37.24
2020-03-07,33.32
2020-03-08,26.46
2020-03-09,32.339999999999996
2020-03-10,32.83
2020-03-11,33.32
2020-03-12,30.38
2020-03-13,40.18
2020-03-14,39.69
2020-03-15,34.79
2020-03-16,48.019999999999996
2020-03-17,46.55
2020-03-18,48.51
2020-03-19,47.04
2020-03-20,49.0
2020-03-21,40.18
2020-03-22,37.24
2020-03-23,45.57
2020-03-24,49.0
2020-03-25,47.53
2020-03-26,45.57
2020-03-27,43.61
2020-03-28,37.24
2020-03-29,34.3
2020-03-30,42.14
2020-03-31,44.589999999999996
2020-04-01,46.529999999999994
2020-04-02,47.0
2020-04-03,46.059999999999995
2020-04-04,38.07
2020-04-05,32.43
2020-04-06,39.48
2020-04-07,42.3
2020-04-08,39.949999999999996
2020-04-09,42.3
2020-04-10,41.83
2020-04-11,35.25
2020-04-12,27.729999999999997
2020-04-13,41.36
2020-04-14,40.89
2020-04-15,40.419999999999995
2020-04-16,40.419999999999995
2020-04-17,38.54
2020-04-18,31.49
2020-04-19,27.729999999999997
2020-04-20,37.129999999999995
2020-04-21,39.01
2020-04-22,37.129999999999995
2020-04-23,36.19
2020-04-24,38.07
2020-04-25,31.49
2020-04-26,29.139999999999997
2020-04-27,35.25
2020-04-28,38.07
2020-04-29,36.19
2020-04-30,38.54
