date,EDD
2011-01-01,5.7
2011-01-02,8.7
2011-01-03,14.399999999999999
2011-01-04,14.25
2011-01-05,13.799999999999999
2011-01-06,14.399999999999999
2011-01-07,12.75
2011-01-08,10.95
2011-01-09,7.05
2011-01-10,14.25
2011-01-11,13.799999999999999
2011-01-12,13.95
2011-01-13,12.15
2011-01-14,10.5
2011-01-15,10.049999999999999
2011-01-16,7.8
2011-01-17,10.2
2011-01-18,11.1
2011-01-19,12.6
2011-01-20,15.0
2011-01-21,13.2
2011-01-22,8.85
2011-01-23,7.5
2011-01-24,12.9
2011-01-25,12.45
2011-01-26,12.299999999999999
2011-01-27,12.45
2011-01-28,10.799999999999999
2011-01-29,8.549999999999999
2011-01-30,6.45
2011-01-31,10.5
2011-02-01,8.19
2011-02-02,8.84
2011-02-03,8.06
2011-02-04,9.49
2011-02-05,6.24
2011-02-06,4.42
2011-02-07,9.36
2011-02-08,9.36
2011-02-09,10.66
2011-02-10,8.06
2011-02-11,6.76
2011-02-12,5.46
2011-02-13,5.07
2011-02-14,8.97
2011-02-15,13.0
2011-02-16,9.75
2011-02-17,7.54
2011-02-18,8.58
2011-02-19,8.32
2011-02-20,7.930000000000001
2011-02-21,7.0200000000000005
2011-02-22,8.32
2011-02-23,8.97
2011-02-24,9.620000000000001
2011-02-25,8.32
2011-02-26,6.63
2011-02-27,6.11
2011-02-28,7.41
2011-03-01,10.2
2011-03-02,12.0
2011-03-03,9.84
2011-03-04,10.68
2011-03-05,6.6
2011-03-06,7.199999999999999
2011-03-07,11.28
2011-03-08,11.639999999999999
2011-03-09,11.04
2011-03-10,10.44
2011-03-11,9.12
2011-03-12,4.32
2011-03-13,5.88
2011-03-14,11.52
2011-03-15,10.2
2011-03-16,10.799999999999999
2011-03-17,11.16
2011-03-18,9.84
2011-03-19,7.92
2011-03-20,6.24
2011-03-21,10.08
2011-03-22,9.12
2011-03-23,9.959999999999999
2011-03-24,9.48
2011-03-25,11.4
2011-03-26,6.6
2011-03-27,5.279999999999999
2011-03-28,9.6
2011-03-29,9.84
2011-03-30,9.84
2011-03-31,11.04
2011-04-01,9.84
2011-04-02,7.199999999999999
2011-04-03,5.04
2011-04-04,10.2
2011-04-05,10.68
2011-04-06,8.4
2011-04-07,8.04
2011-04-08,9.719999999999999
2011-04-09,6.6
2011-04-10,6.4799999999999995
2011-04-11,10.799999999999999
2011-04-12,9.719999999999999
2011-04-13,9.6
2011-04-14,11.4
2011-04-15,8.4
2011-04-16,9.24
2011-04-17,6.96
2011-04-18,12.0
2011-04-19,7.92
2011-04-20,7.319999999999999
2011-04-21,6.96
2011-04-22,7.92
2011-04-23,6.4799999999999995
2011-04-24,4.08
2011-04-25,9.959999999999999
2011-04-26,9.12
2011-04-27,8.04
2011-04-28,7.8
2011-04-29,9.0
2011-04-30,6.72
2011-05-01,5.88
2011-05-02,11.4
2011-05-03,9.6
2011-05-04,9.959999999999999
2011-05-05,9.12
2011-05-06,10.32
2011-05-07,7.199999999999999
2011-05-08,5.76
2011-05-09,10.559999999999999
2011-05-10,9.84
2011-05-11,10.2
2011-05-12,11.04
2011-05-13,10.559999999999999
2011-05-14,6.0
2011-05-15,5.279999999999999
2011-05-16,10.2
2011-05-17,9.6
2011-05-18,10.559999999999999
2011-05-19,8.879999999999999
2011-05-20,9.48
2011-05-21,7.92
2011-05-22,4.8
2011-05-23,11.879999999999999
2011-05-24,9.0
2011-05-25,11.52
2011-05-26,8.52
2011-05-27,12.0
2011-05-28,6.359999999999999
2011-05-29,6.72
2011-05-30,6.6
2011-05-31,10.92
2011-06-01,9.49
2011-06-02,7.930000000000001
2011-06-03,9.36
2011-06-04,7.800000000000001
2011-06-05,5.33
2011-06-06,10.14
2011-06-07,11.700000000000001
2011-06-08,11.96
2011-06-09,11.18
2011-06-10,11.05
2011-06-11,6.76
2011-06-12,6.11
2011-06-13,11.96
2011-06-14,10.4
2011-06-15,11.57
2011-06-16,9.620000000000001
2011-06-17,9.49
2011-06-18,7.41
2011-06-19,7.28
2011-06-20,11.440000000000001
2011-06-21,9.620000000000001
2011-06-22,9.88
2011-06-23,11.57
2011-06-24,11.05
2011-06-25,7.800000000000001
2011-06-26,5.8500000000000005
2011-06-27,11.83
2011-06-28,12.35
2011-06-29,11.05
2011-06-30,13.0
2011-07-01,13.580000000000002
2011-07-02,5.180000000000001
2011-07-03,7.280000000000001
2011-07-04,6.720000000000001
2011-07-05,12.88
2011-07-06,14.000000000000002
2011-07-07,10.780000000000001
2011-07-08,12.600000000000001
2011-07-09,9.520000000000001
2011-07-10,7.280000000000001
2011-07-11,12.740000000000002
2011-07-12,11.200000000000001
2011-07-13,11.760000000000002
2011-07-14,10.080000000000002
2011-07-15,13.440000000000001
2011-07-16,7.98
2011-07-17,7.000000000000001
2011-07-18,13.3
2011-07-19,13.160000000000002
2011-07-20,11.760000000000002
2011-07-21,11.760000000000002
2011-07-22,10.920000000000002
2011-07-23,9.24
2011-07-24,7.420000000000001
2011-07-25,13.3
2011-07-26,12.46
2011-07-27,11.340000000000002
2011-07-28,9.940000000000001
2011-07-29,11.620000000000001
2011-07-30,7.700000000000001
2011-07-31,8.540000000000001
2011-08-01,15.0
2011-08-02,11.85
2011-08-03,9.6
2011-08-04,12.0
2011-08-05,10.799999999999999
2011-08-06,7.8
2011-08-07,7.949999999999999
2011-08-08,11.1
2011-08-09,10.35
2011-08-10,12.0
2011-08-11,11.4
2011-08-12,10.5
2011-08-13,7.199999999999999
2011-08-14,7.199999999999999
2011-08-15,12.75
2011-08-16,12.0
2011-08-17,12.15
2011-08-18,13.049999999999999
2011-08-19,12.9
2011-08-20,9.6
2011-08-21,7.6499999999999995
2011-08-22,14.549999999999999
2011-08-23,11.7
2011-08-24,12.9
2011-08-25,12.45
2011-08-26,13.049999999999999
2011-08-27,8.85
2011-08-28,8.1
2011-08-29,15.0
2011-08-30,13.5
2011-08-31,12.0
2011-09-01,13.770000000000001
2011-09-02,13.260000000000002
2011-09-03,8.33
2011-09-04,8.67
2011-09-05,7.140000000000001
2011-09-06,13.430000000000001
2011-09-07,16.150000000000002
2011-09-08,14.96
2011-09-09,15.98
2011-09-10,9.860000000000001
2011-09-11,9.180000000000001
2011-09-12,16.490000000000002
2011-09-13,14.450000000000001
2011-09-14,12.750000000000002
2011-09-15,11.39
2011-09-16,14.110000000000001
2011-09-17,9.180000000000001
2011-09-18,8.5
2011-09-19,17.0
2011-09-20,14.110000000000001
2011-09-21,15.47
2011-09-22,13.090000000000002
2011-09-23,14.280000000000001
2011-09-24,8.84
2011-09-25,9.180000000000001
2011-09-26,16.830000000000002
2011-09-27,15.64
2011-09-28,14.790000000000001
2011-09-29,16.66
2011-09-30,16.32
2011-10-01,9.5
2011-10-02,10.07
2011-10-03,16.91
2011-10-04,15.01
2011-10-05,16.34
2011-10-06,16.15
2011-10-07,15.2
2011-10-08,9.69
2011-10-09,11.4
2011-10-10,15.77
2011-10-11,16.34
2011-10-12,17.29
2011-10-13,16.91
2011-10-14,19.0
2011-10-15,11.59
2011-10-16,10.45
2011-10-17,15.77
2011-10-18,18.62
2011-10-19,14.44
2011-10-20,15.58
2011-10-21,14.82
2011-10-22,12.540000000000001
2011-10-23,11.59
2011-10-24,18.05
2011-10-25,15.77
2011-10-26,15.39
2011-10-27,15.77
2011-10-28,13.68
2011-10-29,10.07
2011-10-30,11.78
2011-10-31,16.91
2011-11-01,17.1
2011-11-02,14.25
2011-11-03,13.49
2011-11-04,15.96
2011-11-05,11.02
2011-11-06,9.31
2011-11-07,15.96
2011-11-08,13.870000000000001
2011-11-09,13.68
2011-11-10,13.11
2011-11-11,11.21
2011-11-12,7.22
2011-11-13,10.45
2011-11-14,15.2
2011-11-15,15.01
2011-11-16,14.63
2011-11-17,14.06
2011-11-18,15.39
2011-11-19,10.07
2011-11-20,11.97
2011-11-21,15.39
2011-11-22,16.72
2011-11-23,13.3
2011-11-24,8.36
2011-11-25,10.26
2011-11-26,11.97
2011-11-27,10.45
2011-11-28,16.91
2011-11-29,19.0
2011-11-30,15.96
2011-12-01,15.4
2011-12-02,14.200000000000001
2011-12-03,13.200000000000001
2011-12-04,13.600000000000001
2011-12-05,13.600000000000001
2011-12-06,14.8
2011-12-07,13.200000000000001
2011-12-08,15.200000000000001
2011-12-09,13.0
2011-12-10,10.200000000000001
2011-12-11,14.600000000000001
2011-12-12,15.8
2011-12-13,19.400000000000002
2011-12-14,16.400000000000002
2011-12-15,15.600000000000001
2011-12-16,15.4
2011-12-17,14.4
2011-12-18,13.4
2011-12-19,16.400000000000002
2011-12-20,20.0
2011-12-21,18.2
2011-12-22,17.2
2011-12-23,16.8
2011-12-24,9.200000000000001
2011-12-25,9.4
2011-12-26,12.600000000000001
2011-12-27,17.8
2011-12-28,19.6
2011-12-29,16.400000000000002
2011-12-30,19.0
2011-12-31,12.200000000000001
2012-01-01,11.5
2012-01-02,15.64
2012-01-03,23.0
2012-01-04,22.310000000000002
2012-01-05,20.01
2012-01-06,22.080000000000002
2012-01-07,13.34
2012-01-08,12.88
2012-01-09,19.09
2012-01-10,22.080000000000002
2012-01-11,18.630000000000003
2012-01-12,20.470000000000002
2012-01-13,19.55
2012-01-14,13.8
2012-01-15,11.5
2012-01-16,15.41
2012-01-17,19.78
2012-01-18,22.77
2012-01-19,19.09
2012-01-20,19.32
2012-01-21,12.65
2012-01-22,11.5
2012-01-23,19.32
2012-01-24,22.080000000000002
2012-01-25,20.7
2012-01-26,18.400000000000002
2012-01-27,19.09
2012-01-28,12.42
2012-01-29,11.96
2012-01-30,17.71
2012-01-31,22.080000000000002
2012-02-01,19.580000000000002
2012-02-02,18.92
2012-02-03,16.5
2012-02-04,11.66
2012-02-05,11.0
2012-02-06,19.36
2012-02-07,22.0
2012-02-08,18.7
2012-02-09,20.24
2012-02-10,18.04
2012-02-11,13.64
2012-02-12,12.540000000000001
2012-02-13,16.28
2012-02-14,20.02
2012-02-15,18.48
2012-02-16,19.36
2012-02-17,17.82
2012-02-18,14.52
2012-02-19,12.32
2012-02-20,15.18
2012-02-21,21.78
2012-02-22,20.24
2012-02-23,20.46
2012-02-24,17.38
2012-02-25,13.86
2012-02-26,13.64
2012-02-27,17.6
2012-02-28,19.36
2012-02-29,18.7
2012-03-01,11.66
2012-03-02,12.76
2012-03-03,8.8
2012-03-04,8.14
2012-03-05,12.98
2012-03-06,12.540000000000001
2012-03-07,10.78
2012-03-08,11.88
2012-03-09,11.22
2012-03-10,8.14
2012-03-11,7.92
2012-03-12,12.32
2012-03-13,11.66
2012-03-14,12.76
2012-03-15,12.98
2012-03-16,10.56
2012-03-17,8.36
2012-03-18,9.24
2012-03-19,12.540000000000001
2012-03-20,12.1
2012-03-21,11.44
2012-03-22,10.34
2012-03-23,10.78
2012-03-24,8.14
2012-03-25,7.7
2012-03-26,12.540000000000001
2012-03-27,13.2
2012-03-28,22.0
2012-03-29,17.38
2012-03-30,14.52
2012-03-31,9.02
2012-04-01,14.74
2012-04-02,20.68
2012-04-03,21.34
2012-04-04,18.92
2012-04-05,19.14
2012-04-06,15.62
2012-04-07,12.76
2012-04-08,13.2
2012-04-09,17.6
2012-04-10,19.14
2012-04-11,18.04
2012-04-12,20.24
2012-04-13,15.84
2012-04-14,14.08
2012-04-15,13.64
2012-04-16,20.9
2012-04-17,19.14
2012-04-18,18.7
2012-04-19,18.04
2012-04-20,15.84
2012-04-21,13.2
2012-04-22,13.64
2012-04-23,20.02
2012-04-24,18.92
2012-04-25,18.92
2012-04-26,16.5
2012-04-27,16.94
2012-04-28,12.76
2012-04-29,13.86
2012-04-30,22.0
2012-05-01,19.95
2012-05-02,18.06
2012-05-03,16.8
2012-05-04,17.64
2012-05-05,11.129999999999999
2012-05-06,12.389999999999999
2012-05-07,18.689999999999998
2012-05-08,19.74
2012-05-09,16.8
2012-05-10,16.169999999999998
2012-05-11,16.59
2012-05-12,14.28
2012-05-13,13.02
2012-05-14,19.74
2012-05-15,17.43
2012-05-16,18.06
2012-05-17,17.009999999999998
2012-05-18,15.54
2012-05-19,15.54
2012-05-20,12.389999999999999
2012-05-21,18.9
2012-05-22,18.48
2012-05-23,16.59
2012-05-24,16.8
2012-05-25,17.009999999999998
2012-05-26,11.129999999999999
2012-05-27,13.02
2012-05-28,13.02
2012-05-29,19.32
2012-05-30,21.0
2012-05-31,16.8
2012-06-01,19.580000000000002
2012-06-02,11.0
2012-06-03,13.86
2012-06-04,19.8
2012-06-05,20.9
2012-06-06,16.28
2012-06-07,18.48
2012-06-08,16.5
2012-06-09,11.66
2012-06-10,14.08
2012-06-11,19.8
2012-06-12,21.34
2012-06-13,16.72
2012-06-14,15.62
2012-06-15,17.38
2012-06-16,13.2
2012-06-17,16.06
2012-06-18,20.46
2012-06-19,22.0
2012-06-20,19.36
2012-06-21,17.16
2012-06-22,16.5
2012-06-23,13.86
2012-06-24,14.08
2012-06-25,20.46
2012-06-26,21.56
2012-06-27,18.04
2012-06-28,16.28
2012-06-29,19.580000000000002
2012-06-30,16.06
2012-07-01,17.52
2012-07-02,24.0
2012-07-03,18.72
2012-07-04,16.08
2012-07-05,19.2
2012-07-06,21.599999999999998
2012-07-07,12.719999999999999
2012-07-08,15.12
2012-07-09,21.36
2012-07-10,19.919999999999998
2012-07-11,19.68
2012-07-12,18.96
2012-07-13,20.88
2012-07-14,14.16
2012-07-15,14.399999999999999
2012-07-16,22.08
2012-07-17,23.279999999999998
2012-07-18,19.2
2012-07-19,17.28
2012-07-20,17.28
2012-07-21,13.2
2012-07-22,15.6
2012-07-23,24.0
2012-07-24,19.439999999999998
2012-07-25,19.2
2012-07-26,18.96
2012-07-27,19.2
2012-07-28,14.399999999999999
2012-07-29,17.52
2012-07-30,23.04
2012-07-31,21.36
2012-08-01,19.09
2012-08-02,15.41
2012-08-03,18.400000000000002
2012-08-04,11.270000000000001
2012-08-05,14.030000000000001
2012-08-06,18.86
2012-08-07,18.400000000000002
2012-08-08,19.32
2012-08-09,16.1
2012-08-10,14.030000000000001
2012-08-11,10.58
2012-08-12,13.57
2012-08-13,19.55
2012-08-14,18.400000000000002
2012-08-15,18.630000000000003
2012-08-16,16.79
2012-08-17,17.48
2012-08-18,12.88
2012-08-19,12.42
2012-08-20,20.470000000000002
2012-08-21,19.78
2012-08-22,18.17
2012-08-23,16.560000000000002
2012-08-24,14.72
2012-08-25,12.42
2012-08-26,12.88
2012-08-27,17.71
2012-08-28,23.0
2012-08-29,18.86
2012-08-30,16.1
2012-08-31,16.560000000000002
2012-09-01,11.600000000000001
2012-09-02,12.8
2012-09-03,11.600000000000001
2012-09-04,18.6
2012-09-05,20.0
2012-09-06,17.8
2012-09-07,14.8
2012-09-08,11.4
2012-09-09,11.200000000000001
2012-09-10,18.6
2012-09-11,17.400000000000002
2012-09-12,16.0
2012-09-13,18.400000000000002
2012-09-14,15.0
2012-09-15,12.0
2012-09-16,11.4
2012-09-17,18.2
2012-09-18,18.8
2012-09-19,15.4
2012-09-20,16.6
2012-09-21,14.200000000000001
2012-09-22,11.0
2012-09-23,12.200000000000001
2012-09-24,18.2
2012-09-25,16.8
2012-09-26,18.0
2012-09-27,14.8
2012-09-28,14.600000000000001
2012-09-29,12.0
2012-09-30,12.4
2012-10-01,19.32
2012-10-02,17.64
2012-10-03,16.59
2012-10-04,16.8
2012-10-05,16.8
2012-10-06,12.18
2012-10-07,13.44
2012-10-08,19.32
2012-10-09,16.8
2012-10-10,19.529999999999998
2012-10-11,16.38
2012-10-12,16.59
2012-10-13,13.229999999999999
2012-10-14,13.229999999999999
2012-10-15,18.9
2012-10-16,20.37
2012-10-17,19.95
2012-10-18,18.06
2012-10-19,15.54
2012-10-20,12.18
2012-10-21,13.44
2012-10-22,21.0
2012-10-23,18.27
2012-10-24,17.009999999999998
2012-10-25,17.43
2012-10-26,17.22
2012-10-27,12.389999999999999
2012-10-28,14.07
2012-10-29,17.849999999999998
2012-10-30,18.689999999999998
2012-10-31,16.8
2012-11-01,18.04
2012-11-02,15.84
2012-11-03,12.540000000000001
2012-11-04,11.88
2012-11-05,17.16
2012-11-06,18.04
2012-11-07,15.84
2012-11-08,16.28
2012-11-09,15.84
2012-11-10,11.44
2012-11-11,14.3
2012-11-12,14.96
2012-11-13,20.9
2012-11-14,22.0
2012-11-15,20.24
2012-11-16,20.02
2012-11-17,14.74
2012-11-18,14.74
2012-11-19,21.12
2012-11-20,19.14
2012-11-21,18.48
2012-11-22,12.540000000000001
2012-11-23,14.3
2012-11-24,13.2
2012-11-25,14.74
2012-11-26,21.12
2012-11-27,21.78
2012-11-28,22.0
2012-11-29,18.48
2012-11-30,18.04
2012-12-01,14.72
2012-12-02,16.1
2012-12-03,20.01
2012-12-04,20.470000000000002
2012-12-05,18.400000000000002
2012-12-06,20.01
2012-12-07,18.86
2012-12-08,12.42
2012-12-09,14.49
2012-12-10,18.86
2012-12-11,21.85
2012-12-12,21.16
2012-12-13,19.78
2012-12-14,18.17
2012-12-15,14.950000000000001
2012-12-16,14.030000000000001
2012-12-17,23.0
2012-12-18,21.85
2012-12-19,20.7
2012-12-20,16.330000000000002
2012-12-21,17.48
2012-12-22,15.180000000000001
2012-12-23,15.41
2012-12-24,20.7
2012-12-25,14.26
2012-12-26,18.630000000000003
2012-12-27,22.310000000000002
2012-12-28,19.78
2012-12-29,17.71
2012-12-30,17.71
2012-12-31,22.080000000000002
2013-01-01,18.0
2013-01-02,25.0
2013-01-03,25.0
2013-01-04,19.5
2013-01-05,16.25
2013-01-06,15.0
2013-01-07,23.25
2013-01-08,21.5
2013-01-09,18.25
2013-01-10,21.5
2013-01-11,16.5
2013-01-12,13.5
2013-01-13,15.25
2013-01-14,22.25
2013-01-15,22.25
2013-01-16,18.75
2013-01-17,19.0
2013-01-18,18.25
2013-01-19,13.5
2013-01-20,12.0
2013-01-21,15.25
2013-01-22,20.25
2013-01-23,21.0
2013-01-24,16.75
2013-01-25,17.5
2013-01-26,12.75
2013-01-27,15.25
2013-01-28,18.75
2013-01-29,19.5
2013-01-30,19.75
2013-01-31,17.25
2013-02-01,18.26
2013-02-02,13.64
2013-02-03,13.2
2013-02-04,19.8
2013-02-05,20.24
2013-02-06,18.7
2013-02-07,19.36
2013-02-08,18.7
2013-02-09,13.64
2013-02-10,14.3
2013-02-11,19.580000000000002
2013-02-12,22.0
2013-02-13,17.38
2013-02-14,17.16
2013-02-15,18.48
2013-02-16,14.74
2013-02-17,12.32
2013-02-18,12.76
2013-02-19,21.78
2013-02-20,21.56
2013-02-21,17.38
2013-02-22,18.04
2013-02-23,12.76
2013-02-24,13.42
2013-02-25,18.92
2013-02-26,22.0
2013-02-27,16.94
2013-02-28,19.36
2013-03-01,17.009999999999998
2013-03-02,12.18
2013-03-03,12.389999999999999
2013-03-04,18.9
2013-03-05,18.48
2013-03-06,17.43
2013-03-07,15.75
2013-03-08,16.169999999999998
2013-03-09,13.229999999999999
2013-03-10,12.809999999999999
2013-03-11,19.74
2013-03-12,21.0
2013-03-13,17.43
2013-03-14,16.59
2013-03-15,16.8
2013-03-16,12.18
2013-03-17,12.18
2013-03-18,17.43
2013-03-19,17.849999999999998
2013-03-20,16.59
2013-03-21,15.75
2013-03-22,16.38
2013-03-23,11.34
2013-03-24,12.389999999999999
2013-03-25,19.95
2013-03-26,19.74
2013-03-27,15.959999999999999
2013-03-28,17.009999999999998
2013-03-29,15.75
2013-03-30,11.549999999999999
2013-03-31,12.18
2013-04-01,19.09
2013-04-02,23.0
2013-04-03,23.0
2013-04-04,19.78
2013-04-05,17.25
2013-04-06,13.8
2013-04-07,16.560000000000002
2013-04-08,22.080000000000002
2013-04-09,21.16
2013-04-10,17.94
2013-04-11,17.25
2013-04-12,18.400000000000002
2013-04-13,13.110000000000001
2013-04-14,14.26
2013-04-15,20.470000000000002
2013-04-16,18.86
2013-04-17,17.25
2013-04-18,17.25
2013-04-19,17.02
2013-04-20,12.65
2013-04-21,13.8
2013-04-22,19.55
2013-04-23,18.86
2013-04-24,18.630000000000003
2013-04-25,17.02
2013-04-26,17.71
2013-04-27,13.110000000000001
2013-04-28,15.41
2013-04-29,21.16
2013-04-30,22.080000000000002
2013-05-01,15.62
2013-05-02,15.84
2013-05-03,17.16
2013-05-04,12.1
2013-05-05,15.84
2013-05-06,20.46
2013-05-07,21.34
2013-05-08,16.28
2013-05-09,15.4
2013-05-10,15.62
2013-05-11,11.44
2013-05-12,13.42
2013-05-13,21.12
2013-05-14,21.34
2013-05-15,18.48
2013-05-16,19.36
2013-05-17,17.6
2013-05-18,13.64
2013-05-19,13.86
2013-05-20,19.36
2013-05-21,19.580000000000002
2013-05-22,18.04
2013-05-23,16.94
2013-05-24,17.38
2013-05-25,11.22
2013-05-26,14.3
2013-05-27,16.94
2013-05-28,22.0
2013-05-29,20.9
2013-05-30,19.14
2013-05-31,17.16
2013-06-01,14.52
2013-06-02,15.18
2013-06-03,18.7
2013-06-04,20.46
2013-06-05,18.26
2013-06-06,17.6
2013-06-07,16.28
2013-06-08,12.540000000000001
2013-06-09,14.52
2013-06-10,22.0
2013-06-11,18.48
2013-06-12,16.94
2013-06-13,15.62
2013-06-14,18.7
2013-06-15,12.98
2013-06-16,15.84
2013-06-17,19.14
2013-06-18,21.12
2013-06-19,18.26
2013-06-20,16.5
2013-06-21,18.92
2013-06-22,13.64
2013-06-23,14.08
2013-06-24,20.68
2013-06-25,19.14
2013-06-26,19.580000000000002
2013-06-27,17.82
2013-06-28,16.94
2013-06-29,12.32
2013-06-30,15.18
2013-07-01,20.25
2013-07-02,21.25
2013-07-03,19.75
2013-07-04,13.5
2013-07-05,15.5
2013-07-06,10.75
2013-07-07,15.25
2013-07-08,19.75
2013-07-09,21.5
2013-07-10,15.5
2013-07-11,17.0
2013-07-12,18.0
2013-07-13,13.25
2013-07-14,14.5
2013-07-15,20.0
2013-07-16,21.25
2013-07-17,17.25
2013-07-18,16.75
2013-07-19,17.5
2013-07-20,14.0
2013-07-21,13.75
2013-07-22,19.5
2013-07-23,21.5
2013-07-24,20.75
2013-07-25,18.5
2013-07-26,16.5
2013-07-27,12.25
2013-07-28,16.75
2013-07-29,18.25
2013-07-30,25.0
2013-07-31,24.0
2013-08-01,22.0
2013-08-02,18.26
2013-08-03,13.64
2013-08-04,15.18
2013-08-05,18.7
2013-08-06,20.46
2013-08-07,16.94
2013-08-08,15.84
2013-08-09,15.4
2013-08-10,12.540000000000001
2013-08-11,14.96
2013-08-12,20.46
2013-08-13,20.9
2013-08-14,16.94
2013-08-15,16.06
2013-08-16,15.84
2013-08-17,10.12
2013-08-18,13.64
2013-08-19,19.36
2013-08-20,20.02
2013-08-21,17.16
2013-08-22,16.06
2013-08-23,14.08
2013-08-24,11.22
2013-08-25,13.2
2013-08-26,18.04
2013-08-27,20.02
2013-08-28,16.28
2013-08-29,16.28
2013-08-30,15.84
2013-08-31,9.9
2013-09-01,14.3
2013-09-02,11.700000000000001
2013-09-03,20.54
2013-09-04,21.84
2013-09-05,20.54
2013-09-06,21.84
2013-09-07,14.82
2013-09-08,14.040000000000001
2013-09-09,22.1
2013-09-10,23.66
2013-09-11,23.14
2013-09-12,23.66
2013-09-13,21.84
2013-09-14,16.12
2013-09-15,15.34
2013-09-16,23.92
2013-09-17,26.0
2013-09-18,24.44
2013-09-19,21.580000000000002
2013-09-20,22.62
2013-09-21,15.08
2013-09-22,14.82
2013-09-23,21.580000000000002
2013-09-24,23.14
2013-09-25,20.28
2013-09-26,19.76
2013-09-27,20.8
2013-09-28,13.26
2013-09-29,15.600000000000001
2013-09-30,20.28
2013-10-01,20.470000000000002
2013-10-02,23.0
2013-10-03,20.01
2013-10-04,17.71
2013-10-05,13.34
2013-10-06,13.57
2013-10-07,19.78
2013-10-08,20.7
2013-10-09,17.71
2013-10-10,17.71
2013-10-11,16.79
2013-10-12,12.190000000000001
2013-10-13,12.65
2013-10-14,21.39
2013-10-15,18.86
2013-10-16,18.400000000000002
2013-10-17,17.94
2013-10-18,17.71
2013-10-19,11.270000000000001
2013-10-20,12.190000000000001
2013-10-21,18.86
2013-10-22,19.09
2013-10-23,16.79
2013-10-24,17.25
2013-10-25,17.02
2013-10-26,12.190000000000001
2013-10-27,12.65
2013-10-28,18.400000000000002
2013-10-29,19.78
2013-10-30,15.870000000000001
2013-10-31,14.950000000000001
2013-11-01,16.6
2013-11-02,12.4
2013-11-03,14.200000000000001
2013-11-04,18.6
2013-11-05,17.400000000000002
2013-11-06,16.400000000000002
2013-11-07,16.8
2013-11-08,16.6
2013-11-09,12.200000000000001
2013-11-10,12.4
2013-11-11,13.600000000000001
2013-11-12,19.400000000000002
2013-11-13,18.6
2013-11-14,18.0
2013-11-15,16.400000000000002
2013-11-16,12.8
2013-11-17,11.8
2013-11-18,17.6
2013-11-19,19.6
2013-11-20,17.8
2013-11-21,16.6
2013-11-22,17.2
2013-11-23,12.4
2013-11-24,11.0
2013-11-25,18.6
2013-11-26,20.0
2013-11-27,13.600000000000001
2013-11-28,10.600000000000001
2013-11-29,10.8
2013-11-30,11.600000000000001
2013-12-01,11.8
2013-12-02,17.8
2013-12-03,19.0
2013-12-04,17.6
2013-12-05,17.6
2013-12-06,15.4
2013-12-07,11.4
2013-12-08,11.200000000000001
2013-12-09,17.6
2013-12-10,18.8
2013-12-11,15.8
2013-12-12,17.400000000000002
2013-12-13,15.0
2013-12-14,11.4
2013-12-15,11.8
2013-12-16,18.400000000000002
2013-12-17,20.0
2013-12-18,15.8
2013-12-19,14.600000000000001
2013-12-20,16.6
2013-12-21,12.200000000000001
2013-12-22,14.200000000000001
2013-12-23,19.200000000000003
2013-12-24,17.6
2013-12-25,9.200000000000001
2013-12-26,15.8
2013-12-27,17.400000000000002
2013-12-28,12.200000000000001
2013-12-29,15.4
2013-12-30,19.0
2013-12-31,18.8
2014-01-01,11.270000000000001
2014-01-02,19.55
2014-01-03,19.09
2014-01-04,13.34
2014-01-05,13.57
2014-01-06,19.32
2014-01-07,20.240000000000002
2014-01-08,20.7
2014-01-09,21.16
2014-01-10,20.240000000000002
2014-01-11,15.180000000000001
2014-01-12,13.110000000000001
2014-01-13,20.470000000000002
2014-01-14,20.240000000000002
2014-01-15,19.32
2014-01-16,18.86
2014-01-17,19.09
2014-01-18,15.41
2014-01-19,13.110000000000001
2014-01-20,14.26
2014-01-21,22.77
2014-01-22,23.0
2014-01-23,18.630000000000003
2014-01-24,19.09
2014-01-25,14.26
2014-01-26,12.88
2014-01-27,17.48
2014-01-28,21.39
2014-01-29,18.400000000000002
2014-01-30,17.71
2014-01-31,18.17
2014-02-01,13.3
2014-02-02,10.64
2014-02-03,16.53
2014-02-04,19.0
2014-02-05,15.77
2014-02-06,7.41
2014-02-07,16.53
2014-02-08,13.3
2014-02-09,11.59
2014-02-10,16.53
2014-02-11,18.62
2014-02-12,16.91
2014-02-13,16.34
2014-02-14,15.2
2014-02-15,10.07
2014-02-16,10.64
2014-02-17,13.11
2014-02-18,16.72
2014-02-19,17.67
2014-02-20,14.63
2014-02-21,13.68
2014-02-22,11.21
2014-02-23,10.64
2014-02-24,14.44
2014-02-25,15.96
2014-02-26,15.77
2014-02-27,14.06
2014-02-28,14.06
2014-03-01,11.39
2014-03-02,11.9
2014-03-03,14.790000000000001
2014-03-04,16.150000000000002
2014-03-05,15.64
2014-03-06,15.64
2014-03-07,12.920000000000002
2014-03-08,11.39
2014-03-09,10.88
2014-03-10,16.490000000000002
2014-03-11,17.0
2014-03-12,15.3
2014-03-13,15.64
2014-03-14,13.430000000000001
2014-03-15,11.73
2014-03-16,11.9
2014-03-17,15.3
2014-03-18,17.0
2014-03-19,13.770000000000001
2014-03-20,14.110000000000001
2014-03-21,14.96
2014-03-22,10.88
2014-03-23,10.540000000000001
2014-03-24,15.81
2014-03-25,15.3
2014-03-26,15.98
2014-03-27,15.47
2014-03-28,15.98
2014-03-29,9.860000000000001
2014-03-30,10.540000000000001
2014-03-31,13.770000000000001
2014-04-01,17.099999999999998
2014-04-02,16.02
2014-04-03,14.04
2014-04-04,15.299999999999999
2014-04-05,11.34
2014-04-06,10.799999999999999
2014-04-07,15.299999999999999
2014-04-08,18.0
2014-04-09,17.46
2014-04-10,14.76
2014-04-11,13.86
2014-04-12,11.16
2014-04-13,9.36
2014-04-14,16.38
2014-04-15,14.94
2014-04-16,15.12
2014-04-17,14.76
2014-04-18,14.219999999999999
2014-04-19,10.08
2014-04-20,9.36
2014-04-21,15.479999999999999
2014-04-22,15.12
2014-04-23,14.76
2014-04-24,15.66
2014-04-25,14.76
2014-04-26,10.26
2014-04-27,9.54
2014-04-28,16.56
2014-04-29,16.74
2014-04-30,14.219999999999999
2014-05-01,12.48
2014-05-02,12.64
2014-05-03,11.68
2014-05-04,8.32
2014-05-05,14.88
2014-05-06,14.56
2014-05-07,14.4
2014-05-08,14.08
2014-05-09,13.280000000000001
2014-05-10,8.96
2014-05-11,8.32
2014-05-12,16.0
2014-05-13,13.76
2014-05-14,12.16
2014-05-15,12.96
2014-05-16,12.32
2014-05-17,8.8
2014-05-18,10.56
2014-05-19,15.200000000000001
2014-05-20,12.32
2014-05-21,11.84
2014-05-22,12.32
2014-05-23,13.120000000000001
2014-05-24,8.48
2014-05-25,7.36
2014-05-26,9.92
2014-05-27,13.6
2014-05-28,13.76
2014-05-29,12.48
2014-05-30,13.92
2014-05-31,8.48
2014-06-01,8.16
2014-06-02,15.68
2014-06-03,14.08
2014-06-04,12.64
2014-06-05,12.0
2014-06-06,12.0
2014-06-07,8.0
2014-06-08,9.76
2014-06-09,16.0
2014-06-10,14.4
2014-06-11,12.96
2014-06-12,12.32
2014-06-13,12.48
2014-06-14,9.28
2014-06-15,9.44
2014-06-16,14.08
2014-06-17,14.88
2014-06-18,12.32
2014-06-19,13.76
2014-06-20,11.84
2014-06-21,9.120000000000001
2014-06-22,9.92
2014-06-23,12.96
2014-06-24,12.96
2014-06-25,14.08
2014-06-26,13.6
2014-06-27,12.8
2014-06-28,9.28
2014-06-29,9.28
2014-06-30,14.72
2014-07-01,14.72
2014-07-02,13.280000000000001
2014-07-03,13.120000000000001
2014-07-04,8.64
2014-07-05,7.84
2014-07-06,10.08
2014-07-07,15.040000000000001
2014-07-08,13.6
2014-07-09,13.92
2014-07-10,14.24
2014-07-11,13.76
2014-07-12,8.64
2014-07-13,10.56
2014-07-14,13.92
2014-07-15,13.76
2014-07-16,12.96
2014-07-17,12.16
2014-07-18,9.76
2014-07-19,9.44
2014-07-20,9.76
2014-07-21,16.0
2014-07-22,14.4
2014-07-23,11.200000000000001
2014-07-24,12.64
2014-07-25,12.8
2014-07-26,8.64
2014-07-27,8.32
2014-07-28,13.6
2014-07-29,13.6
2014-07-30,13.120000000000001
2014-07-31,13.76
2014-08-01,12.9
2014-08-02,9.75
2014-08-03,9.15
2014-08-04,15.0
2014-08-05,13.35
2014-08-06,12.0
2014-08-07,12.9
2014-08-08,12.299999999999999
2014-08-09,9.6
2014-08-10,9.299999999999999
2014-08-11,13.5
2014-08-12,13.35
2014-08-13,12.299999999999999
2014-08-14,12.75
2014-08-15,13.95
2014-08-16,8.7
2014-08-17,9.0
2014-08-18,13.35
2014-08-19,12.299999999999999
2014-08-20,12.75
2014-08-21,11.549999999999999
2014-08-22,10.65
2014-08-23,8.1
2014-08-24,8.85
2014-08-25,12.75
2014-08-26,11.85
2014-08-27,10.2
2014-08-28,12.15
2014-08-29,12.9
2014-08-30,8.7
2014-08-31,8.4
2014-09-01,9.6
2014-09-02,13.5
2014-09-03,13.5
2014-09-04,13.35
2014-09-05,12.6
2014-09-06,9.15
2014-09-07,9.75
2014-09-08,13.2
2014-09-09,13.65
2014-09-10,11.25
2014-09-11,11.25
2014-09-12,10.65
2014-09-13,7.6499999999999995
2014-09-14,9.299999999999999
2014-09-15,13.2
2014-09-16,13.65
2014-09-17,13.65
2014-09-18,12.15
2014-09-19,12.45
2014-09-20,7.199999999999999
2014-09-21,9.9
2014-09-22,15.0
2014-09-23,12.15
2014-09-24,11.7
2014-09-25,13.35
2014-09-26,11.1
2014-09-27,8.25
2014-09-28,8.25
2014-09-29,13.65
2014-09-30,11.85
2014-10-01,11.9
2014-10-02,10.920000000000002
2014-10-03,11.06
2014-10-04,8.120000000000001
2014-10-05,8.260000000000002
2014-10-06,11.760000000000002
2014-10-07,12.88
2014-10-08,11.340000000000002
2014-10-09,11.340000000000002
2014-10-10,11.620000000000001
2014-10-11,8.82
2014-10-12,8.96
2014-10-13,12.46
2014-10-14,11.620000000000001
2014-10-15,10.920000000000002
2014-10-16,11.340000000000002
2014-10-17,11.620000000000001
2014-10-18,9.8
2014-10-19,8.96
2014-10-20,11.340000000000002
2014-10-21,14.000000000000002
2014-10-22,10.64
2014-10-23,12.600000000000001
2014-10-24,10.920000000000002
2014-10-25,7.5600000000000005
2014-10-26,7.840000000000001
2014-10-27,12.040000000000001
2014-10-28,13.020000000000001
2014-10-29,11.48
2014-10-30,10.64
2014-10-31,11.48
2014-11-01,8.06
2014-11-02,7.930000000000001
2014-11-03,11.83
2014-11-04,13.0
2014-11-05,10.66
2014-11-06,9.88
2014-11-07,10.790000000000001
2014-11-08,7.41
2014-11-09,6.5
2014-11-10,9.75
2014-11-11,9.49
2014-11-12,8.84
2014-11-13,10.4
2014-11-14,10.790000000000001
2014-11-15,7.800000000000001
2014-11-16,8.06
2014-11-17,10.92
2014-11-18,12.22
2014-11-19,10.530000000000001
2014-11-20,8.97
2014-11-21,9.75
2014-11-22,8.58
2014-11-23,7.15
2014-11-24,10.4
2014-11-25,9.620000000000001
2014-11-26,10.4
2014-11-27,6.63
2014-11-28,7.800000000000001
2014-11-29,6.37
2014-11-30,7.28
2014-12-01,13.3
2014-12-02,11.200000000000001
2014-12-03,11.340000000000002
2014-12-04,10.22
2014-12-05,9.100000000000001
2014-12-06,9.100000000000001
2014-12-07,6.720000000000001
2014-12-08,10.780000000000001
2014-12-09,14.000000000000002
2014-12-10,10.920000000000002
2014-12-11,9.8
2014-12-12,10.360000000000001
2014-12-13,7.98
2014-12-14,9.100000000000001
2014-12-15,13.440000000000001
2014-12-16,12.740000000000002
2014-12-17,11.760000000000002
2014-12-18,9.940000000000001
2014-12-19,11.760000000000002
2014-12-20,8.120000000000001
2014-12-21,8.120000000000001
2014-12-22,13.440000000000001
2014-12-23,11.200000000000001
2014-12-24,10.080000000000002
2014-12-25,7.140000000000001
2014-12-26,8.260000000000002
2014-12-27,7.280000000000001
2014-12-28,8.540000000000001
2014-12-29,11.760000000000002
2014-12-30,12.88
2014-12-31,11.760000000000002
2015-01-01,6.45
2015-01-02,10.65
2015-01-03,8.549999999999999
2015-01-04,7.6499999999999995
2015-01-05,14.85
2015-01-06,15.0
2015-01-07,13.35
2015-01-08,11.1
2015-01-09,12.0
2015-01-10,7.949999999999999
2015-01-11,7.35
2015-01-12,11.25
2015-01-13,12.45
2015-01-14,12.15
2015-01-15,12.75
2015-01-16,11.4
2015-01-17,8.25
2015-01-18,8.4
2015-01-19,9.75
2015-01-20,12.9
2015-01-21,14.25
2015-01-22,11.85
2015-01-23,10.65
2015-01-24,9.0
2015-01-25,8.25
2015-01-26,13.65
2015-01-27,14.1
2015-01-28,12.15
2015-01-29,11.85
2015-01-30,11.4
2015-01-31,8.7
2015-02-01,7.54
2015-02-02,11.83
2015-02-03,12.22
2015-02-04,9.88
2015-02-05,12.22
2015-02-06,11.96
2015-02-07,8.58
2015-02-08,8.450000000000001
2015-02-09,11.440000000000001
2015-02-10,11.31
2015-02-11,12.48
2015-02-12,9.75
2015-02-13,9.75
2015-02-14,5.8500000000000005
2015-02-15,7.41
2015-02-16,9.49
2015-02-17,12.74
2015-02-18,13.0
2015-02-19,8.84
2015-02-20,11.18
2015-02-21,5.59
2015-02-22,7.28
2015-02-23,11.05
2015-02-24,11.440000000000001
2015-02-25,9.49
2015-02-26,8.06
2015-02-27,10.4
2015-02-28,8.71
2015-03-01,8.19
2015-03-02,10.92
2015-03-03,12.870000000000001
2015-03-04,10.92
2015-03-05,12.22
2015-03-06,12.48
2015-03-07,8.58
2015-03-08,7.28
2015-03-09,11.83
2015-03-10,11.96
2015-03-11,13.0
2015-03-12,10.14
2015-03-13,11.18
2015-03-14,7.54
2015-03-15,7.930000000000001
2015-03-16,11.05
2015-03-17,11.96
2015-03-18,10.14
2015-03-19,9.23
2015-03-20,10.530000000000001
2015-03-21,7.930000000000001
2015-03-22,8.19
2015-03-23,11.440000000000001
2015-03-24,11.83
2015-03-25,10.790000000000001
2015-03-26,9.36
2015-03-27,11.18
2015-03-28,8.19
2015-03-29,8.19
2015-03-30,10.92
2015-03-31,12.74
2015-04-01,9.620000000000001
2015-04-02,8.84
2015-04-03,8.19
2015-04-04,6.11
2015-04-05,5.8500000000000005
2015-04-06,9.88
2015-04-07,8.06
2015-04-08,8.32
2015-04-09,8.71
2015-04-10,8.58
2015-04-11,6.11
2015-04-12,5.98
2015-04-13,9.88
2015-04-14,10.14
2015-04-15,8.84
2015-04-16,7.930000000000001
2015-04-17,8.84
2015-04-18,7.54
2015-04-19,7.67
2015-04-20,13.0
2015-04-21,10.4
2015-04-22,8.97
2015-04-23,9.1
2015-04-24,8.71
2015-04-25,6.5
2015-04-26,6.890000000000001
2015-04-27,10.14
2015-04-28,8.71
2015-04-29,8.32
2015-04-30,9.620000000000001
2015-05-01,10.4
2015-05-02,7.930000000000001
2015-05-03,5.2
2015-05-04,10.790000000000001
2015-05-05,11.83
2015-05-06,10.790000000000001
2015-05-07,11.31
2015-05-08,10.27
2015-05-09,8.97
2015-05-10,7.0200000000000005
2015-05-11,10.92
2015-05-12,11.700000000000001
2015-05-13,12.09
2015-05-14,10.66
2015-05-15,10.530000000000001
2015-05-16,6.37
2015-05-17,8.84
2015-05-18,10.790000000000001
2015-05-19,12.74
2015-05-20,11.700000000000001
2015-05-21,11.31
2015-05-22,10.530000000000001
2015-05-23,8.19
2015-05-24,8.71
2015-05-25,8.71
2015-05-26,11.700000000000001
2015-05-27,13.0
2015-05-28,11.18
2015-05-29,10.790000000000001
2015-05-30,7.54
2015-05-31,9.1
2015-06-01,12.740000000000002
2015-06-02,12.46
2015-06-03,11.48
2015-06-04,10.500000000000002
2015-06-05,11.06
2015-06-06,7.420000000000001
2015-06-07,6.580000000000001
2015-06-08,10.780000000000001
2015-06-09,11.9
2015-06-10,11.9
2015-06-11,9.8
2015-06-12,10.360000000000001
2015-06-13,7.280000000000001
2015-06-14,7.420000000000001
2015-06-15,13.160000000000002
2015-06-16,12.32
2015-06-17,10.360000000000001
2015-06-18,9.24
2015-06-19,10.780000000000001
2015-06-20,8.120000000000001
2015-06-21,8.540000000000001
2015-06-22,13.580000000000002
2015-06-23,12.88
2015-06-24,11.760000000000002
2015-06-25,11.620000000000001
2015-06-26,12.88
2015-06-27,8.680000000000001
2015-06-28,7.140000000000001
2015-06-29,12.740000000000002
2015-06-30,14.000000000000002
2015-07-01,11.85
2015-07-02,11.1
2015-07-03,10.35
2015-07-04,7.05
2015-07-05,10.35
2015-07-06,15.0
2015-07-07,13.65
2015-07-08,12.45
2015-07-09,12.299999999999999
2015-07-10,12.9
2015-07-11,8.7
2015-07-12,7.05
2015-07-13,11.7
2015-07-14,12.45
2015-07-15,11.7
2015-07-16,11.7
2015-07-17,10.799999999999999
2015-07-18,9.299999999999999
2015-07-19,7.199999999999999
2015-07-20,14.85
2015-07-21,11.7
2015-07-22,11.85
2015-07-23,10.799999999999999
2015-07-24,12.15
2015-07-25,7.199999999999999
2015-07-26,7.6499999999999995
2015-07-27,13.2
2015-07-28,10.95
2015-07-29,12.0
2015-07-30,12.299999999999999
2015-07-31,12.0
2015-08-01,9.299999999999999
2015-08-02,6.75
2015-08-03,12.75
2015-08-04,13.65
2015-08-05,13.2
2015-08-06,14.85
2015-08-07,13.2
2015-08-08,9.45
2015-08-09,10.049999999999999
2015-08-10,14.549999999999999
2015-08-11,15.0
2015-08-12,12.75
2015-08-13,12.75
2015-08-14,12.45
2015-08-15,8.549999999999999
2015-08-16,7.949999999999999
2015-08-17,12.75
2015-08-18,12.9
2015-08-19,11.25
2015-08-20,11.85
2015-08-21,9.0
2015-08-22,7.949999999999999
2015-08-23,9.0
2015-08-24,12.299999999999999
2015-08-25,12.0
2015-08-26,12.299999999999999
2015-08-27,11.1
2015-08-28,11.4
2015-08-29,10.799999999999999
2015-08-30,8.549999999999999
2015-08-31,13.799999999999999
2015-09-01,14.000000000000002
2015-09-02,11.06
2015-09-03,11.9
2015-09-04,12.040000000000001
2015-09-05,9.38
2015-09-06,7.840000000000001
2015-09-07,9.24
2015-09-08,12.600000000000001
2015-09-09,12.88
2015-09-10,11.340000000000002
2015-09-11,11.620000000000001
2015-09-12,8.260000000000002
2015-09-13,7.140000000000001
2015-09-14,12.040000000000001
2015-09-15,11.9
2015-09-16,10.64
2015-09-17,11.620000000000001
2015-09-18,10.780000000000001
2015-09-19,7.5600000000000005
2015-09-20,7.140000000000001
2015-09-21,12.46
2015-09-22,11.340000000000002
2015-09-23,11.48
2015-09-24,11.200000000000001
2015-09-25,10.64
2015-09-26,7.98
2015-09-27,7.5600000000000005
2015-09-28,11.340000000000002
2015-09-29,11.200000000000001
2015-09-30,10.500000000000002
2015-10-01,11.05
2015-10-02,10.4
2015-10-03,8.06
2015-10-04,7.800000000000001
2015-10-05,10.790000000000001
2015-10-06,11.18
2015-10-07,10.4
2015-10-08,10.530000000000001
2015-10-09,10.14
2015-10-10,8.58
2015-10-11,8.06
2015-10-12,11.96
2015-10-13,13.0
2015-10-14,12.09
2015-10-15,10.92
2015-10-16,10.66
2015-10-17,7.28
2015-10-18,7.28
2015-10-19,10.92
2015-10-20,12.870000000000001
2015-10-21,11.31
2015-10-22,9.49
2015-10-23,10.14
2015-10-24,8.19
2015-10-25,7.41
2015-10-26,12.870000000000001
2015-10-27,11.700000000000001
2015-10-28,11.440000000000001
2015-10-29,10.790000000000001
2015-10-30,10.27
2015-10-31,8.19
2015-11-01,6.24
2015-11-02,11.52
2015-11-03,9.48
2015-11-04,9.0
2015-11-05,9.12
2015-11-06,8.76
2015-11-07,7.4399999999999995
2015-11-08,6.0
2015-11-09,9.12
2015-11-10,10.44
2015-11-11,7.92
2015-11-12,8.64
2015-11-13,9.959999999999999
2015-11-14,5.76
2015-11-15,5.52
2015-11-16,9.719999999999999
2015-11-17,8.879999999999999
2015-11-18,10.92
2015-11-19,7.68
2015-11-20,9.959999999999999
2015-11-21,7.56
2015-11-22,5.76
2015-11-23,8.64
2015-11-24,12.0
2015-11-25,8.4
2015-11-26,5.16
2015-11-27,6.24
2015-11-28,6.359999999999999
2015-11-29,6.359999999999999
2015-11-30,9.36
2015-12-01,12.22
2015-12-02,10.530000000000001
2015-12-03,10.4
2015-12-04,10.14
2015-12-05,7.28
2015-12-06,7.0200000000000005
2015-12-07,10.530000000000001
2015-12-08,11.57
2015-12-09,10.790000000000001
2015-12-10,7.930000000000001
2015-12-11,8.84
2015-12-12,6.63
2015-12-13,7.0200000000000005
2015-12-14,10.66
2015-12-15,11.18
2015-12-16,10.530000000000001
2015-12-17,11.05
2015-12-18,10.790000000000001
2015-12-19,6.5
2015-12-20,7.28
2015-12-21,11.18
2015-12-22,12.74
2015-12-23,10.14
2015-12-24,7.41
2015-12-25,5.8500000000000005
2015-12-26,5.720000000000001
2015-12-27,6.37
2015-12-28,11.83
2015-12-29,13.0
2015-12-30,11.96
2015-12-31,8.71
2016-01-01,7.199999999999999
2016-01-02,6.6
2016-01-03,8.1
2016-01-04,13.049999999999999
2016-01-05,15.0
2016-01-06,11.25
2016-01-07,11.549999999999999
2016-01-08,11.4
2016-01-09,7.949999999999999
2016-01-10,6.8999999999999995
2016-01-11,11.25
2016-01-12,12.0
2016-01-13,11.4
2016-01-14,11.549999999999999
2016-01-15,10.95
2016-01-16,7.6499999999999995
2016-01-17,6.8999999999999995
2016-01-18,9.75
2016-01-19,12.75
2016-01-20,12.75
2016-01-21,12.15
2016-01-22,11.25
2016-01-23,7.8
2016-01-24,6.8999999999999995
2016-01-25,10.35
2016-01-26,12.299999999999999
2016-01-27,10.049999999999999
2016-01-28,11.549999999999999
2016-01-29,10.35
2016-01-30,7.5
2016-01-31,7.5
2016-02-01,11.06
2016-02-02,11.340000000000002
2016-02-03,10.780000000000001
2016-02-04,11.200000000000001
2016-02-05,10.080000000000002
2016-02-06,7.840000000000001
2016-02-07,6.16
2016-02-08,11.48
2016-02-09,11.9
2016-02-10,9.8
2016-02-11,10.360000000000001
2016-02-12,9.8
2016-02-13,7.840000000000001
2016-02-14,7.700000000000001
2016-02-15,9.38
2016-02-16,14.000000000000002
2016-02-17,12.32
2016-02-18,10.22
2016-02-19,10.500000000000002
2016-02-20,7.280000000000001
2016-02-21,7.98
2016-02-22,11.200000000000001
2016-02-23,11.760000000000002
2016-02-24,10.64
2016-02-25,11.48
2016-02-26,11.760000000000002
2016-02-27,7.5600000000000005
2016-02-28,6.44
2016-02-29,9.8
2016-03-01,12.35
2016-03-02,11.57
2016-03-03,11.96
2016-03-04,11.440000000000001
2016-03-05,8.71
2016-03-06,7.67
2016-03-07,13.0
2016-03-08,12.870000000000001
2016-03-09,11.18
2016-03-10,12.610000000000001
2016-03-11,10.4
2016-03-12,9.49
2016-03-13,8.58
2016-03-14,12.35
2016-03-15,11.96
2016-03-16,11.83
2016-03-17,11.18
2016-03-18,10.530000000000001
2016-03-19,8.32
2016-03-20,8.450000000000001
2016-03-21,12.22
2016-03-22,11.96
2016-03-23,11.440000000000001
2016-03-24,10.530000000000001
2016-03-25,11.96
2016-03-26,8.97
2016-03-27,7.54
2016-03-28,12.22
2016-03-29,11.700000000000001
2016-03-30,10.530000000000001
2016-03-31,12.09
2016-04-01,9.940000000000001
2016-04-02,7.5600000000000005
2016-04-03,7.280000000000001
2016-04-04,12.600000000000001
2016-04-05,12.180000000000001
2016-04-06,10.780000000000001
2016-04-07,9.940000000000001
2016-04-08,10.64
2016-04-09,8.4
2016-04-10,7.840000000000001
2016-04-11,12.88
2016-04-12,12.740000000000002
2016-04-13,11.340000000000002
2016-04-14,9.940000000000001
2016-04-15,12.040000000000001
2016-04-16,7.840000000000001
2016-04-17,7.420000000000001
2016-04-18,11.48
2016-04-19,14.000000000000002
2016-04-20,12.040000000000001
2016-04-21,10.22
2016-04-22,9.520000000000001
2016-04-23,8.120000000000001
2016-04-24,8.4
2016-04-25,13.020000000000001
2016-04-26,11.9
2016-04-27,13.440000000000001
2016-04-28,10.920000000000002
2016-04-29,10.920000000000002
2016-04-30,7.140000000000001
2016-05-01,8.120000000000001
2016-05-02,13.020000000000001
2016-05-03,12.88
2016-05-04,12.740000000000002
2016-05-05,9.66
2016-05-06,11.06
2016-05-07,9.100000000000001
2016-05-08,8.4
2016-05-09,13.860000000000001
2016-05-10,13.72
2016-05-11,11.200000000000001
2016-05-12,10.920000000000002
2016-05-13,9.38
2016-05-14,6.580000000000001
2016-05-15,8.540000000000001
2016-05-16,14.000000000000002
2016-05-17,12.180000000000001
2016-05-18,8.82
2016-05-19,10.22
2016-05-20,10.500000000000002
2016-05-21,7.000000000000001
2016-05-22,7.98
2016-05-23,12.040000000000001
2016-05-24,11.06
2016-05-25,11.620000000000001
2016-05-26,12.180000000000001
2016-05-27,10.360000000000001
2016-05-28,7.280000000000001
2016-05-29,8.120000000000001
2016-05-30,7.420000000000001
2016-05-31,13.440000000000001
2016-06-01,12.9
2016-06-02,11.1
2016-06-03,10.5
2016-06-04,7.949999999999999
2016-06-05,8.85
2016-06-06,13.799999999999999
2016-06-07,11.25
2016-06-08,13.5
2016-06-09,10.65
2016-06-10,10.799999999999999
2016-06-11,7.199999999999999
2016-06-12,7.05
2016-06-13,12.75
2016-06-14,10.049999999999999
2016-06-15,10.65
2016-06-16,10.35
2016-06-17,11.1
2016-06-18,9.15
2016-06-19,10.049999999999999
2016-06-20,15.0
2016-06-21,11.25
2016-06-22,11.7
2016-06-23,11.549999999999999
2016-06-24,9.9
2016-06-25,7.6499999999999995
2016-06-26,9.15
2016-06-27,11.25
2016-06-28,12.299999999999999
2016-06-29,10.95
2016-06-30,13.049999999999999
2016-07-01,12.9
2016-07-02,8.85
2016-07-03,9.0
2016-07-04,9.299999999999999
2016-07-05,13.5
2016-07-06,14.7
2016-07-07,13.65
2016-07-08,12.15
2016-07-09,7.949999999999999
2016-07-10,7.35
2016-07-11,13.35
2016-07-12,13.5
2016-07-13,13.65
2016-07-14,13.2
2016-07-15,12.299999999999999
2016-07-16,8.7
2016-07-17,9.299999999999999
2016-07-18,14.399999999999999
2016-07-19,12.6
2016-07-20,12.299999999999999
2016-07-21,13.65
2016-07-22,13.2
2016-07-23,10.049999999999999
2016-07-24,8.7
2016-07-25,14.549999999999999
2016-07-26,15.0
2016-07-27,12.45
2016-07-28,12.75
2016-07-29,13.049999999999999
2016-07-30,8.7
2016-07-31,10.95
2016-08-01,13.95
2016-08-02,15.0
2016-08-03,12.0
2016-08-04,12.15
2016-08-05,13.35
2016-08-06,7.8
2016-08-07,9.75
2016-08-08,15.0
2016-08-09,12.75
2016-08-10,12.299999999999999
2016-08-11,11.549999999999999
2016-08-12,12.15
2016-08-13,8.25
2016-08-14,9.299999999999999
2016-08-15,14.399999999999999
2016-08-16,12.9
2016-08-17,11.1
2016-08-18,11.4
2016-08-19,12.15
2016-08-20,9.0
2016-08-21,6.8999999999999995
2016-08-22,12.15
2016-08-23,12.15
2016-08-24,12.45
2016-08-25,12.6
2016-08-26,10.65
2016-08-27,9.299999999999999
2016-08-28,10.35
2016-08-29,14.1
2016-08-30,13.799999999999999
2016-08-31,13.5
2016-09-01,12.180000000000001
2016-09-02,9.100000000000001
2016-09-03,6.720000000000001
2016-09-04,6.86
2016-09-05,8.260000000000002
2016-09-06,12.32
2016-09-07,13.160000000000002
2016-09-08,10.920000000000002
2016-09-09,9.24
2016-09-10,6.44
2016-09-11,7.5600000000000005
2016-09-12,14.000000000000002
2016-09-13,11.9
2016-09-14,10.22
2016-09-15,10.920000000000002
2016-09-16,10.64
2016-09-17,7.700000000000001
2016-09-18,7.840000000000001
2016-09-19,10.360000000000001
2016-09-20,11.760000000000002
2016-09-21,10.22
2016-09-22,11.200000000000001
2016-09-23,11.06
2016-09-24,8.4
2016-09-25,8.540000000000001
2016-09-26,11.9
2016-09-27,11.06
2016-09-28,11.06
2016-09-29,11.06
2016-09-30,11.340000000000002
2016-10-01,7.700000000000001
2016-10-02,7.000000000000001
2016-10-03,13.020000000000001
2016-10-04,11.48
2016-10-05,10.500000000000002
2016-10-06,10.500000000000002
2016-10-07,9.520000000000001
2016-10-08,6.44
2016-10-09,6.86
2016-10-10,10.22
2016-10-11,10.780000000000001
2016-10-12,11.48
2016-10-13,10.920000000000002
2016-10-14,10.080000000000002
2016-10-15,7.840000000000001
2016-10-16,7.700000000000001
2016-10-17,14.000000000000002
2016-10-18,11.48
2016-10-19,10.500000000000002
2016-10-20,9.8
2016-10-21,11.340000000000002
2016-10-22,7.840000000000001
2016-10-23,8.260000000000002
2016-10-24,12.040000000000001
2016-10-25,12.46
2016-10-26,9.940000000000001
2016-10-27,9.8
2016-10-28,11.340000000000002
2016-10-29,8.260000000000002
2016-10-30,9.24
2016-10-31,13.860000000000001
2016-11-01,11.83
2016-11-02,10.530000000000001
2016-11-03,9.23
2016-11-04,9.49
2016-11-05,7.0200000000000005
2016-11-06,9.620000000000001
2016-11-07,10.92
2016-11-08,9.36
2016-11-09,7.28
2016-11-10,8.450000000000001
2016-11-11,7.54
2016-11-12,6.24
2016-11-13,6.890000000000001
2016-11-14,12.22
2016-11-15,13.0
2016-11-16,9.88
2016-11-17,11.05
2016-11-18,8.450000000000001
2016-11-19,7.800000000000001
2016-11-20,8.58
2016-11-21,11.31
2016-11-22,9.36
2016-11-23,10.27
2016-11-24,7.28
2016-11-25,6.63
2016-11-26,6.890000000000001
2016-11-27,8.06
2016-11-28,11.31
2016-11-29,12.09
2016-11-30,10.92
2016-12-01,11.84
2016-12-02,9.28
2016-12-03,7.04
2016-12-04,8.16
2016-12-05,12.96
2016-12-06,12.0
2016-12-07,11.68
2016-12-08,9.28
2016-12-09,10.4
2016-12-10,7.84
2016-12-11,8.96
2016-12-12,11.36
2016-12-13,12.32
2016-12-14,13.120000000000001
2016-12-15,12.32
2016-12-16,10.72
2016-12-17,8.96
2016-12-18,8.8
2016-12-19,12.96
2016-12-20,12.8
2016-12-21,10.88
2016-12-22,11.200000000000001
2016-12-23,10.24
2016-12-24,7.84
2016-12-25,5.76
2016-12-26,8.64
2016-12-27,16.0
2016-12-28,15.200000000000001
2016-12-29,11.36
2016-12-30,12.16
2016-12-31,8.32
2017-01-01,7.739999999999999
2017-01-02,12.059999999999999
2017-01-03,18.0
2017-01-04,18.0
2017-01-05,15.12
2017-01-06,13.5
2017-01-07,9.36
2017-01-08,10.799999999999999
2017-01-09,14.94
2017-01-10,14.94
2017-01-11,13.86
2017-01-12,13.86
2017-01-13,14.04
2017-01-14,9.9
2017-01-15,10.98
2017-01-16,12.78
2017-01-17,14.58
2017-01-18,15.12
2017-01-19,14.219999999999999
2017-01-20,13.86
2017-01-21,9.9
2017-01-22,10.26
2017-01-23,13.68
2017-01-24,14.399999999999999
2017-01-25,13.139999999999999
2017-01-26,13.32
2017-01-27,12.78
2017-01-28,12.42
2017-01-29,9.719999999999999
2017-01-30,13.32
2017-01-31,15.66
2017-02-01,13.44
2017-02-02,14.08
2017-02-03,13.76
2017-02-04,9.6
2017-02-05,10.24
2017-02-06,15.68
2017-02-07,15.52
2017-02-08,14.72
2017-02-09,13.280000000000001
2017-02-10,12.16
2017-02-11,9.6
2017-02-12,10.24
2017-02-13,13.44
2017-02-14,13.92
2017-02-15,12.8
2017-02-16,13.76
2017-02-17,12.48
2017-02-18,9.120000000000001
2017-02-19,9.44
2017-02-20,11.040000000000001
2017-02-21,16.0
2017-02-22,14.08
2017-02-23,14.08
2017-02-24,12.0
2017-02-25,9.28
2017-02-26,9.120000000000001
2017-02-27,13.6
2017-02-28,13.6
2017-03-01,12.9
2017-03-02,12.15
2017-03-03,12.9
2017-03-04,9.15
2017-03-05,11.549999999999999
2017-03-06,14.1
2017-03-07,13.95
2017-03-08,14.25
2017-03-09,12.0
2017-03-10,11.4
2017-03-11,9.299999999999999
2017-03-12,8.85
2017-03-13,14.1
2017-03-14,13.5
2017-03-15,12.9
2017-03-16,15.0
2017-03-17,11.25
2017-03-18,9.75
2017-03-19,9.45
2017-03-20,14.25
2017-03-21,14.399999999999999
2017-03-22,11.7
2017-03-23,13.799999999999999
2017-03-24,13.95
2017-03-25,11.25
2017-03-26,11.4
2017-03-27,14.85
2017-03-28,13.5
2017-03-29,11.4
2017-03-30,12.299999999999999
2017-03-31,12.75
2017-04-01,10.08
2017-04-02,11.68
2017-04-03,15.36
2017-04-04,13.44
2017-04-05,14.08
2017-04-06,13.92
2017-04-07,13.280000000000001
2017-04-08,8.96
2017-04-09,9.120000000000001
2017-04-10,15.200000000000001
2017-04-11,14.08
2017-04-12,15.36
2017-04-13,12.8
2017-04-14,12.96
2017-04-15,9.28
2017-04-16,10.56
2017-04-17,14.24
2017-04-18,16.0
2017-04-19,12.8
2017-04-20,12.64
2017-04-21,12.0
2017-04-22,8.96
2017-04-23,10.24
2017-04-24,14.08
2017-04-25,14.08
2017-04-26,14.88
2017-04-27,13.6
2017-04-28,13.92
2017-04-29,9.92
2017-04-30,9.6
2017-05-01,16.0
2017-05-02,14.4
2017-05-03,14.08
2017-05-04,13.92
2017-05-05,12.32
2017-05-06,10.08
2017-05-07,10.56
2017-05-08,14.24
2017-05-09,14.4
2017-05-10,14.24
2017-05-11,13.120000000000001
2017-05-12,15.040000000000001
2017-05-13,9.92
2017-05-14,12.0
2017-05-15,16.0
2017-05-16,15.200000000000001
2017-05-17,15.040000000000001
2017-05-18,14.08
2017-05-19,13.44
2017-05-20,11.36
2017-05-21,10.72
2017-05-22,15.52
2017-05-23,15.040000000000001
2017-05-24,13.76
2017-05-25,13.44
2017-05-26,15.040000000000001
2017-05-27,11.68
2017-05-28,11.36
2017-05-29,11.52
2017-05-30,15.68
2017-05-31,15.36
2017-06-01,13.44
2017-06-02,14.24
2017-06-03,8.8
2017-06-04,9.6
2017-06-05,12.8
2017-06-06,15.200000000000001
2017-06-07,13.6
2017-06-08,14.24
2017-06-09,11.040000000000001
2017-06-10,8.32
2017-06-11,9.6
2017-06-12,14.72
2017-06-13,13.120000000000001
2017-06-14,12.32
2017-06-15,15.68
2017-06-16,13.92
2017-06-17,9.44
2017-06-18,9.44
2017-06-19,16.0
2017-06-20,14.24
2017-06-21,13.6
2017-06-22,13.280000000000001
2017-06-23,11.68
2017-06-24,9.76
2017-06-25,9.120000000000001
2017-06-26,15.52
2017-06-27,14.56
2017-06-28,12.48
2017-06-29,12.16
2017-06-30,13.120000000000001
2017-07-01,9.120000000000001
2017-07-02,8.96
2017-07-03,13.6
2017-07-04,8.16
2017-07-05,13.120000000000001
2017-07-06,14.24
2017-07-07,11.68
2017-07-08,9.76
2017-07-09,10.56
2017-07-10,13.76
2017-07-11,13.92
2017-07-12,12.32
2017-07-13,11.84
2017-07-14,11.36
2017-07-15,9.76
2017-07-16,11.040000000000001
2017-07-17,16.0
2017-07-18,13.92
2017-07-19,11.84
2017-07-20,12.0
2017-07-21,11.68
2017-07-22,8.48
2017-07-23,8.64
2017-07-24,12.64
2017-07-25,11.84
2017-07-26,12.48
2017-07-27,11.040000000000001
2017-07-28,13.76
2017-07-29,8.96
2017-07-30,9.44
2017-07-31,14.08
2017-08-01,12.9
2017-08-02,11.7
2017-08-03,11.549999999999999
2017-08-04,11.25
2017-08-05,8.549999999999999
2017-08-06,10.049999999999999
2017-08-07,15.0
2017-08-08,12.0
2017-08-09,11.25
2017-08-10,11.4
2017-08-11,10.799999999999999
2017-08-12,7.8
2017-08-13,7.8
2017-08-14,12.75
2017-08-15,12.45
2017-08-16,10.799999999999999
2017-08-17,12.0
2017-08-18,10.799999999999999
2017-08-19,9.15
2017-08-20,9.0
2017-08-21,12.0
2017-08-22,10.95
2017-08-23,12.299999999999999
2017-08-24,12.15
2017-08-25,10.65
2017-08-26,7.199999999999999
2017-08-27,9.299999999999999
2017-08-28,14.1
2017-08-29,13.35
2017-08-30,11.85
2017-08-31,11.7
2017-09-01,10.920000000000002
2017-09-02,7.840000000000001
2017-09-03,8.82
2017-09-04,8.96
2017-09-05,12.180000000000001
2017-09-06,11.760000000000002
2017-09-07,12.32
2017-09-08,11.48
2017-09-09,9.8
2017-09-10,8.260000000000002
2017-09-11,13.580000000000002
2017-09-12,11.620000000000001
2017-09-13,13.3
2017-09-14,11.48
2017-09-15,11.760000000000002
2017-09-16,9.24
2017-09-17,7.98
2017-09-18,13.72
2017-09-19,14.000000000000002
2017-09-20,11.340000000000002
2017-09-21,11.48
2017-09-22,11.9
2017-09-23,7.840000000000001
2017-09-24,8.680000000000001
2017-09-25,13.860000000000001
2017-09-26,13.160000000000002
2017-09-27,12.88
2017-09-28,9.66
2017-09-29,11.48
2017-09-30,7.5600000000000005
2017-10-01,8.48
2017-10-02,9.44
2017-10-03,11.040000000000001
2017-10-04,10.08
2017-10-05,11.36
2017-10-06,9.120000000000001
2017-10-07,6.88
2017-10-08,7.36
2017-10-09,9.28
2017-10-10,10.08
2017-10-11,9.92
2017-10-12,10.24
2017-10-13,9.6
2017-10-14,7.04
2017-10-15,8.0
2017-10-16,16.0
2017-10-17,13.92
2017-10-18,11.36
2017-10-19,10.72
2017-10-20,10.08
2017-10-21,7.84
2017-10-22,9.120000000000001
2017-10-23,11.68
2017-10-24,10.08
2017-10-25,10.08
2017-10-26,9.92
2017-10-27,9.76
2017-10-28,6.88
2017-10-29,6.5600000000000005
2017-10-30,10.56
2017-10-31,11.52
2017-11-01,9.66
2017-11-02,10.080000000000002
2017-11-03,10.920000000000002
2017-11-04,7.280000000000001
2017-11-05,6.86
2017-11-06,10.64
2017-11-07,11.48
2017-11-08,9.38
2017-11-09,10.22
2017-11-10,8.260000000000002
2017-11-11,5.880000000000001
2017-11-12,7.420000000000001
2017-11-13,14.000000000000002
2017-11-14,10.64
2017-11-15,12.600000000000001
2017-11-16,10.360000000000001
2017-11-17,11.48
2017-11-18,6.86
2017-11-19,8.120000000000001
2017-11-20,11.760000000000002
2017-11-21,11.200000000000001
2017-11-22,10.500000000000002
2017-11-23,8.260000000000002
2017-11-24,6.44
2017-11-25,8.540000000000001
2017-11-26,8.680000000000001
2017-11-27,13.860000000000001
2017-11-28,11.200000000000001
2017-11-29,10.360000000000001
2017-11-30,10.080000000000002
2017-12-01,12.299999999999999
2017-12-02,9.299999999999999
2017-12-03,9.45
2017-12-04,13.95
2017-12-05,12.45
2017-12-06,11.25
2017-12-07,11.25
2017-12-08,10.95
2017-12-09,8.1
2017-12-10,9.9
2017-12-11,13.95
2017-12-12,13.35
2017-12-13,11.85
2017-12-14,12.75
2017-12-15,12.299999999999999
2017-12-16,9.45
2017-12-17,8.7
2017-12-18,13.799999999999999
2017-12-19,12.75
2017-12-20,12.9
2017-12-21,11.85
2017-12-22,11.25
2017-12-23,8.85
2017-12-24,10.049999999999999
2017-12-25,9.0
2017-12-26,11.7
2017-12-27,15.0
2017-12-28,12.75
2017-12-29,11.85
2017-12-30,8.4
2017-12-31,8.85
2018-01-01,8.32
2018-01-02,12.48
2018-01-03,12.48
2018-01-04,12.16
2018-01-05,13.120000000000001
2018-01-06,7.2
2018-01-07,8.8
2018-01-08,12.64
2018-01-09,12.0
2018-01-10,12.32
2018-01-11,11.36
2018-01-12,10.72
2018-01-13,7.36
2018-01-14,8.0
2018-01-15,9.6
2018-01-16,13.120000000000001
2018-01-17,12.8
2018-01-18,12.16
2018-01-19,11.68
2018-01-20,8.8
2018-01-21,8.0
2018-01-22,15.84
2018-01-23,16.0
2018-01-24,12.0
2018-01-25,12.0
2018-01-26,12.96
2018-01-27,7.36
2018-01-28,7.84
2018-01-29,12.8
2018-01-30,12.48
2018-01-31,12.48
2018-02-01,13.440000000000001
2018-02-02,12.180000000000001
2018-02-03,9.66
2018-02-04,8.120000000000001
2018-02-05,13.160000000000002
2018-02-06,13.3
2018-02-07,11.620000000000001
2018-02-08,12.040000000000001
2018-02-09,10.920000000000002
2018-02-10,9.24
2018-02-11,8.260000000000002
2018-02-12,14.000000000000002
2018-02-13,13.860000000000001
2018-02-14,12.180000000000001
2018-02-15,12.46
2018-02-16,11.48
2018-02-17,8.120000000000001
2018-02-18,8.82
2018-02-19,11.760000000000002
2018-02-20,13.72
2018-02-21,14.000000000000002
2018-02-22,12.88
2018-02-23,11.760000000000002
2018-02-24,8.96
2018-02-25,8.4
2018-02-26,13.160000000000002
2018-02-27,12.46
2018-02-28,11.340000000000002
2018-03-01,13.160000000000002
2018-03-02,11.340000000000002
2018-03-03,9.38
2018-03-04,10.080000000000002
2018-03-05,12.46
2018-03-06,12.32
2018-03-07,11.9
2018-03-08,11.340000000000002
2018-03-09,10.920000000000002
2018-03-10,8.680000000000001
2018-03-11,10.360000000000001
2018-03-12,14.000000000000002
2018-03-13,12.88
2018-03-14,11.200000000000001
2018-03-15,10.780000000000001
2018-03-16,10.500000000000002
2018-03-17,8.4
2018-03-18,9.24
2018-03-19,12.040000000000001
2018-03-20,12.740000000000002
2018-03-21,11.48
2018-03-22,12.46
2018-03-23,10.64
2018-03-24,8.4
2018-03-25,9.24
2018-03-26,13.3
2018-03-27,11.9
2018-03-28,12.88
2018-03-29,12.040000000000001
2018-03-30,12.040000000000001
2018-03-31,8.680000000000001
2018-04-01,9.0
2018-04-02,13.5
2018-04-03,12.45
2018-04-04,12.0
2018-04-05,10.95
2018-04-06,11.549999999999999
2018-04-07,9.299999999999999
2018-04-08,10.2
2018-04-09,13.95
2018-04-10,12.9
2018-04-11,12.0
2018-04-12,11.7
2018-04-13,11.549999999999999
2018-04-14,9.75
2018-04-15,10.5
2018-04-16,14.25
2018-04-17,15.0
2018-04-18,10.95
2018-04-19,13.65
2018-04-20,12.0
2018-04-21,8.4
2018-04-22,11.4
2018-04-23,13.799999999999999
2018-04-24,13.35
2018-04-25,11.4
2018-04-26,11.7
2018-04-27,11.4
2018-04-28,9.45
2018-04-29,9.45
2018-04-30,14.1
2018-05-01,6.84
2018-05-02,7.199999999999999
2018-05-03,6.3
2018-05-04,6.12
2018-05-05,4.32
2018-05-06,4.68
2018-05-07,7.199999999999999
2018-05-08,5.76
2018-05-09,5.76
2018-05-10,5.76
2018-05-11,5.9399999999999995
2018-05-12,4.5
2018-05-13,4.32
2018-05-14,6.66
2018-05-15,7.199999999999999
2018-05-16,6.12
2018-05-17,5.3999999999999995
2018-05-18,5.76
2018-05-19,4.5
2018-05-20,5.3999999999999995
2018-05-21,18.0
2018-05-22,12.42
2018-05-23,8.82
2018-05-24,7.739999999999999
2018-05-25,7.199999999999999
2018-05-26,5.58
2018-05-27,6.12
2018-05-28,5.22
2018-05-29,7.56
2018-05-30,7.739999999999999
2018-05-31,6.4799999999999995
2018-06-01,12.75
2018-06-02,9.15
2018-06-03,10.35
2018-06-04,13.35
2018-06-05,12.75
2018-06-06,11.549999999999999
2018-06-07,12.6
2018-06-08,11.549999999999999
2018-06-09,7.6499999999999995
2018-06-10,7.6499999999999995
2018-06-11,13.95
2018-06-12,12.6
2018-06-13,12.15
2018-06-14,12.75
2018-06-15,12.45
2018-06-16,7.949999999999999
2018-06-17,9.45
2018-06-18,15.0
2018-06-19,11.549999999999999
2018-06-20,13.35
2018-06-21,11.4
2018-06-22,11.85
2018-06-23,7.5
2018-06-24,9.9
2018-06-25,14.25
2018-06-26,13.65
2018-06-27,13.2
2018-06-28,12.9
2018-06-29,12.0
2018-06-30,8.7
2018-07-01,8.7
2018-07-02,12.45
2018-07-03,12.6
2018-07-04,7.199999999999999
2018-07-05,11.25
2018-07-06,12.299999999999999
2018-07-07,8.1
2018-07-08,8.85
2018-07-09,14.549999999999999
2018-07-10,13.2
2018-07-11,12.75
2018-07-12,11.4
2018-07-13,12.15
2018-07-14,7.949999999999999
2018-07-15,9.6
2018-07-16,12.75
2018-07-17,11.85
2018-07-18,10.35
2018-07-19,10.95
2018-07-20,11.25
2018-07-21,7.6499999999999995
2018-07-22,9.299999999999999
2018-07-23,11.4
2018-07-24,10.799999999999999
2018-07-25,12.6
2018-07-26,10.65
2018-07-27,10.65
2018-07-28,7.35
2018-07-29,9.45
2018-07-30,15.0
2018-07-31,13.799999999999999
2018-08-01,11.85
2018-08-02,10.95
2018-08-03,11.4
2018-08-04,7.6499999999999995
2018-08-05,8.7
2018-08-06,13.2
2018-08-07,11.4
2018-08-08,11.4
2018-08-09,10.5
2018-08-10,11.4
2018-08-11,7.05
2018-08-12,8.7
2018-08-13,13.5
2018-08-14,13.049999999999999
2018-08-15,12.6
2018-08-16,11.25
2018-08-17,11.1
2018-08-18,9.0
2018-08-19,10.65
2018-08-20,15.0
2018-08-21,10.2
2018-08-22,10.65
2018-08-23,10.799999999999999
2018-08-24,9.45
2018-08-25,7.35
2018-08-26,8.4
2018-08-27,12.75
2018-08-28,12.9
2018-08-29,12.299999999999999
2018-08-30,10.2
2018-08-31,11.85
2018-09-01,8.64
2018-09-02,10.24
2018-09-03,9.28
2018-09-04,13.6
2018-09-05,12.48
2018-09-06,12.8
2018-09-07,12.0
2018-09-08,7.84
2018-09-09,9.44
2018-09-10,13.280000000000001
2018-09-11,12.64
2018-09-12,15.200000000000001
2018-09-13,16.0
2018-09-14,15.040000000000001
2018-09-15,10.24
2018-09-16,10.4
2018-09-17,13.6
2018-09-18,12.64
2018-09-19,12.16
2018-09-20,11.200000000000001
2018-09-21,11.68
2018-09-22,7.5200000000000005
2018-09-23,8.8
2018-09-24,13.280000000000001
2018-09-25,11.84
2018-09-26,10.72
2018-09-27,11.040000000000001
2018-09-28,11.36
2018-09-29,7.84
2018-09-30,7.36
2018-10-01,14.7
2018-10-02,13.5
2018-10-03,14.399999999999999
2018-10-04,13.35
2018-10-05,14.399999999999999
2018-10-06,8.85
2018-10-07,9.45
2018-10-08,13.95
2018-10-09,15.0
2018-10-10,12.0
2018-10-11,12.15
2018-10-12,12.299999999999999
2018-10-13,8.7
2018-10-14,8.549999999999999
2018-10-15,13.35
2018-10-16,14.399999999999999
2018-10-17,11.7
2018-10-18,11.7
2018-10-19,12.0
2018-10-20,7.5
2018-10-21,9.299999999999999
2018-10-22,15.0
2018-10-23,13.2
2018-10-24,12.15
2018-10-25,13.2
2018-10-26,13.799999999999999
2018-10-27,9.299999999999999
2018-10-28,10.5
2018-10-29,14.85
2018-10-30,15.0
2018-10-31,13.5
2018-11-01,11.620000000000001
2018-11-02,10.920000000000002
2018-11-03,7.840000000000001
2018-11-04,8.96
2018-11-05,12.040000000000001
2018-11-06,10.780000000000001
2018-11-07,8.540000000000001
2018-11-08,11.620000000000001
2018-11-09,11.48
2018-11-10,7.280000000000001
2018-11-11,7.280000000000001
2018-11-12,9.24
2018-11-13,12.180000000000001
2018-11-14,12.88
2018-11-15,12.46
2018-11-16,11.340000000000002
2018-11-17,8.120000000000001
2018-11-18,7.98
2018-11-19,13.860000000000001
2018-11-20,13.020000000000001
2018-11-21,10.64
2018-11-22,8.120000000000001
2018-11-23,7.280000000000001
2018-11-24,7.5600000000000005
2018-11-25,8.96
2018-11-26,13.580000000000002
2018-11-27,14.000000000000002
2018-11-28,13.440000000000001
2018-11-29,12.180000000000001
2018-11-30,10.64
2018-12-01,8.96
2018-12-02,9.100000000000001
2018-12-03,13.160000000000002
2018-12-04,14.000000000000002
2018-12-05,12.600000000000001
2018-12-06,11.48
2018-12-07,10.920000000000002
2018-12-08,8.120000000000001
2018-12-09,8.4
2018-12-10,13.3
2018-12-11,13.3
2018-12-12,12.32
2018-12-13,12.040000000000001
2018-12-14,11.200000000000001
2018-12-15,7.840000000000001
2018-12-16,9.66
2018-12-17,13.160000000000002
2018-12-18,13.580000000000002
2018-12-19,12.88
2018-12-20,12.040000000000001
2018-12-21,12.040000000000001
2018-12-22,8.260000000000002
2018-12-23,12.32
2018-12-24,12.180000000000001
2018-12-25,7.5600000000000005
2018-12-26,11.48
2018-12-27,12.46
2018-12-28,12.040000000000001
2018-12-29,8.82
2018-12-30,7.840000000000001
2018-12-31,12.600000000000001
2019-01-01,7.48
2019-01-02,13.770000000000001
2019-01-03,15.47
2019-01-04,13.940000000000001
2019-01-05,12.920000000000002
2019-01-06,12.07
2019-01-07,14.96
2019-01-08,12.750000000000002
2019-01-09,14.790000000000001
2019-01-10,13.090000000000002
2019-01-11,13.430000000000001
2019-01-12,8.84
2019-01-13,12.24
2019-01-14,17.0
2019-01-15,16.150000000000002
2019-01-16,14.450000000000001
2019-01-17,14.280000000000001
2019-01-18,11.56
2019-01-19,9.350000000000001
2019-01-20,9.180000000000001
2019-01-21,11.56
2019-01-22,15.98
2019-01-23,14.450000000000001
2019-01-24,13.770000000000001
2019-01-25,14.280000000000001
2019-01-26,10.540000000000001
2019-01-27,10.370000000000001
2019-01-28,16.150000000000002
2019-01-29,13.770000000000001
2019-01-30,12.58
2019-01-31,12.24
2019-02-01,12.8
2019-02-02,9.76
2019-02-03,9.92
2019-02-04,14.08
2019-02-05,15.84
2019-02-06,13.280000000000001
2019-02-07,12.96
2019-02-08,14.24
2019-02-09,9.120000000000001
2019-02-10,10.72
2019-02-11,14.4
2019-02-12,16.0
2019-02-13,12.96
2019-02-14,11.52
2019-02-15,12.96
2019-02-16,11.040000000000001
2019-02-17,9.44
2019-02-18,10.72
2019-02-19,15.68
2019-02-20,13.44
2019-02-21,13.120000000000001
2019-02-22,12.64
2019-02-23,8.0
2019-02-24,9.92
2019-02-25,14.88
2019-02-26,14.24
2019-02-27,13.120000000000001
2019-02-28,12.0
2019-03-01,12.600000000000001
2019-03-02,7.140000000000001
2019-03-03,9.66
2019-03-04,13.160000000000002
2019-03-05,12.600000000000001
2019-03-06,10.360000000000001
2019-03-07,11.340000000000002
2019-03-08,11.340000000000002
2019-03-09,7.700000000000001
2019-03-10,9.38
2019-03-11,13.580000000000002
2019-03-12,11.200000000000001
2019-03-13,10.780000000000001
2019-03-14,9.66
2019-03-15,11.340000000000002
2019-03-16,8.4
2019-03-17,7.700000000000001
2019-03-18,11.760000000000002
2019-03-19,12.32
2019-03-20,11.06
2019-03-21,10.360000000000001
2019-03-22,10.080000000000002
2019-03-23,7.280000000000001
2019-03-24,8.82
2019-03-25,14.000000000000002
2019-03-26,13.72
2019-03-27,11.48
2019-03-28,11.200000000000001
2019-03-29,10.500000000000002
2019-03-30,7.000000000000001
2019-03-31,8.260000000000002
2019-04-01,5.95
2019-04-02,5.95
2019-04-03,5.44
2019-04-04,4.930000000000001
2019-04-05,5.1000000000000005
2019-04-06,3.4000000000000004
2019-04-07,4.08
2019-04-08,5.95
2019-04-09,5.61
2019-04-10,5.78
2019-04-11,5.1000000000000005
2019-04-12,4.930000000000001
2019-04-13,3.5700000000000003
2019-04-14,4.760000000000001
2019-04-15,6.800000000000001
2019-04-16,5.2700000000000005
2019-04-17,5.44
2019-04-18,5.1000000000000005
2019-04-19,4.760000000000001
2019-04-20,3.74
2019-04-21,3.74
2019-04-22,6.460000000000001
2019-04-23,6.12
2019-04-24,5.44
2019-04-25,5.1000000000000005
2019-04-26,4.760000000000001
2019-04-27,3.2300000000000004
2019-04-28,4.42
2019-04-29,17.0
2019-04-30,7.65
2019-05-01,12.88
2019-05-02,11.760000000000002
2019-05-03,10.920000000000002
2019-05-04,7.700000000000001
2019-05-05,9.24
2019-05-06,13.3
2019-05-07,12.180000000000001
2019-05-08,11.48
2019-05-09,11.620000000000001
2019-05-10,11.9
2019-05-11,6.44
2019-05-12,8.540000000000001
2019-05-13,13.72
2019-05-14,14.000000000000002
2019-05-15,11.06
2019-05-16,11.200000000000001
2019-05-17,10.500000000000002
2019-05-18,7.840000000000001
2019-05-19,9.100000000000001
2019-05-20,12.46
2019-05-21,13.160000000000002
2019-05-22,11.620000000000001
2019-05-23,11.200000000000001
2019-05-24,10.780000000000001
2019-05-25,7.700000000000001
2019-05-26,10.22
2019-05-27,9.24
2019-05-28,11.06
2019-05-29,11.340000000000002
2019-05-30,11.340000000000002
2019-05-31,11.06
2019-06-01,7.280000000000001
2019-06-02,7.700000000000001
2019-06-03,14.000000000000002
2019-06-04,11.340000000000002
2019-06-05,10.080000000000002
2019-06-06,9.940000000000001
2019-06-07,9.66
2019-06-08,7.140000000000001
2019-06-09,7.840000000000001
2019-06-10,11.06
2019-06-11,10.920000000000002
2019-06-12,10.360000000000001
2019-06-13,9.66
2019-06-14,10.080000000000002
2019-06-15,7.140000000000001
2019-06-16,8.4
2019-06-17,12.32
2019-06-18,10.780000000000001
2019-06-19,10.500000000000002
2019-06-20,11.06
2019-06-21,10.64
2019-06-22,6.86
2019-06-23,7.700000000000001
2019-06-24,12.32
2019-06-25,12.32
2019-06-26,11.06
2019-06-27,11.06
2019-06-28,11.200000000000001
2019-06-29,7.280000000000001
2019-06-30,7.840000000000001
2019-07-01,13.95
2019-07-02,12.6
2019-07-03,11.7
2019-07-04,7.949999999999999
2019-07-05,9.15
2019-07-06,8.1
2019-07-07,7.5
2019-07-08,12.6
2019-07-09,13.65
2019-07-10,12.0
2019-07-11,11.4
2019-07-12,10.65
2019-07-13,8.4
2019-07-14,7.8
2019-07-15,15.0
2019-07-16,12.45
2019-07-17,12.45
2019-07-18,13.35
2019-07-19,11.25
2019-07-20,8.25
2019-07-21,7.949999999999999
2019-07-22,14.1
2019-07-23,12.45
2019-07-24,10.5
2019-07-25,11.4
2019-07-26,10.049999999999999
2019-07-27,8.25
2019-07-28,9.0
2019-07-29,13.65
2019-07-30,13.35
2019-07-31,11.85
2019-08-01,11.760000000000002
2019-08-02,12.040000000000001
2019-08-03,8.680000000000001
2019-08-04,9.520000000000001
2019-08-05,13.860000000000001
2019-08-06,13.580000000000002
2019-08-07,11.48
2019-08-08,12.740000000000002
2019-08-09,11.340000000000002
2019-08-10,8.4
2019-08-11,9.520000000000001
2019-08-12,14.000000000000002
2019-08-13,12.740000000000002
2019-08-14,13.440000000000001
2019-08-15,11.200000000000001
2019-08-16,10.64
2019-08-17,8.680000000000001
2019-08-18,9.38
2019-08-19,13.020000000000001
2019-08-20,13.3
2019-08-21,11.200000000000001
2019-08-22,10.64
2019-08-23,11.06
2019-08-24,8.4
2019-08-25,9.100000000000001
2019-08-26,12.600000000000001
2019-08-27,13.160000000000002
2019-08-28,11.06
2019-08-29,10.22
2019-08-30,10.780000000000001
2019-08-31,7.280000000000001
2019-09-01,8.97
2019-09-02,8.06
2019-09-03,12.35
2019-09-04,13.0
2019-09-05,10.92
2019-09-06,11.18
2019-09-07,6.37
2019-09-08,7.67
2019-09-09,12.09
2019-09-10,12.35
2019-09-11,10.530000000000001
2019-09-12,11.57
2019-09-13,10.4
2019-09-14,7.15
2019-09-15,8.58
2019-09-16,12.09
2019-09-17,10.92
2019-09-18,11.18
2019-09-19,10.66
2019-09-20,10.27
2019-09-21,7.67
2019-09-22,9.1
2019-09-23,11.96
2019-09-24,10.27
2019-09-25,10.790000000000001
2019-09-26,11.96
2019-09-27,11.440000000000001
2019-09-28,6.63
2019-09-29,7.800000000000001
2019-09-30,13.0
2019-10-01,11.440000000000001
2019-10-02,10.92
2019-10-03,10.92
2019-10-04,10.530000000000001
2019-10-05,7.15
2019-10-06,7.41
2019-10-07,12.610000000000001
2019-10-08,11.96
2019-10-09,11.05
2019-10-10,10.01
2019-10-11,10.01
2019-10-12,6.890000000000001
2019-10-13,7.28
2019-10-14,10.530000000000001
2019-10-15,10.66
2019-10-16,11.05
2019-10-17,11.18
2019-10-18,10.92
2019-10-19,6.890000000000001
2019-10-20,8.32
2019-10-21,12.35
2019-10-22,11.31
2019-10-23,10.66
2019-10-24,10.14
2019-10-25,9.620000000000001
2019-10-26,7.54
2019-10-27,8.06
2019-10-28,13.0
2019-10-29,11.440000000000001
2019-10-30,11.83
2019-10-31,10.66
2019-11-01,9.1
2019-11-02,5.59
2019-11-03,6.890000000000001
2019-11-04,12.09
2019-11-05,11.83
2019-11-06,8.71
2019-11-07,10.66
2019-11-08,8.06
2019-11-09,5.8500000000000005
2019-11-10,6.24
2019-11-11,8.450000000000001
2019-11-12,11.700000000000001
2019-11-13,11.18
2019-11-14,11.31
2019-11-15,8.19
2019-11-16,6.63
2019-11-17,5.8500000000000005
2019-11-18,10.01
2019-11-19,10.66
2019-11-20,10.01
2019-11-21,8.32
2019-11-22,10.01
2019-11-23,6.890000000000001
2019-11-24,6.76
2019-11-25,13.0
2019-11-26,10.4
2019-11-27,9.88
2019-11-28,5.07
2019-11-29,6.24
2019-11-30,5.46
2019-12-01,7.840000000000001
2019-12-02,12.32
2019-12-03,13.020000000000001
2019-12-04,11.9
2019-12-05,11.9
2019-12-06,11.620000000000001
2019-12-07,6.580000000000001
2019-12-08,6.580000000000001
2019-12-09,12.740000000000002
2019-12-10,11.06
2019-12-11,9.24
2019-12-12,10.500000000000002
2019-12-13,9.8
2019-12-14,7.280000000000001
2019-12-15,7.700000000000001
2019-12-16,12.46
2019-12-17,12.88
2019-12-18,9.66
2019-12-19,9.8
2019-12-20,10.920000000000002
2019-12-21,7.280000000000001
2019-12-22,9.520000000000001
2019-12-23,12.88
2019-12-24,10.64
2019-12-25,5.180000000000001
2019-12-26,8.82
2019-12-27,11.620000000000001
2019-12-28,6.580000000000001
2019-12-29,8.96
2019-12-30,14.000000000000002
2019-12-31,12.740000000000002
2020-01-01,3.5700000000000003
2020-01-02,7.65
2020-01-03,7.140000000000001
2020-01-04,4.590000000000001
2020-01-05,5.1000000000000005
2020-01-06,8.16
2020-01-07,7.140000000000001
2020-01-08,6.12
2020-01-09,9.860000000000001
2020-01-10,17.0
2020-01-11,7.99
2020-01-12,5.95
2020-01-13,8.16
2020-01-14,7.65
2020-01-15,7.3100000000000005
2020-01-16,6.800000000000001
2020-01-17,7.48
2020-01-18,4.760000000000001
2020-01-19,6.29
2020-01-20,7.140000000000001
2020-01-21,7.99
2020-01-22,12.41
2020-01-23,6.970000000000001
2020-01-24,7.65
2020-01-25,5.1000000000000005
2020-01-26,4.760000000000001
2020-01-27,7.82
2020-01-28,7.65
2020-01-29,6.630000000000001
2020-01-30,6.12
2020-01-31,7.65
2020-02-01,7.67
2020-02-02,7.67
2020-02-03,10.790000000000001
2020-02-04,11.440000000000001
2020-02-05,11.440000000000001
2020-02-06,10.01
2020-02-07,12.22
2020-02-08,8.06
2020-02-09,10.14
2020-02-10,11.83
2020-02-11,12.09
2020-02-12,10.790000000000001
2020-02-13,11.700000000000001
2020-02-14,11.18
2020-02-15,7.67
2020-02-16,8.32
2020-02-17,9.36
2020-02-18,13.0
2020-02-19,13.0
2020-02-20,11.57
2020-02-21,10.4
2020-02-22,6.76
2020-02-23,8.06
2020-02-24,11.96
2020-02-25,11.18
2020-02-26,10.66
2020-02-27,10.14
2020-02-28,8.97
2020-02-29,8.32
2020-03-01,5.44
2020-03-02,7.140000000000001
2020-03-03,6.460000000000001
2020-03-04,5.78
2020-03-05,5.78
2020-03-06,5.78
2020-03-07,4.42
2020-03-08,4.760000000000001
2020-03-09,6.460000000000001
2020-03-10,5.78
2020-03-11,5.78
2020-03-12,5.78
2020-03-13,7.82
2020-03-14,6.460000000000001
2020-03-15,7.140000000000001
2020-03-16,15.64
2020-03-17,23.46
2020-03-18,22.44
2020-03-19,20.400000000000002
2020-03-20,24.48
2020-03-21,17.0
2020-03-22,14.620000000000001
2020-03-23,22.78
2020-03-24,19.720000000000002
2020-03-25,22.1
2020-03-26,23.8
2020-03-27,23.46
2020-03-28,19.380000000000003
2020-03-29,18.700000000000003
2020-03-30,33.660000000000004
2020-03-31,34.0
2020-04-01,46.0
2020-04-02,43.0
2020-04-03,42.0
2020-04-04,32.0
2020-04-05,28.0
2020-04-06,44.0
2020-04-07,45.0
2020-04-08,41.0
2020-04-09,40.0
2020-04-10,48.0
2020-04-11,38.0
2020-04-12,42.0
2020-04-13,71.0
2020-04-14,68.0
2020-04-15,59.0
2020-04-16,56.0
2020-04-17,51.0
2020-04-18,43.0
2020-04-19,45.0
2020-04-20,74.0
2020-04-21,91.0
2020-04-22,74.0
2020-04-23,61.0
2020-04-24,53.0
2020-04-25,45.0
2020-04-26,59.0
2020-04-27,72.0
2020-04-28,100.0
2020-04-29,76.0
2020-04-30,67.0
