date,Eli Lilly
2011-01-01,0.0
2011-01-02,22.080000000000002
2011-01-03,83.72
2011-01-04,70.84
2011-01-05,58.88
2011-01-06,71.76
2011-01-07,72.68
2011-01-08,48.760000000000005
2011-01-09,47.84
2011-01-10,69.92
2011-01-11,79.12
2011-01-12,57.96
2011-01-13,54.28
2011-01-14,48.760000000000005
2011-01-15,41.4
2011-01-16,27.6
2011-01-17,45.080000000000005
2011-01-18,57.96
2011-01-19,83.72
2011-01-20,52.440000000000005
2011-01-21,92.0
2011-01-22,68.08
2011-01-23,41.4
2011-01-24,89.24000000000001
2011-01-25,82.8
2011-01-26,67.16
2011-01-27,63.480000000000004
2011-01-28,38.64
2011-01-29,66.24000000000001
2011-01-30,58.88
2011-01-31,58.88
2011-02-01,71.0
2011-02-02,52.0
2011-02-03,69.0
2011-02-04,100.0
2011-02-05,27.0
2011-02-06,34.0
2011-02-07,75.0
2011-02-08,47.0
2011-02-09,70.0
2011-02-10,65.0
2011-02-11,51.0
2011-02-12,71.0
2011-02-13,50.0
2011-02-14,55.0
2011-02-15,43.0
2011-02-16,48.0
2011-02-17,66.0
2011-02-18,68.0
2011-02-19,49.0
2011-02-20,36.0
2011-02-21,51.0
2011-02-22,70.0
2011-02-23,38.0
2011-02-24,64.0
2011-02-25,90.0
2011-02-26,21.0
2011-02-27,70.0
2011-02-28,58.0
2011-03-01,61.06
2011-03-02,64.5
2011-03-03,73.1
2011-03-04,67.94
2011-03-05,13.76
2011-03-06,17.2
2011-03-07,55.04
2011-03-08,54.18
2011-03-09,64.5
2011-03-10,41.28
2011-03-11,55.04
2011-03-12,21.5
2011-03-13,34.4
2011-03-14,43.0
2011-03-15,58.48
2011-03-16,51.6
2011-03-17,64.5
2011-03-18,49.019999999999996
2011-03-19,31.82
2011-03-20,58.48
2011-03-21,55.04
2011-03-22,61.92
2011-03-23,61.06
2011-03-24,55.04
2011-03-25,50.74
2011-03-26,39.56
2011-03-27,70.52
2011-03-28,81.7
2011-03-29,64.5
2011-03-30,67.94
2011-03-31,86.0
2011-04-01,39.1
2011-04-02,28.05
2011-04-03,32.3
2011-04-04,62.9
2011-04-05,60.35
2011-04-06,43.35
2011-04-07,56.949999999999996
2011-04-08,41.65
2011-04-09,35.699999999999996
2011-04-10,49.3
2011-04-11,39.949999999999996
2011-04-12,47.6
2011-04-13,56.1
2011-04-14,27.2
2011-04-15,56.1
2011-04-16,24.65
2011-04-17,21.25
2011-04-18,53.55
2011-04-19,50.15
2011-04-20,26.349999999999998
2011-04-21,33.15
2011-04-22,32.3
2011-04-23,21.25
2011-04-24,85.0
2011-04-25,51.0
2011-04-26,44.199999999999996
2011-04-27,41.65
2011-04-28,45.05
2011-04-29,55.25
2011-04-30,37.4
2011-05-01,33.6
2011-05-02,70.56
2011-05-03,84.0
2011-05-04,41.16
2011-05-05,54.6
2011-05-06,44.519999999999996
2011-05-07,19.32
2011-05-08,26.04
2011-05-09,48.72
2011-05-10,80.64
2011-05-11,35.28
2011-05-12,73.08
2011-05-13,40.32
2011-05-14,29.4
2011-05-15,29.4
2011-05-16,47.879999999999995
2011-05-17,66.36
2011-05-18,82.32
2011-05-19,42.0
2011-05-20,60.48
2011-05-21,26.04
2011-05-22,42.839999999999996
2011-05-23,53.76
2011-05-24,63.839999999999996
2011-05-25,53.76
2011-05-26,55.44
2011-05-27,59.64
2011-05-28,31.08
2011-05-29,23.52
2011-05-30,16.8
2011-05-31,52.08
2011-06-01,56.76
2011-06-02,63.64
2011-06-03,55.9
2011-06-04,45.58
2011-06-05,31.82
2011-06-06,54.18
2011-06-07,43.0
2011-06-08,30.96
2011-06-09,68.8
2011-06-10,49.88
2011-06-11,18.06
2011-06-12,36.98
2011-06-13,64.5
2011-06-14,67.08
2011-06-15,54.18
2011-06-16,48.16
2011-06-17,54.18
2011-06-18,31.82
2011-06-19,23.22
2011-06-20,72.24
2011-06-21,86.0
2011-06-22,70.52
2011-06-23,40.42
2011-06-24,28.38
2011-06-25,31.82
2011-06-26,32.68
2011-06-27,67.94
2011-06-28,83.42
2011-06-29,61.06
2011-06-30,76.53999999999999
2011-07-01,61.42
2011-07-02,25.9
2011-07-03,54.019999999999996
2011-07-04,33.3
2011-07-05,49.58
2011-07-06,39.96
2011-07-07,34.04
2011-07-08,69.56
2011-07-09,39.96
2011-07-10,37.74
2011-07-11,61.42
2011-07-12,63.64
2011-07-13,33.3
2011-07-14,56.24
2011-07-15,42.18
2011-07-16,28.12
2011-07-17,37.0
2011-07-18,58.46
2011-07-19,66.6
2011-07-20,45.88
2011-07-21,74.0
2011-07-22,41.44
2011-07-23,31.08
2011-07-24,31.82
2011-07-25,32.56
2011-07-26,26.64
2011-07-27,57.72
2011-07-28,39.96
2011-07-29,54.019999999999996
2011-07-30,39.22
2011-07-31,36.26
2011-08-01,81.0
2011-08-02,21.87
2011-08-03,53.46
2011-08-04,70.47
2011-08-05,56.7
2011-08-06,55.89
2011-08-07,34.830000000000005
2011-08-08,73.71000000000001
2011-08-09,68.04
2011-08-10,59.13
2011-08-11,43.74
2011-08-12,34.02
2011-08-13,28.35
2011-08-14,41.31
2011-08-15,31.590000000000003
2011-08-16,68.85000000000001
2011-08-17,76.14
2011-08-18,38.88
2011-08-19,50.220000000000006
2011-08-20,41.31
2011-08-21,27.540000000000003
2011-08-22,59.13
2011-08-23,72.09
2011-08-24,79.38000000000001
2011-08-25,42.120000000000005
2011-08-26,65.61
2011-08-27,39.690000000000005
2011-08-28,25.92
2011-08-29,57.510000000000005
2011-08-30,68.04
2011-08-31,68.85000000000001
2011-09-01,69.92
2011-09-02,46.0
2011-09-03,47.84
2011-09-04,36.800000000000004
2011-09-05,22.080000000000002
2011-09-06,51.52
2011-09-07,42.32
2011-09-08,92.0
2011-09-09,44.160000000000004
2011-09-10,23.0
2011-09-11,34.04
2011-09-12,36.800000000000004
2011-09-13,77.28
2011-09-14,62.56
2011-09-15,54.28
2011-09-16,64.4
2011-09-17,31.28
2011-09-18,26.68
2011-09-19,57.04
2011-09-20,62.56
2011-09-21,54.28
2011-09-22,69.0
2011-09-23,34.04
2011-09-24,34.96
2011-09-25,18.400000000000002
2011-09-26,46.92
2011-09-27,76.36
2011-09-28,65.32000000000001
2011-09-29,45.080000000000005
2011-09-30,51.52
2011-10-01,66.5
2011-10-02,48.449999999999996
2011-10-03,86.45
2011-10-04,76.95
2011-10-05,85.5
2011-10-06,82.64999999999999
2011-10-07,63.65
2011-10-08,34.199999999999996
2011-10-09,48.449999999999996
2011-10-10,75.05
2011-10-11,31.349999999999998
2011-10-12,81.7
2011-10-13,67.45
2011-10-14,70.3
2011-10-15,43.699999999999996
2011-10-16,42.75
2011-10-17,70.3
2011-10-18,73.14999999999999
2011-10-19,43.699999999999996
2011-10-20,74.1
2011-10-21,95.0
2011-10-22,37.05
2011-10-23,66.5
2011-10-24,69.35
2011-10-25,76.0
2011-10-26,76.95
2011-10-27,44.65
2011-10-28,73.14999999999999
2011-10-29,41.8
2011-10-30,64.6
2011-10-31,61.75
2011-11-01,57.72
2011-11-02,59.2
2011-11-03,56.98
2011-11-04,42.18
2011-11-05,23.68
2011-11-06,20.72
2011-11-07,49.58
2011-11-08,74.0
2011-11-09,57.72
2011-11-10,54.019999999999996
2011-11-11,37.0
2011-11-12,29.6
2011-11-13,17.759999999999998
2011-11-14,46.62
2011-11-15,48.1
2011-11-16,34.78
2011-11-17,32.56
2011-11-18,51.8
2011-11-19,29.6
2011-11-20,14.8
2011-11-21,18.5
2011-11-22,37.74
2011-11-23,37.0
2011-11-24,24.419999999999998
2011-11-25,25.9
2011-11-26,22.2
2011-11-27,14.06
2011-11-28,57.72
2011-11-29,33.3
2011-11-30,47.36
2011-12-01,43.550000000000004
2011-12-02,60.300000000000004
2011-12-03,18.09
2011-12-04,40.870000000000005
2011-12-05,32.160000000000004
2011-12-06,56.95
2011-12-07,32.160000000000004
2011-12-08,47.57
2011-12-09,45.56
2011-12-10,18.09
2011-12-11,45.56
2011-12-12,36.18
2011-12-13,42.88
2011-12-14,32.830000000000005
2011-12-15,67.0
2011-12-16,30.82
2011-12-17,36.85
2011-12-18,14.07
2011-12-19,37.52
2011-12-20,44.220000000000006
2011-12-21,23.450000000000003
2011-12-22,24.12
2011-12-23,26.130000000000003
2011-12-24,20.1
2011-12-25,22.78
2011-12-26,32.830000000000005
2011-12-27,31.490000000000002
2011-12-28,31.490000000000002
2011-12-29,27.470000000000002
2011-12-30,24.790000000000003
2011-12-31,13.4
2012-01-01,43.2
2012-01-02,40.0
2012-01-03,59.2
2012-01-04,45.6
2012-01-05,51.2
2012-01-06,62.400000000000006
2012-01-07,31.200000000000003
2012-01-08,24.0
2012-01-09,29.6
2012-01-10,57.6
2012-01-11,43.2
2012-01-12,24.8
2012-01-13,28.0
2012-01-14,28.0
2012-01-15,23.200000000000003
2012-01-16,20.8
2012-01-17,56.800000000000004
2012-01-18,53.6
2012-01-19,42.400000000000006
2012-01-20,37.6
2012-01-21,26.400000000000002
2012-01-22,26.400000000000002
2012-01-23,45.6
2012-01-24,53.6
2012-01-25,71.2
2012-01-26,53.6
2012-01-27,45.6
2012-01-28,20.8
2012-01-29,33.6
2012-01-30,51.2
2012-01-31,80.0
2012-02-01,77.0
2012-02-02,66.22
2012-02-03,30.8
2012-02-04,36.19
2012-02-05,23.1
2012-02-06,48.51
2012-02-07,65.45
2012-02-08,47.74
2012-02-09,36.96
2012-02-10,56.980000000000004
2012-02-11,22.330000000000002
2012-02-12,25.41
2012-02-13,56.980000000000004
2012-02-14,33.11
2012-02-15,56.980000000000004
2012-02-16,44.660000000000004
2012-02-17,50.050000000000004
2012-02-18,23.1
2012-02-19,36.96
2012-02-20,42.35
2012-02-21,51.59
2012-02-22,47.74
2012-02-23,51.59
2012-02-24,63.910000000000004
2012-02-25,31.57
2012-02-26,32.34
2012-02-27,40.04
2012-02-28,76.23
2012-02-29,46.97
2012-03-01,60.0
2012-03-02,57.0
2012-03-03,40.5
2012-03-04,57.75
2012-03-05,64.5
2012-03-06,75.0
2012-03-07,63.0
2012-03-08,51.0
2012-03-09,62.25
2012-03-10,40.5
2012-03-11,22.5
2012-03-12,60.0
2012-03-13,36.75
2012-03-14,73.5
2012-03-15,54.75
2012-03-16,34.5
2012-03-17,30.75
2012-03-18,42.0
2012-03-19,51.75
2012-03-20,68.25
2012-03-21,72.75
2012-03-22,67.5
2012-03-23,60.75
2012-03-24,22.5
2012-03-25,33.75
2012-03-26,63.0
2012-03-27,63.0
2012-03-28,51.0
2012-03-29,51.75
2012-03-30,45.0
2012-03-31,32.25
2012-04-01,44.849999999999994
2012-04-02,69.0
2012-04-03,49.67999999999999
2012-04-04,51.059999999999995
2012-04-05,60.72
2012-04-06,40.019999999999996
2012-04-07,35.19
2012-04-08,24.839999999999996
2012-04-09,68.30999999999999
2012-04-10,53.81999999999999
2012-04-11,53.129999999999995
2012-04-12,41.4
2012-04-13,33.809999999999995
2012-04-14,29.669999999999998
2012-04-15,49.67999999999999
2012-04-16,58.65
2012-04-17,40.709999999999994
2012-04-18,64.17
2012-04-19,53.81999999999999
2012-04-20,46.919999999999995
2012-04-21,16.56
2012-04-22,32.43
2012-04-23,64.17
2012-04-24,66.92999999999999
2012-04-25,66.92999999999999
2012-04-26,58.65
2012-04-27,48.989999999999995
2012-04-28,38.64
2012-04-29,48.3
2012-04-30,55.199999999999996
2012-05-01,63.51
2012-05-02,27.009999999999998
2012-05-03,64.97
2012-05-04,51.83
2012-05-05,12.41
2012-05-06,32.12
2012-05-07,47.449999999999996
2012-05-08,48.18
2012-05-09,46.72
2012-05-10,43.07
2012-05-11,45.99
2012-05-12,35.04
2012-05-13,13.14
2012-05-14,27.74
2012-05-15,54.019999999999996
2012-05-16,45.26
2012-05-17,45.99
2012-05-18,73.0
2012-05-19,23.36
2012-05-20,27.009999999999998
2012-05-21,24.82
2012-05-22,54.75
2012-05-23,40.879999999999995
2012-05-24,43.8
2012-05-25,29.93
2012-05-26,24.09
2012-05-27,17.52
2012-05-28,25.55
2012-05-29,57.67
2012-05-30,29.93
2012-05-31,40.879999999999995
2012-06-01,36.04
2012-06-02,8.84
2012-06-03,31.28
2012-06-04,41.480000000000004
2012-06-05,46.24
2012-06-06,23.12
2012-06-07,64.60000000000001
2012-06-08,17.68
2012-06-09,27.880000000000003
2012-06-10,21.080000000000002
2012-06-11,28.560000000000002
2012-06-12,48.96
2012-06-13,52.36000000000001
2012-06-14,36.04
2012-06-15,32.64
2012-06-16,21.76
2012-06-17,25.16
2012-06-18,35.36
2012-06-19,40.120000000000005
2012-06-20,40.800000000000004
2012-06-21,68.0
2012-06-22,46.92
2012-06-23,27.200000000000003
2012-06-24,27.880000000000003
2012-06-25,56.440000000000005
2012-06-26,37.400000000000006
2012-06-27,36.04
2012-06-28,48.28
2012-06-29,44.2
2012-06-30,23.8
2012-07-01,33.92
2012-07-02,47.36
2012-07-03,53.120000000000005
2012-07-04,36.480000000000004
2012-07-05,51.2
2012-07-06,61.44
2012-07-07,21.76
2012-07-08,18.56
2012-07-09,55.04
2012-07-10,56.96
2012-07-11,64.0
2012-07-12,64.0
2012-07-13,51.84
2012-07-14,44.160000000000004
2012-07-15,40.32
2012-07-16,43.52
2012-07-17,42.88
2012-07-18,48.64
2012-07-19,55.04
2012-07-20,47.36
2012-07-21,48.0
2012-07-22,18.56
2012-07-23,37.12
2012-07-24,48.0
2012-07-25,46.08
2012-07-26,43.52
2012-07-27,26.88
2012-07-28,28.16
2012-07-29,17.92
2012-07-30,63.36
2012-07-31,36.480000000000004
2012-08-01,15.87
2012-08-02,35.19
2012-08-03,44.16
2012-08-04,8.969999999999999
2012-08-05,26.22
2012-08-06,32.43
2012-08-07,20.7
2012-08-08,37.26
2012-08-09,51.059999999999995
2012-08-10,31.049999999999997
2012-08-11,20.009999999999998
2012-08-12,26.22
2012-08-13,32.43
2012-08-14,43.47
2012-08-15,37.26
2012-08-16,35.19
2012-08-17,26.909999999999997
2012-08-18,20.009999999999998
2012-08-19,17.939999999999998
2012-08-20,30.36
2012-08-21,69.0
2012-08-22,46.23
2012-08-23,23.459999999999997
2012-08-24,60.029999999999994
2012-08-25,22.77
2012-08-26,33.809999999999995
2012-08-27,40.709999999999994
2012-08-28,46.919999999999995
2012-08-29,29.669999999999998
2012-08-30,34.5
2012-08-31,45.54
2012-09-01,31.85
2012-09-02,17.55
2012-09-03,7.800000000000001
2012-09-04,47.45
2012-09-05,42.9
2012-09-06,34.45
2012-09-07,39.65
2012-09-08,24.7
2012-09-09,35.75
2012-09-10,40.95
2012-09-11,65.0
2012-09-12,35.75
2012-09-13,42.9
2012-09-14,44.85
2012-09-15,22.75
2012-09-16,25.35
2012-09-17,55.9
2012-09-18,41.6
2012-09-19,40.95
2012-09-20,55.25
2012-09-21,39.65
2012-09-22,33.800000000000004
2012-09-23,19.5
2012-09-24,44.85
2012-09-25,44.2
2012-09-26,53.300000000000004
2012-09-27,44.85
2012-09-28,53.95
2012-09-29,25.35
2012-09-30,24.7
2012-10-01,44.64
2012-10-02,41.76
2012-10-03,37.44
2012-10-04,41.76
2012-10-05,34.56
2012-10-06,22.32
2012-10-07,27.36
2012-10-08,48.239999999999995
2012-10-09,60.48
2012-10-10,72.0
2012-10-11,51.12
2012-10-12,31.68
2012-10-13,24.48
2012-10-14,23.759999999999998
2012-10-15,25.919999999999998
2012-10-16,59.76
2012-10-17,49.68
2012-10-18,35.28
2012-10-19,41.04
2012-10-20,27.36
2012-10-21,27.36
2012-10-22,36.72
2012-10-23,58.32
2012-10-24,44.64
2012-10-25,47.519999999999996
2012-10-26,29.52
2012-10-27,24.48
2012-10-28,25.919999999999998
2012-10-29,39.6
2012-10-30,42.48
2012-10-31,44.64
2012-11-01,51.660000000000004
2012-11-02,51.03
2012-11-03,20.16
2012-11-04,32.76
2012-11-05,56.07
2012-11-06,59.85
2012-11-07,37.17
2012-11-08,51.660000000000004
2012-11-09,56.7
2012-11-10,17.01
2012-11-11,27.09
2012-11-12,49.14
2012-11-13,50.4
2012-11-14,48.51
2012-11-15,57.33
2012-11-16,61.74
2012-11-17,29.61
2012-11-18,26.46
2012-11-19,58.59
2012-11-20,42.84
2012-11-21,60.480000000000004
2012-11-22,30.87
2012-11-23,19.53
2012-11-24,15.120000000000001
2012-11-25,35.28
2012-11-26,45.99
2012-11-27,63.0
2012-11-28,41.58
2012-11-29,52.92
2012-11-30,39.69
2012-12-01,5.64
2012-12-02,28.2
2012-12-03,32.43
2012-12-04,36.19
2012-12-05,32.43
2012-12-06,21.15
2012-12-07,16.919999999999998
2012-12-08,11.75
2012-12-09,11.28
2012-12-10,24.91
2012-12-11,27.729999999999997
2012-12-12,35.25
2012-12-13,47.0
2012-12-14,21.619999999999997
2012-12-15,11.75
2012-12-16,11.75
2012-12-17,18.799999999999997
2012-12-18,21.15
2012-12-19,12.219999999999999
2012-12-20,22.09
2012-12-21,33.37
2012-12-22,6.109999999999999
2012-12-23,6.109999999999999
2012-12-24,15.04
2012-12-25,13.629999999999999
2012-12-26,21.619999999999997
2012-12-27,20.68
2012-12-28,13.16
2012-12-29,23.029999999999998
2012-12-30,17.39
2012-12-31,13.16
2013-01-01,16.94
2013-01-02,55.44
2013-01-03,53.9
2013-01-04,55.44
2013-01-05,33.11
2013-01-06,44.660000000000004
2013-01-07,53.9
2013-01-08,52.36
2013-01-09,66.22
2013-01-10,77.0
2013-01-11,56.980000000000004
2013-01-12,42.35
2013-01-13,40.81
2013-01-14,36.19
2013-01-15,54.67
2013-01-16,54.67
2013-01-17,41.58
2013-01-18,37.730000000000004
2013-01-19,26.18
2013-01-20,32.34
2013-01-21,70.84
2013-01-22,63.910000000000004
2013-01-23,62.370000000000005
2013-01-24,54.67
2013-01-25,50.82
2013-01-26,36.96
2013-01-27,37.730000000000004
2013-01-28,63.910000000000004
2013-01-29,77.0
2013-01-30,48.51
2013-01-31,53.9
2013-02-01,38.64
2013-02-02,15.87
2013-02-03,27.599999999999998
2013-02-04,31.049999999999997
2013-02-05,30.36
2013-02-06,43.47
2013-02-07,69.0
2013-02-08,38.64
2013-02-09,40.019999999999996
2013-02-10,18.63
2013-02-11,38.64
2013-02-12,56.58
2013-02-13,52.44
2013-02-14,50.37
2013-02-15,42.779999999999994
2013-02-16,15.87
2013-02-17,27.599999999999998
2013-02-18,40.709999999999994
2013-02-19,51.74999999999999
2013-02-20,56.58
2013-02-21,24.15
2013-02-22,24.839999999999996
2013-02-23,18.63
2013-02-24,15.87
2013-02-25,40.709999999999994
2013-02-26,49.67999999999999
2013-02-27,41.4
2013-02-28,26.22
2013-03-01,51.6
2013-03-02,18.599999999999998
2013-03-03,13.799999999999999
2013-03-04,34.8
2013-03-05,49.199999999999996
2013-03-06,26.4
2013-03-07,40.8
2013-03-08,27.599999999999998
2013-03-09,16.8
2013-03-10,23.4
2013-03-11,55.8
2013-03-12,39.6
2013-03-13,49.8
2013-03-14,31.2
2013-03-15,40.8
2013-03-16,19.2
2013-03-17,21.0
2013-03-18,36.0
2013-03-19,43.199999999999996
2013-03-20,40.199999999999996
2013-03-21,42.6
2013-03-22,30.0
2013-03-23,30.599999999999998
2013-03-24,13.799999999999999
2013-03-25,32.4
2013-03-26,60.0
2013-03-27,59.4
2013-03-28,32.4
2013-03-29,45.0
2013-03-30,11.4
2013-03-31,22.8
2013-04-01,50.25
2013-04-02,62.980000000000004
2013-04-03,38.86
2013-04-04,40.870000000000005
2013-04-05,28.14
2013-04-06,42.21
2013-04-07,29.48
2013-04-08,28.810000000000002
2013-04-09,48.910000000000004
2013-04-10,40.2
2013-04-11,62.980000000000004
2013-04-12,67.0
2013-04-13,53.6
2013-04-14,33.5
2013-04-15,40.870000000000005
2013-04-16,56.95
2013-04-17,42.21
2013-04-18,28.810000000000002
2013-04-19,32.160000000000004
2013-04-20,22.78
2013-04-21,22.78
2013-04-22,54.27
2013-04-23,48.910000000000004
2013-04-24,58.290000000000006
2013-04-25,43.550000000000004
2013-04-26,38.190000000000005
2013-04-27,38.86
2013-04-28,25.46
2013-04-29,37.52
2013-04-30,36.18
2013-05-01,31.319999999999997
2013-05-02,27.839999999999996
2013-05-03,35.379999999999995
2013-05-04,28.419999999999998
2013-05-05,13.919999999999998
2013-05-06,35.379999999999995
2013-05-07,42.919999999999995
2013-05-08,34.8
2013-05-09,57.99999999999999
2013-05-10,17.98
2013-05-11,16.82
2013-05-12,18.56
2013-05-13,51.62
2013-05-14,30.159999999999997
2013-05-15,48.72
2013-05-16,22.619999999999997
2013-05-17,37.699999999999996
2013-05-18,33.64
2013-05-19,16.24
2013-05-20,50.459999999999994
2013-05-21,37.12
2013-05-22,41.18
2013-05-23,32.48
2013-05-24,30.159999999999997
2013-05-25,24.939999999999998
2013-05-26,15.659999999999998
2013-05-27,16.24
2013-05-28,27.839999999999996
2013-05-29,45.239999999999995
2013-05-30,45.82
2013-05-31,27.839999999999996
2013-06-01,21.0
2013-06-02,16.2
2013-06-03,41.4
2013-06-04,22.2
2013-06-05,24.599999999999998
2013-06-06,36.0
2013-06-07,31.2
2013-06-08,16.8
2013-06-09,21.599999999999998
2013-06-10,30.0
2013-06-11,30.0
2013-06-12,41.4
2013-06-13,22.8
2013-06-14,30.0
2013-06-15,12.0
2013-06-16,12.6
2013-06-17,36.0
2013-06-18,37.199999999999996
2013-06-19,49.199999999999996
2013-06-20,36.6
2013-06-21,27.599999999999998
2013-06-22,16.8
2013-06-23,21.599999999999998
2013-06-24,60.0
2013-06-25,28.2
2013-06-26,24.599999999999998
2013-06-27,27.0
2013-06-28,45.6
2013-06-29,12.0
2013-06-30,14.399999999999999
2013-07-01,24.0
2013-07-02,60.0
2013-07-03,34.199999999999996
2013-07-04,19.2
2013-07-05,39.0
2013-07-06,7.199999999999999
2013-07-07,11.4
2013-07-08,27.0
2013-07-09,29.4
2013-07-10,44.4
2013-07-11,54.0
2013-07-12,40.199999999999996
2013-07-13,14.399999999999999
2013-07-14,18.599999999999998
2013-07-15,30.0
2013-07-16,35.4
2013-07-17,36.0
2013-07-18,33.6
2013-07-19,31.2
2013-07-20,18.599999999999998
2013-07-21,22.8
2013-07-22,38.4
2013-07-23,26.4
2013-07-24,57.0
2013-07-25,33.6
2013-07-26,25.2
2013-07-27,22.2
2013-07-28,11.4
2013-07-29,27.0
2013-07-30,45.0
2013-07-31,50.4
2013-08-01,34.16
2013-08-02,40.26
2013-08-03,18.91
2013-08-04,15.25
2013-08-05,26.23
2013-08-06,37.82
2013-08-07,37.82
2013-08-08,48.19
2013-08-09,31.11
2013-08-10,12.2
2013-08-11,17.69
2013-08-12,40.26
2013-08-13,61.0
2013-08-14,38.43
2013-08-15,42.699999999999996
2013-08-16,33.55
2013-08-17,7.32
2013-08-18,22.57
2013-08-19,37.82
2013-08-20,34.16
2013-08-21,28.06
2013-08-22,44.53
2013-08-23,50.019999999999996
2013-08-24,25.009999999999998
2013-08-25,10.98
2013-08-26,32.33
2013-08-27,40.26
2013-08-28,59.78
2013-08-29,43.31
2013-08-30,25.009999999999998
2013-08-31,14.64
2013-09-01,22.1
2013-09-02,13.65
2013-09-03,46.15
2013-09-04,46.15
2013-09-05,33.15
2013-09-06,34.45
2013-09-07,14.3
2013-09-08,25.35
2013-09-09,46.15
2013-09-10,33.800000000000004
2013-09-11,29.900000000000002
2013-09-12,50.050000000000004
2013-09-13,31.85
2013-09-14,21.45
2013-09-15,18.2
2013-09-16,13.0
2013-09-17,47.45
2013-09-18,65.0
2013-09-19,52.0
2013-09-20,42.25
2013-09-21,18.85
2013-09-22,18.85
2013-09-23,33.15
2013-09-24,55.9
2013-09-25,40.95
2013-09-26,50.050000000000004
2013-09-27,45.5
2013-09-28,18.85
2013-09-29,35.75
2013-09-30,42.9
2013-10-01,51.480000000000004
2013-10-02,34.32
2013-10-03,56.160000000000004
2013-10-04,47.58
2013-10-05,26.52
2013-10-06,21.060000000000002
2013-10-07,62.400000000000006
2013-10-08,66.3
2013-10-09,73.32000000000001
2013-10-10,42.9
2013-10-11,51.480000000000004
2013-10-12,35.1
2013-10-13,35.1
2013-10-14,24.18
2013-10-15,52.260000000000005
2013-10-16,76.44
2013-10-17,63.18
2013-10-18,77.22
2013-10-19,52.260000000000005
2013-10-20,13.26
2013-10-21,45.24
2013-10-22,40.56
2013-10-23,62.400000000000006
2013-10-24,34.32
2013-10-25,32.76
2013-10-26,17.94
2013-10-27,38.22
2013-10-28,47.58
2013-10-29,78.0
2013-10-30,74.88
2013-10-31,35.1
2013-11-01,47.58
2013-11-02,37.82
2013-11-03,17.08
2013-11-04,37.21
2013-11-05,47.58
2013-11-06,45.75
2013-11-07,48.19
2013-11-08,43.31
2013-11-09,28.669999999999998
2013-11-10,28.669999999999998
2013-11-11,46.97
2013-11-12,61.0
2013-11-13,48.19
2013-11-14,37.21
2013-11-15,57.339999999999996
2013-11-16,39.65
2013-11-17,30.5
2013-11-18,49.41
2013-11-19,26.84
2013-11-20,54.29
2013-11-21,55.51
2013-11-22,32.94
2013-11-23,22.57
2013-11-24,25.009999999999998
2013-11-25,25.009999999999998
2013-11-26,50.629999999999995
2013-11-27,34.16
2013-11-28,13.42
2013-11-29,13.42
2013-11-30,17.08
2013-12-01,19.0
2013-12-02,30.0
2013-12-03,50.0
2013-12-04,38.0
2013-12-05,48.0
2013-12-06,49.0
2013-12-07,11.5
2013-12-08,26.5
2013-12-09,36.5
2013-12-10,38.5
2013-12-11,41.0
2013-12-12,27.0
2013-12-13,23.5
2013-12-14,11.5
2013-12-15,17.5
2013-12-16,24.5
2013-12-17,37.5
2013-12-18,30.5
2013-12-19,44.0
2013-12-20,43.5
2013-12-21,19.5
2013-12-22,30.0
2013-12-23,30.0
2013-12-24,21.5
2013-12-25,13.0
2013-12-26,23.0
2013-12-27,17.5
2013-12-28,24.0
2013-12-29,21.5
2013-12-30,38.0
2013-12-31,25.5
2014-01-01,26.0
2014-01-02,16.25
2014-01-03,52.65
2014-01-04,31.200000000000003
2014-01-05,44.2
2014-01-06,47.45
2014-01-07,42.9
2014-01-08,46.800000000000004
2014-01-09,48.75
2014-01-10,58.5
2014-01-11,31.85
2014-01-12,24.05
2014-01-13,52.0
2014-01-14,37.050000000000004
2014-01-15,63.050000000000004
2014-01-16,57.2
2014-01-17,29.25
2014-01-18,35.1
2014-01-19,35.1
2014-01-20,27.3
2014-01-21,42.9
2014-01-22,44.85
2014-01-23,39.0
2014-01-24,59.800000000000004
2014-01-25,26.0
2014-01-26,10.4
2014-01-27,57.85
2014-01-28,42.25
2014-01-29,53.300000000000004
2014-01-30,65.0
2014-01-31,33.15
2014-02-01,26.88
2014-02-02,21.12
2014-02-03,36.480000000000004
2014-02-04,30.080000000000002
2014-02-05,44.160000000000004
2014-02-06,55.68
2014-02-07,37.12
2014-02-08,29.44
2014-02-09,13.44
2014-02-10,46.72
2014-02-11,64.0
2014-02-12,53.76
2014-02-13,43.52
2014-02-14,43.52
2014-02-15,32.64
2014-02-16,19.2
2014-02-17,48.0
2014-02-18,43.52
2014-02-19,52.480000000000004
2014-02-20,43.52
2014-02-21,44.800000000000004
2014-02-22,33.28
2014-02-23,19.2
2014-02-24,54.4
2014-02-25,60.160000000000004
2014-02-26,42.88
2014-02-27,46.08
2014-02-28,56.32
2014-03-01,34.45
2014-03-02,13.0
2014-03-03,41.6
2014-03-04,40.95
2014-03-05,56.550000000000004
2014-03-06,55.25
2014-03-07,40.95
2014-03-08,24.7
2014-03-09,37.7
2014-03-10,44.2
2014-03-11,37.7
2014-03-12,46.15
2014-03-13,42.25
2014-03-14,44.2
2014-03-15,30.55
2014-03-16,29.25
2014-03-17,28.6
2014-03-18,35.1
2014-03-19,46.15
2014-03-20,59.800000000000004
2014-03-21,39.65
2014-03-22,16.25
2014-03-23,24.05
2014-03-24,22.1
2014-03-25,65.0
2014-03-26,48.1
2014-03-27,44.2
2014-03-28,52.65
2014-03-29,24.05
2014-03-30,29.25
2014-03-31,56.550000000000004
2014-04-01,33.3
2014-04-02,40.7
2014-04-03,42.18
2014-04-04,31.08
2014-04-05,17.02
2014-04-06,19.24
2014-04-07,41.44
2014-04-08,54.76
2014-04-09,44.4
2014-04-10,34.78
2014-04-11,23.68
2014-04-12,22.2
2014-04-13,19.24
2014-04-14,29.6
2014-04-15,32.56
2014-04-16,40.7
2014-04-17,43.66
2014-04-18,41.44
2014-04-19,24.419999999999998
2014-04-20,18.5
2014-04-21,21.46
2014-04-22,74.0
2014-04-23,47.36
2014-04-24,51.8
2014-04-25,40.7
2014-04-26,28.12
2014-04-27,19.24
2014-04-28,54.76
2014-04-29,29.6
2014-04-30,31.08
2014-05-01,34.22
2014-05-02,52.779999999999994
2014-05-03,26.68
2014-05-04,14.499999999999998
2014-05-05,33.059999999999995
2014-05-06,49.879999999999995
2014-05-07,36.54
2014-05-08,44.66
2014-05-09,50.459999999999994
2014-05-10,19.72
2014-05-11,15.659999999999998
2014-05-12,46.4
2014-05-13,35.96
2014-05-14,33.059999999999995
2014-05-15,31.319999999999997
2014-05-16,35.96
2014-05-17,20.299999999999997
2014-05-18,9.86
2014-05-19,48.72
2014-05-20,40.019999999999996
2014-05-21,38.86
2014-05-22,37.699999999999996
2014-05-23,37.699999999999996
2014-05-24,13.34
2014-05-25,18.56
2014-05-26,19.72
2014-05-27,52.199999999999996
2014-05-28,57.99999999999999
2014-05-29,40.019999999999996
2014-05-30,27.839999999999996
2014-05-31,17.4
2014-06-01,24.05
2014-06-02,53.95
2014-06-03,24.05
2014-06-04,36.4
2014-06-05,39.65
2014-06-06,35.75
2014-06-07,18.85
2014-06-08,63.050000000000004
2014-06-09,46.800000000000004
2014-06-10,49.4
2014-06-11,58.5
2014-06-12,29.900000000000002
2014-06-13,33.15
2014-06-14,28.6
2014-06-15,26.650000000000002
2014-06-16,59.800000000000004
2014-06-17,46.800000000000004
2014-06-18,50.050000000000004
2014-06-19,55.9
2014-06-20,33.800000000000004
2014-06-21,33.800000000000004
2014-06-22,39.0
2014-06-23,52.65
2014-06-24,29.25
2014-06-25,54.6
2014-06-26,37.7
2014-06-27,50.050000000000004
2014-06-28,18.85
2014-06-29,19.5
2014-06-30,65.0
2014-07-01,22.75
2014-07-02,37.050000000000004
2014-07-03,38.35
2014-07-04,23.400000000000002
2014-07-05,28.6
2014-07-06,20.8
2014-07-07,34.45
2014-07-08,42.25
2014-07-09,45.5
2014-07-10,48.1
2014-07-11,18.85
2014-07-12,29.900000000000002
2014-07-13,14.3
2014-07-14,49.4
2014-07-15,46.800000000000004
2014-07-16,40.95
2014-07-17,37.050000000000004
2014-07-18,24.05
2014-07-19,28.6
2014-07-20,11.700000000000001
2014-07-21,45.5
2014-07-22,65.0
2014-07-23,43.550000000000004
2014-07-24,52.65
2014-07-25,21.45
2014-07-26,16.900000000000002
2014-07-27,8.450000000000001
2014-07-28,38.35
2014-07-29,49.4
2014-07-30,31.85
2014-07-31,34.45
2014-08-01,56.73
2014-08-02,20.13
2014-08-03,14.03
2014-08-04,48.8
2014-08-05,37.82
2014-08-06,29.89
2014-08-07,25.009999999999998
2014-08-08,34.769999999999996
2014-08-09,10.37
2014-08-10,14.03
2014-08-11,50.629999999999995
2014-08-12,36.6
2014-08-13,32.33
2014-08-14,43.92
2014-08-15,31.11
2014-08-16,13.42
2014-08-17,15.25
2014-08-18,35.38
2014-08-19,37.82
2014-08-20,37.82
2014-08-21,46.36
2014-08-22,61.0
2014-08-23,23.18
2014-08-24,20.13
2014-08-25,34.16
2014-08-26,34.16
2014-08-27,42.089999999999996
2014-08-28,47.58
2014-08-29,33.55
2014-08-30,23.18
2014-08-31,17.08
2014-09-01,18.91
2014-09-02,30.5
2014-09-03,45.14
2014-09-04,47.58
2014-09-05,25.62
2014-09-06,11.59
2014-09-07,25.009999999999998
2014-09-08,42.699999999999996
2014-09-09,41.48
2014-09-10,46.97
2014-09-11,42.699999999999996
2014-09-12,39.65
2014-09-13,25.62
2014-09-14,20.13
2014-09-15,38.43
2014-09-16,51.24
2014-09-17,56.12
2014-09-18,61.0
2014-09-19,42.699999999999996
2014-09-20,20.74
2014-09-21,33.55
2014-09-22,46.97
2014-09-23,37.82
2014-09-24,47.58
2014-09-25,40.87
2014-09-26,31.11
2014-09-27,20.74
2014-09-28,25.62
2014-09-29,31.72
2014-09-30,37.82
2014-10-01,40.800000000000004
2014-10-02,38.080000000000005
2014-10-03,38.760000000000005
2014-10-04,29.240000000000002
2014-10-05,23.12
2014-10-06,42.84
2014-10-07,42.160000000000004
2014-10-08,46.92
2014-10-09,68.0
2014-10-10,23.8
2014-10-11,17.68
2014-10-12,34.68
2014-10-13,27.200000000000003
2014-10-14,59.84
2014-10-15,24.48
2014-10-16,44.88
2014-10-17,40.800000000000004
2014-10-18,20.400000000000002
2014-10-19,11.56
2014-10-20,27.200000000000003
2014-10-21,40.120000000000005
2014-10-22,26.520000000000003
2014-10-23,61.2
2014-10-24,23.8
2014-10-25,20.400000000000002
2014-10-26,17.0
2014-10-27,35.36
2014-10-28,53.040000000000006
2014-10-29,41.480000000000004
2014-10-30,51.68000000000001
2014-10-31,34.0
2014-11-01,13.750000000000002
2014-11-02,15.950000000000001
2014-11-03,41.25
2014-11-04,55.00000000000001
2014-11-05,37.400000000000006
2014-11-06,32.45
2014-11-07,48.95
2014-11-08,20.900000000000002
2014-11-09,7.700000000000001
2014-11-10,30.800000000000004
2014-11-11,28.6
2014-11-12,36.300000000000004
2014-11-13,38.5
2014-11-14,23.1
2014-11-15,11.55
2014-11-16,22.55
2014-11-17,35.75
2014-11-18,43.45
2014-11-19,23.1
2014-11-20,16.5
2014-11-21,20.900000000000002
2014-11-22,19.25
2014-11-23,15.400000000000002
2014-11-24,32.45
2014-11-25,33.0
2014-11-26,33.0
2014-11-27,21.450000000000003
2014-11-28,18.700000000000003
2014-11-29,19.25
2014-11-30,12.65
2014-12-01,15.36
2014-12-02,35.519999999999996
2014-12-03,17.759999999999998
2014-12-04,27.36
2014-12-05,48.0
2014-12-06,24.0
2014-12-07,13.92
2014-12-08,24.0
2014-12-09,30.24
2014-12-10,24.48
2014-12-11,20.16
2014-12-12,20.64
2014-12-13,19.2
2014-12-14,21.599999999999998
2014-12-15,23.52
2014-12-16,23.52
2014-12-17,29.279999999999998
2014-12-18,21.119999999999997
2014-12-19,18.72
2014-12-20,6.72
2014-12-21,13.44
2014-12-22,18.72
2014-12-23,14.399999999999999
2014-12-24,10.559999999999999
2014-12-25,7.68
2014-12-26,19.2
2014-12-27,12.959999999999999
2014-12-28,12.959999999999999
2014-12-29,25.919999999999998
2014-12-30,24.0
2014-12-31,11.52
2015-01-01,9.18
2015-01-02,19.89
2015-01-03,21.93
2015-01-04,36.21
2015-01-05,29.07
2015-01-06,33.15
2015-01-07,51.0
2015-01-08,46.410000000000004
2015-01-09,38.25
2015-01-10,28.560000000000002
2015-01-11,23.97
2015-01-12,47.43
2015-01-13,47.43
2015-01-14,43.86
2015-01-15,26.01
2015-01-16,36.21
2015-01-17,30.6
2015-01-18,16.32
2015-01-19,35.19
2015-01-20,38.76
2015-01-21,32.13
2015-01-22,32.64
2015-01-23,44.37
2015-01-24,24.48
2015-01-25,27.03
2015-01-26,40.29
2015-01-27,29.580000000000002
2015-01-28,38.76
2015-01-29,35.7
2015-01-30,37.230000000000004
2015-01-31,36.72
2015-02-01,29.580000000000002
2015-02-02,22.44
2015-02-03,38.76
2015-02-04,40.8
2015-02-05,34.68
2015-02-06,44.88
2015-02-07,20.4
2015-02-08,19.89
2015-02-09,29.07
2015-02-10,44.88
2015-02-11,40.8
2015-02-12,36.21
2015-02-13,38.25
2015-02-14,13.26
2015-02-15,17.85
2015-02-16,27.03
2015-02-17,22.95
2015-02-18,51.0
2015-02-19,34.68
2015-02-20,40.29
2015-02-21,16.830000000000002
2015-02-22,22.95
2015-02-23,27.03
2015-02-24,33.660000000000004
2015-02-25,36.72
2015-02-26,43.86
2015-02-27,46.410000000000004
2015-02-28,22.95
2015-03-01,6.84
2015-03-02,17.099999999999998
2015-03-03,22.799999999999997
2015-03-04,39.9
2015-03-05,37.62
2015-03-06,29.639999999999997
2015-03-07,14.819999999999999
2015-03-08,7.409999999999999
2015-03-09,41.04
2015-03-10,40.47
2015-03-11,17.669999999999998
2015-03-12,9.12
2015-03-13,30.209999999999997
2015-03-14,29.639999999999997
2015-03-15,22.799999999999997
2015-03-16,26.79
2015-03-17,35.339999999999996
2015-03-18,41.61
2015-03-19,29.639999999999997
2015-03-20,35.91
2015-03-21,22.229999999999997
2015-03-22,22.229999999999997
2015-03-23,29.069999999999997
2015-03-24,29.639999999999997
2015-03-25,29.639999999999997
2015-03-26,39.33
2015-03-27,33.629999999999995
2015-03-28,24.509999999999998
2015-03-29,40.47
2015-03-30,36.48
2015-03-31,56.99999999999999
2015-04-01,31.319999999999997
2015-04-02,35.379999999999995
2015-04-03,37.12
2015-04-04,25.52
2015-04-05,47.559999999999995
2015-04-06,53.36
2015-04-07,53.94
2015-04-08,46.4
2015-04-09,49.3
2015-04-10,29.58
2015-04-11,23.779999999999998
2015-04-12,27.259999999999998
2015-04-13,30.74
2015-04-14,55.099999999999994
2015-04-15,56.26
2015-04-16,57.99999999999999
2015-04-17,32.48
2015-04-18,17.4
2015-04-19,33.64
2015-04-20,48.13999999999999
2015-04-21,30.74
2015-04-22,53.94
2015-04-23,36.54
2015-04-24,30.159999999999997
2015-04-25,35.379999999999995
2015-04-26,30.159999999999997
2015-04-27,25.52
2015-04-28,48.72
2015-04-29,46.98
2015-04-30,34.22
2015-05-01,26.320000000000004
2015-05-02,8.96
2015-05-03,17.92
2015-05-04,25.200000000000003
2015-05-05,29.680000000000003
2015-05-06,27.44
2015-05-07,37.52
2015-05-08,36.400000000000006
2015-05-09,24.64
2015-05-10,28.000000000000004
2015-05-11,38.080000000000005
2015-05-12,20.720000000000002
2015-05-13,56.00000000000001
2015-05-14,35.28
2015-05-15,26.880000000000003
2015-05-16,21.840000000000003
2015-05-17,21.840000000000003
2015-05-18,39.760000000000005
2015-05-19,23.520000000000003
2015-05-20,38.080000000000005
2015-05-21,29.680000000000003
2015-05-22,30.800000000000004
2015-05-23,9.520000000000001
2015-05-24,10.080000000000002
2015-05-25,30.240000000000002
2015-05-26,52.080000000000005
2015-05-27,47.040000000000006
2015-05-28,48.160000000000004
2015-05-29,42.56
2015-05-30,18.48
2015-05-31,21.840000000000003
2015-06-01,43.07
2015-06-02,53.69
2015-06-03,47.199999999999996
2015-06-04,37.169999999999995
2015-06-05,41.3
2015-06-06,27.139999999999997
2015-06-07,24.189999999999998
2015-06-08,39.53
2015-06-09,54.87
2015-06-10,50.739999999999995
2015-06-11,53.69
2015-06-12,44.25
2015-06-13,17.11
2015-06-14,20.65
2015-06-15,55.459999999999994
2015-06-16,36.58
2015-06-17,36.58
2015-06-18,44.839999999999996
2015-06-19,38.94
2015-06-20,30.09
2015-06-21,10.62
2015-06-22,42.48
2015-06-23,23.599999999999998
2015-06-24,26.549999999999997
2015-06-25,59.0
2015-06-26,46.61
2015-06-27,23.009999999999998
2015-06-28,13.569999999999999
2015-06-29,31.86
2015-06-30,41.89
2015-07-01,16.52
2015-07-02,12.389999999999999
2015-07-03,0.0
2015-07-04,15.93
2015-07-05,6.489999999999999
2015-07-06,33.04
2015-07-07,23.009999999999998
2015-07-08,46.61
2015-07-09,40.12
2015-07-10,29.5
2015-07-11,45.43
2015-07-12,12.389999999999999
2015-07-13,33.04
2015-07-14,27.729999999999997
2015-07-15,25.369999999999997
2015-07-16,18.88
2015-07-17,19.47
2015-07-18,18.88
2015-07-19,12.979999999999999
2015-07-20,31.86
2015-07-21,28.32
2015-07-22,59.0
2015-07-23,46.019999999999996
2015-07-24,24.189999999999998
2015-07-25,18.29
2015-07-26,24.189999999999998
2015-07-27,32.449999999999996
2015-07-28,41.89
2015-07-29,33.04
2015-07-30,21.24
2015-07-31,27.139999999999997
2015-08-01,21.7
2015-08-02,9.3
2015-08-03,21.7
2015-08-04,47.74
2015-08-05,48.36
2015-08-06,41.54
2015-08-07,35.339999999999996
2015-08-08,18.6
2015-08-09,24.8
2015-08-10,35.96
2015-08-11,37.82
2015-08-12,24.18
2015-08-13,53.32
2015-08-14,62.0
2015-08-15,22.94
2015-08-16,18.6
2015-08-17,47.74
2015-08-18,45.26
2015-08-19,33.48
2015-08-20,26.04
2015-08-21,48.98
2015-08-22,24.18
2015-08-23,21.08
2015-08-24,60.76
2015-08-25,55.8
2015-08-26,34.72
2015-08-27,44.02
2015-08-28,45.26
2015-08-29,31.0
2015-08-30,17.98
2015-08-31,34.1
2015-09-01,40.96
2015-09-02,30.72
2015-09-03,62.72
2015-09-04,43.52
2015-09-05,17.92
2015-09-06,18.56
2015-09-07,21.12
2015-09-08,40.32
2015-09-09,39.68
2015-09-10,40.32
2015-09-11,37.76
2015-09-12,34.56
2015-09-13,33.92
2015-09-14,23.68
2015-09-15,43.52
2015-09-16,37.12
2015-09-17,60.800000000000004
2015-09-18,41.6
2015-09-19,22.400000000000002
2015-09-20,17.28
2015-09-21,52.480000000000004
2015-09-22,53.120000000000005
2015-09-23,40.32
2015-09-24,64.0
2015-09-25,52.480000000000004
2015-09-26,13.44
2015-09-27,34.56
2015-09-28,45.44
2015-09-29,29.44
2015-09-30,62.72
2015-10-01,31.499999999999996
2015-10-02,25.9
2015-10-03,8.399999999999999
2015-10-04,18.2
2015-10-05,22.4
2015-10-06,30.099999999999998
2015-10-07,37.8
2015-10-08,32.199999999999996
2015-10-09,25.9
2015-10-10,12.6
2015-10-11,23.099999999999998
2015-10-12,70.0
2015-10-13,59.49999999999999
2015-10-14,32.199999999999996
2015-10-15,40.599999999999994
2015-10-16,30.799999999999997
2015-10-17,25.2
2015-10-18,20.299999999999997
2015-10-19,34.3
2015-10-20,42.699999999999996
2015-10-21,28.0
2015-10-22,23.099999999999998
2015-10-23,23.799999999999997
2015-10-24,20.299999999999997
2015-10-25,11.899999999999999
2015-10-26,35.699999999999996
2015-10-27,54.599999999999994
2015-10-28,31.499999999999996
2015-10-29,27.299999999999997
2015-10-30,21.0
2015-10-31,12.6
2015-11-01,33.15
2015-11-02,35.7
2015-11-03,49.47
2015-11-04,45.39
2015-11-05,45.9
2015-11-06,49.47
2015-11-07,28.05
2015-11-08,15.81
2015-11-09,50.49
2015-11-10,40.29
2015-11-11,45.39
2015-11-12,49.980000000000004
2015-11-13,51.0
2015-11-14,32.64
2015-11-15,15.3
2015-11-16,38.25
2015-11-17,44.88
2015-11-18,50.49
2015-11-19,50.49
2015-11-20,27.54
2015-11-21,12.24
2015-11-22,30.6
2015-11-23,49.47
2015-11-24,44.88
2015-11-25,37.74
2015-11-26,9.69
2015-11-27,17.85
2015-11-28,24.48
2015-11-29,22.95
2015-11-30,34.17
2015-12-01,29.900000000000002
2015-12-02,25.3
2015-12-03,38.18
2015-12-04,24.380000000000003
2015-12-05,16.560000000000002
2015-12-06,9.200000000000001
2015-12-07,39.56
2015-12-08,40.940000000000005
2015-12-09,39.56
2015-12-10,46.0
2015-12-11,20.7
2015-12-12,9.66
2015-12-13,16.560000000000002
2015-12-14,30.82
2015-12-15,23.92
2015-12-16,34.04
2015-12-17,38.64
2015-12-18,20.7
2015-12-19,12.42
2015-12-20,7.82
2015-12-21,18.400000000000002
2015-12-22,27.14
2015-12-23,25.76
2015-12-24,7.36
2015-12-25,8.74
2015-12-26,7.82
2015-12-27,9.66
2015-12-28,14.72
2015-12-29,24.84
2015-12-30,14.72
2015-12-31,10.120000000000001
2016-01-01,14.580000000000002
2016-01-02,32.400000000000006
2016-01-03,9.72
2016-01-04,21.6
2016-01-05,54.0
2016-01-06,41.040000000000006
2016-01-07,42.660000000000004
2016-01-08,43.74
2016-01-09,24.840000000000003
2016-01-10,23.220000000000002
2016-01-11,25.92
2016-01-12,44.28
2016-01-13,37.260000000000005
2016-01-14,40.5
2016-01-15,35.1
2016-01-16,22.14
2016-01-17,18.36
2016-01-18,47.52
2016-01-19,28.62
2016-01-20,18.36
2016-01-21,42.660000000000004
2016-01-22,37.800000000000004
2016-01-23,9.18
2016-01-24,18.900000000000002
2016-01-25,28.62
2016-01-26,34.56
2016-01-27,47.52
2016-01-28,37.260000000000005
2016-01-29,49.14
2016-01-30,29.160000000000004
2016-01-31,21.6
2016-02-01,32.45
2016-02-02,31.900000000000002
2016-02-03,34.650000000000006
2016-02-04,39.050000000000004
2016-02-05,22.55
2016-02-06,20.900000000000002
2016-02-07,5.5
2016-02-08,36.300000000000004
2016-02-09,44.550000000000004
2016-02-10,21.450000000000003
2016-02-11,25.3
2016-02-12,28.05
2016-02-13,18.700000000000003
2016-02-14,7.700000000000001
2016-02-15,22.55
2016-02-16,29.150000000000002
2016-02-17,23.650000000000002
2016-02-18,37.400000000000006
2016-02-19,55.00000000000001
2016-02-20,11.55
2016-02-21,18.700000000000003
2016-02-22,40.150000000000006
2016-02-23,42.900000000000006
2016-02-24,39.6
2016-02-25,39.050000000000004
2016-02-26,34.1
2016-02-27,15.400000000000002
2016-02-28,17.05
2016-02-29,42.35
2016-03-01,36.18
2016-03-02,51.300000000000004
2016-03-03,32.940000000000005
2016-03-04,38.34
2016-03-05,5.4
2016-03-06,30.78
2016-03-07,41.580000000000005
2016-03-08,47.52
2016-03-09,21.6
2016-03-10,37.260000000000005
2016-03-11,24.840000000000003
2016-03-12,16.200000000000003
2016-03-13,10.260000000000002
2016-03-14,37.800000000000004
2016-03-15,23.76
2016-03-16,28.62
2016-03-17,35.64
2016-03-18,16.200000000000003
2016-03-19,18.36
2016-03-20,8.100000000000001
2016-03-21,24.3
2016-03-22,27.0
2016-03-23,19.98
2016-03-24,29.700000000000003
2016-03-25,31.32
2016-03-26,16.200000000000003
2016-03-27,11.34
2016-03-28,38.88
2016-03-29,27.0
2016-03-30,15.66
2016-03-31,54.0
2016-04-01,41.61
2016-04-02,23.369999999999997
2016-04-03,13.68
2016-04-04,49.019999999999996
2016-04-05,45.599999999999994
2016-04-06,45.599999999999994
2016-04-07,47.879999999999995
2016-04-08,25.65
2016-04-09,29.639999999999997
2016-04-10,15.959999999999999
2016-04-11,56.99999999999999
2016-04-12,43.88999999999999
2016-04-13,32.489999999999995
2016-04-14,30.779999999999998
2016-04-15,40.47
2016-04-16,29.069999999999997
2016-04-17,23.939999999999998
2016-04-18,40.47
2016-04-19,55.28999999999999
2016-04-20,54.15
2016-04-21,39.9
2016-04-22,43.31999999999999
2016-04-23,19.38
2016-04-24,16.529999999999998
2016-04-25,34.199999999999996
2016-04-26,54.15
2016-04-27,51.3
2016-04-28,43.88999999999999
2016-04-29,31.349999999999998
2016-04-30,32.489999999999995
2016-05-01,10.44
2016-05-02,22.04
2016-05-03,37.699999999999996
2016-05-04,41.76
2016-05-05,31.319999999999997
2016-05-06,18.56
2016-05-07,8.12
2016-05-08,11.02
2016-05-09,17.98
2016-05-10,33.64
2016-05-11,27.259999999999998
2016-05-12,30.159999999999997
2016-05-13,19.139999999999997
2016-05-14,11.02
2016-05-15,22.04
2016-05-16,41.18
2016-05-17,40.019999999999996
2016-05-18,29.58
2016-05-19,27.839999999999996
2016-05-20,31.319999999999997
2016-05-21,13.919999999999998
2016-05-22,16.82
2016-05-23,31.9
2016-05-24,45.82
2016-05-25,57.99999999999999
2016-05-26,35.379999999999995
2016-05-27,31.9
2016-05-28,5.8
2016-05-29,17.4
2016-05-30,30.159999999999997
2016-05-31,20.88
2016-06-01,19.080000000000002
2016-06-02,30.740000000000002
2016-06-03,33.39
2016-06-04,11.66
2016-06-05,15.370000000000001
2016-06-06,25.44
2016-06-07,27.03
2016-06-08,53.0
2016-06-09,24.91
2016-06-10,25.44
2016-06-11,11.66
2016-06-12,9.540000000000001
2016-06-13,35.510000000000005
2016-06-14,40.28
2016-06-15,35.510000000000005
2016-06-16,21.200000000000003
2016-06-17,38.690000000000005
2016-06-18,27.560000000000002
2016-06-19,14.31
2016-06-20,27.560000000000002
2016-06-21,32.86
2016-06-22,42.93
2016-06-23,39.75
2016-06-24,38.690000000000005
2016-06-25,13.780000000000001
2016-06-26,26.5
2016-06-27,27.560000000000002
2016-06-28,50.35
2016-06-29,26.5
2016-06-30,28.62
2016-07-01,15.9
2016-07-02,14.84
2016-07-03,19.080000000000002
2016-07-04,18.02
2016-07-05,25.44
2016-07-06,27.03
2016-07-07,38.160000000000004
2016-07-08,12.72
2016-07-09,14.84
2016-07-10,11.66
2016-07-11,28.62
2016-07-12,32.86
2016-07-13,24.380000000000003
2016-07-14,41.34
2016-07-15,20.67
2016-07-16,16.43
2016-07-17,10.07
2016-07-18,16.96
2016-07-19,23.85
2016-07-20,37.1
2016-07-21,21.200000000000003
2016-07-22,20.14
2016-07-23,4.7700000000000005
2016-07-24,16.43
2016-07-25,31.8
2016-07-26,34.980000000000004
2016-07-27,33.39
2016-07-28,53.0
2016-07-29,14.31
2016-07-30,9.540000000000001
2016-07-31,11.13
2016-08-01,26.52
2016-08-02,34.17
2016-08-03,29.07
2016-08-04,29.580000000000002
2016-08-05,27.03
2016-08-06,19.89
2016-08-07,23.46
2016-08-08,23.97
2016-08-09,29.580000000000002
2016-08-10,39.27
2016-08-11,49.980000000000004
2016-08-12,42.84
2016-08-13,15.3
2016-08-14,19.89
2016-08-15,24.48
2016-08-16,43.86
2016-08-17,36.21
2016-08-18,23.46
2016-08-19,25.5
2016-08-20,6.63
2016-08-21,30.6
2016-08-22,39.78
2016-08-23,32.13
2016-08-24,33.15
2016-08-25,51.0
2016-08-26,39.78
2016-08-27,20.91
2016-08-28,20.4
2016-08-29,34.68
2016-08-30,34.68
2016-08-31,34.68
2016-09-01,27.839999999999996
2016-09-02,27.259999999999998
2016-09-03,11.6
2016-09-04,15.079999999999998
2016-09-05,27.839999999999996
2016-09-06,41.76
2016-09-07,44.66
2016-09-08,35.379999999999995
2016-09-09,19.72
2016-09-10,15.079999999999998
2016-09-11,12.76
2016-09-12,26.68
2016-09-13,41.18
2016-09-14,41.76
2016-09-15,31.9
2016-09-16,34.8
2016-09-17,13.34
2016-09-18,14.499999999999998
2016-09-19,29.58
2016-09-20,45.82
2016-09-21,33.059999999999995
2016-09-22,30.74
2016-09-23,38.279999999999994
2016-09-24,17.4
2016-09-25,15.079999999999998
2016-09-26,33.059999999999995
2016-09-27,57.99999999999999
2016-09-28,44.66
2016-09-29,31.9
2016-09-30,37.699999999999996
2016-10-01,18.36
2016-10-02,25.92
2016-10-03,29.160000000000004
2016-10-04,54.0
2016-10-05,35.64
2016-10-06,39.42
2016-10-07,38.88
2016-10-08,12.420000000000002
2016-10-09,26.46
2016-10-10,29.700000000000003
2016-10-11,41.580000000000005
2016-10-12,44.82
2016-10-13,40.5
2016-10-14,32.400000000000006
2016-10-15,15.66
2016-10-16,14.040000000000001
2016-10-17,24.3
2016-10-18,41.040000000000006
2016-10-19,50.220000000000006
2016-10-20,29.160000000000004
2016-10-21,35.64
2016-10-22,16.200000000000003
2016-10-23,31.32
2016-10-24,32.400000000000006
2016-10-25,47.52
2016-10-26,38.88
2016-10-27,47.52
2016-10-28,39.42
2016-10-29,18.36
2016-10-30,24.3
2016-10-31,42.660000000000004
2016-11-01,25.2
2016-11-02,18.9
2016-11-03,20.299999999999997
2016-11-04,16.099999999999998
2016-11-05,10.5
2016-11-06,9.1
2016-11-07,23.799999999999997
2016-11-08,19.599999999999998
2016-11-09,12.6
2016-11-10,18.2
2016-11-11,12.6
2016-11-12,10.5
2016-11-13,11.2
2016-11-14,16.099999999999998
2016-11-15,20.299999999999997
2016-11-16,14.7
2016-11-17,9.799999999999999
2016-11-18,18.2
2016-11-19,8.399999999999999
2016-11-20,4.199999999999999
2016-11-21,18.2
2016-11-22,11.899999999999999
2016-11-23,70.0
2016-11-24,37.099999999999994
2016-11-25,18.2
2016-11-26,9.799999999999999
2016-11-27,14.7
2016-11-28,23.099999999999998
2016-11-29,21.0
2016-11-30,18.9
2016-12-01,49.47
2016-12-02,27.54
2016-12-03,23.97
2016-12-04,24.990000000000002
2016-12-05,38.25
2016-12-06,36.21
2016-12-07,39.78
2016-12-08,39.78
2016-12-09,39.78
2016-12-10,0.0
2016-12-11,18.36
2016-12-12,41.31
2016-12-13,35.19
2016-12-14,51.0
2016-12-15,34.17
2016-12-16,33.15
2016-12-17,16.32
2016-12-18,13.77
2016-12-19,46.92
2016-12-20,21.42
2016-12-21,22.44
2016-12-22,15.3
2016-12-23,23.46
2016-12-24,11.22
2016-12-25,0.0
2016-12-26,5.61
2016-12-27,19.38
2016-12-28,22.44
2016-12-29,21.93
2016-12-30,7.65
2016-12-31,0.0
2017-01-01,13.34
2017-01-02,22.04
2017-01-03,33.64
2017-01-04,23.779999999999998
2017-01-05,27.259999999999998
2017-01-06,35.379999999999995
2017-01-07,16.82
2017-01-08,17.98
2017-01-09,23.2
2017-01-10,33.64
2017-01-11,32.48
2017-01-12,42.339999999999996
2017-01-13,30.159999999999997
2017-01-14,20.299999999999997
2017-01-15,16.24
2017-01-16,31.9
2017-01-17,33.64
2017-01-18,42.919999999999995
2017-01-19,38.279999999999994
2017-01-20,32.48
2017-01-21,19.72
2017-01-22,10.44
2017-01-23,29.58
2017-01-24,34.8
2017-01-25,36.54
2017-01-26,21.459999999999997
2017-01-27,40.599999999999994
2017-01-28,13.919999999999998
2017-01-29,19.72
2017-01-30,38.86
2017-01-31,57.99999999999999
2017-02-01,35.84
2017-02-02,33.040000000000006
2017-02-03,43.120000000000005
2017-02-04,31.92
2017-02-05,18.48
2017-02-06,39.2
2017-02-07,49.84
2017-02-08,56.00000000000001
2017-02-09,35.28
2017-02-10,38.080000000000005
2017-02-11,28.000000000000004
2017-02-12,31.92
2017-02-13,30.800000000000004
2017-02-14,31.92
2017-02-15,26.880000000000003
2017-02-16,43.68000000000001
2017-02-17,31.92
2017-02-18,15.680000000000001
2017-02-19,16.240000000000002
2017-02-20,42.00000000000001
2017-02-21,45.36000000000001
2017-02-22,28.000000000000004
2017-02-23,38.64
2017-02-24,29.120000000000005
2017-02-25,27.44
2017-02-26,18.48
2017-02-27,50.400000000000006
2017-02-28,53.2
2017-03-01,27.44
2017-03-02,25.200000000000003
2017-03-03,38.080000000000005
2017-03-04,13.440000000000001
2017-03-05,15.680000000000001
2017-03-06,37.52
2017-03-07,45.36000000000001
2017-03-08,26.320000000000004
2017-03-09,24.080000000000002
2017-03-10,29.680000000000003
2017-03-11,23.520000000000003
2017-03-12,10.080000000000002
2017-03-13,30.800000000000004
2017-03-14,30.800000000000004
2017-03-15,24.64
2017-03-16,38.080000000000005
2017-03-17,30.240000000000002
2017-03-18,13.440000000000001
2017-03-19,15.680000000000001
2017-03-20,46.480000000000004
2017-03-21,30.800000000000004
2017-03-22,31.360000000000003
2017-03-23,56.00000000000001
2017-03-24,34.160000000000004
2017-03-25,19.040000000000003
2017-03-26,26.880000000000003
2017-03-27,49.28
2017-03-28,38.080000000000005
2017-03-29,20.160000000000004
2017-03-30,36.400000000000006
2017-03-31,34.720000000000006
2017-04-01,12.54
2017-04-02,14.249999999999998
2017-04-03,37.05
2017-04-04,43.88999999999999
2017-04-05,37.62
2017-04-06,30.209999999999997
2017-04-07,49.589999999999996
2017-04-08,12.54
2017-04-09,17.099999999999998
2017-04-10,27.929999999999996
2017-04-11,37.62
2017-04-12,38.76
2017-04-13,30.209999999999997
2017-04-14,38.19
2017-04-15,14.819999999999999
2017-04-16,26.79
2017-04-17,48.449999999999996
2017-04-18,38.76
2017-04-19,31.919999999999998
2017-04-20,39.33
2017-04-21,33.629999999999995
2017-04-22,25.08
2017-04-23,12.54
2017-04-24,31.919999999999998
2017-04-25,56.99999999999999
2017-04-26,49.019999999999996
2017-04-27,45.599999999999994
2017-04-28,33.059999999999995
2017-04-29,30.779999999999998
2017-04-30,16.529999999999998
2017-05-01,21.56
2017-05-02,21.56
2017-05-03,39.69
2017-05-04,30.87
2017-05-05,15.68
2017-05-06,16.169999999999998
2017-05-07,10.78
2017-05-08,49.0
2017-05-09,24.5
2017-05-10,31.36
2017-05-11,29.4
2017-05-12,32.83
2017-05-13,16.66
2017-05-14,20.09
2017-05-15,28.419999999999998
2017-05-16,35.769999999999996
2017-05-17,21.56
2017-05-18,21.56
2017-05-19,20.09
2017-05-20,8.82
2017-05-21,11.76
2017-05-22,24.009999999999998
2017-05-23,24.99
2017-05-24,40.67
2017-05-25,31.36
2017-05-26,20.58
2017-05-27,5.88
2017-05-28,12.25
2017-05-29,8.33
2017-05-30,30.87
2017-05-31,29.89
2017-06-01,28.32
2017-06-02,31.2
2017-06-03,14.879999999999999
2017-06-04,31.2
2017-06-05,27.84
2017-06-06,23.52
2017-06-07,48.0
2017-06-08,38.4
2017-06-09,35.519999999999996
2017-06-10,26.88
2017-06-11,7.199999999999999
2017-06-12,39.839999999999996
2017-06-13,33.12
2017-06-14,22.08
2017-06-15,47.519999999999996
2017-06-16,37.44
2017-06-17,12.0
2017-06-18,36.96
2017-06-19,48.0
2017-06-20,28.799999999999997
2017-06-21,28.799999999999997
2017-06-22,35.04
2017-06-23,25.439999999999998
2017-06-24,21.119999999999997
2017-06-25,19.68
2017-06-26,30.24
2017-06-27,37.44
2017-06-28,29.759999999999998
2017-06-29,36.48
2017-06-30,43.68
2017-07-01,11.27
2017-07-02,13.719999999999999
2017-07-03,19.11
2017-07-04,11.27
2017-07-05,32.339999999999996
2017-07-06,40.67
2017-07-07,30.87
2017-07-08,18.62
2017-07-09,11.27
2017-07-10,24.009999999999998
2017-07-11,19.11
2017-07-12,25.48
2017-07-13,22.54
2017-07-14,24.5
2017-07-15,11.27
2017-07-16,14.209999999999999
2017-07-17,35.28
2017-07-18,33.81
2017-07-19,28.91
2017-07-20,41.16
2017-07-21,25.97
2017-07-22,8.33
2017-07-23,5.39
2017-07-24,33.32
2017-07-25,31.849999999999998
2017-07-26,49.0
2017-07-27,38.22
2017-07-28,37.24
2017-07-29,11.27
2017-07-30,13.23
2017-07-31,30.38
2017-08-01,48.0
2017-08-02,31.68
2017-08-03,45.12
2017-08-04,36.48
2017-08-05,12.0
2017-08-06,16.32
2017-08-07,42.239999999999995
2017-08-08,30.72
2017-08-09,33.6
2017-08-10,24.0
2017-08-11,31.2
2017-08-12,14.879999999999999
2017-08-13,12.0
2017-08-14,34.08
2017-08-15,25.439999999999998
2017-08-16,30.72
2017-08-17,36.0
2017-08-18,34.08
2017-08-19,9.12
2017-08-20,12.0
2017-08-21,23.52
2017-08-22,24.96
2017-08-23,37.44
2017-08-24,21.599999999999998
2017-08-25,41.28
2017-08-26,19.2
2017-08-27,11.52
2017-08-28,21.599999999999998
2017-08-29,32.64
2017-08-30,38.4
2017-08-31,26.4
2017-09-01,27.720000000000002
2017-09-02,15.84
2017-09-03,15.180000000000001
2017-09-04,15.180000000000001
2017-09-05,31.68
2017-09-06,21.78
2017-09-07,66.0
2017-09-08,47.52
2017-09-09,9.9
2017-09-10,5.28
2017-09-11,33.0
2017-09-12,33.0
2017-09-13,42.9
2017-09-14,35.64
2017-09-15,21.78
2017-09-16,13.200000000000001
2017-09-17,12.540000000000001
2017-09-18,22.44
2017-09-19,24.42
2017-09-20,26.400000000000002
2017-09-21,40.92
2017-09-22,22.44
2017-09-23,14.520000000000001
2017-09-24,17.16
2017-09-25,25.080000000000002
2017-09-26,28.380000000000003
2017-09-27,27.720000000000002
2017-09-28,52.800000000000004
2017-09-29,46.86
2017-09-30,11.88
2017-10-01,26.01
2017-10-02,32.13
2017-10-03,37.74
2017-10-04,35.19
2017-10-05,42.33
2017-10-06,27.54
2017-10-07,9.18
2017-10-08,25.5
2017-10-09,32.64
2017-10-10,47.43
2017-10-11,41.31
2017-10-12,36.21
2017-10-13,34.17
2017-10-14,24.48
2017-10-15,19.89
2017-10-16,39.78
2017-10-17,41.82
2017-10-18,36.72
2017-10-19,37.230000000000004
2017-10-20,33.15
2017-10-21,22.44
2017-10-22,17.85
2017-10-23,36.21
2017-10-24,48.96
2017-10-25,51.0
2017-10-26,43.35
2017-10-27,44.88
2017-10-28,19.89
2017-10-29,19.89
2017-10-30,34.17
2017-10-31,25.5
2017-11-01,33.0
2017-11-02,35.2
2017-11-03,42.35
2017-11-04,26.400000000000002
2017-11-05,30.800000000000004
2017-11-06,28.6
2017-11-07,46.2
2017-11-08,42.35
2017-11-09,35.2
2017-11-10,32.45
2017-11-11,29.700000000000003
2017-11-12,8.8
2017-11-13,55.00000000000001
2017-11-14,47.85
2017-11-15,34.650000000000006
2017-11-16,27.500000000000004
2017-11-17,18.150000000000002
2017-11-18,10.450000000000001
2017-11-19,17.6
2017-11-20,31.35
2017-11-21,33.550000000000004
2017-11-22,30.800000000000004
2017-11-23,11.0
2017-11-24,14.850000000000001
2017-11-25,20.35
2017-11-26,17.05
2017-11-27,31.900000000000002
2017-11-28,36.85
2017-11-29,38.5
2017-11-30,34.650000000000006
2017-12-01,26.4
2017-12-02,17.16
2017-12-03,22.44
2017-12-04,23.32
2017-12-05,44.0
2017-12-06,37.84
2017-12-07,33.0
2017-12-08,29.04
2017-12-09,20.24
2017-12-10,17.16
2017-12-11,25.96
2017-12-12,37.4
2017-12-13,35.64
2017-12-14,38.72
2017-12-15,37.4
2017-12-16,17.6
2017-12-17,20.24
2017-12-18,29.04
2017-12-19,27.28
2017-12-20,12.76
2017-12-21,29.04
2017-12-22,14.08
2017-12-23,18.48
2017-12-24,18.92
2017-12-25,6.6
2017-12-26,20.24
2017-12-27,24.2
2017-12-28,10.56
2017-12-29,27.28
2017-12-30,8.8
2017-12-31,20.24
2018-01-01,14.580000000000002
2018-01-02,9.18
2018-01-03,22.14
2018-01-04,17.82
2018-01-05,18.36
2018-01-06,21.6
2018-01-07,19.98
2018-01-08,25.380000000000003
2018-01-09,38.88
2018-01-10,40.5
2018-01-11,20.520000000000003
2018-01-12,21.060000000000002
2018-01-13,7.5600000000000005
2018-01-14,11.34
2018-01-15,12.420000000000002
2018-01-16,22.14
2018-01-17,21.060000000000002
2018-01-18,25.92
2018-01-19,17.82
2018-01-20,10.260000000000002
2018-01-21,11.34
2018-01-22,27.0
2018-01-23,19.98
2018-01-24,35.64
2018-01-25,27.0
2018-01-26,25.380000000000003
2018-01-27,12.96
2018-01-28,10.260000000000002
2018-01-29,34.56
2018-01-30,19.98
2018-01-31,54.0
2018-02-01,38.88
2018-02-02,28.62
2018-02-03,23.76
2018-02-04,14.580000000000002
2018-02-05,27.0
2018-02-06,51.84
2018-02-07,52.92
2018-02-08,54.0
2018-02-09,39.42
2018-02-10,23.76
2018-02-11,14.580000000000002
2018-02-12,41.040000000000006
2018-02-13,27.540000000000003
2018-02-14,42.120000000000005
2018-02-15,28.62
2018-02-16,18.900000000000002
2018-02-17,14.580000000000002
2018-02-18,11.34
2018-02-19,25.92
2018-02-20,23.220000000000002
2018-02-21,29.160000000000004
2018-02-22,32.400000000000006
2018-02-23,40.5
2018-02-24,10.8
2018-02-25,23.76
2018-02-26,30.240000000000002
2018-02-27,27.540000000000003
2018-02-28,38.34
2018-03-01,30.21
2018-03-02,43.46
2018-03-03,21.73
2018-03-04,33.92
2018-03-05,29.150000000000002
2018-03-06,53.0
2018-03-07,29.68
2018-03-08,38.690000000000005
2018-03-09,37.63
2018-03-10,23.85
2018-03-11,15.9
2018-03-12,33.39
2018-03-13,24.91
2018-03-14,26.5
2018-03-15,38.690000000000005
2018-03-16,29.150000000000002
2018-03-17,25.970000000000002
2018-03-18,30.21
2018-03-19,48.760000000000005
2018-03-20,45.050000000000004
2018-03-21,21.73
2018-03-22,27.03
2018-03-23,34.980000000000004
2018-03-24,12.190000000000001
2018-03-25,12.190000000000001
2018-03-26,32.33
2018-03-27,32.86
2018-03-28,39.75
2018-03-29,28.09
2018-03-30,16.96
2018-03-31,16.43
2018-04-01,34.309999999999995
2018-04-02,36.19
2018-04-03,29.61
2018-04-04,31.49
2018-04-05,35.25
2018-04-06,36.19
2018-04-07,15.51
2018-04-08,17.39
2018-04-09,40.89
2018-04-10,36.19
2018-04-11,30.08
2018-04-12,33.37
2018-04-13,32.43
2018-04-14,23.97
2018-04-15,19.27
2018-04-16,30.08
2018-04-17,32.43
2018-04-18,19.74
2018-04-19,26.79
2018-04-20,32.43
2018-04-21,14.1
2018-04-22,7.989999999999999
2018-04-23,39.01
2018-04-24,45.589999999999996
2018-04-25,47.0
2018-04-26,28.2
2018-04-27,25.38
2018-04-28,16.45
2018-04-29,20.209999999999997
2018-04-30,26.32
2018-05-01,40.29
2018-05-02,31.62
2018-05-03,47.94
2018-05-04,34.68
2018-05-05,15.3
2018-05-06,17.34
2018-05-07,51.0
2018-05-08,24.48
2018-05-09,47.94
2018-05-10,44.37
2018-05-11,45.9
2018-05-12,26.52
2018-05-13,13.26
2018-05-14,45.39
2018-05-15,48.45
2018-05-16,30.6
2018-05-17,37.74
2018-05-18,39.27
2018-05-19,16.32
2018-05-20,15.3
2018-05-21,28.560000000000002
2018-05-22,48.45
2018-05-23,33.15
2018-05-24,43.35
2018-05-25,33.15
2018-05-26,9.18
2018-05-27,13.77
2018-05-28,10.71
2018-05-29,23.46
2018-05-30,43.35
2018-05-31,36.72
2018-06-01,28.6
2018-06-02,25.52
2018-06-03,11.0
2018-06-04,37.4
2018-06-05,32.56
2018-06-06,33.44
2018-06-07,29.92
2018-06-08,21.56
2018-06-09,14.08
2018-06-10,10.56
2018-06-11,25.96
2018-06-12,32.12
2018-06-13,44.0
2018-06-14,34.32
2018-06-15,22.0
2018-06-16,22.0
2018-06-17,12.76
2018-06-18,28.6
2018-06-19,34.32
2018-06-20,25.96
2018-06-21,24.64
2018-06-22,26.4
2018-06-23,17.6
2018-06-24,14.52
2018-06-25,37.84
2018-06-26,24.64
2018-06-27,27.28
2018-06-28,22.0
2018-06-29,23.76
2018-06-30,14.52
2018-07-01,14.499999999999998
2018-07-02,24.36
2018-07-03,29.58
2018-07-04,15.659999999999998
2018-07-05,23.2
2018-07-06,25.52
2018-07-07,9.28
2018-07-08,11.02
2018-07-09,27.839999999999996
2018-07-10,30.159999999999997
2018-07-11,27.259999999999998
2018-07-12,24.939999999999998
2018-07-13,38.279999999999994
2018-07-14,12.76
2018-07-15,8.12
2018-07-16,35.96
2018-07-17,24.36
2018-07-18,37.699999999999996
2018-07-19,27.839999999999996
2018-07-20,33.64
2018-07-21,25.52
2018-07-22,11.6
2018-07-23,51.62
2018-07-24,57.99999999999999
2018-07-25,47.559999999999995
2018-07-26,49.879999999999995
2018-07-27,36.54
2018-07-28,14.499999999999998
2018-07-29,24.939999999999998
2018-07-30,30.159999999999997
2018-07-31,40.599999999999994
2018-08-01,43.07
2018-08-02,59.0
2018-08-03,46.61
2018-08-04,21.83
2018-08-05,17.7
2018-08-06,43.66
2018-08-07,52.51
2018-08-08,50.739999999999995
2018-08-09,47.199999999999996
2018-08-10,54.279999999999994
2018-08-11,17.7
2018-08-12,21.83
2018-08-13,51.33
2018-08-14,35.989999999999995
2018-08-15,36.58
2018-08-16,57.82
2018-08-17,49.559999999999995
2018-08-18,17.7
2018-08-19,20.06
2018-08-20,38.35
2018-08-21,48.97
2018-08-22,57.23
2018-08-23,26.549999999999997
2018-08-24,33.04
2018-08-25,44.839999999999996
2018-08-26,33.04
2018-08-27,50.15
2018-08-28,57.82
2018-08-29,57.23
2018-08-30,44.839999999999996
2018-08-31,34.22
2018-09-01,14.879999999999999
2018-09-02,9.3
2018-09-03,20.46
2018-09-04,19.84
2018-09-05,36.58
2018-09-06,33.48
2018-09-07,16.74
2018-09-08,23.56
2018-09-09,11.16
2018-09-10,34.72
2018-09-11,34.72
2018-09-12,31.0
2018-09-13,36.58
2018-09-14,32.24
2018-09-15,16.74
2018-09-16,22.32
2018-09-17,29.759999999999998
2018-09-18,38.44
2018-09-19,34.1
2018-09-20,47.74
2018-09-21,40.3
2018-09-22,15.5
2018-09-23,13.64
2018-09-24,38.44
2018-09-25,37.2
2018-09-26,33.48
2018-09-27,44.64
2018-09-28,62.0
2018-09-29,21.7
2018-09-30,14.879999999999999
2018-10-01,51.660000000000004
2018-10-02,49.14
2018-10-03,54.81
2018-10-04,63.0
2018-10-05,25.830000000000002
2018-10-06,21.42
2018-10-07,18.9
2018-10-08,35.28
2018-10-09,43.47
2018-10-10,34.65
2018-10-11,41.58
2018-10-12,37.17
2018-10-13,25.2
2018-10-14,8.19
2018-10-15,39.69
2018-10-16,32.13
2018-10-17,38.43
2018-10-18,33.39
2018-10-19,37.17
2018-10-20,17.64
2018-10-21,15.75
2018-10-22,47.25
2018-10-23,40.95
2018-10-24,34.02
2018-10-25,34.02
2018-10-26,34.02
2018-10-27,21.42
2018-10-28,10.71
2018-10-29,43.47
2018-10-30,37.8
2018-10-31,28.98
2018-11-01,30.5
2018-11-02,43.5
2018-11-03,24.5
2018-11-04,15.5
2018-11-05,22.5
2018-11-06,50.0
2018-11-07,35.5
2018-11-08,19.5
2018-11-09,43.0
2018-11-10,18.5
2018-11-11,26.5
2018-11-12,31.5
2018-11-13,22.0
2018-11-14,38.5
2018-11-15,22.0
2018-11-16,32.5
2018-11-17,10.5
2018-11-18,13.5
2018-11-19,20.5
2018-11-20,14.0
2018-11-21,24.5
2018-11-22,5.5
2018-11-23,17.5
2018-11-24,7.5
2018-11-25,15.5
2018-11-26,29.0
2018-11-27,36.5
2018-11-28,35.5
2018-11-29,35.5
2018-11-30,45.5
2018-12-01,16.1
2018-12-02,9.66
2018-12-03,41.86
2018-12-04,45.54
2018-12-05,40.480000000000004
2018-12-06,35.88
2018-12-07,46.0
2018-12-08,18.400000000000002
2018-12-09,19.78
2018-12-10,41.4
2018-12-11,32.660000000000004
2018-12-12,34.96
2018-12-13,43.7
2018-12-14,25.3
2018-12-15,18.86
2018-12-16,23.0
2018-12-17,33.58
2018-12-18,33.58
2018-12-19,43.24
2018-12-20,36.800000000000004
2018-12-21,26.68
2018-12-22,19.32
2018-12-23,16.560000000000002
2018-12-24,12.88
2018-12-25,16.560000000000002
2018-12-26,22.540000000000003
2018-12-27,43.7
2018-12-28,22.540000000000003
2018-12-29,18.86
2018-12-30,23.0
2018-12-31,17.48
2019-01-01,9.3
2019-01-02,14.26
2019-01-03,22.94
2019-01-04,14.26
2019-01-05,16.12
2019-01-06,11.16
2019-01-07,62.0
2019-01-08,25.419999999999998
2019-01-09,31.0
2019-01-10,16.12
2019-01-11,32.86
2019-01-12,11.78
2019-01-13,11.16
2019-01-14,20.46
2019-01-15,16.74
2019-01-16,20.46
2019-01-17,15.5
2019-01-18,26.04
2019-01-19,13.02
2019-01-20,13.64
2019-01-21,14.879999999999999
2019-01-22,19.22
2019-01-23,17.98
2019-01-24,22.32
2019-01-25,18.6
2019-01-26,21.7
2019-01-27,8.68
2019-01-28,23.56
2019-01-29,27.28
2019-01-30,19.22
2019-01-31,26.66
2019-02-01,51.85
2019-02-02,28.06
2019-02-03,15.25
2019-02-04,61.0
2019-02-05,44.53
2019-02-06,57.949999999999996
2019-02-07,42.089999999999996
2019-02-08,45.14
2019-02-09,20.13
2019-02-10,29.28
2019-02-11,48.19
2019-02-12,39.65
2019-02-13,48.19
2019-02-14,45.14
2019-02-15,38.43
2019-02-16,31.72
2019-02-17,15.86
2019-02-18,31.11
2019-02-19,60.39
2019-02-20,51.85
2019-02-21,43.31
2019-02-22,35.38
2019-02-23,19.52
2019-02-24,33.55
2019-02-25,33.55
2019-02-26,46.36
2019-02-27,35.38
2019-02-28,46.36
2019-03-01,38.190000000000005
2019-03-02,16.75
2019-03-03,12.06
2019-03-04,67.0
2019-03-05,54.27
2019-03-06,34.84
2019-03-07,32.160000000000004
2019-03-08,26.8
2019-03-09,20.1
2019-03-10,14.74
2019-03-11,40.2
2019-03-12,37.52
2019-03-13,16.75
2019-03-14,18.76
2019-03-15,23.450000000000003
2019-03-16,15.41
2019-03-17,12.73
2019-03-18,30.150000000000002
2019-03-19,18.76
2019-03-20,24.790000000000003
2019-03-21,23.450000000000003
2019-03-22,22.78
2019-03-23,12.73
2019-03-24,14.07
2019-03-25,25.46
2019-03-26,19.43
2019-03-27,24.790000000000003
2019-03-28,23.450000000000003
2019-03-29,26.130000000000003
2019-03-30,8.71
2019-03-31,14.74
2019-04-01,46.98
2019-04-02,31.319999999999997
2019-04-03,38.279999999999994
2019-04-04,29.58
2019-04-05,23.779999999999998
2019-04-06,20.299999999999997
2019-04-07,9.86
2019-04-08,34.8
2019-04-09,31.319999999999997
2019-04-10,44.66
2019-04-11,40.599999999999994
2019-04-12,25.52
2019-04-13,20.299999999999997
2019-04-14,26.099999999999998
2019-04-15,42.919999999999995
2019-04-16,45.239999999999995
2019-04-17,51.04
2019-04-18,22.04
2019-04-19,35.96
2019-04-20,14.499999999999998
2019-04-21,15.079999999999998
2019-04-22,50.459999999999994
2019-04-23,57.99999999999999
2019-04-24,18.56
2019-04-25,26.68
2019-04-26,38.86
2019-04-27,24.36
2019-04-28,24.36
2019-04-29,42.919999999999995
2019-04-30,54.519999999999996
2019-05-01,30.6
2019-05-02,27.03
2019-05-03,45.39
2019-05-04,25.5
2019-05-05,24.48
2019-05-06,29.07
2019-05-07,35.19
2019-05-08,35.7
2019-05-09,26.01
2019-05-10,30.6
2019-05-11,14.280000000000001
2019-05-12,20.91
2019-05-13,41.31
2019-05-14,28.560000000000002
2019-05-15,28.560000000000002
2019-05-16,34.17
2019-05-17,42.33
2019-05-18,11.73
2019-05-19,19.38
2019-05-20,37.74
2019-05-21,35.7
2019-05-22,44.37
2019-05-23,40.29
2019-05-24,47.94
2019-05-25,15.81
2019-05-26,15.81
2019-05-27,26.01
2019-05-28,51.0
2019-05-29,23.46
2019-05-30,32.64
2019-05-31,35.7
2019-06-01,22.68
2019-06-02,10.8
2019-06-03,9.18
2019-06-04,37.260000000000005
2019-06-05,46.980000000000004
2019-06-06,37.800000000000004
2019-06-07,16.740000000000002
2019-06-08,16.740000000000002
2019-06-09,14.040000000000001
2019-06-10,28.080000000000002
2019-06-11,54.0
2019-06-12,24.3
2019-06-13,14.040000000000001
2019-06-14,44.82
2019-06-15,22.14
2019-06-16,5.4
2019-06-17,30.78
2019-06-18,33.480000000000004
2019-06-19,39.42
2019-06-20,33.480000000000004
2019-06-21,50.760000000000005
2019-06-22,11.34
2019-06-23,23.220000000000002
2019-06-24,19.44
2019-06-25,43.74
2019-06-26,35.64
2019-06-27,35.64
2019-06-28,38.34
2019-06-29,5.4
2019-06-30,5.94
2019-07-01,15.19
2019-07-02,26.46
2019-07-03,22.05
2019-07-04,15.19
2019-07-05,9.8
2019-07-06,17.15
2019-07-07,19.6
2019-07-08,27.93
2019-07-09,30.87
2019-07-10,30.87
2019-07-11,27.93
2019-07-12,49.0
2019-07-13,23.03
2019-07-14,10.29
2019-07-15,24.009999999999998
2019-07-16,29.89
2019-07-17,34.79
2019-07-18,26.46
2019-07-19,40.67
2019-07-20,10.29
2019-07-21,12.74
2019-07-22,17.64
2019-07-23,36.75
2019-07-24,34.3
2019-07-25,16.169999999999998
2019-07-26,14.209999999999999
2019-07-27,21.07
2019-07-28,10.29
2019-07-29,26.95
2019-07-30,28.91
2019-07-31,26.46
2019-08-01,45.650000000000006
2019-08-02,55.00000000000001
2019-08-03,21.450000000000003
2019-08-04,26.400000000000002
2019-08-05,40.7
2019-08-06,35.2
2019-08-07,39.050000000000004
2019-08-08,37.400000000000006
2019-08-09,40.7
2019-08-10,21.450000000000003
2019-08-11,20.35
2019-08-12,45.1
2019-08-13,27.500000000000004
2019-08-14,48.400000000000006
2019-08-15,36.300000000000004
2019-08-16,39.6
2019-08-17,23.650000000000002
2019-08-18,15.950000000000001
2019-08-19,45.1
2019-08-20,38.5
2019-08-21,37.400000000000006
2019-08-22,44.0
2019-08-23,23.650000000000002
2019-08-24,20.900000000000002
2019-08-25,21.450000000000003
2019-08-26,29.700000000000003
2019-08-27,39.6
2019-08-28,31.35
2019-08-29,39.6
2019-08-30,25.85
2019-08-31,14.3
2019-09-01,12.18
2019-09-02,13.919999999999998
2019-09-03,29.58
2019-09-04,31.319999999999997
2019-09-05,23.2
2019-09-06,20.299999999999997
2019-09-07,16.24
2019-09-08,15.659999999999998
2019-09-09,42.339999999999996
2019-09-10,57.99999999999999
2019-09-11,32.48
2019-09-12,41.76
2019-09-13,41.18
2019-09-14,23.2
2019-09-15,15.659999999999998
2019-09-16,53.94
2019-09-17,30.74
2019-09-18,48.72
2019-09-19,46.98
2019-09-20,37.12
2019-09-21,20.88
2019-09-22,19.139999999999997
2019-09-23,31.9
2019-09-24,28.999999999999996
2019-09-25,41.18
2019-09-26,26.099999999999998
2019-09-27,20.88
2019-09-28,16.82
2019-09-29,13.34
2019-09-30,38.86
2019-10-01,29.160000000000004
2019-10-02,38.34
2019-10-03,30.240000000000002
2019-10-04,15.120000000000001
2019-10-05,17.28
2019-10-06,21.6
2019-10-07,31.860000000000003
2019-10-08,42.660000000000004
2019-10-09,23.76
2019-10-10,35.1
2019-10-11,22.14
2019-10-12,13.5
2019-10-13,15.120000000000001
2019-10-14,28.62
2019-10-15,25.380000000000003
2019-10-16,29.160000000000004
2019-10-17,36.72
2019-10-18,25.92
2019-10-19,12.96
2019-10-20,15.120000000000001
2019-10-21,16.200000000000003
2019-10-22,37.260000000000005
2019-10-23,54.0
2019-10-24,29.700000000000003
2019-10-25,33.480000000000004
2019-10-26,12.420000000000002
2019-10-27,10.260000000000002
2019-10-28,31.860000000000003
2019-10-29,24.3
2019-10-30,37.260000000000005
2019-10-31,25.380000000000003
2019-11-01,25.52
2019-11-02,11.44
2019-11-03,13.64
2019-11-04,23.32
2019-11-05,29.92
2019-11-06,15.84
2019-11-07,27.28
2019-11-08,22.0
2019-11-09,8.36
2019-11-10,11.88
2019-11-11,24.2
2019-11-12,24.64
2019-11-13,18.48
2019-11-14,44.0
2019-11-15,21.56
2019-11-16,11.88
2019-11-17,10.56
2019-11-18,22.88
2019-11-19,20.68
2019-11-20,30.36
2019-11-21,30.36
2019-11-22,18.48
2019-11-23,9.24
2019-11-24,6.16
2019-11-25,14.96
2019-11-26,21.56
2019-11-27,19.8
2019-11-28,7.92
2019-11-29,14.08
2019-11-30,7.92
2019-12-01,8.36
2019-12-02,14.08
2019-12-03,25.96
2019-12-04,22.0
2019-12-05,26.84
2019-12-06,30.36
2019-12-07,12.32
2019-12-08,7.04
2019-12-09,25.52
2019-12-10,18.04
2019-12-11,18.04
2019-12-12,18.04
2019-12-13,16.28
2019-12-14,8.8
2019-12-15,3.52
2019-12-16,22.0
2019-12-17,24.2
2019-12-18,44.0
2019-12-19,22.88
2019-12-20,20.68
2019-12-21,3.52
2019-12-22,14.52
2019-12-23,10.12
2019-12-24,10.56
2019-12-25,7.92
2019-12-26,19.36
2019-12-27,21.12
2019-12-28,10.56
2019-12-29,10.12
2019-12-30,14.52
2019-12-31,14.96
2020-01-01,18.150000000000002
2020-01-02,23.1
2020-01-03,21.450000000000003
2020-01-04,17.05
2020-01-05,20.900000000000002
2020-01-06,34.1
2020-01-07,21.450000000000003
2020-01-08,25.85
2020-01-09,35.2
2020-01-10,30.250000000000004
2020-01-11,17.05
2020-01-12,17.05
2020-01-13,22.55
2020-01-14,34.1
2020-01-15,55.00000000000001
2020-01-16,41.800000000000004
2020-01-17,34.1
2020-01-18,12.100000000000001
2020-01-19,22.0
2020-01-20,19.25
2020-01-21,50.6
2020-01-22,45.650000000000006
2020-01-23,37.400000000000006
2020-01-24,31.900000000000002
2020-01-25,22.55
2020-01-26,14.850000000000001
2020-01-27,29.150000000000002
2020-01-28,26.950000000000003
2020-01-29,34.1
2020-01-30,35.75
2020-01-31,25.3
2020-02-01,23.85
2020-02-02,18.02
2020-02-03,38.160000000000004
2020-02-04,47.7
2020-02-05,47.7
2020-02-06,29.150000000000002
2020-02-07,47.7
2020-02-08,16.43
2020-02-09,23.85
2020-02-10,34.980000000000004
2020-02-11,53.0
2020-02-12,48.760000000000005
2020-02-13,29.150000000000002
2020-02-14,29.150000000000002
2020-02-15,20.14
2020-02-16,20.14
2020-02-17,37.63
2020-02-18,39.22
2020-02-19,40.81
2020-02-20,48.230000000000004
2020-02-21,34.980000000000004
2020-02-22,30.21
2020-02-23,14.31
2020-02-24,36.04
2020-02-25,49.29
2020-02-26,34.45
2020-02-27,41.34
2020-02-28,44.52
2020-02-29,24.380000000000003
2020-03-01,8.03
2020-03-02,38.69
2020-03-03,41.61
2020-03-04,41.61
2020-03-05,32.12
2020-03-06,40.879999999999995
2020-03-07,18.98
2020-03-08,12.41
2020-03-09,66.42999999999999
2020-03-10,40.15
2020-03-11,56.94
2020-03-12,73.0
2020-03-13,45.99
2020-03-14,24.82
2020-03-15,12.41
2020-03-16,27.74
2020-03-17,32.85
2020-03-18,33.58
2020-03-19,54.75
2020-03-20,43.07
2020-03-21,11.68
2020-03-22,18.25
2020-03-23,42.339999999999996
2020-03-24,50.37
2020-03-25,54.019999999999996
2020-03-26,47.449999999999996
2020-03-27,37.96
2020-03-28,25.55
2020-03-29,27.009999999999998
2020-03-30,37.96
2020-03-31,31.39
2020-04-01,39.96
2020-04-02,46.62
2020-04-03,30.34
2020-04-04,25.16
2020-04-05,26.64
2020-04-06,35.519999999999996
2020-04-07,52.54
2020-04-08,50.32
2020-04-09,41.44
2020-04-10,31.08
2020-04-11,21.46
2020-04-12,19.98
2020-04-13,39.22
2020-04-14,64.38
2020-04-15,53.28
2020-04-16,51.06
2020-04-17,37.0
2020-04-18,30.34
2020-04-19,19.24
2020-04-20,35.519999999999996
2020-04-21,45.88
2020-04-22,35.519999999999996
2020-04-23,74.0
2020-04-24,46.62
2020-04-25,17.02
2020-04-26,34.04
2020-04-27,32.56
2020-04-28,27.38
2020-04-29,43.66
2020-04-30,34.78
