date,Exxon
2011-01-01,12.18
2011-01-02,26.88
2011-01-03,39.48
2011-01-04,32.76
2011-01-05,34.86
2011-01-06,33.18
2011-01-07,26.88
2011-01-08,28.56
2011-01-09,27.72
2011-01-10,30.66
2011-01-11,34.019999999999996
2011-01-12,26.459999999999997
2011-01-13,35.699999999999996
2011-01-14,27.3
2011-01-15,21.0
2011-01-16,16.8
2011-01-17,26.88
2011-01-18,29.4
2011-01-19,31.08
2011-01-20,30.24
2011-01-21,28.56
2011-01-22,23.52
2011-01-23,18.48
2011-01-24,27.72
2011-01-25,31.08
2011-01-26,30.24
2011-01-27,28.98
2011-01-28,36.12
2011-01-29,36.12
2011-01-30,24.36
2011-01-31,42.0
2011-02-01,38.07
2011-02-02,36.19
2011-02-03,33.37
2011-02-04,31.49
2011-02-05,22.56
2011-02-06,19.27
2011-02-07,33.839999999999996
2011-02-08,38.07
2011-02-09,28.669999999999998
2011-02-10,36.19
2011-02-11,31.02
2011-02-12,28.669999999999998
2011-02-13,20.68
2011-02-14,27.729999999999997
2011-02-15,45.12
2011-02-16,36.19
2011-02-17,43.239999999999995
2011-02-18,31.49
2011-02-19,31.959999999999997
2011-02-20,26.32
2011-02-21,31.959999999999997
2011-02-22,40.419999999999995
2011-02-23,46.529999999999994
2011-02-24,44.65
2011-02-25,47.0
2011-02-26,28.2
2011-02-27,29.61
2011-02-28,39.01
2011-03-01,37.230000000000004
2011-03-02,37.74
2011-03-03,49.47
2011-03-04,42.33
2011-03-05,35.7
2011-03-06,40.29
2011-03-07,39.78
2011-03-08,48.45
2011-03-09,51.0
2011-03-10,41.82
2011-03-11,33.660000000000004
2011-03-12,24.990000000000002
2011-03-13,27.54
2011-03-14,29.580000000000002
2011-03-15,34.17
2011-03-16,36.72
2011-03-17,38.76
2011-03-18,34.17
2011-03-19,25.5
2011-03-20,29.07
2011-03-21,28.05
2011-03-22,26.52
2011-03-23,36.72
2011-03-24,38.76
2011-03-25,34.68
2011-03-26,22.44
2011-03-27,14.790000000000001
2011-03-28,32.64
2011-03-29,35.19
2011-03-30,38.76
2011-03-31,33.660000000000004
2011-04-01,38.34
2011-04-02,24.840000000000003
2011-04-03,18.36
2011-04-04,36.18
2011-04-05,25.92
2011-04-06,30.78
2011-04-07,30.240000000000002
2011-04-08,35.1
2011-04-09,24.3
2011-04-10,28.080000000000002
2011-04-11,34.56
2011-04-12,37.260000000000005
2011-04-13,27.540000000000003
2011-04-14,31.860000000000003
2011-04-15,32.400000000000006
2011-04-16,26.46
2011-04-17,17.82
2011-04-18,35.1
2011-04-19,31.860000000000003
2011-04-20,30.240000000000002
2011-04-21,25.92
2011-04-22,23.76
2011-04-23,17.82
2011-04-24,18.36
2011-04-25,33.480000000000004
2011-04-26,35.64
2011-04-27,36.18
2011-04-28,54.0
2011-04-29,52.38
2011-04-30,41.580000000000005
2011-05-01,45.36
2011-05-02,54.0
2011-05-03,41.580000000000005
2011-05-04,43.2
2011-05-05,52.92
2011-05-06,38.88
2011-05-07,29.160000000000004
2011-05-08,30.78
2011-05-09,47.52
2011-05-10,49.14
2011-05-11,43.2
2011-05-12,52.92
2011-05-13,39.96
2011-05-14,34.02
2011-05-15,32.940000000000005
2011-05-16,34.02
2011-05-17,35.1
2011-05-18,43.74
2011-05-19,44.82
2011-05-20,35.1
2011-05-21,26.46
2011-05-22,29.160000000000004
2011-05-23,44.28
2011-05-24,31.860000000000003
2011-05-25,27.0
2011-05-26,34.02
2011-05-27,34.56
2011-05-28,24.3
2011-05-29,17.82
2011-05-30,33.480000000000004
2011-05-31,38.34
2011-06-01,45.57
2011-06-02,31.849999999999998
2011-06-03,35.28
2011-06-04,38.71
2011-06-05,20.58
2011-06-06,29.89
2011-06-07,34.3
2011-06-08,48.019999999999996
2011-06-09,49.0
2011-06-10,43.61
2011-06-11,25.48
2011-06-12,22.54
2011-06-13,37.73
2011-06-14,35.28
2011-06-15,36.75
2011-06-16,32.83
2011-06-17,35.769999999999996
2011-06-18,24.99
2011-06-19,28.91
2011-06-20,29.89
2011-06-21,35.769999999999996
2011-06-22,37.73
2011-06-23,37.24
2011-06-24,34.79
2011-06-25,26.95
2011-06-26,24.009999999999998
2011-06-27,38.22
2011-06-28,34.79
2011-06-29,34.3
2011-06-30,35.769999999999996
2011-07-01,38.5
2011-07-02,30.250000000000004
2011-07-03,52.25000000000001
2011-07-04,37.95
2011-07-05,55.00000000000001
2011-07-06,44.550000000000004
2011-07-07,45.650000000000006
2011-07-08,35.2
2011-07-09,25.85
2011-07-10,28.05
2011-07-11,40.150000000000006
2011-07-12,37.400000000000006
2011-07-13,40.7
2011-07-14,34.1
2011-07-15,35.75
2011-07-16,29.150000000000002
2011-07-17,25.3
2011-07-18,29.700000000000003
2011-07-19,26.950000000000003
2011-07-20,24.750000000000004
2011-07-21,40.7
2011-07-22,33.550000000000004
2011-07-23,22.0
2011-07-24,19.8
2011-07-25,35.75
2011-07-26,34.1
2011-07-27,31.35
2011-07-28,44.0
2011-07-29,33.0
2011-07-30,28.05
2011-07-31,35.2
2011-08-01,31.9
2011-08-02,34.22
2011-08-03,33.64
2011-08-04,35.379999999999995
2011-08-05,33.64
2011-08-06,35.96
2011-08-07,26.68
2011-08-08,35.96
2011-08-09,57.99999999999999
2011-08-10,51.62
2011-08-11,41.76
2011-08-12,40.599999999999994
2011-08-13,30.74
2011-08-14,24.939999999999998
2011-08-15,37.699999999999996
2011-08-16,36.54
2011-08-17,28.999999999999996
2011-08-18,42.339999999999996
2011-08-19,48.72
2011-08-20,30.74
2011-08-21,29.58
2011-08-22,33.059999999999995
2011-08-23,27.259999999999998
2011-08-24,31.319999999999997
2011-08-25,34.8
2011-08-26,28.999999999999996
2011-08-27,23.779999999999998
2011-08-28,20.88
2011-08-29,35.96
2011-08-30,36.54
2011-08-31,43.5
2011-09-01,33.6
2011-09-02,33.12
2011-09-03,22.08
2011-09-04,27.36
2011-09-05,32.64
2011-09-06,29.759999999999998
2011-09-07,34.08
2011-09-08,43.68
2011-09-09,36.48
2011-09-10,26.88
2011-09-11,22.08
2011-09-12,35.519999999999996
2011-09-13,35.519999999999996
2011-09-14,39.36
2011-09-15,36.96
2011-09-16,42.239999999999995
2011-09-17,26.4
2011-09-18,22.08
2011-09-19,36.48
2011-09-20,41.76
2011-09-21,48.0
2011-09-22,42.72
2011-09-23,33.12
2011-09-24,22.08
2011-09-25,20.16
2011-09-26,38.879999999999995
2011-09-27,33.12
2011-09-28,36.0
2011-09-29,37.44
2011-09-30,32.64
2011-10-01,25.76
2011-10-02,21.62
2011-10-03,30.360000000000003
2011-10-04,26.68
2011-10-05,33.58
2011-10-06,37.72
2011-10-07,36.34
2011-10-08,19.78
2011-10-09,19.78
2011-10-10,27.14
2011-10-11,27.6
2011-10-12,28.98
2011-10-13,31.740000000000002
2011-10-14,32.2
2011-10-15,24.84
2011-10-16,22.540000000000003
2011-10-17,30.82
2011-10-18,30.82
2011-10-19,28.52
2011-10-20,23.92
2011-10-21,30.360000000000003
2011-10-22,20.7
2011-10-23,22.540000000000003
2011-10-24,28.52
2011-10-25,32.660000000000004
2011-10-26,38.18
2011-10-27,46.0
2011-10-28,33.120000000000005
2011-10-29,23.0
2011-10-30,22.080000000000002
2011-10-31,31.740000000000002
2011-11-01,40.48
2011-11-02,41.8
2011-11-03,38.72
2011-11-04,38.72
2011-11-05,21.56
2011-11-06,22.0
2011-11-07,36.52
2011-11-08,38.28
2011-11-09,31.24
2011-11-10,37.4
2011-11-11,38.28
2011-11-12,26.4
2011-11-13,28.6
2011-11-14,35.64
2011-11-15,44.0
2011-11-16,43.56
2011-11-17,39.6
2011-11-18,38.72
2011-11-19,27.72
2011-11-20,28.16
2011-11-21,39.160000000000004
2011-11-22,33.0
2011-11-23,38.28
2011-11-24,17.16
2011-11-25,33.44
2011-11-26,24.2
2011-11-27,29.04
2011-11-28,35.2
2011-11-29,31.24
2011-11-30,44.0
2011-12-01,34.85
2011-12-02,29.52
2011-12-03,24.189999999999998
2011-12-04,21.32
2011-12-05,35.26
2011-12-06,30.34
2011-12-07,29.93
2011-12-08,41.0
2011-12-09,29.52
2011-12-10,25.009999999999998
2011-12-11,17.63
2011-12-12,26.65
2011-12-13,35.669999999999995
2011-12-14,26.24
2011-12-15,33.62
2011-12-16,30.749999999999996
2011-12-17,27.06
2011-12-18,19.68
2011-12-19,26.24
2011-12-20,27.06
2011-12-21,30.34
2011-12-22,27.88
2011-12-23,31.569999999999997
2011-12-24,18.86
2011-12-25,23.779999999999998
2011-12-26,27.47
2011-12-27,27.06
2011-12-28,27.06
2011-12-29,28.7
2011-12-30,30.34
2011-12-31,22.959999999999997
2012-01-01,24.94
2012-01-02,30.96
2012-01-03,28.81
2012-01-04,28.38
2012-01-05,30.53
2012-01-06,24.94
2012-01-07,22.36
2012-01-08,15.049999999999999
2012-01-09,25.8
2012-01-10,26.23
2012-01-11,26.66
2012-01-12,32.68
2012-01-13,33.11
2012-01-14,27.52
2012-01-15,17.63
2012-01-16,25.8
2012-01-17,33.54
2012-01-18,29.669999999999998
2012-01-19,26.66
2012-01-20,29.24
2012-01-21,18.919999999999998
2012-01-22,19.78
2012-01-23,24.94
2012-01-24,32.68
2012-01-25,38.7
2012-01-26,30.96
2012-01-27,30.099999999999998
2012-01-28,27.52
2012-01-29,18.06
2012-01-30,31.39
2012-01-31,43.0
2012-02-01,45.0
2012-02-02,40.5
2012-02-03,31.05
2012-02-04,22.95
2012-02-05,22.5
2012-02-06,37.35
2012-02-07,37.800000000000004
2012-02-08,39.15
2012-02-09,35.550000000000004
2012-02-10,31.95
2012-02-11,29.25
2012-02-12,19.8
2012-02-13,30.150000000000002
2012-02-14,38.7
2012-02-15,38.25
2012-02-16,33.75
2012-02-17,30.150000000000002
2012-02-18,23.400000000000002
2012-02-19,25.2
2012-02-20,26.55
2012-02-21,36.45
2012-02-22,37.35
2012-02-23,43.2
2012-02-24,43.65
2012-02-25,34.65
2012-02-26,22.95
2012-02-27,35.1
2012-02-28,40.5
2012-02-29,42.75
2012-03-01,35.2
2012-03-02,32.56
2012-03-03,27.28
2012-03-04,27.72
2012-03-05,38.72
2012-03-06,32.56
2012-03-07,33.88
2012-03-08,29.04
2012-03-09,43.12
2012-03-10,24.2
2012-03-11,27.72
2012-03-12,36.08
2012-03-13,24.64
2012-03-14,34.32
2012-03-15,29.48
2012-03-16,33.0
2012-03-17,36.08
2012-03-18,25.96
2012-03-19,35.2
2012-03-20,39.160000000000004
2012-03-21,33.88
2012-03-22,30.36
2012-03-23,44.0
2012-03-24,22.0
2012-03-25,22.88
2012-03-26,33.0
2012-03-27,42.68
2012-03-28,36.96
2012-03-29,33.88
2012-03-30,42.68
2012-03-31,25.96
2012-04-01,35.72
2012-04-02,43.239999999999995
2012-04-03,38.07
2012-04-04,33.37
2012-04-05,39.949999999999996
2012-04-06,28.669999999999998
2012-04-07,39.01
2012-04-08,33.839999999999996
2012-04-09,44.65
2012-04-10,39.949999999999996
2012-04-11,40.419999999999995
2012-04-12,32.9
2012-04-13,39.01
2012-04-14,31.02
2012-04-15,30.549999999999997
2012-04-16,36.19
2012-04-17,41.83
2012-04-18,37.599999999999994
2012-04-19,35.72
2012-04-20,38.54
2012-04-21,23.97
2012-04-22,31.49
2012-04-23,35.72
2012-04-24,36.66
2012-04-25,39.48
2012-04-26,47.0
2012-04-27,38.07
2012-04-28,41.36
2012-04-29,26.32
2012-04-30,39.01
2012-05-01,45.5
2012-05-02,37.0
2012-05-03,50.0
2012-05-04,38.5
2012-05-05,29.5
2012-05-06,29.0
2012-05-07,48.5
2012-05-08,50.0
2012-05-09,40.0
2012-05-10,35.5
2012-05-11,37.0
2012-05-12,32.5
2012-05-13,27.5
2012-05-14,33.0
2012-05-15,37.0
2012-05-16,34.5
2012-05-17,35.0
2012-05-18,32.0
2012-05-19,25.0
2012-05-20,24.0
2012-05-21,39.5
2012-05-22,35.0
2012-05-23,40.5
2012-05-24,31.0
2012-05-25,36.0
2012-05-26,28.5
2012-05-27,27.0
2012-05-28,25.0
2012-05-29,34.5
2012-05-30,41.5
2012-05-31,30.5
2012-06-01,38.64
2012-06-02,34.5
2012-06-03,29.44
2012-06-04,34.96
2012-06-05,33.120000000000005
2012-06-06,34.04
2012-06-07,39.1
2012-06-08,37.72
2012-06-09,27.6
2012-06-10,28.060000000000002
2012-06-11,37.260000000000005
2012-06-12,35.42
2012-06-13,32.2
2012-06-14,34.96
2012-06-15,38.64
2012-06-16,24.84
2012-06-17,24.84
2012-06-18,38.64
2012-06-19,36.34
2012-06-20,32.2
2012-06-21,39.1
2012-06-22,34.96
2012-06-23,25.76
2012-06-24,23.0
2012-06-25,46.0
2012-06-26,31.740000000000002
2012-06-27,36.800000000000004
2012-06-28,33.58
2012-06-29,35.88
2012-06-30,41.4
2012-07-01,40.42
2012-07-02,42.14
2012-07-03,39.13
2012-07-04,22.79
2012-07-05,39.99
2012-07-06,23.65
2012-07-07,22.79
2012-07-08,29.24
2012-07-09,40.42
2012-07-10,26.66
2012-07-11,32.25
2012-07-12,26.66
2012-07-13,30.96
2012-07-14,21.07
2012-07-15,31.39
2012-07-16,42.14
2012-07-17,28.81
2012-07-18,30.099999999999998
2012-07-19,27.09
2012-07-20,33.11
2012-07-21,25.8
2012-07-22,24.509999999999998
2012-07-23,25.37
2012-07-24,43.0
2012-07-25,29.24
2012-07-26,39.13
2012-07-27,30.53
2012-07-28,25.8
2012-07-29,24.08
2012-07-30,37.839999999999996
2012-07-31,28.38
2012-08-01,33.6
2012-08-02,27.6
2012-08-03,37.2
2012-08-04,23.6
2012-08-05,23.200000000000003
2012-08-06,34.800000000000004
2012-08-07,29.6
2012-08-08,35.2
2012-08-09,39.6
2012-08-10,34.0
2012-08-11,23.200000000000003
2012-08-12,20.400000000000002
2012-08-13,32.0
2012-08-14,39.6
2012-08-15,33.6
2012-08-16,37.2
2012-08-17,36.800000000000004
2012-08-18,28.8
2012-08-19,20.8
2012-08-20,32.800000000000004
2012-08-21,31.200000000000003
2012-08-22,40.0
2012-08-23,30.0
2012-08-24,24.8
2012-08-25,24.400000000000002
2012-08-26,18.8
2012-08-27,36.4
2012-08-28,37.6
2012-08-29,36.0
2012-08-30,32.4
2012-08-31,31.200000000000003
2012-09-01,23.099999999999998
2012-09-02,20.58
2012-09-03,42.0
2012-09-04,29.82
2012-09-05,26.88
2012-09-06,35.28
2012-09-07,33.6
2012-09-08,28.14
2012-09-09,23.939999999999998
2012-09-10,34.44
2012-09-11,30.24
2012-09-12,29.82
2012-09-13,34.44
2012-09-14,32.339999999999996
2012-09-15,26.88
2012-09-16,22.259999999999998
2012-09-17,31.08
2012-09-18,39.059999999999995
2012-09-19,39.48
2012-09-20,34.86
2012-09-21,38.22
2012-09-22,32.339999999999996
2012-09-23,21.0
2012-09-24,29.4
2012-09-25,32.76
2012-09-26,33.18
2012-09-27,31.919999999999998
2012-09-28,33.18
2012-09-29,21.84
2012-09-30,22.68
2012-10-01,30.72
2012-10-02,27.36
2012-10-03,29.279999999999998
2012-10-04,48.0
2012-10-05,32.64
2012-10-06,24.48
2012-10-07,21.119999999999997
2012-10-08,26.4
2012-10-09,34.08
2012-10-10,28.799999999999997
2012-10-11,24.48
2012-10-12,28.799999999999997
2012-10-13,20.16
2012-10-14,20.16
2012-10-15,33.6
2012-10-16,28.799999999999997
2012-10-17,33.6
2012-10-18,25.919999999999998
2012-10-19,33.6
2012-10-20,21.119999999999997
2012-10-21,20.16
2012-10-22,26.4
2012-10-23,28.32
2012-10-24,29.759999999999998
2012-10-25,26.4
2012-10-26,36.48
2012-10-27,18.24
2012-10-28,23.04
2012-10-29,24.96
2012-10-30,27.84
2012-10-31,36.48
2012-11-01,48.0
2012-11-02,42.72
2012-11-03,40.8
2012-11-04,32.16
2012-11-05,31.68
2012-11-06,26.4
2012-11-07,26.4
2012-11-08,26.4
2012-11-09,22.56
2012-11-10,20.64
2012-11-11,14.879999999999999
2012-11-12,22.56
2012-11-13,21.119999999999997
2012-11-14,19.68
2012-11-15,25.439999999999998
2012-11-16,22.56
2012-11-17,15.84
2012-11-18,11.04
2012-11-19,17.759999999999998
2012-11-20,20.64
2012-11-21,16.32
2012-11-22,14.399999999999999
2012-11-23,16.32
2012-11-24,12.959999999999999
2012-11-25,14.879999999999999
2012-11-26,20.16
2012-11-27,21.119999999999997
2012-11-28,21.599999999999998
2012-11-29,22.08
2012-11-30,17.759999999999998
2012-12-01,26.64
2012-12-02,20.35
2012-12-03,35.89
2012-12-04,26.27
2012-12-05,37.0
2012-12-06,35.519999999999996
2012-12-07,29.23
2012-12-08,18.13
2012-12-09,21.09
2012-12-10,29.97
2012-12-11,30.34
2012-12-12,30.34
2012-12-13,25.53
2012-12-14,25.9
2012-12-15,15.17
2012-12-16,21.83
2012-12-17,22.2
2012-12-18,29.23
2012-12-19,28.86
2012-12-20,28.12
2012-12-21,26.27
2012-12-22,27.75
2012-12-23,17.39
2012-12-24,23.68
2012-12-25,31.82
2012-12-26,31.08
2012-12-27,27.38
2012-12-28,27.009999999999998
2012-12-29,21.46
2012-12-30,24.419999999999998
2012-12-31,30.34
2013-01-01,21.200000000000003
2013-01-02,28.400000000000002
2013-01-03,35.6
2013-01-04,27.200000000000003
2013-01-05,17.6
2013-01-06,15.200000000000001
2013-01-07,28.8
2013-01-08,20.400000000000002
2013-01-09,24.8
2013-01-10,22.8
2013-01-11,20.8
2013-01-12,23.6
2013-01-13,12.4
2013-01-14,25.6
2013-01-15,22.400000000000002
2013-01-16,29.6
2013-01-17,28.400000000000002
2013-01-18,25.200000000000003
2013-01-19,18.0
2013-01-20,16.8
2013-01-21,22.8
2013-01-22,30.0
2013-01-23,25.200000000000003
2013-01-24,30.8
2013-01-25,40.0
2013-01-26,33.6
2013-01-27,22.400000000000002
2013-01-28,32.800000000000004
2013-01-29,35.2
2013-01-30,29.200000000000003
2013-01-31,36.0
2013-02-01,42.0
2013-02-02,29.4
2013-02-03,21.0
2013-02-04,33.6
2013-02-05,30.66
2013-02-06,31.919999999999998
2013-02-07,34.44
2013-02-08,31.919999999999998
2013-02-09,27.3
2013-02-10,24.36
2013-02-11,23.939999999999998
2013-02-12,31.5
2013-02-13,20.58
2013-02-14,28.98
2013-02-15,33.6
2013-02-16,24.779999999999998
2013-02-17,23.939999999999998
2013-02-18,29.4
2013-02-19,36.96
2013-02-20,32.76
2013-02-21,31.08
2013-02-22,35.28
2013-02-23,28.98
2013-02-24,22.68
2013-02-25,26.88
2013-02-26,34.86
2013-02-27,39.059999999999995
2013-02-28,32.339999999999996
2013-03-01,26.459999999999997
2013-03-02,22.259999999999998
2013-03-03,20.58
2013-03-04,25.619999999999997
2013-03-05,27.72
2013-03-06,30.66
2013-03-07,29.82
2013-03-08,28.56
2013-03-09,23.52
2013-03-10,18.48
2013-03-11,28.14
2013-03-12,29.82
2013-03-13,23.939999999999998
2013-03-14,26.04
2013-03-15,24.36
2013-03-16,18.06
2013-03-17,17.22
2013-03-18,29.4
2013-03-19,20.58
2013-03-20,23.939999999999998
2013-03-21,28.56
2013-03-22,22.68
2013-03-23,18.9
2013-03-24,18.48
2013-03-25,23.52
2013-03-26,23.099999999999998
2013-03-27,29.82
2013-03-28,23.939999999999998
2013-03-29,27.72
2013-03-30,23.099999999999998
2013-03-31,42.0
2013-04-01,55.00000000000001
2013-04-02,42.35
2013-04-03,40.150000000000006
2013-04-04,29.700000000000003
2013-04-05,29.150000000000002
2013-04-06,24.200000000000003
2013-04-07,21.450000000000003
2013-04-08,33.550000000000004
2013-04-09,35.75
2013-04-10,35.2
2013-04-11,33.0
2013-04-12,28.6
2013-04-13,22.0
2013-04-14,34.650000000000006
2013-04-15,31.900000000000002
2013-04-16,26.400000000000002
2013-04-17,34.650000000000006
2013-04-18,42.900000000000006
2013-04-19,29.150000000000002
2013-04-20,17.6
2013-04-21,18.150000000000002
2013-04-22,24.750000000000004
2013-04-23,28.05
2013-04-24,27.500000000000004
2013-04-25,31.900000000000002
2013-04-26,20.35
2013-04-27,19.8
2013-04-28,20.35
2013-04-29,28.05
2013-04-30,26.400000000000002
2013-05-01,42.0
2013-05-02,32.339999999999996
2013-05-03,32.76
2013-05-04,26.88
2013-05-05,21.84
2013-05-06,36.54
2013-05-07,31.919999999999998
2013-05-08,33.18
2013-05-09,33.6
2013-05-10,31.08
2013-05-11,22.259999999999998
2013-05-12,17.22
2013-05-13,30.24
2013-05-14,33.6
2013-05-15,38.22
2013-05-16,30.24
2013-05-17,33.6
2013-05-18,31.08
2013-05-19,23.52
2013-05-20,28.98
2013-05-21,29.82
2013-05-22,36.96
2013-05-23,38.64
2013-05-24,32.339999999999996
2013-05-25,27.72
2013-05-26,19.74
2013-05-27,27.72
2013-05-28,31.08
2013-05-29,32.339999999999996
2013-05-30,31.919999999999998
2013-05-31,29.4
2013-06-01,31.200000000000003
2013-06-02,21.45
2013-06-03,34.71
2013-06-04,33.15
2013-06-05,33.15
2013-06-06,26.91
2013-06-07,39.0
2013-06-08,27.3
2013-06-09,22.23
2013-06-10,30.810000000000002
2013-06-11,34.32
2013-06-12,30.810000000000002
2013-06-13,32.370000000000005
2013-06-14,29.64
2013-06-15,27.3
2013-06-16,25.35
2013-06-17,27.69
2013-06-18,31.59
2013-06-19,28.86
2013-06-20,31.98
2013-06-21,35.1
2013-06-22,25.35
2013-06-23,24.18
2013-06-24,31.200000000000003
2013-06-25,31.200000000000003
2013-06-26,31.200000000000003
2013-06-27,36.27
2013-06-28,32.370000000000005
2013-06-29,31.200000000000003
2013-06-30,22.23
2013-07-01,36.08
2013-07-02,34.03
2013-07-03,38.129999999999995
2013-07-04,29.52
2013-07-05,36.08
2013-07-06,28.7
2013-07-07,38.129999999999995
2013-07-08,35.26
2013-07-09,38.129999999999995
2013-07-10,37.72
2013-07-11,31.979999999999997
2013-07-12,40.18
2013-07-13,29.93
2013-07-14,25.83
2013-07-15,33.21
2013-07-16,37.309999999999995
2013-07-17,32.39
2013-07-18,37.309999999999995
2013-07-19,28.7
2013-07-20,25.419999999999998
2013-07-21,23.369999999999997
2013-07-22,30.34
2013-07-23,38.949999999999996
2013-07-24,34.03
2013-07-25,41.0
2013-07-26,31.569999999999997
2013-07-27,27.06
2013-07-28,21.73
2013-07-29,35.26
2013-07-30,36.08
2013-07-31,32.39
2013-08-01,39.0
2013-08-02,26.130000000000003
2013-08-03,20.67
2013-08-04,23.400000000000002
2013-08-05,26.52
2013-08-06,25.740000000000002
2013-08-07,23.400000000000002
2013-08-08,23.01
2013-08-09,26.91
2013-08-10,23.79
2013-08-11,22.23
2013-08-12,22.62
2013-08-13,28.86
2013-08-14,23.01
2013-08-15,33.54
2013-08-16,26.91
2013-08-17,17.16
2013-08-18,15.600000000000001
2013-08-19,25.740000000000002
2013-08-20,27.3
2013-08-21,25.35
2013-08-22,27.69
2013-08-23,24.96
2013-08-24,21.84
2013-08-25,25.740000000000002
2013-08-26,23.400000000000002
2013-08-27,24.18
2013-08-28,22.23
2013-08-29,28.470000000000002
2013-08-30,30.810000000000002
2013-08-31,20.67
2013-09-01,23.200000000000003
2013-09-02,28.0
2013-09-03,27.6
2013-09-04,31.200000000000003
2013-09-05,31.6
2013-09-06,37.6
2013-09-07,26.0
2013-09-08,23.200000000000003
2013-09-09,33.2
2013-09-10,28.0
2013-09-11,34.0
2013-09-12,35.2
2013-09-13,33.6
2013-09-14,22.8
2013-09-15,20.0
2013-09-16,38.0
2013-09-17,34.0
2013-09-18,33.2
2013-09-19,36.0
2013-09-20,32.0
2013-09-21,30.400000000000002
2013-09-22,23.6
2013-09-23,35.6
2013-09-24,34.4
2013-09-25,32.4
2013-09-26,35.6
2013-09-27,40.0
2013-09-28,30.0
2013-09-29,22.400000000000002
2013-09-30,30.400000000000002
2013-10-01,38.64
2013-10-02,28.98
2013-10-03,29.82
2013-10-04,32.76
2013-10-05,24.779999999999998
2013-10-06,27.3
2013-10-07,37.379999999999995
2013-10-08,29.82
2013-10-09,40.32
2013-10-10,33.18
2013-10-11,34.019999999999996
2013-10-12,24.779999999999998
2013-10-13,23.099999999999998
2013-10-14,24.36
2013-10-15,42.0
2013-10-16,28.56
2013-10-17,38.22
2013-10-18,32.339999999999996
2013-10-19,23.939999999999998
2013-10-20,20.58
2013-10-21,34.019999999999996
2013-10-22,22.68
2013-10-23,33.6
2013-10-24,36.54
2013-10-25,29.82
2013-10-26,21.84
2013-10-27,20.16
2013-10-28,33.6
2013-10-29,30.66
2013-10-30,29.82
2013-10-31,33.18
2013-11-01,24.08
2013-11-02,19.35
2013-11-03,25.37
2013-11-04,29.669999999999998
2013-11-05,28.38
2013-11-06,27.95
2013-11-07,24.94
2013-11-08,23.65
2013-11-09,20.21
2013-11-10,19.78
2013-11-11,23.65
2013-11-12,26.23
2013-11-13,26.23
2013-11-14,34.4
2013-11-15,43.0
2013-11-16,26.23
2013-11-17,24.509999999999998
2013-11-18,30.099999999999998
2013-11-19,33.11
2013-11-20,25.8
2013-11-21,25.8
2013-11-22,25.37
2013-11-23,21.07
2013-11-24,22.36
2013-11-25,26.23
2013-11-26,28.38
2013-11-27,18.919999999999998
2013-11-28,22.79
2013-11-29,15.48
2013-11-30,27.95
2013-12-01,24.779999999999998
2013-12-02,31.5
2013-12-03,36.54
2013-12-04,37.8
2013-12-05,27.3
2013-12-06,31.5
2013-12-07,25.619999999999997
2013-12-08,27.3
2013-12-09,32.76
2013-12-10,29.82
2013-12-11,36.54
2013-12-12,36.12
2013-12-13,31.919999999999998
2013-12-14,26.04
2013-12-15,29.4
2013-12-16,31.5
2013-12-17,35.699999999999996
2013-12-18,37.8
2013-12-19,32.339999999999996
2013-12-20,34.019999999999996
2013-12-21,29.82
2013-12-22,24.779999999999998
2013-12-23,32.339999999999996
2013-12-24,28.98
2013-12-25,30.24
2013-12-26,41.16
2013-12-27,38.22
2013-12-28,42.0
2013-12-29,34.44
2013-12-30,33.6
2013-12-31,35.28
2014-01-01,32.4
2014-01-02,32.0
2014-01-03,27.6
2014-01-04,32.4
2014-01-05,18.0
2014-01-06,30.0
2014-01-07,36.0
2014-01-08,36.800000000000004
2014-01-09,32.800000000000004
2014-01-10,32.4
2014-01-11,25.200000000000003
2014-01-12,22.8
2014-01-13,37.2
2014-01-14,29.6
2014-01-15,33.2
2014-01-16,36.0
2014-01-17,32.0
2014-01-18,23.6
2014-01-19,19.6
2014-01-20,29.6
2014-01-21,37.2
2014-01-22,39.6
2014-01-23,30.0
2014-01-24,25.200000000000003
2014-01-25,26.400000000000002
2014-01-26,18.8
2014-01-27,31.200000000000003
2014-01-28,35.2
2014-01-29,40.0
2014-01-30,34.4
2014-01-31,33.2
2014-02-01,31.82
2014-02-02,26.66
2014-02-03,41.28
2014-02-04,34.83
2014-02-05,41.28
2014-02-06,41.28
2014-02-07,38.269999999999996
2014-02-08,21.93
2014-02-09,24.08
2014-02-10,38.269999999999996
2014-02-11,39.99
2014-02-12,37.839999999999996
2014-02-13,42.14
2014-02-14,39.99
2014-02-15,29.669999999999998
2014-02-16,21.07
2014-02-17,30.53
2014-02-18,32.68
2014-02-19,33.97
2014-02-20,39.13
2014-02-21,39.13
2014-02-22,38.269999999999996
2014-02-23,35.69
2014-02-24,43.0
2014-02-25,33.11
2014-02-26,39.56
2014-02-27,39.99
2014-02-28,40.85
2014-03-01,21.599999999999998
2014-03-02,14.399999999999999
2014-03-03,21.599999999999998
2014-03-04,24.0
2014-03-05,23.52
2014-03-06,24.96
2014-03-07,22.56
2014-03-08,16.8
2014-03-09,15.36
2014-03-10,21.599999999999998
2014-03-11,19.68
2014-03-12,21.119999999999997
2014-03-13,22.56
2014-03-14,19.68
2014-03-15,13.92
2014-03-16,18.24
2014-03-17,22.56
2014-03-18,24.96
2014-03-19,23.52
2014-03-20,24.48
2014-03-21,27.84
2014-03-22,20.16
2014-03-23,24.96
2014-03-24,48.0
2014-03-25,40.32
2014-03-26,42.239999999999995
2014-03-27,26.88
2014-03-28,25.919999999999998
2014-03-29,21.599999999999998
2014-03-30,16.8
2014-03-31,26.88
2014-04-01,41.8
2014-04-02,36.52
2014-04-03,33.0
2014-04-04,44.0
2014-04-05,25.52
2014-04-06,23.76
2014-04-07,31.68
2014-04-08,37.84
2014-04-09,31.68
2014-04-10,36.96
2014-04-11,32.56
2014-04-12,28.6
2014-04-13,27.72
2014-04-14,39.6
2014-04-15,32.12
2014-04-16,36.52
2014-04-17,35.64
2014-04-18,29.48
2014-04-19,27.28
2014-04-20,25.52
2014-04-21,35.2
2014-04-22,33.44
2014-04-23,32.56
2014-04-24,39.6
2014-04-25,40.48
2014-04-26,25.96
2014-04-27,29.04
2014-04-28,30.36
2014-04-29,35.64
2014-04-30,36.52
2014-05-01,43.0
2014-05-02,40.42
2014-05-03,28.81
2014-05-04,24.509999999999998
2014-05-05,36.12
2014-05-06,32.68
2014-05-07,37.41
2014-05-08,33.97
2014-05-09,32.25
2014-05-10,29.24
2014-05-11,22.79
2014-05-12,33.54
2014-05-13,29.669999999999998
2014-05-14,32.68
2014-05-15,33.11
2014-05-16,26.23
2014-05-17,20.21
2014-05-18,32.25
2014-05-19,37.41
2014-05-20,27.95
2014-05-21,34.83
2014-05-22,33.54
2014-05-23,31.39
2014-05-24,20.64
2014-05-25,21.5
2014-05-26,22.36
2014-05-27,30.53
2014-05-28,32.25
2014-05-29,33.97
2014-05-30,28.81
2014-05-31,24.94
2014-06-01,30.24
2014-06-02,36.12
2014-06-03,41.58
2014-06-04,34.86
2014-06-05,34.019999999999996
2014-06-06,42.0
2014-06-07,39.059999999999995
2014-06-08,20.58
2014-06-09,38.64
2014-06-10,36.54
2014-06-11,34.019999999999996
2014-06-12,34.019999999999996
2014-06-13,39.059999999999995
2014-06-14,32.339999999999996
2014-06-15,20.16
2014-06-16,39.48
2014-06-17,28.98
2014-06-18,41.58
2014-06-19,31.5
2014-06-20,41.16
2014-06-21,33.18
2014-06-22,31.08
2014-06-23,34.86
2014-06-24,36.96
2014-06-25,40.74
2014-06-26,33.6
2014-06-27,30.24
2014-06-28,28.98
2014-06-29,29.82
2014-06-30,35.699999999999996
2014-07-01,28.98
2014-07-02,31.5
2014-07-03,27.72
2014-07-04,21.419999999999998
2014-07-05,34.019999999999996
2014-07-06,23.099999999999998
2014-07-07,32.339999999999996
2014-07-08,34.86
2014-07-09,30.66
2014-07-10,34.44
2014-07-11,26.88
2014-07-12,28.14
2014-07-13,20.16
2014-07-14,28.56
2014-07-15,27.72
2014-07-16,30.24
2014-07-17,40.32
2014-07-18,32.76
2014-07-19,23.099999999999998
2014-07-20,18.06
2014-07-21,34.019999999999996
2014-07-22,33.6
2014-07-23,25.2
2014-07-24,42.0
2014-07-25,32.76
2014-07-26,18.06
2014-07-27,24.36
2014-07-28,31.5
2014-07-29,28.56
2014-07-30,34.019999999999996
2014-07-31,40.32
2014-08-01,34.800000000000004
2014-08-02,23.200000000000003
2014-08-03,22.8
2014-08-04,25.6
2014-08-05,32.0
2014-08-06,28.8
2014-08-07,40.0
2014-08-08,36.800000000000004
2014-08-09,28.0
2014-08-10,24.0
2014-08-11,28.400000000000002
2014-08-12,20.400000000000002
2014-08-13,32.4
2014-08-14,32.0
2014-08-15,30.8
2014-08-16,33.6
2014-08-17,16.400000000000002
2014-08-18,28.400000000000002
2014-08-19,29.200000000000003
2014-08-20,30.400000000000002
2014-08-21,30.400000000000002
2014-08-22,29.6
2014-08-23,27.6
2014-08-24,16.400000000000002
2014-08-25,26.8
2014-08-26,26.8
2014-08-27,28.400000000000002
2014-08-28,29.6
2014-08-29,29.6
2014-08-30,21.6
2014-08-31,25.200000000000003
2014-09-01,27.72
2014-09-02,36.52
2014-09-03,26.84
2014-09-04,33.44
2014-09-05,29.92
2014-09-06,21.12
2014-09-07,18.48
2014-09-08,29.92
2014-09-09,34.76
2014-09-10,32.12
2014-09-11,34.32
2014-09-12,31.24
2014-09-13,18.48
2014-09-14,22.0
2014-09-15,28.16
2014-09-16,29.48
2014-09-17,32.12
2014-09-18,33.44
2014-09-19,32.56
2014-09-20,24.64
2014-09-21,23.76
2014-09-22,34.32
2014-09-23,30.8
2014-09-24,33.88
2014-09-25,33.0
2014-09-26,26.84
2014-09-27,27.28
2014-09-28,24.2
2014-09-29,35.64
2014-09-30,44.0
2014-10-01,36.34
2014-10-02,33.120000000000005
2014-10-03,36.800000000000004
2014-10-04,29.44
2014-10-05,23.46
2014-10-06,37.72
2014-10-07,36.800000000000004
2014-10-08,35.42
2014-10-09,40.02
2014-10-10,39.1
2014-10-11,33.58
2014-10-12,24.380000000000003
2014-10-13,39.56
2014-10-14,37.72
2014-10-15,44.620000000000005
2014-10-16,46.0
2014-10-17,32.660000000000004
2014-10-18,21.62
2014-10-19,24.84
2014-10-20,42.78
2014-10-21,30.82
2014-10-22,34.96
2014-10-23,32.2
2014-10-24,34.5
2014-10-25,26.68
2014-10-26,21.62
2014-10-27,38.18
2014-10-28,30.360000000000003
2014-10-29,26.68
2014-10-30,32.660000000000004
2014-10-31,39.1
2014-11-01,23.779999999999998
2014-11-02,29.52
2014-11-03,31.979999999999997
2014-11-04,34.85
2014-11-05,26.65
2014-11-06,24.189999999999998
2014-11-07,36.9
2014-11-08,24.599999999999998
2014-11-09,23.779999999999998
2014-11-10,30.34
2014-11-11,28.7
2014-11-12,27.06
2014-11-13,35.26
2014-11-14,31.569999999999997
2014-11-15,25.83
2014-11-16,24.189999999999998
2014-11-17,25.419999999999998
2014-11-18,27.88
2014-11-19,32.8
2014-11-20,31.979999999999997
2014-11-21,41.0
2014-11-22,24.599999999999998
2014-11-23,18.86
2014-11-24,31.159999999999997
2014-11-25,27.88
2014-11-26,29.52
2014-11-27,20.5
2014-11-28,36.489999999999995
2014-11-29,32.8
2014-11-30,29.52
2014-12-01,37.5
2014-12-02,41.0
2014-12-03,41.0
2014-12-04,37.0
2014-12-05,40.0
2014-12-06,28.5
2014-12-07,24.5
2014-12-08,37.0
2014-12-09,31.0
2014-12-10,30.5
2014-12-11,38.0
2014-12-12,41.0
2014-12-13,28.0
2014-12-14,29.0
2014-12-15,39.0
2014-12-16,50.0
2014-12-17,39.5
2014-12-18,45.0
2014-12-19,41.0
2014-12-20,32.5
2014-12-21,29.0
2014-12-22,29.5
2014-12-23,37.0
2014-12-24,35.5
2014-12-25,28.0
2014-12-26,29.0
2014-12-27,23.5
2014-12-28,21.5
2014-12-29,46.0
2014-12-30,38.0
2014-12-31,35.0
2015-01-01,29.7
2015-01-02,28.35
2015-01-03,25.650000000000002
2015-01-04,22.95
2015-01-05,40.050000000000004
2015-01-06,43.2
2015-01-07,45.0
2015-01-08,36.0
2015-01-09,37.35
2015-01-10,22.05
2015-01-11,22.5
2015-01-12,34.65
2015-01-13,33.300000000000004
2015-01-14,35.1
2015-01-15,29.7
2015-01-16,40.95
2015-01-17,28.35
2015-01-18,26.55
2015-01-19,28.35
2015-01-20,34.2
2015-01-21,34.2
2015-01-22,34.65
2015-01-23,28.35
2015-01-24,26.1
2015-01-25,19.35
2015-01-26,29.25
2015-01-27,28.8
2015-01-28,36.0
2015-01-29,34.65
2015-01-30,32.85
2015-01-31,22.05
2015-02-01,10.8
2015-02-02,14.040000000000001
2015-02-03,21.060000000000002
2015-02-04,17.82
2015-02-05,15.120000000000001
2015-02-06,15.120000000000001
2015-02-07,12.420000000000002
2015-02-08,11.34
2015-02-09,16.200000000000003
2015-02-10,15.120000000000001
2015-02-11,16.200000000000003
2015-02-12,16.200000000000003
2015-02-13,15.120000000000001
2015-02-14,10.8
2015-02-15,10.8
2015-02-16,14.040000000000001
2015-02-17,13.5
2015-02-18,54.0
2015-02-19,36.72
2015-02-20,20.520000000000003
2015-02-21,14.040000000000001
2015-02-22,14.040000000000001
2015-02-23,17.28
2015-02-24,14.040000000000001
2015-02-25,15.120000000000001
2015-02-26,14.580000000000002
2015-02-27,16.740000000000002
2015-02-28,15.66
2015-03-01,23.85
2015-03-02,36.9
2015-03-03,33.75
2015-03-04,39.15
2015-03-05,45.0
2015-03-06,41.4
2015-03-07,41.4
2015-03-08,35.1
2015-03-09,32.4
2015-03-10,42.300000000000004
2015-03-11,31.05
2015-03-12,36.0
2015-03-13,34.65
2015-03-14,31.95
2015-03-15,25.2
2015-03-16,35.550000000000004
2015-03-17,37.35
2015-03-18,31.95
2015-03-19,35.550000000000004
2015-03-20,29.7
2015-03-21,21.150000000000002
2015-03-22,22.95
2015-03-23,35.550000000000004
2015-03-24,43.2
2015-03-25,24.75
2015-03-26,34.65
2015-03-27,35.550000000000004
2015-03-28,28.8
2015-03-29,22.5
2015-03-30,39.6
2015-03-31,30.150000000000002
2015-04-01,36.55
2015-04-02,36.98
2015-04-03,29.669999999999998
2015-04-04,26.23
2015-04-05,22.79
2015-04-06,36.55
2015-04-07,35.26
2015-04-08,40.42
2015-04-09,39.99
2015-04-10,33.11
2015-04-11,28.38
2015-04-12,24.08
2015-04-13,36.55
2015-04-14,43.0
2015-04-15,34.4
2015-04-16,38.7
2015-04-17,30.96
2015-04-18,29.669999999999998
2015-04-19,27.09
2015-04-20,40.42
2015-04-21,38.7
2015-04-22,34.83
2015-04-23,39.56
2015-04-24,37.839999999999996
2015-04-25,28.38
2015-04-26,26.23
2015-04-27,35.69
2015-04-28,35.69
2015-04-29,37.41
2015-04-30,38.7
2015-05-01,39.9
2015-05-02,20.58
2015-05-03,24.36
2015-05-04,37.8
2015-05-05,40.32
2015-05-06,31.919999999999998
2015-05-07,42.0
2015-05-08,31.08
2015-05-09,28.14
2015-05-10,23.099999999999998
2015-05-11,36.12
2015-05-12,33.18
2015-05-13,34.86
2015-05-14,33.18
2015-05-15,26.88
2015-05-16,23.52
2015-05-17,23.099999999999998
2015-05-18,28.98
2015-05-19,35.28
2015-05-20,39.059999999999995
2015-05-21,36.12
2015-05-22,32.76
2015-05-23,26.459999999999997
2015-05-24,20.16
2015-05-25,24.779999999999998
2015-05-26,27.72
2015-05-27,29.82
2015-05-28,31.919999999999998
2015-05-29,25.2
2015-05-30,23.939999999999998
2015-05-31,26.04
2015-06-01,34.03
2015-06-02,29.93
2015-06-03,28.7
2015-06-04,30.34
2015-06-05,24.189999999999998
2015-06-06,18.45
2015-06-07,19.27
2015-06-08,36.9
2015-06-09,31.159999999999997
2015-06-10,36.08
2015-06-11,28.29
2015-06-12,41.0
2015-06-13,30.749999999999996
2015-06-14,23.779999999999998
2015-06-15,31.159999999999997
2015-06-16,29.93
2015-06-17,31.159999999999997
2015-06-18,38.129999999999995
2015-06-19,30.749999999999996
2015-06-20,25.419999999999998
2015-06-21,20.91
2015-06-22,32.8
2015-06-23,36.08
2015-06-24,38.949999999999996
2015-06-25,34.85
2015-06-26,34.85
2015-06-27,23.779999999999998
2015-06-28,17.63
2015-06-29,34.44
2015-06-30,41.0
2015-07-01,33.300000000000004
2015-07-02,40.5
2015-07-03,30.6
2015-07-04,26.55
2015-07-05,19.8
2015-07-06,36.0
2015-07-07,37.35
2015-07-08,35.550000000000004
2015-07-09,45.0
2015-07-10,36.45
2015-07-11,22.5
2015-07-12,30.6
2015-07-13,35.550000000000004
2015-07-14,39.15
2015-07-15,35.550000000000004
2015-07-16,34.2
2015-07-17,31.95
2015-07-18,24.75
2015-07-19,27.900000000000002
2015-07-20,39.6
2015-07-21,39.6
2015-07-22,37.35
2015-07-23,37.800000000000004
2015-07-24,38.7
2015-07-25,29.7
2015-07-26,25.650000000000002
2015-07-27,39.15
2015-07-28,38.7
2015-07-29,41.4
2015-07-30,35.1
2015-07-31,44.1
2015-08-01,26.52
2015-08-02,25.48
2015-08-03,33.28
2015-08-04,41.6
2015-08-05,34.32
2015-08-06,34.84
2015-08-07,36.92
2015-08-08,22.880000000000003
2015-08-09,25.48
2015-08-10,43.160000000000004
2015-08-11,39.52
2015-08-12,33.800000000000004
2015-08-13,28.080000000000002
2015-08-14,32.24
2015-08-15,19.76
2015-08-16,20.28
2015-08-17,30.68
2015-08-18,30.16
2015-08-19,28.080000000000002
2015-08-20,42.64
2015-08-21,36.92
2015-08-22,31.720000000000002
2015-08-23,24.44
2015-08-24,47.32
2015-08-25,52.0
2015-08-26,46.800000000000004
2015-08-27,40.04
2015-08-28,33.800000000000004
2015-08-29,23.400000000000002
2015-08-30,18.72
2015-08-31,35.88
2015-09-01,46.0
2015-09-02,38.18
2015-09-03,33.120000000000005
2015-09-04,38.18
2015-09-05,26.68
2015-09-06,24.84
2015-09-07,23.0
2015-09-08,41.4
2015-09-09,40.02
2015-09-10,41.4
2015-09-11,36.34
2015-09-12,31.28
2015-09-13,25.3
2015-09-14,33.120000000000005
2015-09-15,41.86
2015-09-16,38.18
2015-09-17,40.480000000000004
2015-09-18,40.02
2015-09-19,33.58
2015-09-20,22.080000000000002
2015-09-21,33.58
2015-09-22,34.96
2015-09-23,39.56
2015-09-24,42.78
2015-09-25,39.1
2015-09-26,24.380000000000003
2015-09-27,21.62
2015-09-28,33.120000000000005
2015-09-29,30.82
2015-09-30,34.96
2015-10-01,33.88
2015-10-02,37.4
2015-10-03,24.2
2015-10-04,25.52
2015-10-05,32.12
2015-10-06,40.04
2015-10-07,34.32
2015-10-08,32.12
2015-10-09,39.6
2015-10-10,27.28
2015-10-11,28.16
2015-10-12,44.0
2015-10-13,36.08
2015-10-14,36.96
2015-10-15,35.2
2015-10-16,34.32
2015-10-17,29.48
2015-10-18,23.32
2015-10-19,35.64
2015-10-20,32.12
2015-10-21,38.28
2015-10-22,33.0
2015-10-23,25.96
2015-10-24,30.8
2015-10-25,21.12
2015-10-26,34.32
2015-10-27,29.04
2015-10-28,33.88
2015-10-29,38.28
2015-10-30,41.8
2015-10-31,32.12
2015-11-01,16.400000000000002
2015-11-02,31.6
2015-11-03,31.6
2015-11-04,32.800000000000004
2015-11-05,39.6
2015-11-06,39.6
2015-11-07,28.400000000000002
2015-11-08,24.0
2015-11-09,40.0
2015-11-10,30.400000000000002
2015-11-11,28.8
2015-11-12,36.0
2015-11-13,28.8
2015-11-14,22.400000000000002
2015-11-15,22.8
2015-11-16,29.200000000000003
2015-11-17,28.8
2015-11-18,36.4
2015-11-19,28.400000000000002
2015-11-20,26.0
2015-11-21,20.400000000000002
2015-11-22,20.400000000000002
2015-11-23,29.200000000000003
2015-11-24,26.8
2015-11-25,26.400000000000002
2015-11-26,20.8
2015-11-27,24.0
2015-11-28,20.400000000000002
2015-11-29,19.6
2015-11-30,32.800000000000004
2015-12-01,31.5
2015-12-02,36.45
2015-12-03,38.7
2015-12-04,31.95
2015-12-05,26.55
2015-12-06,22.95
2015-12-07,37.35
2015-12-08,41.4
2015-12-09,40.050000000000004
2015-12-10,31.5
2015-12-11,40.95
2015-12-12,34.2
2015-12-13,27.900000000000002
2015-12-14,35.550000000000004
2015-12-15,33.75
2015-12-16,31.05
2015-12-17,31.95
2015-12-18,45.0
2015-12-19,29.7
2015-12-20,27.900000000000002
2015-12-21,32.4
2015-12-22,35.1
2015-12-23,37.35
2015-12-24,33.300000000000004
2015-12-25,43.2
2015-12-26,23.400000000000002
2015-12-27,22.95
2015-12-28,34.65
2015-12-29,39.15
2015-12-30,36.9
2015-12-31,31.95
2016-01-01,23.52
2016-01-02,26.88
2016-01-03,16.8
2016-01-04,34.08
2016-01-05,29.279999999999998
2016-01-06,31.2
2016-01-07,35.519999999999996
2016-01-08,34.56
2016-01-09,28.32
2016-01-10,20.16
2016-01-11,31.2
2016-01-12,34.56
2016-01-13,38.4
2016-01-14,34.56
2016-01-15,48.0
2016-01-16,34.56
2016-01-17,19.2
2016-01-18,32.64
2016-01-19,34.56
2016-01-20,48.0
2016-01-21,45.12
2016-01-22,36.96
2016-01-23,30.72
2016-01-24,24.96
2016-01-25,31.68
2016-01-26,36.48
2016-01-27,36.48
2016-01-28,31.2
2016-01-29,35.04
2016-01-30,24.96
2016-01-31,20.64
2016-02-01,29.7
2016-02-02,45.0
2016-02-03,33.300000000000004
2016-02-04,36.9
2016-02-05,30.150000000000002
2016-02-06,23.400000000000002
2016-02-07,16.650000000000002
2016-02-08,30.150000000000002
2016-02-09,31.05
2016-02-10,32.85
2016-02-11,31.05
2016-02-12,34.2
2016-02-13,22.05
2016-02-14,16.650000000000002
2016-02-15,24.3
2016-02-16,29.7
2016-02-17,30.150000000000002
2016-02-18,30.150000000000002
2016-02-19,27.900000000000002
2016-02-20,21.150000000000002
2016-02-21,18.900000000000002
2016-02-22,31.5
2016-02-23,25.2
2016-02-24,34.2
2016-02-25,31.95
2016-02-26,28.35
2016-02-27,19.35
2016-02-28,18.900000000000002
2016-02-29,24.3
2016-03-01,34.44
2016-03-02,36.08
2016-03-03,41.0
2016-03-04,35.669999999999995
2016-03-05,26.65
2016-03-06,24.189999999999998
2016-03-07,36.08
2016-03-08,32.8
2016-03-09,34.03
2016-03-10,34.44
2016-03-11,33.62
2016-03-12,29.11
2016-03-13,25.419999999999998
2016-03-14,33.62
2016-03-15,24.599999999999998
2016-03-16,29.52
2016-03-17,41.0
2016-03-18,30.749999999999996
2016-03-19,22.549999999999997
2016-03-20,25.419999999999998
2016-03-21,31.979999999999997
2016-03-22,35.669999999999995
2016-03-23,34.85
2016-03-24,31.979999999999997
2016-03-25,30.749999999999996
2016-03-26,21.73
2016-03-27,21.32
2016-03-28,36.08
2016-03-29,36.489999999999995
2016-03-30,32.39
2016-03-31,38.949999999999996
2016-04-01,29.24
2016-04-02,26.66
2016-04-03,20.21
2016-04-04,28.38
2016-04-05,28.81
2016-04-06,28.81
2016-04-07,34.4
2016-04-08,42.14
2016-04-09,23.22
2016-04-10,23.22
2016-04-11,32.25
2016-04-12,37.839999999999996
2016-04-13,33.54
2016-04-14,26.66
2016-04-15,32.25
2016-04-16,24.08
2016-04-17,21.5
2016-04-18,28.81
2016-04-19,37.41
2016-04-20,39.99
2016-04-21,31.39
2016-04-22,27.09
2016-04-23,26.66
2016-04-24,21.07
2016-04-25,36.98
2016-04-26,43.0
2016-04-27,33.54
2016-04-28,33.11
2016-04-29,42.57
2016-04-30,28.38
2016-05-01,15.91
2016-05-02,37.41
2016-05-03,28.38
2016-05-04,29.24
2016-05-05,33.97
2016-05-06,29.669999999999998
2016-05-07,15.48
2016-05-08,22.79
2016-05-09,37.41
2016-05-10,36.98
2016-05-11,38.7
2016-05-12,31.82
2016-05-13,36.98
2016-05-14,24.94
2016-05-15,22.79
2016-05-16,29.669999999999998
2016-05-17,30.96
2016-05-18,29.669999999999998
2016-05-19,33.54
2016-05-20,31.39
2016-05-21,26.23
2016-05-22,24.94
2016-05-23,32.25
2016-05-24,37.41
2016-05-25,43.0
2016-05-26,37.839999999999996
2016-05-27,31.82
2016-05-28,31.82
2016-05-29,19.78
2016-05-30,25.37
2016-05-31,30.099999999999998
2016-06-01,37.839999999999996
2016-06-02,38.7
2016-06-03,32.25
2016-06-04,22.36
2016-06-05,23.65
2016-06-06,31.82
2016-06-07,31.39
2016-06-08,30.53
2016-06-09,28.38
2016-06-10,30.099999999999998
2016-06-11,19.78
2016-06-12,21.93
2016-06-13,32.25
2016-06-14,27.09
2016-06-15,34.83
2016-06-16,29.24
2016-06-17,35.26
2016-06-18,22.79
2016-06-19,18.06
2016-06-20,34.4
2016-06-21,32.25
2016-06-22,32.68
2016-06-23,31.39
2016-06-24,43.0
2016-06-25,27.09
2016-06-26,21.07
2016-06-27,36.55
2016-06-28,32.25
2016-06-29,39.13
2016-06-30,36.98
2016-07-01,41.58
2016-07-02,26.04
2016-07-03,24.36
2016-07-04,25.619999999999997
2016-07-05,31.5
2016-07-06,29.4
2016-07-07,28.14
2016-07-08,32.76
2016-07-09,25.619999999999997
2016-07-10,23.939999999999998
2016-07-11,31.08
2016-07-12,35.699999999999996
2016-07-13,39.059999999999995
2016-07-14,36.12
2016-07-15,35.699999999999996
2016-07-16,25.619999999999997
2016-07-17,27.3
2016-07-18,42.0
2016-07-19,31.919999999999998
2016-07-20,29.4
2016-07-21,32.76
2016-07-22,34.019999999999996
2016-07-23,23.52
2016-07-24,23.52
2016-07-25,33.6
2016-07-26,31.08
2016-07-27,31.08
2016-07-28,27.3
2016-07-29,37.379999999999995
2016-07-30,23.939999999999998
2016-07-31,23.939999999999998
2016-08-01,38.269999999999996
2016-08-02,38.7
2016-08-03,36.55
2016-08-04,43.0
2016-08-05,41.71
2016-08-06,31.82
2016-08-07,28.38
2016-08-08,38.7
2016-08-09,33.11
2016-08-10,38.269999999999996
2016-08-11,33.97
2016-08-12,34.4
2016-08-13,27.52
2016-08-14,30.53
2016-08-15,37.839999999999996
2016-08-16,35.26
2016-08-17,35.26
2016-08-18,31.82
2016-08-19,36.55
2016-08-20,24.94
2016-08-21,25.37
2016-08-22,29.669999999999998
2016-08-23,33.11
2016-08-24,30.099999999999998
2016-08-25,31.82
2016-08-26,33.54
2016-08-27,19.78
2016-08-28,21.5
2016-08-29,30.96
2016-08-30,34.4
2016-08-31,39.99
2016-09-01,30.0
2016-09-02,26.0
2016-09-03,28.0
2016-09-04,18.0
2016-09-05,18.0
2016-09-06,34.800000000000004
2016-09-07,31.6
2016-09-08,36.0
2016-09-09,28.400000000000002
2016-09-10,24.0
2016-09-11,26.0
2016-09-12,30.8
2016-09-13,32.800000000000004
2016-09-14,32.800000000000004
2016-09-15,33.6
2016-09-16,34.800000000000004
2016-09-17,30.400000000000002
2016-09-18,26.400000000000002
2016-09-19,38.0
2016-09-20,35.6
2016-09-21,40.0
2016-09-22,34.800000000000004
2016-09-23,34.800000000000004
2016-09-24,30.8
2016-09-25,20.400000000000002
2016-09-26,31.200000000000003
2016-09-27,32.0
2016-09-28,28.8
2016-09-29,30.0
2016-09-30,27.6
2016-10-01,24.32
2016-10-02,16.72
2016-10-03,28.5
2016-10-04,27.36
2016-10-05,26.6
2016-10-06,28.5
2016-10-07,29.64
2016-10-08,19.0
2016-10-09,21.28
2016-10-10,33.44
2016-10-11,38.0
2016-10-12,28.5
2016-10-13,25.84
2016-10-14,26.98
2016-10-15,20.52
2016-10-16,17.86
2016-10-17,25.84
2016-10-18,26.6
2016-10-19,25.46
2016-10-20,21.66
2016-10-21,25.080000000000002
2016-10-22,22.8
2016-10-23,19.76
2016-10-24,25.080000000000002
2016-10-25,31.54
2016-10-26,28.88
2016-10-27,22.42
2016-10-28,34.96
2016-10-29,23.56
2016-10-30,21.28
2016-10-31,30.4
2016-11-01,25.6
2016-11-02,31.6
2016-11-03,24.400000000000002
2016-11-04,30.0
2016-11-05,20.0
2016-11-06,22.400000000000002
2016-11-07,26.8
2016-11-08,27.200000000000003
2016-11-09,27.6
2016-11-10,30.400000000000002
2016-11-11,22.8
2016-11-12,21.6
2016-11-13,27.200000000000003
2016-11-14,24.8
2016-11-15,31.6
2016-11-16,25.6
2016-11-17,28.0
2016-11-18,29.6
2016-11-19,22.400000000000002
2016-11-20,20.0
2016-11-21,29.200000000000003
2016-11-22,35.6
2016-11-23,40.0
2016-11-24,25.6
2016-11-25,26.400000000000002
2016-11-26,18.0
2016-11-27,17.2
2016-11-28,28.8
2016-11-29,31.200000000000003
2016-11-30,36.0
2016-12-01,17.42
2016-12-02,18.76
2016-12-03,12.73
2016-12-04,10.72
2016-12-05,18.09
2016-12-06,13.4
2016-12-07,16.080000000000002
2016-12-08,17.42
2016-12-09,19.43
2016-12-10,40.2
2016-12-11,42.88
2016-12-12,35.510000000000005
2016-12-13,67.0
2016-12-14,47.57
2016-12-15,29.48
2016-12-16,22.110000000000003
2016-12-17,16.080000000000002
2016-12-18,16.080000000000002
2016-12-19,18.09
2016-12-20,18.76
2016-12-21,19.43
2016-12-22,17.42
2016-12-23,15.41
2016-12-24,12.06
2016-12-25,16.75
2016-12-26,12.73
2016-12-27,14.07
2016-12-28,16.080000000000002
2016-12-29,13.4
2016-12-30,15.41
2016-12-31,12.06
2017-01-01,18.5
2017-01-02,20.0
2017-01-03,35.0
2017-01-04,35.0
2017-01-05,37.0
2017-01-06,30.5
2017-01-07,24.0
2017-01-08,16.5
2017-01-09,32.5
2017-01-10,37.5
2017-01-11,50.0
2017-01-12,45.5
2017-01-13,43.0
2017-01-14,29.0
2017-01-15,25.5
2017-01-16,29.0
2017-01-17,37.0
2017-01-18,40.0
2017-01-19,36.5
2017-01-20,31.0
2017-01-21,24.5
2017-01-22,24.5
2017-01-23,35.5
2017-01-24,38.0
2017-01-25,39.0
2017-01-26,35.5
2017-01-27,29.5
2017-01-28,26.5
2017-01-29,20.0
2017-01-30,27.5
2017-01-31,34.5
2017-02-01,43.7
2017-02-02,46.0
2017-02-03,33.120000000000005
2017-02-04,22.540000000000003
2017-02-05,19.78
2017-02-06,22.080000000000002
2017-02-07,34.96
2017-02-08,32.660000000000004
2017-02-09,37.72
2017-02-10,35.42
2017-02-11,26.220000000000002
2017-02-12,21.62
2017-02-13,26.68
2017-02-14,30.82
2017-02-15,34.5
2017-02-16,40.940000000000005
2017-02-17,33.58
2017-02-18,28.52
2017-02-19,26.68
2017-02-20,27.14
2017-02-21,40.02
2017-02-22,31.28
2017-02-23,39.1
2017-02-24,30.360000000000003
2017-02-25,28.98
2017-02-26,25.76
2017-02-27,31.740000000000002
2017-02-28,33.58
2017-03-01,33.15
2017-03-02,27.03
2017-03-03,31.11
2017-03-04,20.91
2017-03-05,15.3
2017-03-06,31.62
2017-03-07,51.0
2017-03-08,31.11
2017-03-09,32.13
2017-03-10,35.19
2017-03-11,20.91
2017-03-12,21.42
2017-03-13,30.6
2017-03-14,27.03
2017-03-15,29.07
2017-03-16,29.580000000000002
2017-03-17,26.52
2017-03-18,20.4
2017-03-19,23.46
2017-03-20,23.97
2017-03-21,28.560000000000002
2017-03-22,25.5
2017-03-23,30.09
2017-03-24,26.52
2017-03-25,23.46
2017-03-26,18.36
2017-03-27,23.97
2017-03-28,28.05
2017-03-29,32.13
2017-03-30,29.580000000000002
2017-03-31,28.05
2017-04-01,29.89
2017-04-02,27.439999999999998
2017-04-03,29.89
2017-04-04,36.75
2017-04-05,31.849999999999998
2017-04-06,39.69
2017-04-07,38.22
2017-04-08,23.52
2017-04-09,26.95
2017-04-10,27.93
2017-04-11,32.339999999999996
2017-04-12,30.87
2017-04-13,33.32
2017-04-14,26.95
2017-04-15,25.97
2017-04-16,20.58
2017-04-17,34.3
2017-04-18,29.4
2017-04-19,37.73
2017-04-20,49.0
2017-04-21,48.019999999999996
2017-04-22,34.3
2017-04-23,22.54
2017-04-24,39.69
2017-04-25,38.22
2017-04-26,32.339999999999996
2017-04-27,31.36
2017-04-28,42.14
2017-04-29,27.93
2017-04-30,26.95
2017-05-01,41.28
2017-05-02,42.72
2017-05-03,48.0
2017-05-04,46.08
2017-05-05,36.96
2017-05-06,28.799999999999997
2017-05-07,26.4
2017-05-08,43.68
2017-05-09,36.48
2017-05-10,40.32
2017-05-11,38.879999999999995
2017-05-12,36.0
2017-05-13,30.72
2017-05-14,23.04
2017-05-15,46.08
2017-05-16,39.36
2017-05-17,35.519999999999996
2017-05-18,36.0
2017-05-19,38.4
2017-05-20,37.92
2017-05-21,27.84
2017-05-22,34.08
2017-05-23,30.24
2017-05-24,38.879999999999995
2017-05-25,38.879999999999995
2017-05-26,36.0
2017-05-27,24.48
2017-05-28,28.799999999999997
2017-05-29,25.919999999999998
2017-05-30,37.44
2017-05-31,45.12
2017-06-01,45.0
2017-06-02,45.0
2017-06-03,31.95
2017-06-04,23.85
2017-06-05,31.05
2017-06-06,31.5
2017-06-07,38.25
2017-06-08,30.150000000000002
2017-06-09,33.300000000000004
2017-06-10,22.05
2017-06-11,21.6
2017-06-12,32.85
2017-06-13,24.3
2017-06-14,27.0
2017-06-15,30.6
2017-06-16,34.2
2017-06-17,31.95
2017-06-18,22.5
2017-06-19,39.6
2017-06-20,34.65
2017-06-21,31.05
2017-06-22,40.050000000000004
2017-06-23,31.5
2017-06-24,27.900000000000002
2017-06-25,22.05
2017-06-26,29.25
2017-06-27,30.150000000000002
2017-06-28,38.25
2017-06-29,28.35
2017-06-30,23.85
2017-07-01,30.66
2017-07-02,21.84
2017-07-03,34.019999999999996
2017-07-04,23.939999999999998
2017-07-05,28.98
2017-07-06,28.98
2017-07-07,34.019999999999996
2017-07-08,42.0
2017-07-09,26.459999999999997
2017-07-10,28.98
2017-07-11,31.08
2017-07-12,28.14
2017-07-13,26.459999999999997
2017-07-14,28.98
2017-07-15,15.959999999999999
2017-07-16,19.74
2017-07-17,34.44
2017-07-18,30.24
2017-07-19,29.4
2017-07-20,37.379999999999995
2017-07-21,36.96
2017-07-22,18.48
2017-07-23,24.36
2017-07-24,29.82
2017-07-25,24.36
2017-07-26,34.019999999999996
2017-07-27,31.08
2017-07-28,35.699999999999996
2017-07-29,29.4
2017-07-30,22.259999999999998
2017-07-31,30.66
2017-08-01,30.36
2017-08-02,29.04
2017-08-03,26.4
2017-08-04,28.6
2017-08-05,22.0
2017-08-06,16.72
2017-08-07,31.24
2017-08-08,27.28
2017-08-09,28.6
2017-08-10,25.52
2017-08-11,25.080000000000002
2017-08-12,20.24
2017-08-13,21.56
2017-08-14,27.28
2017-08-15,25.52
2017-08-16,22.0
2017-08-17,26.4
2017-08-18,30.8
2017-08-19,23.32
2017-08-20,18.92
2017-08-21,24.64
2017-08-22,27.72
2017-08-23,23.76
2017-08-24,30.8
2017-08-25,29.48
2017-08-26,18.04
2017-08-27,17.6
2017-08-28,35.64
2017-08-29,31.68
2017-08-30,33.0
2017-08-31,44.0
2017-09-01,46.0
2017-09-02,29.900000000000002
2017-09-03,23.0
2017-09-04,23.92
2017-09-05,25.76
2017-09-06,22.080000000000002
2017-09-07,29.900000000000002
2017-09-08,24.84
2017-09-09,20.7
2017-09-10,16.1
2017-09-11,20.7
2017-09-12,26.68
2017-09-13,24.84
2017-09-14,23.92
2017-09-15,22.080000000000002
2017-09-16,19.32
2017-09-17,15.180000000000001
2017-09-18,22.540000000000003
2017-09-19,28.060000000000002
2017-09-20,24.380000000000003
2017-09-21,18.86
2017-09-22,21.62
2017-09-23,17.94
2017-09-24,16.560000000000002
2017-09-25,21.62
2017-09-26,25.76
2017-09-27,24.84
2017-09-28,25.76
2017-09-29,23.92
2017-09-30,20.240000000000002
2017-10-01,31.24
2017-10-02,39.160000000000004
2017-10-03,37.84
2017-10-04,41.36
2017-10-05,42.68
2017-10-06,36.96
2017-10-07,33.0
2017-10-08,29.48
2017-10-09,36.52
2017-10-10,35.2
2017-10-11,33.0
2017-10-12,32.56
2017-10-13,27.72
2017-10-14,26.4
2017-10-15,25.96
2017-10-16,37.4
2017-10-17,30.36
2017-10-18,39.160000000000004
2017-10-19,38.28
2017-10-20,37.4
2017-10-21,31.68
2017-10-22,28.16
2017-10-23,37.4
2017-10-24,38.72
2017-10-25,35.64
2017-10-26,34.76
2017-10-27,44.0
2017-10-28,30.8
2017-10-29,21.12
2017-10-30,36.52
2017-10-31,38.28
2017-11-01,38.54
2017-11-02,34.85
2017-11-03,29.11
2017-11-04,25.419999999999998
2017-11-05,18.45
2017-11-06,35.669999999999995
2017-11-07,30.34
2017-11-08,29.11
2017-11-09,33.62
2017-11-10,27.06
2017-11-11,23.779999999999998
2017-11-12,27.88
2017-11-13,35.26
2017-11-14,32.8
2017-11-15,29.93
2017-11-16,33.62
2017-11-17,37.309999999999995
2017-11-18,29.93
2017-11-19,15.579999999999998
2017-11-20,32.39
2017-11-21,30.34
2017-11-22,25.009999999999998
2017-11-23,21.32
2017-11-24,23.779999999999998
2017-11-25,24.599999999999998
2017-11-26,14.35
2017-11-27,22.139999999999997
2017-11-28,41.0
2017-11-29,34.44
2017-11-30,31.569999999999997
2017-12-01,29.200000000000003
2017-12-02,28.400000000000002
2017-12-03,21.200000000000003
2017-12-04,31.200000000000003
2017-12-05,33.2
2017-12-06,28.0
2017-12-07,32.800000000000004
2017-12-08,31.200000000000003
2017-12-09,19.6
2017-12-10,23.6
2017-12-11,28.400000000000002
2017-12-12,26.0
2017-12-13,30.0
2017-12-14,27.6
2017-12-15,30.0
2017-12-16,22.0
2017-12-17,19.6
2017-12-18,35.6
2017-12-19,33.6
2017-12-20,29.200000000000003
2017-12-21,40.0
2017-12-22,30.0
2017-12-23,22.0
2017-12-24,22.400000000000002
2017-12-25,33.6
2017-12-26,32.800000000000004
2017-12-27,31.6
2017-12-28,30.400000000000002
2017-12-29,27.6
2017-12-30,23.200000000000003
2017-12-31,21.6
2018-01-01,24.380000000000003
2018-01-02,34.5
2018-01-03,30.360000000000003
2018-01-04,32.660000000000004
2018-01-05,37.72
2018-01-06,35.88
2018-01-07,19.32
2018-01-08,28.060000000000002
2018-01-09,29.900000000000002
2018-01-10,31.28
2018-01-11,31.740000000000002
2018-01-12,37.260000000000005
2018-01-13,21.62
2018-01-14,22.080000000000002
2018-01-15,27.6
2018-01-16,28.98
2018-01-17,29.900000000000002
2018-01-18,28.060000000000002
2018-01-19,27.14
2018-01-20,23.0
2018-01-21,19.78
2018-01-22,27.14
2018-01-23,28.98
2018-01-24,29.900000000000002
2018-01-25,34.5
2018-01-26,30.82
2018-01-27,26.68
2018-01-28,22.540000000000003
2018-01-29,31.740000000000002
2018-01-30,42.78
2018-01-31,46.0
2018-02-01,36.800000000000004
2018-02-02,46.0
2018-02-03,25.3
2018-02-04,20.240000000000002
2018-02-05,35.88
2018-02-06,45.54
2018-02-07,36.34
2018-02-08,33.58
2018-02-09,32.2
2018-02-10,24.380000000000003
2018-02-11,20.7
2018-02-12,32.660000000000004
2018-02-13,31.740000000000002
2018-02-14,28.98
2018-02-15,25.76
2018-02-16,29.900000000000002
2018-02-17,20.7
2018-02-18,19.78
2018-02-19,21.62
2018-02-20,28.98
2018-02-21,33.120000000000005
2018-02-22,28.060000000000002
2018-02-23,30.82
2018-02-24,22.540000000000003
2018-02-25,18.86
2018-02-26,30.82
2018-02-27,33.120000000000005
2018-02-28,28.52
2018-03-01,32.25
2018-03-02,27.09
2018-03-03,24.94
2018-03-04,17.2
2018-03-05,27.95
2018-03-06,29.669999999999998
2018-03-07,27.95
2018-03-08,29.24
2018-03-09,30.53
2018-03-10,18.919999999999998
2018-03-11,17.2
2018-03-12,27.95
2018-03-13,43.0
2018-03-14,27.09
2018-03-15,25.8
2018-03-16,29.669999999999998
2018-03-17,21.07
2018-03-18,21.5
2018-03-19,23.65
2018-03-20,28.81
2018-03-21,26.66
2018-03-22,29.669999999999998
2018-03-23,29.669999999999998
2018-03-24,23.65
2018-03-25,18.49
2018-03-26,29.669999999999998
2018-03-27,27.52
2018-03-28,27.09
2018-03-29,27.95
2018-03-30,24.509999999999998
2018-03-31,19.35
2018-04-01,14.7
2018-04-02,34.86
2018-04-03,26.88
2018-04-04,32.76
2018-04-05,28.56
2018-04-06,34.44
2018-04-07,20.16
2018-04-08,21.84
2018-04-09,27.3
2018-04-10,31.5
2018-04-11,28.56
2018-04-12,30.66
2018-04-13,30.66
2018-04-14,15.959999999999999
2018-04-15,19.74
2018-04-16,23.52
2018-04-17,29.4
2018-04-18,28.98
2018-04-19,30.66
2018-04-20,31.5
2018-04-21,22.259999999999998
2018-04-22,21.0
2018-04-23,27.3
2018-04-24,31.5
2018-04-25,24.36
2018-04-26,27.72
2018-04-27,42.0
2018-04-28,25.619999999999997
2018-04-29,20.16
2018-04-30,30.24
2018-05-01,33.88
2018-05-02,35.2
2018-05-03,37.84
2018-05-04,27.72
2018-05-05,21.56
2018-05-06,20.24
2018-05-07,29.92
2018-05-08,44.0
2018-05-09,43.12
2018-05-10,43.56
2018-05-11,36.08
2018-05-12,29.04
2018-05-13,29.04
2018-05-14,30.36
2018-05-15,33.44
2018-05-16,33.88
2018-05-17,40.48
2018-05-18,34.32
2018-05-19,26.4
2018-05-20,34.32
2018-05-21,33.44
2018-05-22,39.160000000000004
2018-05-23,39.6
2018-05-24,32.12
2018-05-25,33.44
2018-05-26,21.56
2018-05-27,26.84
2018-05-28,24.2
2018-05-29,33.44
2018-05-30,38.28
2018-05-31,38.28
2018-06-01,39.160000000000004
2018-06-02,27.28
2018-06-03,26.84
2018-06-04,34.76
2018-06-05,33.88
2018-06-06,36.08
2018-06-07,38.72
2018-06-08,30.36
2018-06-09,28.6
2018-06-10,28.6
2018-06-11,38.72
2018-06-12,40.48
2018-06-13,35.64
2018-06-14,38.28
2018-06-15,34.76
2018-06-16,34.76
2018-06-17,24.64
2018-06-18,35.64
2018-06-19,39.160000000000004
2018-06-20,33.44
2018-06-21,37.84
2018-06-22,30.8
2018-06-23,28.16
2018-06-24,22.88
2018-06-25,44.0
2018-06-26,38.28
2018-06-27,33.88
2018-06-28,29.92
2018-06-29,34.32
2018-06-30,28.6
2018-07-01,21.5
2018-07-02,31.0
2018-07-03,30.0
2018-07-04,22.5
2018-07-05,35.0
2018-07-06,50.0
2018-07-07,28.0
2018-07-08,25.0
2018-07-09,34.5
2018-07-10,36.0
2018-07-11,37.5
2018-07-12,33.5
2018-07-13,30.0
2018-07-14,29.5
2018-07-15,25.5
2018-07-16,32.5
2018-07-17,33.0
2018-07-18,33.5
2018-07-19,34.0
2018-07-20,35.0
2018-07-21,26.0
2018-07-22,21.5
2018-07-23,36.0
2018-07-24,27.5
2018-07-25,28.0
2018-07-26,31.0
2018-07-27,42.5
2018-07-28,30.5
2018-07-29,27.0
2018-07-30,31.5
2018-07-31,30.5
2018-08-01,40.940000000000005
2018-08-02,39.56
2018-08-03,41.4
2018-08-04,32.660000000000004
2018-08-05,27.6
2018-08-06,43.7
2018-08-07,43.24
2018-08-08,43.7
2018-08-09,36.34
2018-08-10,42.32
2018-08-11,28.52
2018-08-12,28.98
2018-08-13,40.940000000000005
2018-08-14,41.4
2018-08-15,46.0
2018-08-16,37.260000000000005
2018-08-17,44.160000000000004
2018-08-18,33.120000000000005
2018-08-19,24.84
2018-08-20,31.28
2018-08-21,37.260000000000005
2018-08-22,42.32
2018-08-23,38.64
2018-08-24,41.86
2018-08-25,24.84
2018-08-26,24.84
2018-08-27,36.34
2018-08-28,41.86
2018-08-29,37.260000000000005
2018-08-30,38.64
2018-08-31,34.5
2018-09-01,27.3
2018-09-02,27.3
2018-09-03,25.619999999999997
2018-09-04,38.64
2018-09-05,33.18
2018-09-06,32.76
2018-09-07,32.339999999999996
2018-09-08,28.98
2018-09-09,25.2
2018-09-10,38.22
2018-09-11,35.699999999999996
2018-09-12,42.0
2018-09-13,39.9
2018-09-14,36.96
2018-09-15,27.72
2018-09-16,31.5
2018-09-17,33.6
2018-09-18,34.44
2018-09-19,41.16
2018-09-20,36.96
2018-09-21,35.28
2018-09-22,28.56
2018-09-23,28.56
2018-09-24,36.12
2018-09-25,38.64
2018-09-26,34.86
2018-09-27,39.48
2018-09-28,36.96
2018-09-29,26.04
2018-09-30,23.52
2018-10-01,39.13
2018-10-02,31.82
2018-10-03,34.83
2018-10-04,34.4
2018-10-05,33.54
2018-10-06,27.09
2018-10-07,23.22
2018-10-08,36.12
2018-10-09,27.95
2018-10-10,39.56
2018-10-11,40.42
2018-10-12,38.7
2018-10-13,29.669999999999998
2018-10-14,23.65
2018-10-15,38.7
2018-10-16,27.95
2018-10-17,25.8
2018-10-18,30.96
2018-10-19,31.39
2018-10-20,27.95
2018-10-21,26.23
2018-10-22,33.97
2018-10-23,29.669999999999998
2018-10-24,37.839999999999996
2018-10-25,43.0
2018-10-26,36.98
2018-10-27,21.93
2018-10-28,21.93
2018-10-29,28.38
2018-10-30,28.81
2018-10-31,33.11
2018-11-01,33.62
2018-11-02,37.72
2018-11-03,23.779999999999998
2018-11-04,23.369999999999997
2018-11-05,29.52
2018-11-06,31.979999999999997
2018-11-07,28.7
2018-11-08,29.52
2018-11-09,31.979999999999997
2018-11-10,29.93
2018-11-11,22.139999999999997
2018-11-12,31.569999999999997
2018-11-13,31.159999999999997
2018-11-14,41.0
2018-11-15,38.129999999999995
2018-11-16,31.569999999999997
2018-11-17,21.73
2018-11-18,21.32
2018-11-19,27.88
2018-11-20,33.62
2018-11-21,26.65
2018-11-22,24.599999999999998
2018-11-23,34.03
2018-11-24,23.779999999999998
2018-11-25,22.139999999999997
2018-11-26,29.52
2018-11-27,31.979999999999997
2018-11-28,27.06
2018-11-29,32.39
2018-11-30,36.489999999999995
2018-12-01,27.95
2018-12-02,24.509999999999998
2018-12-03,30.53
2018-12-04,36.98
2018-12-05,29.669999999999998
2018-12-06,33.11
2018-12-07,39.99
2018-12-08,31.39
2018-12-09,24.08
2018-12-10,29.669999999999998
2018-12-11,35.69
2018-12-12,26.66
2018-12-13,29.669999999999998
2018-12-14,35.26
2018-12-15,24.509999999999998
2018-12-16,22.79
2018-12-17,28.81
2018-12-18,39.99
2018-12-19,31.82
2018-12-20,35.26
2018-12-21,35.26
2018-12-22,30.96
2018-12-23,22.36
2018-12-24,33.11
2018-12-25,37.41
2018-12-26,43.0
2018-12-27,37.41
2018-12-28,35.26
2018-12-29,25.8
2018-12-30,18.49
2018-12-31,37.41
2019-01-01,29.6
2019-01-02,33.6
2019-01-03,39.6
2019-01-04,38.400000000000006
2019-01-05,28.400000000000002
2019-01-06,21.6
2019-01-07,40.0
2019-01-08,32.4
2019-01-09,34.800000000000004
2019-01-10,31.200000000000003
2019-01-11,34.0
2019-01-12,25.6
2019-01-13,18.400000000000002
2019-01-14,29.6
2019-01-15,35.6
2019-01-16,30.0
2019-01-17,31.6
2019-01-18,35.6
2019-01-19,24.400000000000002
2019-01-20,20.0
2019-01-21,29.200000000000003
2019-01-22,34.4
2019-01-23,30.400000000000002
2019-01-24,32.0
2019-01-25,31.6
2019-01-26,25.200000000000003
2019-01-27,26.0
2019-01-28,30.8
2019-01-29,35.2
2019-01-30,37.6
2019-01-31,38.800000000000004
2019-02-01,42.0
2019-02-02,28.98
2019-02-03,22.68
2019-02-04,28.14
2019-02-05,33.18
2019-02-06,35.699999999999996
2019-02-07,36.54
2019-02-08,31.5
2019-02-09,20.16
2019-02-10,23.52
2019-02-11,27.3
2019-02-12,36.12
2019-02-13,26.459999999999997
2019-02-14,32.339999999999996
2019-02-15,28.56
2019-02-16,24.36
2019-02-17,21.84
2019-02-18,26.88
2019-02-19,30.24
2019-02-20,38.22
2019-02-21,30.24
2019-02-22,31.919999999999998
2019-02-23,24.36
2019-02-24,22.259999999999998
2019-02-25,31.5
2019-02-26,30.66
2019-02-27,36.54
2019-02-28,35.28
2019-03-01,22.09
2019-03-02,23.029999999999998
2019-03-03,18.799999999999997
2019-03-04,27.729999999999997
2019-03-05,27.729999999999997
2019-03-06,30.549999999999997
2019-03-07,26.79
2019-03-08,24.439999999999998
2019-03-09,22.09
2019-03-10,16.919999999999998
2019-03-11,28.669999999999998
2019-03-12,25.849999999999998
2019-03-13,24.439999999999998
2019-03-14,27.729999999999997
2019-03-15,24.91
2019-03-16,38.07
2019-03-17,47.0
2019-03-18,46.059999999999995
2019-03-19,32.9
2019-03-20,28.669999999999998
2019-03-21,25.849999999999998
2019-03-22,30.549999999999997
2019-03-23,24.439999999999998
2019-03-24,24.439999999999998
2019-03-25,28.669999999999998
2019-03-26,31.49
2019-03-27,26.32
2019-03-28,27.729999999999997
2019-03-29,28.2
2019-03-30,26.32
2019-03-31,21.619999999999997
2019-04-01,41.85
2019-04-02,38.25
2019-04-03,36.9
2019-04-04,39.6
2019-04-05,34.65
2019-04-06,30.150000000000002
2019-04-07,26.55
2019-04-08,31.95
2019-04-09,41.85
2019-04-10,35.550000000000004
2019-04-11,35.550000000000004
2019-04-12,33.75
2019-04-13,29.7
2019-04-14,25.2
2019-04-15,34.65
2019-04-16,36.45
2019-04-17,33.300000000000004
2019-04-18,39.6
2019-04-19,36.9
2019-04-20,22.95
2019-04-21,26.55
2019-04-22,40.050000000000004
2019-04-23,45.0
2019-04-24,40.050000000000004
2019-04-25,37.35
2019-04-26,43.2
2019-04-27,31.5
2019-04-28,28.35
2019-04-29,43.65
2019-04-30,31.95
2019-05-01,34.2
2019-05-02,40.050000000000004
2019-05-03,43.65
2019-05-04,26.1
2019-05-05,27.900000000000002
2019-05-06,38.25
2019-05-07,34.2
2019-05-08,35.550000000000004
2019-05-09,36.9
2019-05-10,45.0
2019-05-11,23.85
2019-05-12,22.95
2019-05-13,40.050000000000004
2019-05-14,40.050000000000004
2019-05-15,42.75
2019-05-16,40.050000000000004
2019-05-17,36.0
2019-05-18,30.6
2019-05-19,24.3
2019-05-20,40.050000000000004
2019-05-21,34.2
2019-05-22,38.25
2019-05-23,41.4
2019-05-24,36.0
2019-05-25,28.35
2019-05-26,21.150000000000002
2019-05-27,28.35
2019-05-28,40.95
2019-05-29,40.95
2019-05-30,42.75
2019-05-31,41.4
2019-06-01,29.92
2019-06-02,27.28
2019-06-03,37.4
2019-06-04,41.8
2019-06-05,31.24
2019-06-06,35.2
2019-06-07,42.68
2019-06-08,31.24
2019-06-09,25.96
2019-06-10,36.96
2019-06-11,38.28
2019-06-12,40.48
2019-06-13,40.04
2019-06-14,36.08
2019-06-15,28.16
2019-06-16,26.4
2019-06-17,37.84
2019-06-18,31.68
2019-06-19,44.0
2019-06-20,36.08
2019-06-21,42.24
2019-06-22,29.04
2019-06-23,26.4
2019-06-24,37.84
2019-06-25,36.52
2019-06-26,39.160000000000004
2019-06-27,38.72
2019-06-28,37.84
2019-06-29,29.04
2019-06-30,30.8
2019-07-01,11.52
2019-07-02,10.08
2019-07-03,12.0
2019-07-04,7.199999999999999
2019-07-05,10.08
2019-07-06,8.16
2019-07-07,6.72
2019-07-08,12.0
2019-07-09,10.559999999999999
2019-07-10,11.52
2019-07-11,12.959999999999999
2019-07-12,12.0
2019-07-13,8.64
2019-07-14,9.6
2019-07-15,10.559999999999999
2019-07-16,11.04
2019-07-17,12.0
2019-07-18,11.52
2019-07-19,11.04
2019-07-20,7.199999999999999
2019-07-21,8.64
2019-07-22,9.6
2019-07-23,9.6
2019-07-24,11.52
2019-07-25,8.16
2019-07-26,10.08
2019-07-27,8.64
2019-07-28,8.64
2019-07-29,10.559999999999999
2019-07-30,10.559999999999999
2019-07-31,48.0
2019-08-01,48.0
2019-08-02,33.12
2019-08-03,23.04
2019-08-04,22.08
2019-08-05,22.08
2019-08-06,24.0
2019-08-07,21.599999999999998
2019-08-08,20.16
2019-08-09,24.96
2019-08-10,19.2
2019-08-11,16.32
2019-08-12,26.4
2019-08-13,24.0
2019-08-14,26.4
2019-08-15,25.919999999999998
2019-08-16,19.2
2019-08-17,18.72
2019-08-18,14.879999999999999
2019-08-19,18.24
2019-08-20,20.64
2019-08-21,20.64
2019-08-22,22.56
2019-08-23,24.48
2019-08-24,18.24
2019-08-25,13.92
2019-08-26,22.56
2019-08-27,17.759999999999998
2019-08-28,19.2
2019-08-29,25.439999999999998
2019-08-30,22.08
2019-08-31,19.2
2019-09-01,20.7
2019-09-02,24.75
2019-09-03,31.5
2019-09-04,32.4
2019-09-05,30.6
2019-09-06,30.150000000000002
2019-09-07,27.0
2019-09-08,20.25
2019-09-09,23.85
2019-09-10,31.05
2019-09-11,31.5
2019-09-12,32.85
2019-09-13,32.4
2019-09-14,27.0
2019-09-15,25.2
2019-09-16,45.0
2019-09-17,38.7
2019-09-18,37.35
2019-09-19,36.0
2019-09-20,32.85
2019-09-21,33.300000000000004
2019-09-22,34.2
2019-09-23,36.45
2019-09-24,33.75
2019-09-25,34.2
2019-09-26,36.9
2019-09-27,31.5
2019-09-28,29.7
2019-09-29,26.55
2019-09-30,31.95
2019-10-01,35.550000000000004
2019-10-02,35.1
2019-10-03,32.4
2019-10-04,36.0
2019-10-05,27.45
2019-10-06,23.85
2019-10-07,36.9
2019-10-08,33.300000000000004
2019-10-09,38.7
2019-10-10,30.6
2019-10-11,36.9
2019-10-12,36.45
2019-10-13,32.85
2019-10-14,36.45
2019-10-15,39.15
2019-10-16,32.4
2019-10-17,36.45
2019-10-18,35.550000000000004
2019-10-19,36.0
2019-10-20,21.150000000000002
2019-10-21,34.65
2019-10-22,33.75
2019-10-23,35.550000000000004
2019-10-24,37.800000000000004
2019-10-25,45.0
2019-10-26,27.0
2019-10-27,24.3
2019-10-28,31.05
2019-10-29,34.65
2019-10-30,26.55
2019-10-31,40.5
2019-11-01,41.0
2019-11-02,25.83
2019-11-03,26.24
2019-11-04,27.88
2019-11-05,34.85
2019-11-06,30.749999999999996
2019-11-07,31.569999999999997
2019-11-08,32.8
2019-11-09,28.29
2019-11-10,23.369999999999997
2019-11-11,24.599999999999998
2019-11-12,33.62
2019-11-13,30.749999999999996
2019-11-14,29.93
2019-11-15,32.8
2019-11-16,25.83
2019-11-17,20.5
2019-11-18,28.7
2019-11-19,28.7
2019-11-20,29.11
2019-11-21,29.52
2019-11-22,31.569999999999997
2019-11-23,24.189999999999998
2019-11-24,22.549999999999997
2019-11-25,28.7
2019-11-26,29.11
2019-11-27,31.159999999999997
2019-11-28,22.959999999999997
2019-11-29,27.47
2019-11-30,28.29
2019-12-01,30.66
2019-12-02,30.66
2019-12-03,27.3
2019-12-04,28.56
2019-12-05,29.82
2019-12-06,39.48
2019-12-07,24.36
2019-12-08,18.9
2019-12-09,29.82
2019-12-10,34.44
2019-12-11,35.28
2019-12-12,28.56
2019-12-13,30.66
2019-12-14,28.56
2019-12-15,18.48
2019-12-16,26.459999999999997
2019-12-17,34.44
2019-12-18,31.08
2019-12-19,28.14
2019-12-20,30.66
2019-12-21,24.779999999999998
2019-12-22,20.58
2019-12-23,30.66
2019-12-24,29.82
2019-12-25,42.0
2019-12-26,36.54
2019-12-27,28.98
2019-12-28,24.779999999999998
2019-12-29,27.3
2019-12-30,28.14
2019-12-31,33.6
2020-01-01,30.34
2020-01-02,25.419999999999998
2020-01-03,41.0
2020-01-04,27.06
2020-01-05,21.32
2020-01-06,32.39
2020-01-07,30.34
2020-01-08,31.159999999999997
2020-01-09,28.7
2020-01-10,24.189999999999998
2020-01-11,22.139999999999997
2020-01-12,15.579999999999998
2020-01-13,25.419999999999998
2020-01-14,27.06
2020-01-15,22.549999999999997
2020-01-16,27.47
2020-01-17,26.24
2020-01-18,22.959999999999997
2020-01-19,18.45
2020-01-20,25.419999999999998
2020-01-21,26.65
2020-01-22,25.83
2020-01-23,29.93
2020-01-24,28.29
2020-01-25,24.599999999999998
2020-01-26,18.86
2020-01-27,27.88
2020-01-28,33.62
2020-01-29,27.47
2020-01-30,31.159999999999997
2020-01-31,36.489999999999995
2020-02-01,14.040000000000001
2020-02-02,9.36
2020-02-03,17.68
2020-02-04,18.72
2020-02-05,17.68
2020-02-06,15.600000000000001
2020-02-07,16.12
2020-02-08,11.96
2020-02-09,8.84
2020-02-10,18.2
2020-02-11,15.08
2020-02-12,52.0
2020-02-13,23.400000000000002
2020-02-14,20.28
2020-02-15,14.040000000000001
2020-02-16,13.52
2020-02-17,15.08
2020-02-18,15.600000000000001
2020-02-19,17.68
2020-02-20,16.12
2020-02-21,14.56
2020-02-22,11.96
2020-02-23,8.32
2020-02-24,19.240000000000002
2020-02-25,24.44
2020-02-26,17.68
2020-02-27,21.84
2020-02-28,25.48
2020-02-29,15.08
2020-03-01,17.82
2020-03-02,31.68
2020-03-03,26.73
2020-03-04,27.72
2020-03-05,31.68
2020-03-06,42.57
2020-03-07,19.8
2020-03-08,19.8
2020-03-09,99.0
2020-03-10,65.34
2020-03-11,54.45
2020-03-12,66.33
2020-03-13,74.25
2020-03-14,33.66
2020-03-15,30.69
2020-03-16,65.34
2020-03-17,64.35
2020-03-18,62.37
2020-03-19,65.34
2020-03-20,62.37
2020-03-21,34.65
2020-03-22,27.72
2020-03-23,56.43
2020-03-24,62.37
2020-03-25,62.37
2020-03-26,55.44
2020-03-27,46.53
2020-03-28,29.7
2020-03-29,23.759999999999998
2020-03-30,49.5
2020-03-31,53.46
2020-04-01,41.0
2020-04-02,47.0
2020-04-03,46.0
2020-04-04,20.0
2020-04-05,19.0
2020-04-06,37.0
2020-04-07,40.0
2020-04-08,39.0
2020-04-09,41.0
2020-04-10,26.0
2020-04-11,16.0
2020-04-12,15.0
2020-04-13,37.0
2020-04-14,36.0
2020-04-15,34.0
2020-04-16,35.0
2020-04-17,37.0
2020-04-18,20.0
2020-04-19,16.0
2020-04-20,97.0
2020-04-21,100.0
2020-04-22,52.0
2020-04-23,48.0
2020-04-24,36.0
2020-04-25,19.0
2020-04-26,16.0
2020-04-27,35.0
2020-04-28,33.0
2020-04-29,37.0
2020-04-30,40.0
