date,Intel
2011-01-01,71.0
2011-01-02,72.0
2011-01-03,82.0
2011-01-04,90.0
2011-01-05,87.0
2011-01-06,92.0
2011-01-07,82.0
2011-01-08,84.0
2011-01-09,84.0
2011-01-10,80.0
2011-01-11,86.0
2011-01-12,82.0
2011-01-13,100.0
2011-01-14,91.0
2011-01-15,90.0
2011-01-16,81.0
2011-01-17,79.0
2011-01-18,81.0
2011-01-19,79.0
2011-01-20,82.0
2011-01-21,78.0
2011-01-22,77.0
2011-01-23,72.0
2011-01-24,78.0
2011-01-25,82.0
2011-01-26,82.0
2011-01-27,81.0
2011-01-28,77.0
2011-01-29,75.0
2011-01-30,72.0
2011-01-31,99.0
2011-02-01,99.0
2011-02-02,87.12
2011-02-03,84.15
2011-02-04,77.22
2011-02-05,84.15
2011-02-06,74.25
2011-02-07,77.22
2011-02-08,82.17
2011-02-09,70.29
2011-02-10,79.2
2011-02-11,72.27
2011-02-12,73.26
2011-02-13,75.24
2011-02-14,77.22
2011-02-15,76.23
2011-02-16,81.17999999999999
2011-02-17,80.19
2011-02-18,81.17999999999999
2011-02-19,91.08
2011-02-20,82.17
2011-02-21,75.24
2011-02-22,77.22
2011-02-23,80.19
2011-02-24,90.09
2011-02-25,86.13
2011-02-26,74.25
2011-02-27,84.15
2011-02-28,81.17999999999999
2011-03-01,91.0
2011-03-02,85.54
2011-03-03,86.45
2011-03-04,82.81
2011-03-05,80.99000000000001
2011-03-06,76.44
2011-03-07,79.17
2011-03-08,80.08
2011-03-09,77.35000000000001
2011-03-10,78.26
2011-03-11,69.16
2011-03-12,59.15
2011-03-13,63.7
2011-03-14,72.8
2011-03-15,80.99000000000001
2011-03-16,73.71000000000001
2011-03-17,79.17
2011-03-18,78.26
2011-03-19,74.62
2011-03-20,70.98
2011-03-21,70.98
2011-03-22,82.81
2011-03-23,70.98
2011-03-24,80.08
2011-03-25,77.35000000000001
2011-03-26,68.25
2011-03-27,71.89
2011-03-28,78.26
2011-03-29,77.35000000000001
2011-03-30,70.98
2011-03-31,74.62
2011-04-01,76.44
2011-04-02,74.75999999999999
2011-04-03,68.88
2011-04-04,74.75999999999999
2011-04-05,73.92
2011-04-06,77.28
2011-04-07,72.24
2011-04-08,77.28
2011-04-09,77.28
2011-04-10,68.03999999999999
2011-04-11,70.56
2011-04-12,71.39999999999999
2011-04-13,81.48
2011-04-14,71.39999999999999
2011-04-15,73.08
2011-04-16,71.39999999999999
2011-04-17,74.75999999999999
2011-04-18,73.08
2011-04-19,80.64
2011-04-20,84.0
2011-04-21,73.08
2011-04-22,79.8
2011-04-23,76.44
2011-04-24,68.88
2011-04-25,80.64
2011-04-26,75.6
2011-04-27,69.72
2011-04-28,71.39999999999999
2011-04-29,77.28
2011-04-30,65.52
2011-05-01,56.32
2011-05-02,68.64
2011-05-03,73.92
2011-05-04,86.24
2011-05-05,88.0
2011-05-06,80.08
2011-05-07,70.4
2011-05-08,71.28
2011-05-09,73.92
2011-05-10,78.32000000000001
2011-05-11,77.44
2011-05-12,72.16
2011-05-13,78.32000000000001
2011-05-14,70.4
2011-05-15,67.76
2011-05-16,71.28
2011-05-17,75.68
2011-05-18,72.16
2011-05-19,78.32000000000001
2011-05-20,73.04
2011-05-21,66.88
2011-05-22,66.0
2011-05-23,66.88
2011-05-24,69.52
2011-05-25,79.2
2011-05-26,76.56
2011-05-27,71.28
2011-05-28,64.24
2011-05-29,66.88
2011-05-30,62.48
2011-05-31,75.68
2011-06-01,74.75999999999999
2011-06-02,75.6
2011-06-03,75.6
2011-06-04,78.11999999999999
2011-06-05,68.88
2011-06-06,74.75999999999999
2011-06-07,81.48
2011-06-08,79.8
2011-06-09,74.75999999999999
2011-06-10,73.92
2011-06-11,70.56
2011-06-12,70.56
2011-06-13,73.08
2011-06-14,80.64
2011-06-15,73.08
2011-06-16,82.32
2011-06-17,77.28
2011-06-18,72.24
2011-06-19,75.6
2011-06-20,71.39999999999999
2011-06-21,84.0
2011-06-22,79.8
2011-06-23,81.48
2011-06-24,73.92
2011-06-25,75.6
2011-06-26,73.92
2011-06-27,77.28
2011-06-28,78.96
2011-06-29,77.28
2011-06-30,78.11999999999999
2011-07-01,61.419999999999995
2011-07-02,58.93
2011-07-03,61.419999999999995
2011-07-04,56.44
2011-07-05,58.93
2011-07-06,64.74
2011-07-07,67.22999999999999
2011-07-08,68.06
2011-07-09,54.779999999999994
2011-07-10,60.589999999999996
2011-07-11,63.08
2011-07-12,69.72
2011-07-13,66.39999999999999
2011-07-14,68.06
2011-07-15,61.419999999999995
2011-07-16,57.269999999999996
2011-07-17,57.269999999999996
2011-07-18,68.89
2011-07-19,71.38
2011-07-20,83.0
2011-07-21,78.85
2011-07-22,69.72
2011-07-23,63.08
2011-07-24,60.589999999999996
2011-07-25,70.55
2011-07-26,68.06
2011-07-27,71.38
2011-07-28,65.57
2011-07-29,66.39999999999999
2011-07-30,61.419999999999995
2011-07-31,57.269999999999996
2011-08-01,69.72
2011-08-02,73.86999999999999
2011-08-03,78.85
2011-08-04,73.86999999999999
2011-08-05,80.50999999999999
2011-08-06,68.06
2011-08-07,73.03999999999999
2011-08-08,79.67999999999999
2011-08-09,78.02
2011-08-10,80.50999999999999
2011-08-11,73.86999999999999
2011-08-12,71.38
2011-08-13,73.03999999999999
2011-08-14,72.21
2011-08-15,75.53
2011-08-16,83.0
2011-08-17,77.19
2011-08-18,81.33999999999999
2011-08-19,80.50999999999999
2011-08-20,78.85
2011-08-21,76.36
2011-08-22,73.86999999999999
2011-08-23,71.38
2011-08-24,71.38
2011-08-25,78.85
2011-08-26,73.03999999999999
2011-08-27,63.91
2011-08-28,59.76
2011-08-29,68.06
2011-08-30,73.86999999999999
2011-08-31,73.03999999999999
2011-09-01,79.2
2011-09-02,69.60000000000001
2011-09-03,68.0
2011-09-04,64.0
2011-09-05,62.400000000000006
2011-09-06,67.2
2011-09-07,69.60000000000001
2011-09-08,69.60000000000001
2011-09-09,75.2
2011-09-10,64.8
2011-09-11,61.6
2011-09-12,70.4
2011-09-13,72.8
2011-09-14,80.0
2011-09-15,72.8
2011-09-16,76.80000000000001
2011-09-17,64.8
2011-09-18,61.6
2011-09-19,78.4
2011-09-20,74.4
2011-09-21,71.2
2011-09-22,74.4
2011-09-23,72.8
2011-09-24,64.8
2011-09-25,60.0
2011-09-26,68.0
2011-09-27,65.60000000000001
2011-09-28,67.2
2011-09-29,76.0
2011-09-30,72.0
2011-10-01,56.940000000000005
2011-10-02,60.84
2011-10-03,69.42
2011-10-04,63.96
2011-10-05,68.64
2011-10-06,66.3
2011-10-07,63.18
2011-10-08,63.96
2011-10-09,61.620000000000005
2011-10-10,67.86
2011-10-11,67.86
2011-10-12,78.0
2011-10-13,76.44
2011-10-14,74.10000000000001
2011-10-15,73.32000000000001
2011-10-16,70.98
2011-10-17,67.86
2011-10-18,75.66
2011-10-19,73.32000000000001
2011-10-20,74.88
2011-10-21,65.52
2011-10-22,63.18
2011-10-23,62.400000000000006
2011-10-24,63.96
2011-10-25,67.86
2011-10-26,68.64
2011-10-27,71.76
2011-10-28,67.86
2011-10-29,66.3
2011-10-30,56.160000000000004
2011-10-31,65.52
2011-11-01,52.2
2011-11-02,50.4
2011-11-03,51.300000000000004
2011-11-04,53.1
2011-11-05,47.7
2011-11-06,41.4
2011-11-07,47.7
2011-11-08,45.9
2011-11-09,52.2
2011-11-10,54.9
2011-11-11,57.6
2011-11-12,53.1
2011-11-13,56.7
2011-11-14,62.1
2011-11-15,63.9
2011-11-16,61.2
2011-11-17,59.4
2011-11-18,56.7
2011-11-19,51.300000000000004
2011-11-20,55.800000000000004
2011-11-21,58.5
2011-11-22,65.7
2011-11-23,67.5
2011-11-24,83.7
2011-11-25,90.0
2011-11-26,69.3
2011-11-27,68.4
2011-11-28,68.4
2011-11-29,60.300000000000004
2011-11-30,58.5
2011-12-01,75.44
2011-12-02,74.61999999999999
2011-12-03,67.24
2011-12-04,72.16
2011-12-05,64.78
2011-12-06,69.7
2011-12-07,72.16
2011-12-08,72.16
2011-12-09,76.25999999999999
2011-12-10,66.42
2011-12-11,64.78
2011-12-12,72.97999999999999
2011-12-13,72.16
2011-12-14,69.7
2011-12-15,68.88
2011-12-16,69.7
2011-12-17,72.16
2011-12-18,76.25999999999999
2011-12-19,63.959999999999994
2011-12-20,73.8
2011-12-21,82.0
2011-12-22,74.61999999999999
2011-12-23,63.13999999999999
2011-12-24,64.78
2011-12-25,70.52
2011-12-26,77.08
2011-12-27,81.17999999999999
2011-12-28,77.89999999999999
2011-12-29,67.24
2011-12-30,73.8
2011-12-31,66.42
2012-01-01,59.940000000000005
2012-01-02,63.18000000000001
2012-01-03,70.47
2012-01-04,69.66000000000001
2012-01-05,66.42
2012-01-06,60.75000000000001
2012-01-07,56.7
2012-01-08,58.32000000000001
2012-01-09,63.99
2012-01-10,71.28
2012-01-11,81.0
2012-01-12,77.76
2012-01-13,73.71000000000001
2012-01-14,68.04
2012-01-15,59.940000000000005
2012-01-16,64.80000000000001
2012-01-17,63.99
2012-01-18,63.99
2012-01-19,72.9
2012-01-20,71.28
2012-01-21,65.61
2012-01-22,65.61
2012-01-23,62.370000000000005
2012-01-24,70.47
2012-01-25,76.14
2012-01-26,71.28
2012-01-27,67.23
2012-01-28,63.99
2012-01-29,64.80000000000001
2012-01-30,62.370000000000005
2012-01-31,63.99
2012-02-01,68.25
2012-02-02,72.0
2012-02-03,72.0
2012-02-04,65.25
2012-02-05,58.5
2012-02-06,64.5
2012-02-07,69.0
2012-02-08,68.25
2012-02-09,68.25
2012-02-10,75.0
2012-02-11,63.0
2012-02-12,56.25
2012-02-13,62.25
2012-02-14,70.5
2012-02-15,68.25
2012-02-16,69.75
2012-02-17,69.75
2012-02-18,67.5
2012-02-19,63.75
2012-02-20,66.0
2012-02-21,69.0
2012-02-22,69.75
2012-02-23,65.25
2012-02-24,66.75
2012-02-25,59.25
2012-02-26,62.25
2012-02-27,63.0
2012-02-28,72.0
2012-02-29,69.75
2012-03-01,72.0
2012-03-02,72.0
2012-03-03,66.96
2012-03-04,69.84
2012-03-05,66.24
2012-03-06,69.84
2012-03-07,65.52
2012-03-08,69.12
2012-03-09,64.08
2012-03-10,64.08
2012-03-11,56.879999999999995
2012-03-12,62.64
2012-03-13,66.96
2012-03-14,70.56
2012-03-15,60.48
2012-03-16,59.04
2012-03-17,63.36
2012-03-18,54.72
2012-03-19,62.64
2012-03-20,64.08
2012-03-21,65.52
2012-03-22,61.919999999999995
2012-03-23,63.36
2012-03-24,55.44
2012-03-25,55.44
2012-03-26,64.8
2012-03-27,61.919999999999995
2012-03-28,61.919999999999995
2012-03-29,61.919999999999995
2012-03-30,59.76
2012-03-31,53.28
2012-04-01,51.12
2012-04-02,53.28
2012-04-03,61.919999999999995
2012-04-04,60.48
2012-04-05,54.0
2012-04-06,54.72
2012-04-07,48.96
2012-04-08,46.8
2012-04-09,59.04
2012-04-10,56.16
2012-04-11,56.16
2012-04-12,60.48
2012-04-13,56.16
2012-04-14,52.559999999999995
2012-04-15,52.559999999999995
2012-04-16,54.72
2012-04-17,64.08
2012-04-18,64.8
2012-04-19,59.76
2012-04-20,61.919999999999995
2012-04-21,51.12
2012-04-22,53.28
2012-04-23,72.0
2012-04-24,64.08
2012-04-25,59.76
2012-04-26,59.76
2012-04-27,56.879999999999995
2012-04-28,57.599999999999994
2012-04-29,64.8
2012-04-30,68.39999999999999
2012-05-01,61.56
2012-05-02,60.04
2012-05-03,63.84
2012-05-04,58.52
2012-05-05,50.92
2012-05-06,51.68
2012-05-07,56.24
2012-05-08,60.8
2012-05-09,60.04
2012-05-10,59.28
2012-05-11,60.04
2012-05-12,50.92
2012-05-13,54.72
2012-05-14,57.76
2012-05-15,76.0
2012-05-16,69.92
2012-05-17,60.04
2012-05-18,64.6
2012-05-19,66.12
2012-05-20,55.480000000000004
2012-05-21,66.12
2012-05-22,66.88
2012-05-23,61.56
2012-05-24,59.28
2012-05-25,63.84
2012-05-26,58.52
2012-05-27,53.96
2012-05-28,55.480000000000004
2012-05-29,61.56
2012-05-30,60.04
2012-05-31,60.04
2012-06-01,66.0
2012-06-02,66.0
2012-06-03,58.5
2012-06-04,63.0
2012-06-05,68.25
2012-06-06,67.5
2012-06-07,69.75
2012-06-08,63.75
2012-06-09,64.5
2012-06-10,53.25
2012-06-11,67.5
2012-06-12,73.5
2012-06-13,71.25
2012-06-14,73.5
2012-06-15,75.0
2012-06-16,62.25
2012-06-17,59.25
2012-06-18,63.0
2012-06-19,71.25
2012-06-20,67.5
2012-06-21,70.5
2012-06-22,71.25
2012-06-23,66.75
2012-06-24,65.25
2012-06-25,63.0
2012-06-26,63.75
2012-06-27,65.25
2012-06-28,67.5
2012-06-29,60.0
2012-06-30,63.0
2012-07-01,48.91
2012-07-02,67.16
2012-07-03,62.05
2012-07-04,60.589999999999996
2012-07-05,66.42999999999999
2012-07-06,62.78
2012-07-07,62.05
2012-07-08,56.94
2012-07-09,63.51
2012-07-10,60.589999999999996
2012-07-11,64.97
2012-07-12,66.42999999999999
2012-07-13,66.42999999999999
2012-07-14,62.78
2012-07-15,55.48
2012-07-16,62.78
2012-07-17,69.35
2012-07-18,73.0
2012-07-19,65.7
2012-07-20,62.78
2012-07-21,60.589999999999996
2012-07-22,67.89
2012-07-23,60.589999999999996
2012-07-24,63.51
2012-07-25,65.7
2012-07-26,62.05
2012-07-27,63.51
2012-07-28,56.94
2012-07-29,59.86
2012-07-30,62.78
2012-07-31,61.32
2012-08-01,65.12
2012-08-02,65.12
2012-08-03,63.64
2012-08-04,57.72
2012-08-05,60.68
2012-08-06,63.64
2012-08-07,69.56
2012-08-08,62.16
2012-08-09,66.6
2012-08-10,59.94
2012-08-11,62.16
2012-08-12,56.24
2012-08-13,66.6
2012-08-14,68.08
2012-08-15,74.0
2012-08-16,66.6
2012-08-17,65.12
2012-08-18,66.6
2012-08-19,61.42
2012-08-20,70.3
2012-08-21,71.03999999999999
2012-08-22,63.64
2012-08-23,69.56
2012-08-24,63.64
2012-08-25,59.94
2012-08-26,59.94
2012-08-27,65.12
2012-08-28,70.3
2012-08-29,68.82
2012-08-30,63.64
2012-08-31,68.08
2012-09-01,53.25
2012-09-02,48.989999999999995
2012-09-03,55.379999999999995
2012-09-04,61.059999999999995
2012-09-05,54.669999999999995
2012-09-06,56.089999999999996
2012-09-07,56.8
2012-09-08,51.12
2012-09-09,49.699999999999996
2012-09-10,56.089999999999996
2012-09-11,63.19
2012-09-12,64.61
2012-09-13,61.769999999999996
2012-09-14,71.0
2012-09-15,54.669999999999995
2012-09-16,46.15
2012-09-17,52.54
2012-09-18,57.51
2012-09-19,56.8
2012-09-20,57.51
2012-09-21,57.51
2012-09-22,44.73
2012-09-23,46.86
2012-09-24,53.959999999999994
2012-09-25,53.959999999999994
2012-09-26,61.059999999999995
2012-09-27,60.349999999999994
2012-09-28,56.089999999999996
2012-09-29,51.12
2012-09-30,48.28
2012-10-01,55.199999999999996
2012-10-02,57.269999999999996
2012-10-03,62.099999999999994
2012-10-04,56.58
2012-10-05,57.959999999999994
2012-10-06,47.61
2012-10-07,49.67999999999999
2012-10-08,57.959999999999994
2012-10-09,55.199999999999996
2012-10-10,61.41
2012-10-11,56.58
2012-10-12,55.88999999999999
2012-10-13,50.37
2012-10-14,48.3
2012-10-15,54.51
2012-10-16,62.78999999999999
2012-10-17,59.339999999999996
2012-10-18,55.199999999999996
2012-10-19,56.58
2012-10-20,48.989999999999995
2012-10-21,50.37
2012-10-22,55.88999999999999
2012-10-23,60.029999999999994
2012-10-24,62.78999999999999
2012-10-25,57.269999999999996
2012-10-26,63.48
2012-10-27,66.24
2012-10-28,66.92999999999999
2012-10-29,69.0
2012-10-30,62.78999999999999
2012-10-31,62.099999999999994
2012-11-01,50.629999999999995
2012-11-02,56.44
2012-11-03,53.949999999999996
2012-11-04,46.48
2012-11-05,51.46
2012-11-06,46.48
2012-11-07,47.309999999999995
2012-11-08,50.629999999999995
2012-11-09,55.61
2012-11-10,46.48
2012-11-11,45.65
2012-11-12,53.12
2012-11-13,53.949999999999996
2012-11-14,49.8
2012-11-15,52.29
2012-11-16,52.29
2012-11-17,50.629999999999995
2012-11-18,51.46
2012-11-19,59.76
2012-11-20,60.589999999999996
2012-11-21,62.25
2012-11-22,72.21
2012-11-23,83.0
2012-11-24,68.06
2012-11-25,59.76
2012-11-26,68.06
2012-11-27,61.419999999999995
2012-11-28,54.779999999999994
2012-11-29,53.949999999999996
2012-11-30,53.12
2012-12-01,64.08
2012-12-02,64.8
2012-12-03,67.67999999999999
2012-12-04,56.16
2012-12-05,61.199999999999996
2012-12-06,64.8
2012-12-07,63.36
2012-12-08,65.52
2012-12-09,56.16
2012-12-10,59.76
2012-12-11,65.52
2012-12-12,64.08
2012-12-13,58.32
2012-12-14,54.0
2012-12-15,55.44
2012-12-16,58.32
2012-12-17,64.08
2012-12-18,59.04
2012-12-19,59.04
2012-12-20,60.48
2012-12-21,63.36
2012-12-22,59.04
2012-12-23,54.0
2012-12-24,58.32
2012-12-25,60.48
2012-12-26,66.24
2012-12-27,72.0
2012-12-28,65.52
2012-12-29,61.919999999999995
2012-12-30,53.28
2012-12-31,50.4
2013-01-01,56.8
2013-01-02,66.74
2013-01-03,63.9
2013-01-04,63.19
2013-01-05,57.51
2013-01-06,59.64
2013-01-07,59.64
2013-01-08,70.28999999999999
2013-01-09,70.28999999999999
2013-01-10,71.0
2013-01-11,66.03
2013-01-12,58.22
2013-01-13,60.349999999999994
2013-01-14,55.379999999999995
2013-01-15,62.48
2013-01-16,61.769999999999996
2013-01-17,68.16
2013-01-18,66.74
2013-01-19,66.03
2013-01-20,54.669999999999995
2013-01-21,61.769999999999996
2013-01-22,62.48
2013-01-23,65.32
2013-01-24,67.45
2013-01-25,63.9
2013-01-26,59.64
2013-01-27,64.61
2013-01-28,63.19
2013-01-29,63.19
2013-01-30,58.93
2013-01-31,61.059999999999995
2013-02-01,61.769999999999996
2013-02-02,55.379999999999995
2013-02-03,53.25
2013-02-04,51.83
2013-02-05,60.349999999999994
2013-02-06,71.0
2013-02-07,60.349999999999994
2013-02-08,55.379999999999995
2013-02-09,56.8
2013-02-10,56.8
2013-02-11,61.769999999999996
2013-02-12,58.93
2013-02-13,61.059999999999995
2013-02-14,56.089999999999996
2013-02-15,63.9
2013-02-16,60.349999999999994
2013-02-17,53.959999999999994
2013-02-18,58.22
2013-02-19,59.64
2013-02-20,63.19
2013-02-21,58.22
2013-02-22,63.9
2013-02-23,56.8
2013-02-24,56.089999999999996
2013-02-25,55.379999999999995
2013-02-26,60.349999999999994
2013-02-27,62.48
2013-02-28,63.19
2013-03-01,64.32000000000001
2013-03-02,56.28
2013-03-03,59.63
2013-03-04,62.980000000000004
2013-03-05,63.650000000000006
2013-03-06,61.64
2013-03-07,67.0
2013-03-08,60.300000000000004
2013-03-09,60.970000000000006
2013-03-10,54.27
2013-03-11,55.61000000000001
2013-03-12,64.99000000000001
2013-03-13,59.63
2013-03-14,63.650000000000006
2013-03-15,62.31
2013-03-16,52.93
2013-03-17,52.93
2013-03-18,60.970000000000006
2013-03-19,60.970000000000006
2013-03-20,63.650000000000006
2013-03-21,60.970000000000006
2013-03-22,60.970000000000006
2013-03-23,56.28
2013-03-24,58.96
2013-03-25,58.290000000000006
2013-03-26,60.970000000000006
2013-03-27,62.980000000000004
2013-03-28,62.980000000000004
2013-03-29,59.63
2013-03-30,59.63
2013-03-31,50.25
2013-04-01,52.480000000000004
2013-04-02,56.96
2013-04-03,56.32
2013-04-04,60.160000000000004
2013-04-05,54.4
2013-04-06,53.120000000000005
2013-04-07,48.0
2013-04-08,53.76
2013-04-09,55.04
2013-04-10,59.52
2013-04-11,58.24
2013-04-12,53.76
2013-04-13,53.76
2013-04-14,45.44
2013-04-15,51.84
2013-04-16,57.6
2013-04-17,57.6
2013-04-18,56.96
2013-04-19,51.2
2013-04-20,45.44
2013-04-21,47.36
2013-04-22,55.68
2013-04-23,55.68
2013-04-24,64.0
2013-04-25,55.04
2013-04-26,55.04
2013-04-27,49.28
2013-04-28,47.36
2013-04-29,49.28
2013-04-30,56.32
2013-05-01,57.2
2013-05-02,63.7
2013-05-03,63.050000000000004
2013-05-04,49.4
2013-05-05,50.7
2013-05-06,58.5
2013-05-07,61.75
2013-05-08,58.5
2013-05-09,60.45
2013-05-10,55.25
2013-05-11,51.35
2013-05-12,48.1
2013-05-13,55.25
2013-05-14,53.300000000000004
2013-05-15,58.5
2013-05-16,57.2
2013-05-17,65.0
2013-05-18,51.35
2013-05-19,53.300000000000004
2013-05-20,61.75
2013-05-21,61.1
2013-05-22,61.75
2013-05-23,61.75
2013-05-24,56.550000000000004
2013-05-25,49.4
2013-05-26,51.35
2013-05-27,54.6
2013-05-28,55.25
2013-05-29,61.75
2013-05-30,55.25
2013-05-31,57.85
2013-06-01,53.199999999999996
2013-06-02,68.6
2013-06-03,67.19999999999999
2013-06-04,70.0
2013-06-05,63.699999999999996
2013-06-06,58.8
2013-06-07,53.199999999999996
2013-06-08,56.0
2013-06-09,53.199999999999996
2013-06-10,58.8
2013-06-11,64.39999999999999
2013-06-12,59.49999999999999
2013-06-13,62.3
2013-06-14,56.699999999999996
2013-06-15,49.699999999999996
2013-06-16,49.0
2013-06-17,58.8
2013-06-18,57.4
2013-06-19,58.099999999999994
2013-06-20,58.8
2013-06-21,59.49999999999999
2013-06-22,49.0
2013-06-23,47.599999999999994
2013-06-24,54.599999999999994
2013-06-25,57.4
2013-06-26,53.199999999999996
2013-06-27,54.599999999999994
2013-06-28,51.099999999999994
2013-06-29,44.8
2013-06-30,46.199999999999996
2013-07-01,49.580000000000005
2013-07-02,61.64
2013-07-03,56.95
2013-07-04,53.6
2013-07-05,52.260000000000005
2013-07-06,51.59
2013-07-07,51.59
2013-07-08,48.910000000000004
2013-07-09,58.290000000000006
2013-07-10,56.95
2013-07-11,56.95
2013-07-12,58.290000000000006
2013-07-13,54.27
2013-07-14,49.580000000000005
2013-07-15,58.290000000000006
2013-07-16,57.620000000000005
2013-07-17,67.0
2013-07-18,65.66000000000001
2013-07-19,60.300000000000004
2013-07-20,54.27
2013-07-21,54.27
2013-07-22,54.27
2013-07-23,60.300000000000004
2013-07-24,63.650000000000006
2013-07-25,59.63
2013-07-26,57.620000000000005
2013-07-27,49.580000000000005
2013-07-28,52.260000000000005
2013-07-29,56.95
2013-07-30,56.95
2013-07-31,62.31
2013-08-01,62.31
2013-08-02,67.0
2013-08-03,50.92
2013-08-04,56.95
2013-08-05,58.96
2013-08-06,62.980000000000004
2013-08-07,59.63
2013-08-08,63.650000000000006
2013-08-09,60.300000000000004
2013-08-10,50.92
2013-08-11,54.940000000000005
2013-08-12,56.28
2013-08-13,58.96
2013-08-14,62.980000000000004
2013-08-15,64.32000000000001
2013-08-16,58.290000000000006
2013-08-17,54.27
2013-08-18,52.93
2013-08-19,58.96
2013-08-20,62.31
2013-08-21,67.0
2013-08-22,58.96
2013-08-23,59.63
2013-08-24,55.61000000000001
2013-08-25,56.95
2013-08-26,56.95
2013-08-27,61.64
2013-08-28,56.28
2013-08-29,58.290000000000006
2013-08-30,56.28
2013-08-31,49.580000000000005
2013-09-01,42.88
2013-09-02,47.36
2013-09-03,53.120000000000005
2013-09-04,52.480000000000004
2013-09-05,56.96
2013-09-06,52.480000000000004
2013-09-07,51.84
2013-09-08,44.800000000000004
2013-09-09,49.92
2013-09-10,55.68
2013-09-11,62.08
2013-09-12,64.0
2013-09-13,58.88
2013-09-14,54.4
2013-09-15,49.92
2013-09-16,52.480000000000004
2013-09-17,55.04
2013-09-18,53.76
2013-09-19,54.4
2013-09-20,57.6
2013-09-21,48.64
2013-09-22,42.24
2013-09-23,52.480000000000004
2013-09-24,55.68
2013-09-25,53.120000000000005
2013-09-26,56.96
2013-09-27,52.480000000000004
2013-09-28,49.92
2013-09-29,44.800000000000004
2013-09-30,49.28
2013-10-01,52.800000000000004
2013-10-02,56.1
2013-10-03,58.080000000000005
2013-10-04,52.800000000000004
2013-10-05,49.5
2013-10-06,46.2
2013-10-07,50.160000000000004
2013-10-08,59.400000000000006
2013-10-09,52.800000000000004
2013-10-10,52.800000000000004
2013-10-11,53.46
2013-10-12,42.9
2013-10-13,47.52
2013-10-14,53.46
2013-10-15,61.38
2013-10-16,55.440000000000005
2013-10-17,58.080000000000005
2013-10-18,58.080000000000005
2013-10-19,56.1
2013-10-20,44.22
2013-10-21,53.46
2013-10-22,66.0
2013-10-23,65.34
2013-10-24,65.34
2013-10-25,62.7
2013-10-26,58.080000000000005
2013-10-27,48.84
2013-10-28,59.400000000000006
2013-10-29,58.74
2013-10-30,60.720000000000006
2013-10-31,60.06
2013-11-01,37.74
2013-11-02,32.56
2013-11-03,34.04
2013-11-04,37.74
2013-11-05,37.74
2013-11-06,39.22
2013-11-07,39.96
2013-11-08,35.519999999999996
2013-11-09,32.56
2013-11-10,32.56
2013-11-11,34.04
2013-11-12,39.22
2013-11-13,39.96
2013-11-14,37.0
2013-11-15,37.0
2013-11-16,36.26
2013-11-17,33.3
2013-11-18,39.22
2013-11-19,42.92
2013-11-20,40.7
2013-11-21,42.92
2013-11-22,42.92
2013-11-23,37.0
2013-11-24,41.44
2013-11-25,44.4
2013-11-26,43.66
2013-11-27,46.62
2013-11-28,59.2
2013-11-29,74.0
2013-11-30,50.32
2013-12-01,60.589999999999996
2013-12-02,73.0
2013-12-03,71.53999999999999
2013-12-04,62.05
2013-12-05,59.129999999999995
2013-12-06,62.05
2013-12-07,56.21
2013-12-08,59.86
2013-12-09,57.67
2013-12-10,55.48
2013-12-11,59.86
2013-12-12,61.32
2013-12-13,63.51
2013-12-14,60.589999999999996
2013-12-15,54.75
2013-12-16,59.129999999999995
2013-12-17,63.51
2013-12-18,59.129999999999995
2013-12-19,58.4
2013-12-20,62.05
2013-12-21,51.1
2013-12-22,55.48
2013-12-23,56.21
2013-12-24,54.019999999999996
2013-12-25,60.589999999999996
2013-12-26,69.35
2013-12-27,67.16
2013-12-28,63.51
2013-12-29,57.67
2013-12-30,52.56
2013-12-31,58.4
2014-01-01,48.28
2014-01-02,53.959999999999994
2014-01-03,54.669999999999995
2014-01-04,51.12
2014-01-05,44.73
2014-01-06,54.669999999999995
2014-01-07,71.0
2014-01-08,71.0
2014-01-09,60.349999999999994
2014-01-10,63.19
2014-01-11,55.379999999999995
2014-01-12,48.989999999999995
2014-01-13,51.12
2014-01-14,61.059999999999995
2014-01-15,60.349999999999994
2014-01-16,63.19
2014-01-17,64.61
2014-01-18,57.51
2014-01-19,52.54
2014-01-20,56.089999999999996
2014-01-21,58.22
2014-01-22,62.48
2014-01-23,53.959999999999994
2014-01-24,57.51
2014-01-25,51.12
2014-01-26,48.989999999999995
2014-01-27,48.989999999999995
2014-01-28,55.379999999999995
2014-01-29,56.089999999999996
2014-01-30,56.089999999999996
2014-01-31,56.8
2014-02-01,48.910000000000004
2014-02-02,52.260000000000005
2014-02-03,53.6
2014-02-04,62.31
2014-02-05,58.96
2014-02-06,54.940000000000005
2014-02-07,60.970000000000006
2014-02-08,55.61000000000001
2014-02-09,54.27
2014-02-10,58.96
2014-02-11,56.95
2014-02-12,61.64
2014-02-13,62.31
2014-02-14,54.27
2014-02-15,58.96
2014-02-16,58.96
2014-02-17,57.620000000000005
2014-02-18,64.32000000000001
2014-02-19,67.0
2014-02-20,58.96
2014-02-21,61.64
2014-02-22,55.61000000000001
2014-02-23,51.59
2014-02-24,57.620000000000005
2014-02-25,56.95
2014-02-26,58.290000000000006
2014-02-27,62.980000000000004
2014-02-28,58.290000000000006
2014-03-01,53.95
2014-03-02,53.95
2014-03-03,52.65
2014-03-04,61.1
2014-03-05,58.5
2014-03-06,61.1
2014-03-07,63.7
2014-03-08,52.65
2014-03-09,51.35
2014-03-10,58.5
2014-03-11,61.1
2014-03-12,60.45
2014-03-13,63.7
2014-03-14,65.0
2014-03-15,57.2
2014-03-16,58.5
2014-03-17,58.5
2014-03-18,55.9
2014-03-19,59.800000000000004
2014-03-20,58.5
2014-03-21,62.400000000000006
2014-03-22,55.9
2014-03-23,56.550000000000004
2014-03-24,56.550000000000004
2014-03-25,60.45
2014-03-26,59.15
2014-03-27,61.1
2014-03-28,60.45
2014-03-29,53.300000000000004
2014-03-30,56.550000000000004
2014-03-31,55.25
2014-04-01,56.32
2014-04-02,58.24
2014-04-03,56.96
2014-04-04,56.96
2014-04-05,52.480000000000004
2014-04-06,55.04
2014-04-07,58.88
2014-04-08,64.0
2014-04-09,62.08
2014-04-10,60.800000000000004
2014-04-11,60.800000000000004
2014-04-12,51.84
2014-04-13,51.2
2014-04-14,58.24
2014-04-15,56.32
2014-04-16,60.160000000000004
2014-04-17,60.160000000000004
2014-04-18,60.800000000000004
2014-04-19,58.24
2014-04-20,55.04
2014-04-21,59.52
2014-04-22,56.32
2014-04-23,58.24
2014-04-24,58.24
2014-04-25,60.800000000000004
2014-04-26,55.04
2014-04-27,49.28
2014-04-28,54.4
2014-04-29,57.6
2014-04-30,53.76
2014-05-01,60.480000000000004
2014-05-02,58.59
2014-05-03,55.44
2014-05-04,50.4
2014-05-05,57.33
2014-05-06,61.74
2014-05-07,58.59
2014-05-08,57.33
2014-05-09,56.7
2014-05-10,50.4
2014-05-11,56.7
2014-05-12,61.74
2014-05-13,56.07
2014-05-14,60.480000000000004
2014-05-15,54.18
2014-05-16,59.85
2014-05-17,57.33
2014-05-18,54.18
2014-05-19,57.96
2014-05-20,63.0
2014-05-21,62.37
2014-05-22,58.59
2014-05-23,59.85
2014-05-24,51.660000000000004
2014-05-25,51.03
2014-05-26,51.03
2014-05-27,58.59
2014-05-28,57.96
2014-05-29,59.22
2014-05-30,60.480000000000004
2014-05-31,50.4
2014-06-01,49.28
2014-06-02,53.76
2014-06-03,62.72
2014-06-04,60.800000000000004
2014-06-05,64.0
2014-06-06,56.96
2014-06-07,51.2
2014-06-08,55.04
2014-06-09,57.6
2014-06-10,57.6
2014-06-11,58.88
2014-06-12,58.24
2014-06-13,60.800000000000004
2014-06-14,49.28
2014-06-15,52.480000000000004
2014-06-16,58.88
2014-06-17,60.160000000000004
2014-06-18,59.52
2014-06-19,61.44
2014-06-20,56.32
2014-06-21,55.68
2014-06-22,58.24
2014-06-23,62.08
2014-06-24,58.88
2014-06-25,57.6
2014-06-26,58.24
2014-06-27,60.800000000000004
2014-06-28,49.92
2014-06-29,50.56
2014-06-30,51.2
2014-07-01,53.720000000000006
2014-07-02,52.36000000000001
2014-07-03,56.440000000000005
2014-07-04,53.040000000000006
2014-07-05,42.160000000000004
2014-07-06,49.64
2014-07-07,56.440000000000005
2014-07-08,59.160000000000004
2014-07-09,55.080000000000005
2014-07-10,59.84
2014-07-11,59.160000000000004
2014-07-12,46.92
2014-07-13,50.32
2014-07-14,55.080000000000005
2014-07-15,60.52
2014-07-16,68.0
2014-07-17,59.84
2014-07-18,59.160000000000004
2014-07-19,49.64
2014-07-20,51.00000000000001
2014-07-21,55.080000000000005
2014-07-22,62.56
2014-07-23,62.56
2014-07-24,59.84
2014-07-25,60.52
2014-07-26,55.080000000000005
2014-07-27,51.00000000000001
2014-07-28,54.400000000000006
2014-07-29,59.84
2014-07-30,61.88
2014-07-31,57.120000000000005
2014-08-01,62.99999999999999
2014-08-02,56.0
2014-08-03,65.8
2014-08-04,60.199999999999996
2014-08-05,70.0
2014-08-06,67.89999999999999
2014-08-07,67.89999999999999
2014-08-08,60.199999999999996
2014-08-09,56.0
2014-08-10,60.199999999999996
2014-08-11,62.99999999999999
2014-08-12,65.8
2014-08-13,60.199999999999996
2014-08-14,62.3
2014-08-15,67.89999999999999
2014-08-16,60.199999999999996
2014-08-17,57.4
2014-08-18,65.8
2014-08-19,68.6
2014-08-20,62.99999999999999
2014-08-21,64.39999999999999
2014-08-22,62.99999999999999
2014-08-23,56.0
2014-08-24,54.599999999999994
2014-08-25,59.49999999999999
2014-08-26,60.199999999999996
2014-08-27,57.4
2014-08-28,60.9
2014-08-29,65.1
2014-08-30,60.199999999999996
2014-08-31,57.4
2014-09-01,59.15
2014-09-02,53.95
2014-09-03,63.7
2014-09-04,63.7
2014-09-05,63.050000000000004
2014-09-06,59.15
2014-09-07,53.95
2014-09-08,57.2
2014-09-09,63.7
2014-09-10,65.0
2014-09-11,63.050000000000004
2014-09-12,61.1
2014-09-13,48.75
2014-09-14,48.75
2014-09-15,55.25
2014-09-16,55.9
2014-09-17,56.550000000000004
2014-09-18,56.550000000000004
2014-09-19,57.2
2014-09-20,50.7
2014-09-21,44.2
2014-09-22,53.300000000000004
2014-09-23,57.2
2014-09-24,56.550000000000004
2014-09-25,53.300000000000004
2014-09-26,53.300000000000004
2014-09-27,47.45
2014-09-28,42.25
2014-09-29,55.9
2014-09-30,61.1
2014-10-01,60.160000000000004
2014-10-02,56.32
2014-10-03,56.32
2014-10-04,50.56
2014-10-05,42.88
2014-10-06,51.84
2014-10-07,62.08
2014-10-08,51.84
2014-10-09,52.480000000000004
2014-10-10,56.32
2014-10-11,47.36
2014-10-12,49.92
2014-10-13,52.480000000000004
2014-10-14,58.24
2014-10-15,64.0
2014-10-16,60.800000000000004
2014-10-17,62.08
2014-10-18,53.76
2014-10-19,47.36
2014-10-20,58.88
2014-10-21,59.52
2014-10-22,53.76
2014-10-23,54.4
2014-10-24,53.76
2014-10-25,48.64
2014-10-26,55.68
2014-10-27,54.4
2014-10-28,56.96
2014-10-29,48.0
2014-10-30,54.4
2014-10-31,54.4
2014-11-01,37.730000000000004
2014-11-02,33.88
2014-11-03,38.5
2014-11-04,40.81
2014-11-05,40.81
2014-11-06,43.120000000000005
2014-11-07,43.120000000000005
2014-11-08,45.43
2014-11-09,37.730000000000004
2014-11-10,44.660000000000004
2014-11-11,43.120000000000005
2014-11-12,45.43
2014-11-13,44.660000000000004
2014-11-14,43.120000000000005
2014-11-15,39.27
2014-11-16,41.58
2014-11-17,39.27
2014-11-18,48.51
2014-11-19,43.89
2014-11-20,50.050000000000004
2014-11-21,46.2
2014-11-22,47.74
2014-11-23,40.81
2014-11-24,43.89
2014-11-25,51.59
2014-11-26,54.67
2014-11-27,74.69
2014-11-28,77.0
2014-11-29,53.13
2014-11-30,54.67
2014-12-01,74.0
2014-12-02,68.82
2014-12-03,55.5
2014-12-04,54.019999999999996
2014-12-05,53.28
2014-12-06,56.24
2014-12-07,51.8
2014-12-08,51.8
2014-12-09,53.28
2014-12-10,53.28
2014-12-11,49.58
2014-12-12,49.58
2014-12-13,48.839999999999996
2014-12-14,50.32
2014-12-15,50.32
2014-12-16,51.8
2014-12-17,50.32
2014-12-18,49.58
2014-12-19,50.32
2014-12-20,48.1
2014-12-21,46.62
2014-12-22,45.88
2014-12-23,51.8
2014-12-24,49.58
2014-12-25,50.32
2014-12-26,55.5
2014-12-27,50.32
2014-12-28,50.32
2014-12-29,49.58
2014-12-30,48.839999999999996
2014-12-31,46.62
2015-01-01,39.33
2015-01-02,48.989999999999995
2015-01-03,45.54
2015-01-04,45.54
2015-01-05,52.44
2015-01-06,50.37
2015-01-07,69.0
2015-01-08,55.88999999999999
2015-01-09,57.269999999999996
2015-01-10,53.129999999999995
2015-01-11,44.16
2015-01-12,50.37
2015-01-13,55.88999999999999
2015-01-14,51.74999999999999
2015-01-15,53.129999999999995
2015-01-16,53.129999999999995
2015-01-17,47.61
2015-01-18,40.019999999999996
2015-01-19,48.989999999999995
2015-01-20,50.37
2015-01-21,53.129999999999995
2015-01-22,51.74999999999999
2015-01-23,53.129999999999995
2015-01-24,46.23
2015-01-25,42.779999999999994
2015-01-26,47.61
2015-01-27,46.919999999999995
2015-01-28,47.61
2015-01-29,51.74999999999999
2015-01-30,52.44
2015-01-31,47.61
2015-02-01,48.75
2015-02-02,55.25
2015-02-03,57.85
2015-02-04,61.1
2015-02-05,54.6
2015-02-06,59.15
2015-02-07,54.6
2015-02-08,54.6
2015-02-09,59.800000000000004
2015-02-10,60.45
2015-02-11,60.45
2015-02-12,59.15
2015-02-13,61.75
2015-02-14,51.35
2015-02-15,52.65
2015-02-16,58.5
2015-02-17,62.400000000000006
2015-02-18,58.5
2015-02-19,56.550000000000004
2015-02-20,59.15
2015-02-21,54.6
2015-02-22,53.300000000000004
2015-02-23,55.9
2015-02-24,65.0
2015-02-25,60.45
2015-02-26,60.45
2015-02-27,59.800000000000004
2015-02-28,55.25
2015-03-01,53.6
2015-03-02,55.61000000000001
2015-03-03,55.61000000000001
2015-03-04,57.620000000000005
2015-03-05,56.95
2015-03-06,58.290000000000006
2015-03-07,48.24
2015-03-08,45.56
2015-03-09,67.0
2015-03-10,64.32000000000001
2015-03-11,64.32000000000001
2015-03-12,67.0
2015-03-13,62.980000000000004
2015-03-14,56.95
2015-03-15,57.620000000000005
2015-03-16,52.260000000000005
2015-03-17,55.61000000000001
2015-03-18,55.61000000000001
2015-03-19,54.940000000000005
2015-03-20,51.59
2015-03-21,43.550000000000004
2015-03-22,47.57
2015-03-23,50.92
2015-03-24,50.25
2015-03-25,60.300000000000004
2015-03-26,51.59
2015-03-27,57.620000000000005
2015-03-28,54.27
2015-03-29,44.89
2015-03-30,51.59
2015-03-31,61.64
2015-04-01,55.440000000000005
2015-04-02,57.42
2015-04-03,54.78
2015-04-04,44.88
2015-04-05,45.54
2015-04-06,56.1
2015-04-07,62.040000000000006
2015-04-08,60.720000000000006
2015-04-09,58.080000000000005
2015-04-10,58.74
2015-04-11,52.14
2015-04-12,47.52
2015-04-13,54.78
2015-04-14,62.7
2015-04-15,59.400000000000006
2015-04-16,54.78
2015-04-17,55.440000000000005
2015-04-18,45.54
2015-04-19,44.88
2015-04-20,52.14
2015-04-21,60.06
2015-04-22,56.760000000000005
2015-04-23,66.0
2015-04-24,57.42
2015-04-25,45.54
2015-04-26,51.480000000000004
2015-04-27,49.5
2015-04-28,63.36
2015-04-29,53.46
2015-04-30,54.78
2015-05-01,52.92
2015-05-02,46.62
2015-05-03,43.47
2015-05-04,52.29
2015-05-05,55.44
2015-05-06,53.55
2015-05-07,58.59
2015-05-08,54.81
2015-05-09,46.62
2015-05-10,46.62
2015-05-11,52.29
2015-05-12,61.11
2015-05-13,61.74
2015-05-14,59.22
2015-05-15,57.33
2015-05-16,56.07
2015-05-17,56.7
2015-05-18,63.0
2015-05-19,63.0
2015-05-20,62.37
2015-05-21,61.74
2015-05-22,54.81
2015-05-23,61.11
2015-05-24,50.4
2015-05-25,52.92
2015-05-26,57.96
2015-05-27,62.37
2015-05-28,60.480000000000004
2015-05-29,59.22
2015-05-30,49.14
2015-05-31,55.44
2015-06-01,70.0
2015-06-02,68.6
2015-06-03,63.699999999999996
2015-06-04,59.49999999999999
2015-06-05,63.699999999999996
2015-06-06,52.5
2015-06-07,51.099999999999994
2015-06-08,56.0
2015-06-09,60.199999999999996
2015-06-10,65.8
2015-06-11,60.199999999999996
2015-06-12,62.99999999999999
2015-06-13,54.599999999999994
2015-06-14,51.099999999999994
2015-06-15,60.9
2015-06-16,64.39999999999999
2015-06-17,62.3
2015-06-18,60.9
2015-06-19,59.49999999999999
2015-06-20,55.3
2015-06-21,56.0
2015-06-22,62.99999999999999
2015-06-23,60.199999999999996
2015-06-24,61.599999999999994
2015-06-25,59.49999999999999
2015-06-26,56.699999999999996
2015-06-27,53.9
2015-06-28,53.199999999999996
2015-06-29,59.49999999999999
2015-06-30,57.4
2015-07-01,46.199999999999996
2015-07-02,51.8
2015-07-03,50.4
2015-07-04,42.699999999999996
2015-07-05,41.3
2015-07-06,46.9
2015-07-07,57.4
2015-07-08,50.4
2015-07-09,55.3
2015-07-10,49.0
2015-07-11,50.4
2015-07-12,42.699999999999996
2015-07-13,52.5
2015-07-14,53.199999999999996
2015-07-15,65.1
2015-07-16,58.099999999999994
2015-07-17,49.0
2015-07-18,48.3
2015-07-19,43.4
2015-07-20,51.8
2015-07-21,53.9
2015-07-22,53.9
2015-07-23,53.199999999999996
2015-07-24,53.9
2015-07-25,44.099999999999994
2015-07-26,46.199999999999996
2015-07-27,56.0
2015-07-28,60.9
2015-07-29,70.0
2015-07-30,65.8
2015-07-31,60.199999999999996
2015-08-01,56.980000000000004
2015-08-02,57.75
2015-08-03,66.22
2015-08-04,69.3
2015-08-05,77.0
2015-08-06,71.61
2015-08-07,68.53
2015-08-08,62.370000000000005
2015-08-09,60.83
2015-08-10,65.45
2015-08-11,66.22
2015-08-12,66.99
2015-08-13,63.910000000000004
2015-08-14,63.14
2015-08-15,56.21
2015-08-16,55.44
2015-08-17,62.370000000000005
2015-08-18,72.38
2015-08-19,70.07000000000001
2015-08-20,65.45
2015-08-21,61.6
2015-08-22,59.29
2015-08-23,57.75
2015-08-24,64.68
2015-08-25,69.3
2015-08-26,67.76
2015-08-27,62.370000000000005
2015-08-28,60.83
2015-08-29,49.28
2015-08-30,53.13
2015-08-31,58.52
2015-09-01,52.0
2015-09-02,65.0
2015-09-03,58.5
2015-09-04,48.1
2015-09-05,48.75
2015-09-06,42.25
2015-09-07,44.85
2015-09-08,51.35
2015-09-09,50.7
2015-09-10,51.35
2015-09-11,54.6
2015-09-12,44.2
2015-09-13,39.65
2015-09-14,50.050000000000004
2015-09-15,50.7
2015-09-16,51.35
2015-09-17,46.15
2015-09-18,51.35
2015-09-19,41.6
2015-09-20,42.25
2015-09-21,48.1
2015-09-22,51.35
2015-09-23,45.5
2015-09-24,50.050000000000004
2015-09-25,44.2
2015-09-26,41.6
2015-09-27,42.9
2015-09-28,42.25
2015-09-29,46.800000000000004
2015-09-30,48.75
2015-10-01,55.9
2015-10-02,53.95
2015-10-03,46.15
2015-10-04,50.050000000000004
2015-10-05,53.95
2015-10-06,59.800000000000004
2015-10-07,61.1
2015-10-08,61.75
2015-10-09,63.050000000000004
2015-10-10,53.95
2015-10-11,49.4
2015-10-12,60.45
2015-10-13,65.0
2015-10-14,61.1
2015-10-15,59.15
2015-10-16,57.85
2015-10-17,51.35
2015-10-18,52.0
2015-10-19,57.85
2015-10-20,57.2
2015-10-21,63.050000000000004
2015-10-22,56.550000000000004
2015-10-23,51.35
2015-10-24,53.95
2015-10-25,48.75
2015-10-26,52.65
2015-10-27,55.9
2015-10-28,61.1
2015-10-29,57.85
2015-10-30,57.2
2015-10-31,56.550000000000004
2015-11-01,39.78
2015-11-02,47.58
2015-11-03,50.7
2015-11-04,50.7
2015-11-05,49.14
2015-11-06,46.02
2015-11-07,45.24
2015-11-08,40.56
2015-11-09,42.9
2015-11-10,52.260000000000005
2015-11-11,52.260000000000005
2015-11-12,50.7
2015-11-13,49.14
2015-11-14,39.78
2015-11-15,41.34
2015-11-16,45.24
2015-11-17,50.7
2015-11-18,50.7
2015-11-19,55.38
2015-11-20,52.260000000000005
2015-11-21,48.36
2015-11-22,49.14
2015-11-23,49.14
2015-11-24,56.940000000000005
2015-11-25,59.28
2015-11-26,73.32000000000001
2015-11-27,78.0
2015-11-28,64.74000000000001
2015-11-29,53.82
2015-11-30,67.86
2015-12-01,71.0
2015-12-02,59.64
2015-12-03,56.8
2015-12-04,56.089999999999996
2015-12-05,54.669999999999995
2015-12-06,48.989999999999995
2015-12-07,47.57
2015-12-08,51.83
2015-12-09,54.669999999999995
2015-12-10,56.089999999999996
2015-12-11,52.54
2015-12-12,51.83
2015-12-13,48.28
2015-12-14,51.83
2015-12-15,51.83
2015-12-16,50.41
2015-12-17,49.699999999999996
2015-12-18,52.54
2015-12-19,52.54
2015-12-20,48.28
2015-12-21,48.989999999999995
2015-12-22,56.089999999999996
2015-12-23,56.089999999999996
2015-12-24,48.989999999999995
2015-12-25,53.959999999999994
2015-12-26,53.959999999999994
2015-12-27,48.989999999999995
2015-12-28,51.83
2015-12-29,53.959999999999994
2015-12-30,48.989999999999995
2015-12-31,48.28
2016-01-01,41.76
2016-01-02,40.599999999999994
2016-01-03,38.86
2016-01-04,44.66
2016-01-05,48.13999999999999
2016-01-06,57.99999999999999
2016-01-07,52.779999999999994
2016-01-08,51.62
2016-01-09,44.66
2016-01-10,37.12
2016-01-11,45.239999999999995
2016-01-12,48.13999999999999
2016-01-13,43.5
2016-01-14,46.4
2016-01-15,51.04
2016-01-16,40.599999999999994
2016-01-17,40.019999999999996
2016-01-18,44.08
2016-01-19,48.13999999999999
2016-01-20,51.04
2016-01-21,49.3
2016-01-22,46.4
2016-01-23,44.08
2016-01-24,41.76
2016-01-25,44.66
2016-01-26,51.04
2016-01-27,47.559999999999995
2016-01-28,46.98
2016-01-29,43.5
2016-01-30,41.18
2016-01-31,41.18
2016-02-01,52.44
2016-02-02,51.87
2016-02-03,52.44
2016-02-04,53.01
2016-02-05,52.44
2016-02-06,49.019999999999996
2016-02-07,47.309999999999995
2016-02-08,47.309999999999995
2016-02-09,54.15
2016-02-10,52.44
2016-02-11,55.85999999999999
2016-02-12,53.01
2016-02-13,45.599999999999994
2016-02-14,46.169999999999995
2016-02-15,48.449999999999996
2016-02-16,56.99999999999999
2016-02-17,52.44
2016-02-18,51.87
2016-02-19,56.42999999999999
2016-02-20,43.31999999999999
2016-02-21,49.589999999999996
2016-02-22,50.16
2016-02-23,49.019999999999996
2016-02-24,52.44
2016-02-25,50.16
2016-02-26,47.309999999999995
2016-02-27,44.459999999999994
2016-02-28,44.459999999999994
2016-02-29,46.169999999999995
2016-03-01,46.980000000000004
2016-03-02,44.28
2016-03-03,51.300000000000004
2016-03-04,44.28
2016-03-05,48.06
2016-03-06,43.2
2016-03-07,42.660000000000004
2016-03-08,45.36
2016-03-09,49.14
2016-03-10,46.440000000000005
2016-03-11,44.82
2016-03-12,41.580000000000005
2016-03-13,39.42
2016-03-14,44.28
2016-03-15,49.14
2016-03-16,46.440000000000005
2016-03-17,50.220000000000006
2016-03-18,51.300000000000004
2016-03-19,42.660000000000004
2016-03-20,39.42
2016-03-21,49.14
2016-03-22,45.36
2016-03-23,46.980000000000004
2016-03-24,54.0
2016-03-25,38.34
2016-03-26,41.040000000000006
2016-03-27,36.18
2016-03-28,46.440000000000005
2016-03-29,47.52
2016-03-30,46.440000000000005
2016-03-31,45.900000000000006
2016-04-01,33.0
2016-04-02,31.799999999999997
2016-04-03,30.0
2016-04-04,34.199999999999996
2016-04-05,34.8
2016-04-06,34.199999999999996
2016-04-07,35.4
2016-04-08,35.4
2016-04-09,31.2
2016-04-10,30.0
2016-04-11,31.799999999999997
2016-04-12,31.799999999999997
2016-04-13,34.199999999999996
2016-04-14,36.0
2016-04-15,33.6
2016-04-16,30.599999999999998
2016-04-17,29.4
2016-04-18,37.199999999999996
2016-04-19,58.199999999999996
2016-04-20,60.0
2016-04-21,46.199999999999996
2016-04-22,44.4
2016-04-23,34.199999999999996
2016-04-24,30.599999999999998
2016-04-25,40.199999999999996
2016-04-26,46.199999999999996
2016-04-27,42.0
2016-04-28,37.8
2016-04-29,39.0
2016-04-30,32.4
2016-05-01,42.120000000000005
2016-05-02,51.300000000000004
2016-05-03,52.92
2016-05-04,47.52
2016-05-05,50.220000000000006
2016-05-06,50.220000000000006
2016-05-07,42.660000000000004
2016-05-08,39.96
2016-05-09,50.220000000000006
2016-05-10,53.46
2016-05-11,50.760000000000005
2016-05-12,51.84
2016-05-13,51.84
2016-05-14,36.72
2016-05-15,41.040000000000006
2016-05-16,50.760000000000005
2016-05-17,49.68000000000001
2016-05-18,54.0
2016-05-19,50.220000000000006
2016-05-20,45.36
2016-05-21,42.120000000000005
2016-05-22,41.580000000000005
2016-05-23,44.28
2016-05-24,54.0
2016-05-25,50.220000000000006
2016-05-26,54.0
2016-05-27,47.52
2016-05-28,43.2
2016-05-29,40.5
2016-05-30,45.36
2016-05-31,52.38
2016-06-01,54.0
2016-06-02,48.6
2016-06-03,50.760000000000005
2016-06-04,38.34
2016-06-05,38.88
2016-06-06,44.28
2016-06-07,49.14
2016-06-08,50.220000000000006
2016-06-09,46.440000000000005
2016-06-10,47.52
2016-06-11,39.42
2016-06-12,38.88
2016-06-13,44.82
2016-06-14,50.760000000000005
2016-06-15,46.440000000000005
2016-06-16,50.220000000000006
2016-06-17,47.52
2016-06-18,38.88
2016-06-19,38.34
2016-06-20,49.14
2016-06-21,48.6
2016-06-22,48.06
2016-06-23,51.300000000000004
2016-06-24,49.68000000000001
2016-06-25,38.88
2016-06-26,39.96
2016-06-27,48.6
2016-06-28,48.6
2016-06-29,51.300000000000004
2016-06-30,46.440000000000005
2016-07-01,43.68
2016-07-02,40.04
2016-07-03,37.44
2016-07-04,42.120000000000005
2016-07-05,40.56
2016-07-06,41.08
2016-07-07,45.24
2016-07-08,48.88
2016-07-09,40.04
2016-07-10,36.92
2016-07-11,42.120000000000005
2016-07-12,52.0
2016-07-13,50.440000000000005
2016-07-14,48.88
2016-07-15,48.36
2016-07-16,38.480000000000004
2016-07-17,36.92
2016-07-18,46.800000000000004
2016-07-19,48.88
2016-07-20,50.96
2016-07-21,50.440000000000005
2016-07-22,46.28
2016-07-23,39.0
2016-07-24,36.92
2016-07-25,46.28
2016-07-26,46.800000000000004
2016-07-27,44.72
2016-07-28,45.24
2016-07-29,49.4
2016-07-30,38.480000000000004
2016-07-31,41.08
2016-08-01,43.68
2016-08-02,44.2
2016-08-03,45.24
2016-08-04,44.72
2016-08-05,43.160000000000004
2016-08-06,40.04
2016-08-07,42.120000000000005
2016-08-08,41.6
2016-08-09,42.64
2016-08-10,46.800000000000004
2016-08-11,45.24
2016-08-12,44.72
2016-08-13,36.92
2016-08-14,40.56
2016-08-15,48.36
2016-08-16,52.0
2016-08-17,49.4
2016-08-18,50.440000000000005
2016-08-19,42.120000000000005
2016-08-20,38.480000000000004
2016-08-21,34.84
2016-08-22,44.2
2016-08-23,43.160000000000004
2016-08-24,45.24
2016-08-25,45.24
2016-08-26,45.760000000000005
2016-08-27,37.44
2016-08-28,35.36
2016-08-29,42.64
2016-08-30,45.760000000000005
2016-08-31,45.24
2016-09-01,43.0
2016-09-02,44.5
2016-09-03,35.0
2016-09-04,35.0
2016-09-05,41.0
2016-09-06,46.0
2016-09-07,46.5
2016-09-08,48.5
2016-09-09,41.5
2016-09-10,33.0
2016-09-11,31.0
2016-09-12,38.5
2016-09-13,41.5
2016-09-14,45.0
2016-09-15,43.0
2016-09-16,47.5
2016-09-17,34.5
2016-09-18,34.0
2016-09-19,42.0
2016-09-20,45.0
2016-09-21,50.0
2016-09-22,46.5
2016-09-23,43.5
2016-09-24,40.0
2016-09-25,37.0
2016-09-26,41.5
2016-09-27,39.0
2016-09-28,40.5
2016-09-29,37.0
2016-09-30,41.5
2016-10-01,34.08
2016-10-02,31.68
2016-10-03,37.44
2016-10-04,38.879999999999995
2016-10-05,38.4
2016-10-06,39.36
2016-10-07,35.04
2016-10-08,32.16
2016-10-09,30.72
2016-10-10,35.519999999999996
2016-10-11,38.4
2016-10-12,36.96
2016-10-13,38.4
2016-10-14,38.4
2016-10-15,29.279999999999998
2016-10-16,28.799999999999997
2016-10-17,32.64
2016-10-18,43.199999999999996
2016-10-19,43.199999999999996
2016-10-20,36.96
2016-10-21,40.8
2016-10-22,34.56
2016-10-23,31.2
2016-10-24,39.839999999999996
2016-10-25,39.36
2016-10-26,40.32
2016-10-27,45.6
2016-10-28,48.0
2016-10-29,37.44
2016-10-30,35.519999999999996
2016-10-31,42.239999999999995
2016-11-01,36.6
2016-11-02,37.21
2016-11-03,32.33
2016-11-04,38.43
2016-11-05,32.33
2016-11-06,31.72
2016-11-07,31.11
2016-11-08,29.89
2016-11-09,22.57
2016-11-10,34.769999999999996
2016-11-11,34.769999999999996
2016-11-12,28.669999999999998
2016-11-13,29.28
2016-11-14,34.769999999999996
2016-11-15,33.55
2016-11-16,34.769999999999996
2016-11-17,35.38
2016-11-18,37.82
2016-11-19,36.6
2016-11-20,31.72
2016-11-21,39.04
2016-11-22,39.04
2016-11-23,42.699999999999996
2016-11-24,54.29
2016-11-25,61.0
2016-11-26,45.75
2016-11-27,45.75
2016-11-28,54.9
2016-11-29,48.8
2016-11-30,41.48
2016-12-01,54.88
2016-12-02,50.96000000000001
2016-12-03,44.800000000000004
2016-12-04,43.68000000000001
2016-12-05,49.84
2016-12-06,56.00000000000001
2016-12-07,52.64000000000001
2016-12-08,52.080000000000005
2016-12-09,46.480000000000004
2016-12-10,45.36000000000001
2016-12-11,45.92
2016-12-12,48.720000000000006
2016-12-13,50.96000000000001
2016-12-14,49.84
2016-12-15,50.400000000000006
2016-12-16,47.6
2016-12-17,39.2
2016-12-18,43.120000000000005
2016-12-19,45.36000000000001
2016-12-20,50.96000000000001
2016-12-21,49.84
2016-12-22,48.720000000000006
2016-12-23,43.68000000000001
2016-12-24,39.2
2016-12-25,49.84
2016-12-26,48.720000000000006
2016-12-27,49.84
2016-12-28,49.84
2016-12-29,45.92
2016-12-30,48.720000000000006
2016-12-31,39.760000000000005
2017-01-01,33.550000000000004
2017-01-02,39.050000000000004
2017-01-03,46.75000000000001
2017-01-04,54.45
2017-01-05,51.150000000000006
2017-01-06,50.6
2017-01-07,43.45
2017-01-08,40.150000000000006
2017-01-09,41.800000000000004
2017-01-10,47.85
2017-01-11,55.00000000000001
2017-01-12,50.6
2017-01-13,42.900000000000006
2017-01-14,42.35
2017-01-15,39.050000000000004
2017-01-16,39.050000000000004
2017-01-17,41.800000000000004
2017-01-18,43.45
2017-01-19,45.650000000000006
2017-01-20,38.5
2017-01-21,37.95
2017-01-22,36.85
2017-01-23,47.300000000000004
2017-01-24,45.650000000000006
2017-01-25,47.85
2017-01-26,44.0
2017-01-27,46.75000000000001
2017-01-28,37.95
2017-01-29,36.300000000000004
2017-01-30,42.35
2017-01-31,45.1
2017-02-01,38.94
2017-02-02,42.48
2017-02-03,41.3
2017-02-04,33.04
2017-02-05,35.4
2017-02-06,54.87
2017-02-07,46.019999999999996
2017-02-08,54.87
2017-02-09,59.0
2017-02-10,46.61
2017-02-11,34.809999999999995
2017-02-12,35.4
2017-02-13,37.76
2017-02-14,40.71
2017-02-15,43.07
2017-02-16,40.12
2017-02-17,40.12
2017-02-18,37.169999999999995
2017-02-19,38.94
2017-02-20,38.94
2017-02-21,41.3
2017-02-22,46.61
2017-02-23,48.97
2017-02-24,44.25
2017-02-25,35.989999999999995
2017-02-26,38.94
2017-02-27,43.07
2017-02-28,40.71
2017-03-01,48.95
2017-03-02,48.95
2017-03-03,52.800000000000004
2017-03-04,44.0
2017-03-05,40.150000000000006
2017-03-06,43.45
2017-03-07,42.900000000000006
2017-03-08,43.45
2017-03-09,42.900000000000006
2017-03-10,44.550000000000004
2017-03-11,34.650000000000006
2017-03-12,35.75
2017-03-13,55.00000000000001
2017-03-14,50.6
2017-03-15,44.0
2017-03-16,46.2
2017-03-17,45.1
2017-03-18,37.400000000000006
2017-03-19,35.75
2017-03-20,45.1
2017-03-21,48.400000000000006
2017-03-22,46.2
2017-03-23,46.75000000000001
2017-03-24,40.7
2017-03-25,36.85
2017-03-26,39.6
2017-03-27,45.650000000000006
2017-03-28,45.1
2017-03-29,44.0
2017-03-30,44.550000000000004
2017-03-31,42.35
2017-04-01,39.69
2017-04-02,39.2
2017-04-03,49.0
2017-04-04,46.55
2017-04-05,43.12
2017-04-06,46.55
2017-04-07,46.06
2017-04-08,37.24
2017-04-09,40.18
2017-04-10,42.14
2017-04-11,46.55
2017-04-12,45.57
2017-04-13,44.1
2017-04-14,41.16
2017-04-15,39.2
2017-04-16,35.769999999999996
2017-04-17,44.589999999999996
2017-04-18,43.12
2017-04-19,44.1
2017-04-20,42.63
2017-04-21,40.67
2017-04-22,36.75
2017-04-23,37.24
2017-04-24,44.589999999999996
2017-04-25,45.57
2017-04-26,45.08
2017-04-27,45.08
2017-04-28,43.12
2017-04-29,36.26
2017-04-30,36.75
2017-05-01,40.04
2017-05-02,43.68
2017-05-03,44.2
2017-05-04,40.04
2017-05-05,42.120000000000005
2017-05-06,34.32
2017-05-07,33.800000000000004
2017-05-08,44.2
2017-05-09,46.800000000000004
2017-05-10,37.96
2017-05-11,39.0
2017-05-12,40.04
2017-05-13,35.36
2017-05-14,35.36
2017-05-15,41.6
2017-05-16,50.96
2017-05-17,45.760000000000005
2017-05-18,42.64
2017-05-19,37.44
2017-05-20,33.800000000000004
2017-05-21,33.800000000000004
2017-05-22,37.44
2017-05-23,43.68
2017-05-24,40.56
2017-05-25,42.120000000000005
2017-05-26,37.44
2017-05-27,32.24
2017-05-28,36.92
2017-05-29,33.28
2017-05-30,52.0
2017-05-31,50.96
2017-06-01,50.220000000000006
2017-06-02,41.040000000000006
2017-06-03,35.1
2017-06-04,41.040000000000006
2017-06-05,48.6
2017-06-06,54.0
2017-06-07,51.84
2017-06-08,54.0
2017-06-09,45.900000000000006
2017-06-10,34.56
2017-06-11,38.34
2017-06-12,47.52
2017-06-13,46.440000000000005
2017-06-14,46.980000000000004
2017-06-15,46.440000000000005
2017-06-16,44.82
2017-06-17,35.64
2017-06-18,38.88
2017-06-19,50.220000000000006
2017-06-20,48.6
2017-06-21,47.52
2017-06-22,46.440000000000005
2017-06-23,44.82
2017-06-24,34.56
2017-06-25,38.88
2017-06-26,48.06
2017-06-27,45.900000000000006
2017-06-28,49.14
2017-06-29,49.14
2017-06-30,42.120000000000005
2017-07-01,36.21
2017-07-02,34.17
2017-07-03,37.230000000000004
2017-07-04,41.31
2017-07-05,44.37
2017-07-06,46.410000000000004
2017-07-07,45.9
2017-07-08,37.74
2017-07-09,38.25
2017-07-10,44.37
2017-07-11,51.0
2017-07-12,47.94
2017-07-13,48.96
2017-07-14,45.9
2017-07-15,41.31
2017-07-16,35.19
2017-07-17,42.84
2017-07-18,41.82
2017-07-19,46.410000000000004
2017-07-20,47.94
2017-07-21,41.82
2017-07-22,38.76
2017-07-23,37.230000000000004
2017-07-24,44.37
2017-07-25,46.410000000000004
2017-07-26,45.9
2017-07-27,49.47
2017-07-28,45.9
2017-07-29,38.76
2017-07-30,35.7
2017-07-31,44.88
2017-08-01,39.78
2017-08-02,41.82
2017-08-03,40.29
2017-08-04,40.8
2017-08-05,35.19
2017-08-06,36.21
2017-08-07,41.31
2017-08-08,44.37
2017-08-09,41.82
2017-08-10,42.33
2017-08-11,42.33
2017-08-12,37.230000000000004
2017-08-13,34.17
2017-08-14,40.29
2017-08-15,51.0
2017-08-16,41.82
2017-08-17,40.29
2017-08-18,42.84
2017-08-19,33.15
2017-08-20,32.13
2017-08-21,36.72
2017-08-22,44.88
2017-08-23,44.37
2017-08-24,42.84
2017-08-25,40.29
2017-08-26,30.09
2017-08-27,29.07
2017-08-28,39.78
2017-08-29,35.7
2017-08-30,40.8
2017-08-31,37.230000000000004
2017-09-01,40.5
2017-09-02,35.1
2017-09-03,35.550000000000004
2017-09-04,41.4
2017-09-05,38.25
2017-09-06,35.550000000000004
2017-09-07,39.6
2017-09-08,36.9
2017-09-09,28.8
2017-09-10,27.900000000000002
2017-09-11,36.45
2017-09-12,41.4
2017-09-13,40.050000000000004
2017-09-14,45.0
2017-09-15,38.7
2017-09-16,34.2
2017-09-17,31.05
2017-09-18,38.25
2017-09-19,42.75
2017-09-20,41.85
2017-09-21,40.95
2017-09-22,36.9
2017-09-23,32.4
2017-09-24,31.5
2017-09-25,44.1
2017-09-26,42.300000000000004
2017-09-27,41.85
2017-09-28,40.95
2017-09-29,41.4
2017-09-30,31.05
2017-10-01,28.419999999999998
2017-10-02,31.849999999999998
2017-10-03,41.16
2017-10-04,45.08
2017-10-05,47.04
2017-10-06,43.61
2017-10-07,34.3
2017-10-08,32.83
2017-10-09,36.75
2017-10-10,39.2
2017-10-11,45.57
2017-10-12,39.2
2017-10-13,38.22
2017-10-14,29.89
2017-10-15,31.36
2017-10-16,40.18
2017-10-17,40.67
2017-10-18,39.2
2017-10-19,43.61
2017-10-20,37.24
2017-10-21,36.26
2017-10-22,33.32
2017-10-23,39.69
2017-10-24,42.63
2017-10-25,39.2
2017-10-26,45.57
2017-10-27,49.0
2017-10-28,37.73
2017-10-29,35.28
2017-10-30,42.14
2017-10-31,43.12
2017-11-01,35.96
2017-11-02,33.059999999999995
2017-11-03,36.54
2017-11-04,31.319999999999997
2017-11-05,28.999999999999996
2017-11-06,37.699999999999996
2017-11-07,39.44
2017-11-08,38.86
2017-11-09,39.44
2017-11-10,35.96
2017-11-11,33.64
2017-11-12,34.22
2017-11-13,34.22
2017-11-14,35.96
2017-11-15,37.12
2017-11-16,37.699999999999996
2017-11-17,34.22
2017-11-18,33.059999999999995
2017-11-19,36.54
2017-11-20,36.54
2017-11-21,42.339999999999996
2017-11-22,47.559999999999995
2017-11-23,53.94
2017-11-24,57.99999999999999
2017-11-25,45.239999999999995
2017-11-26,42.919999999999995
2017-11-27,54.519999999999996
2017-11-28,44.66
2017-11-29,38.86
2017-11-30,36.54
2017-12-01,50.0
2017-12-02,38.5
2017-12-03,41.0
2017-12-04,44.5
2017-12-05,44.0
2017-12-06,49.5
2017-12-07,44.5
2017-12-08,44.5
2017-12-09,43.5
2017-12-10,38.0
2017-12-11,41.5
2017-12-12,41.5
2017-12-13,47.0
2017-12-14,45.0
2017-12-15,46.0
2017-12-16,44.0
2017-12-17,43.5
2017-12-18,47.0
2017-12-19,46.0
2017-12-20,45.5
2017-12-21,50.0
2017-12-22,41.0
2017-12-23,36.5
2017-12-24,36.5
2017-12-25,42.5
2017-12-26,45.5
2017-12-27,47.5
2017-12-28,45.5
2017-12-29,43.5
2017-12-30,40.5
2017-12-31,37.5
2018-01-01,14.91
2018-01-02,18.46
2018-01-03,51.83
2018-01-04,71.0
2018-01-05,54.669999999999995
2018-01-06,31.24
2018-01-07,24.14
2018-01-08,31.24
2018-01-09,30.529999999999998
2018-01-10,31.24
2018-01-11,27.689999999999998
2018-01-12,26.27
2018-01-13,19.169999999999998
2018-01-14,19.169999999999998
2018-01-15,19.169999999999998
2018-01-16,19.88
2018-01-17,21.299999999999997
2018-01-18,23.43
2018-01-19,22.72
2018-01-20,17.75
2018-01-21,15.62
2018-01-22,19.169999999999998
2018-01-23,23.43
2018-01-24,21.299999999999997
2018-01-25,24.14
2018-01-26,26.27
2018-01-27,19.169999999999998
2018-01-28,17.75
2018-01-29,22.009999999999998
2018-01-30,22.72
2018-01-31,19.169999999999998
2018-02-01,45.9
2018-02-02,41.31
2018-02-03,39.78
2018-02-04,34.68
2018-02-05,44.37
2018-02-06,51.0
2018-02-07,45.39
2018-02-08,48.96
2018-02-09,48.96
2018-02-10,51.0
2018-02-11,39.27
2018-02-12,43.86
2018-02-13,48.45
2018-02-14,42.84
2018-02-15,42.33
2018-02-16,42.33
2018-02-17,37.74
2018-02-18,35.7
2018-02-19,36.21
2018-02-20,39.27
2018-02-21,41.82
2018-02-22,45.9
2018-02-23,40.29
2018-02-24,37.230000000000004
2018-02-25,37.74
2018-02-26,41.82
2018-02-27,40.29
2018-02-28,41.31
2018-03-01,40.419999999999995
2018-03-02,39.949999999999996
2018-03-03,37.129999999999995
2018-03-04,32.43
2018-03-05,37.599999999999994
2018-03-06,43.71
2018-03-07,41.36
2018-03-08,42.769999999999996
2018-03-09,43.71
2018-03-10,35.72
2018-03-11,34.309999999999995
2018-03-12,41.83
2018-03-13,47.0
2018-03-14,42.3
2018-03-15,42.769999999999996
2018-03-16,38.07
2018-03-17,32.43
2018-03-18,34.309999999999995
2018-03-19,37.599999999999994
2018-03-20,39.949999999999996
2018-03-21,41.83
2018-03-22,41.83
2018-03-23,37.599999999999994
2018-03-24,30.549999999999997
2018-03-25,31.49
2018-03-26,37.129999999999995
2018-03-27,38.54
2018-03-28,43.71
2018-03-29,40.89
2018-03-30,40.419999999999995
2018-03-31,34.78
2018-04-01,33.32
2018-04-02,47.04
2018-04-03,49.0
2018-04-04,44.1
2018-04-05,44.589999999999996
2018-04-06,43.61
2018-04-07,32.339999999999996
2018-04-08,29.4
2018-04-09,40.67
2018-04-10,40.67
2018-04-11,42.14
2018-04-12,42.63
2018-04-13,41.16
2018-04-14,33.32
2018-04-15,29.89
2018-04-16,35.769999999999996
2018-04-17,43.61
2018-04-18,44.1
2018-04-19,40.18
2018-04-20,35.28
2018-04-21,27.93
2018-04-22,27.93
2018-04-23,34.3
2018-04-24,39.2
2018-04-25,37.24
2018-04-26,46.55
2018-04-27,47.04
2018-04-28,29.89
2018-04-29,31.36
2018-04-30,38.71
2018-05-01,40.940000000000005
2018-05-02,40.480000000000004
2018-05-03,39.56
2018-05-04,40.480000000000004
2018-05-05,28.98
2018-05-06,33.120000000000005
2018-05-07,39.56
2018-05-08,40.02
2018-05-09,45.54
2018-05-10,46.0
2018-05-11,39.56
2018-05-12,31.740000000000002
2018-05-13,30.360000000000003
2018-05-14,42.78
2018-05-15,42.78
2018-05-16,42.32
2018-05-17,41.4
2018-05-18,41.4
2018-05-19,30.82
2018-05-20,34.5
2018-05-21,40.480000000000004
2018-05-22,40.480000000000004
2018-05-23,45.080000000000005
2018-05-24,40.480000000000004
2018-05-25,39.56
2018-05-26,33.120000000000005
2018-05-27,33.58
2018-05-28,34.5
2018-05-29,40.940000000000005
2018-05-30,43.7
2018-05-31,42.32
2018-06-01,20.28
2018-06-02,17.68
2018-06-03,18.72
2018-06-04,20.8
2018-06-05,23.92
2018-06-06,24.44
2018-06-07,23.92
2018-06-08,23.92
2018-06-09,17.68
2018-06-10,17.68
2018-06-11,22.36
2018-06-12,23.92
2018-06-13,23.400000000000002
2018-06-14,24.44
2018-06-15,22.36
2018-06-16,16.64
2018-06-17,18.2
2018-06-18,22.36
2018-06-19,23.400000000000002
2018-06-20,22.880000000000003
2018-06-21,52.0
2018-06-22,31.200000000000003
2018-06-23,20.8
2018-06-24,19.240000000000002
2018-06-25,25.48
2018-06-26,24.96
2018-06-27,26.0
2018-06-28,22.880000000000003
2018-06-29,23.400000000000002
2018-06-30,18.72
2018-07-01,34.5
2018-07-02,40.0
2018-07-03,38.0
2018-07-04,39.5
2018-07-05,36.0
2018-07-06,39.0
2018-07-07,31.5
2018-07-08,33.5
2018-07-09,38.5
2018-07-10,40.0
2018-07-11,38.5
2018-07-12,45.0
2018-07-13,43.5
2018-07-14,34.5
2018-07-15,31.0
2018-07-16,45.0
2018-07-17,48.0
2018-07-18,44.0
2018-07-19,44.0
2018-07-20,41.5
2018-07-21,32.5
2018-07-22,37.5
2018-07-23,41.0
2018-07-24,43.5
2018-07-25,40.0
2018-07-26,50.0
2018-07-27,50.0
2018-07-28,36.0
2018-07-29,37.5
2018-07-30,42.5
2018-07-31,40.5
2018-08-01,44.589999999999996
2018-08-02,45.08
2018-08-03,41.16
2018-08-04,35.769999999999996
2018-08-05,36.75
2018-08-06,48.019999999999996
2018-08-07,44.589999999999996
2018-08-08,43.61
2018-08-09,45.08
2018-08-10,47.04
2018-08-11,34.3
2018-08-12,37.24
2018-08-13,41.16
2018-08-14,46.06
2018-08-15,46.06
2018-08-16,49.0
2018-08-17,44.1
2018-08-18,35.769999999999996
2018-08-19,33.32
2018-08-20,45.57
2018-08-21,45.08
2018-08-22,44.1
2018-08-23,44.589999999999996
2018-08-24,47.53
2018-08-25,34.3
2018-08-26,36.75
2018-08-27,41.65
2018-08-28,48.019999999999996
2018-08-29,45.57
2018-08-30,40.18
2018-08-31,39.2
2018-09-01,33.75
2018-09-02,32.85
2018-09-03,36.45
2018-09-04,40.95
2018-09-05,41.85
2018-09-06,42.300000000000004
2018-09-07,39.15
2018-09-08,32.85
2018-09-09,32.85
2018-09-10,39.15
2018-09-11,43.2
2018-09-12,43.2
2018-09-13,45.0
2018-09-14,41.85
2018-09-15,34.2
2018-09-16,30.6
2018-09-17,38.25
2018-09-18,40.5
2018-09-19,40.050000000000004
2018-09-20,40.95
2018-09-21,38.7
2018-09-22,30.6
2018-09-23,27.0
2018-09-24,39.15
2018-09-25,40.95
2018-09-26,40.5
2018-09-27,39.15
2018-09-28,38.7
2018-09-29,31.95
2018-09-30,29.25
2018-10-01,38.07
2018-10-02,40.419999999999995
2018-10-03,37.599999999999994
2018-10-04,39.01
2018-10-05,34.309999999999995
2018-10-06,30.08
2018-10-07,26.79
2018-10-08,44.65
2018-10-09,42.769999999999996
2018-10-10,41.36
2018-10-11,47.0
2018-10-12,39.01
2018-10-13,32.9
2018-10-14,28.2
2018-10-15,39.48
2018-10-16,42.769999999999996
2018-10-17,37.129999999999995
2018-10-18,35.72
2018-10-19,36.66
2018-10-20,27.729999999999997
2018-10-21,27.259999999999998
2018-10-22,38.07
2018-10-23,38.07
2018-10-24,37.129999999999995
2018-10-25,40.419999999999995
2018-10-26,38.54
2018-10-27,29.139999999999997
2018-10-28,26.79
2018-10-29,34.78
2018-10-30,42.3
2018-10-31,39.48
2018-11-01,29.12
2018-11-02,28.080000000000002
2018-11-03,23.92
2018-11-04,24.44
2018-11-05,29.64
2018-11-06,30.68
2018-11-07,25.48
2018-11-08,31.200000000000003
2018-11-09,29.12
2018-11-10,27.560000000000002
2018-11-11,24.44
2018-11-12,29.12
2018-11-13,31.200000000000003
2018-11-14,29.64
2018-11-15,30.16
2018-11-16,30.68
2018-11-17,24.44
2018-11-18,28.6
2018-11-19,33.28
2018-11-20,34.84
2018-11-21,34.84
2018-11-22,46.28
2018-11-23,52.0
2018-11-24,36.4
2018-11-25,32.76
2018-11-26,43.68
2018-11-27,41.08
2018-11-28,32.24
2018-11-29,33.800000000000004
2018-11-30,33.28
2018-12-01,35.88
2018-12-02,34.5
2018-12-03,43.7
2018-12-04,46.0
2018-12-05,41.4
2018-12-06,40.480000000000004
2018-12-07,38.64
2018-12-08,30.360000000000003
2018-12-09,32.2
2018-12-10,38.64
2018-12-11,41.4
2018-12-12,41.4
2018-12-13,41.4
2018-12-14,37.72
2018-12-15,36.800000000000004
2018-12-16,34.5
2018-12-17,38.18
2018-12-18,44.160000000000004
2018-12-19,39.56
2018-12-20,41.4
2018-12-21,34.96
2018-12-22,33.58
2018-12-23,28.98
2018-12-24,31.28
2018-12-25,32.2
2018-12-26,37.72
2018-12-27,38.64
2018-12-28,37.260000000000005
2018-12-29,32.660000000000004
2018-12-30,28.98
2018-12-31,31.740000000000002
2019-01-01,26.68
2019-01-02,38.18
2019-01-03,37.260000000000005
2019-01-04,41.86
2019-01-05,28.52
2019-01-06,25.3
2019-01-07,34.5
2019-01-08,39.56
2019-01-09,41.4
2019-01-10,41.86
2019-01-11,40.02
2019-01-12,28.52
2019-01-13,27.14
2019-01-14,32.2
2019-01-15,35.42
2019-01-16,40.940000000000005
2019-01-17,37.72
2019-01-18,36.800000000000004
2019-01-19,29.44
2019-01-20,30.82
2019-01-21,30.360000000000003
2019-01-22,38.18
2019-01-23,39.56
2019-01-24,44.620000000000005
2019-01-25,45.54
2019-01-26,31.740000000000002
2019-01-27,29.900000000000002
2019-01-28,37.260000000000005
2019-01-29,36.34
2019-01-30,44.160000000000004
2019-01-31,46.0
2019-02-01,45.0
2019-02-02,31.5
2019-02-03,29.7
2019-02-04,36.9
2019-02-05,40.5
2019-02-06,36.45
2019-02-07,38.7
2019-02-08,38.7
2019-02-09,28.35
2019-02-10,29.7
2019-02-11,35.550000000000004
2019-02-12,37.800000000000004
2019-02-13,38.7
2019-02-14,38.7
2019-02-15,36.45
2019-02-16,30.6
2019-02-17,27.45
2019-02-18,33.75
2019-02-19,40.050000000000004
2019-02-20,35.1
2019-02-21,35.550000000000004
2019-02-22,36.45
2019-02-23,33.300000000000004
2019-02-24,29.7
2019-02-25,33.300000000000004
2019-02-26,36.9
2019-02-27,37.800000000000004
2019-02-28,37.800000000000004
2019-03-01,39.160000000000004
2019-03-02,32.56
2019-03-03,34.32
2019-03-04,38.72
2019-03-05,37.84
2019-03-06,40.92
2019-03-07,39.160000000000004
2019-03-08,36.08
2019-03-09,33.44
2019-03-10,31.24
2019-03-11,38.72
2019-03-12,44.0
2019-03-13,37.4
2019-03-14,36.08
2019-03-15,38.28
2019-03-16,34.76
2019-03-17,29.04
2019-03-18,35.64
2019-03-19,39.160000000000004
2019-03-20,38.72
2019-03-21,39.160000000000004
2019-03-22,35.2
2019-03-23,30.36
2019-03-24,29.92
2019-03-25,38.28
2019-03-26,40.04
2019-03-27,39.6
2019-03-28,41.8
2019-03-29,39.6
2019-03-30,31.68
2019-03-31,31.68
2019-04-01,37.84
2019-04-02,37.84
2019-04-03,40.48
2019-04-04,36.08
2019-04-05,33.44
2019-04-06,29.04
2019-04-07,27.28
2019-04-08,32.12
2019-04-09,30.36
2019-04-10,33.88
2019-04-11,39.160000000000004
2019-04-12,33.88
2019-04-13,27.28
2019-04-14,27.28
2019-04-15,33.0
2019-04-16,36.52
2019-04-17,44.0
2019-04-18,35.64
2019-04-19,32.12
2019-04-20,27.28
2019-04-21,24.2
2019-04-22,33.44
2019-04-23,36.96
2019-04-24,32.56
2019-04-25,43.12
2019-04-26,42.24
2019-04-27,27.72
2019-04-28,26.4
2019-04-29,34.76
2019-04-30,36.52
2019-05-01,35.64
2019-05-02,36.08
2019-05-03,32.56
2019-05-04,30.8
2019-05-05,24.64
2019-05-06,33.44
2019-05-07,33.44
2019-05-08,36.96
2019-05-09,36.96
2019-05-10,35.2
2019-05-11,25.52
2019-05-12,25.080000000000002
2019-05-13,33.88
2019-05-14,39.160000000000004
2019-05-15,43.56
2019-05-16,39.160000000000004
2019-05-17,34.76
2019-05-18,29.04
2019-05-19,25.52
2019-05-20,33.0
2019-05-21,33.88
2019-05-22,40.04
2019-05-23,35.64
2019-05-24,32.56
2019-05-25,27.72
2019-05-26,27.28
2019-05-27,35.64
2019-05-28,44.0
2019-05-29,38.28
2019-05-30,40.04
2019-05-31,34.76
2019-06-01,28.16
2019-06-02,28.6
2019-06-03,33.88
2019-06-04,38.28
2019-06-05,35.64
2019-06-06,36.96
2019-06-07,33.88
2019-06-08,27.72
2019-06-09,28.6
2019-06-10,36.52
2019-06-11,40.48
2019-06-12,44.0
2019-06-13,36.52
2019-06-14,34.32
2019-06-15,31.68
2019-06-16,27.28
2019-06-17,37.84
2019-06-18,39.6
2019-06-19,39.160000000000004
2019-06-20,36.08
2019-06-21,36.52
2019-06-22,26.84
2019-06-23,29.48
2019-06-24,36.52
2019-06-25,38.72
2019-06-26,38.28
2019-06-27,34.76
2019-06-28,35.64
2019-06-29,28.6
2019-06-30,25.52
2019-07-01,32.85
2019-07-02,33.300000000000004
2019-07-03,33.300000000000004
2019-07-04,25.650000000000002
2019-07-05,30.6
2019-07-06,26.1
2019-07-07,30.150000000000002
2019-07-08,35.550000000000004
2019-07-09,39.15
2019-07-10,37.35
2019-07-11,37.35
2019-07-12,33.300000000000004
2019-07-13,27.900000000000002
2019-07-14,29.25
2019-07-15,44.550000000000004
2019-07-16,45.0
2019-07-17,42.300000000000004
2019-07-18,34.65
2019-07-19,37.800000000000004
2019-07-20,25.650000000000002
2019-07-21,27.45
2019-07-22,35.550000000000004
2019-07-23,38.25
2019-07-24,40.95
2019-07-25,44.550000000000004
2019-07-26,42.75
2019-07-27,28.8
2019-07-28,26.1
2019-07-29,38.25
2019-07-30,37.35
2019-07-31,33.75
2019-08-01,41.85
2019-08-02,38.25
2019-08-03,31.95
2019-08-04,28.35
2019-08-05,39.6
2019-08-06,40.050000000000004
2019-08-07,38.7
2019-08-08,37.35
2019-08-09,38.25
2019-08-10,28.35
2019-08-11,29.7
2019-08-12,36.0
2019-08-13,38.25
2019-08-14,38.7
2019-08-15,37.800000000000004
2019-08-16,36.0
2019-08-17,29.25
2019-08-18,32.4
2019-08-19,38.25
2019-08-20,44.1
2019-08-21,45.0
2019-08-22,38.25
2019-08-23,37.800000000000004
2019-08-24,29.7
2019-08-25,31.95
2019-08-26,35.550000000000004
2019-08-27,37.800000000000004
2019-08-28,36.0
2019-08-29,40.050000000000004
2019-08-30,35.550000000000004
2019-08-31,28.8
2019-09-01,33.18
2019-09-02,35.28
2019-09-03,42.0
2019-09-04,41.16
2019-09-05,42.0
2019-09-06,39.9
2019-09-07,34.019999999999996
2019-09-08,33.18
2019-09-09,38.22
2019-09-10,39.48
2019-09-11,39.48
2019-09-12,37.8
2019-09-13,36.12
2019-09-14,31.5
2019-09-15,28.98
2019-09-16,37.379999999999995
2019-09-17,38.22
2019-09-18,37.379999999999995
2019-09-19,41.58
2019-09-20,35.28
2019-09-21,30.66
2019-09-22,30.66
2019-09-23,35.28
2019-09-24,38.64
2019-09-25,40.74
2019-09-26,39.48
2019-09-27,36.54
2019-09-28,29.82
2019-09-29,28.56
2019-09-30,39.9
2019-10-01,35.28
2019-10-02,41.16
2019-10-03,40.32
2019-10-04,34.86
2019-10-05,26.459999999999997
2019-10-06,28.56
2019-10-07,31.919999999999998
2019-10-08,36.12
2019-10-09,34.86
2019-10-10,33.6
2019-10-11,33.6
2019-10-12,26.88
2019-10-13,25.2
2019-10-14,34.86
2019-10-15,36.54
2019-10-16,34.86
2019-10-17,35.28
2019-10-18,32.339999999999996
2019-10-19,26.459999999999997
2019-10-20,28.56
2019-10-21,35.28
2019-10-22,39.48
2019-10-23,40.32
2019-10-24,42.0
2019-10-25,39.48
2019-10-26,30.24
2019-10-27,27.3
2019-10-28,38.22
2019-10-29,36.12
2019-10-30,36.12
2019-10-31,33.6
2019-11-01,25.919999999999998
2019-11-02,20.16
2019-11-03,20.64
2019-11-04,25.439999999999998
2019-11-05,27.36
2019-11-06,27.36
2019-11-07,27.36
2019-11-08,28.32
2019-11-09,23.04
2019-11-10,19.68
2019-11-11,25.919999999999998
2019-11-12,27.84
2019-11-13,26.4
2019-11-14,27.84
2019-11-15,26.4
2019-11-16,21.119999999999997
2019-11-17,24.0
2019-11-18,26.88
2019-11-19,27.84
2019-11-20,29.279999999999998
2019-11-21,26.88
2019-11-22,28.32
2019-11-23,24.96
2019-11-24,27.36
2019-11-25,29.759999999999998
2019-11-26,33.6
2019-11-27,30.24
2019-11-28,41.76
2019-11-29,48.0
2019-11-30,33.12
2019-12-01,30.6
2019-12-02,45.0
2019-12-03,42.300000000000004
2019-12-04,32.4
2019-12-05,32.4
2019-12-06,31.5
2019-12-07,23.85
2019-12-08,27.0
2019-12-09,27.0
2019-12-10,28.35
2019-12-11,32.4
2019-12-12,27.45
2019-12-13,27.45
2019-12-14,26.55
2019-12-15,22.95
2019-12-16,27.45
2019-12-17,27.45
2019-12-18,27.0
2019-12-19,27.0
2019-12-20,27.0
2019-12-21,25.2
2019-12-22,22.05
2019-12-23,27.0
2019-12-24,24.75
2019-12-25,21.150000000000002
2019-12-26,26.55
2019-12-27,27.900000000000002
2019-12-28,24.75
2019-12-29,22.05
2019-12-30,22.95
2019-12-31,24.3
2020-01-01,23.46
2020-01-02,34.04
2020-01-03,34.5
2020-01-04,25.76
2020-01-05,25.3
2020-01-06,37.72
2020-01-07,36.800000000000004
2020-01-08,38.18
2020-01-09,37.72
2020-01-10,34.96
2020-01-11,29.44
2020-01-12,24.84
2020-01-13,31.740000000000002
2020-01-14,31.740000000000002
2020-01-15,36.34
2020-01-16,34.04
2020-01-17,32.2
2020-01-18,27.6
2020-01-19,25.3
2020-01-20,30.82
2020-01-21,34.96
2020-01-22,36.34
2020-01-23,45.080000000000005
2020-01-24,46.0
2020-01-25,27.6
2020-01-26,29.900000000000002
2020-01-27,32.660000000000004
2020-01-28,34.96
2020-01-29,35.42
2020-01-30,34.04
2020-01-31,31.740000000000002
2020-02-01,32.68
2020-02-02,28.38
2020-02-03,35.69
2020-02-04,38.7
2020-02-05,37.41
2020-02-06,36.12
2020-02-07,38.269999999999996
2020-02-08,33.54
2020-02-09,32.25
2020-02-10,36.98
2020-02-11,41.28
2020-02-12,40.85
2020-02-13,35.69
2020-02-14,36.55
2020-02-15,36.98
2020-02-16,28.81
2020-02-17,32.68
2020-02-18,37.839999999999996
2020-02-19,37.839999999999996
2020-02-20,38.269999999999996
2020-02-21,37.41
2020-02-22,30.96
2020-02-23,30.96
2020-02-24,33.54
2020-02-25,37.41
2020-02-26,33.97
2020-02-27,36.98
2020-02-28,43.0
2020-02-29,30.53
2020-03-01,28.35
2020-03-02,36.45
2020-03-03,39.6
2020-03-04,40.95
2020-03-05,34.65
2020-03-06,39.15
2020-03-07,31.05
2020-03-08,27.45
2020-03-09,38.7
2020-03-10,40.95
2020-03-11,39.6
2020-03-12,36.9
2020-03-13,38.7
2020-03-14,36.0
2020-03-15,32.4
2020-03-16,38.7
2020-03-17,40.050000000000004
2020-03-18,40.050000000000004
2020-03-19,42.300000000000004
2020-03-20,41.85
2020-03-21,40.95
2020-03-22,35.550000000000004
2020-03-23,42.300000000000004
2020-03-24,45.0
2020-03-25,42.300000000000004
2020-03-26,42.75
2020-03-27,43.2
2020-03-28,36.45
2020-03-29,35.550000000000004
2020-03-30,42.75
2020-03-31,45.0
2020-04-01,40.28
2020-04-02,42.400000000000006
2020-04-03,37.63
2020-04-04,41.34
2020-04-05,36.04
2020-04-06,39.22
2020-04-07,39.75
2020-04-08,41.870000000000005
2020-04-09,40.81
2020-04-10,41.34
2020-04-11,36.57
2020-04-12,36.04
2020-04-13,41.870000000000005
2020-04-14,44.52
2020-04-15,48.760000000000005
2020-04-16,53.0
2020-04-17,49.29
2020-04-18,45.580000000000005
2020-04-19,44.52
2020-04-20,46.11
2020-04-21,42.400000000000006
2020-04-22,46.11
2020-04-23,52.470000000000006
2020-04-24,47.17
2020-04-25,39.75
2020-04-26,39.75
2020-04-27,41.870000000000005
2020-04-28,42.93
2020-04-29,43.46
2020-04-30,50.88
