date,Microsoft
2011-01-01,65.0
2011-01-02,75.0
2011-01-03,90.0
2011-01-04,98.0
2011-01-05,92.0
2011-01-06,100.0
2011-01-07,89.0
2011-01-08,76.0
2011-01-09,77.0
2011-01-10,88.0
2011-01-11,98.0
2011-01-12,92.0
2011-01-13,95.0
2011-01-14,87.0
2011-01-15,73.0
2011-01-16,75.0
2011-01-17,88.0
2011-01-18,97.0
2011-01-19,95.0
2011-01-20,97.0
2011-01-21,87.0
2011-01-22,77.0
2011-01-23,81.0
2011-01-24,97.0
2011-01-25,95.0
2011-01-26,100.0
2011-01-27,96.0
2011-01-28,92.0
2011-01-29,79.0
2011-01-30,82.0
2011-01-31,94.0
2011-02-01,96.0
2011-02-02,93.11999999999999
2011-02-03,91.2
2011-02-04,82.56
2011-02-05,74.88
2011-02-06,75.84
2011-02-07,86.39999999999999
2011-02-08,86.39999999999999
2011-02-09,94.08
2011-02-10,96.0
2011-02-11,85.44
2011-02-12,74.88
2011-02-13,79.67999999999999
2011-02-14,85.44
2011-02-15,88.32
2011-02-16,92.16
2011-02-17,85.44
2011-02-18,79.67999999999999
2011-02-19,64.32
2011-02-20,69.12
2011-02-21,82.56
2011-02-22,86.39999999999999
2011-02-23,88.32
2011-02-24,84.47999999999999
2011-02-25,86.39999999999999
2011-02-26,68.16
2011-02-27,74.88
2011-02-28,81.6
2011-03-01,91.08
2011-03-02,92.0
2011-03-03,91.08
2011-03-04,83.72
2011-03-05,70.84
2011-03-06,70.84
2011-03-07,87.4
2011-03-08,90.16000000000001
2011-03-09,89.24000000000001
2011-03-10,87.4
2011-03-11,78.2
2011-03-12,61.64
2011-03-13,59.800000000000004
2011-03-14,81.88000000000001
2011-03-15,83.72
2011-03-16,85.56
2011-03-17,81.88000000000001
2011-03-18,82.8
2011-03-19,65.32000000000001
2011-03-20,67.16
2011-03-21,79.12
2011-03-22,86.48
2011-03-23,88.32000000000001
2011-03-24,87.4
2011-03-25,80.96000000000001
2011-03-26,65.32000000000001
2011-03-27,71.76
2011-03-28,81.88000000000001
2011-03-29,85.56
2011-03-30,86.48
2011-03-31,83.72
2011-04-01,81.0
2011-04-02,64.8
2011-04-03,67.5
2011-04-04,83.7
2011-04-05,85.5
2011-04-06,84.60000000000001
2011-04-07,84.60000000000001
2011-04-08,77.4
2011-04-09,63.9
2011-04-10,67.5
2011-04-11,81.0
2011-04-12,86.4
2011-04-13,90.0
2011-04-14,89.10000000000001
2011-04-15,79.2
2011-04-16,65.7
2011-04-17,69.3
2011-04-18,82.8
2011-04-19,86.4
2011-04-20,89.10000000000001
2011-04-21,83.7
2011-04-22,74.7
2011-04-23,66.60000000000001
2011-04-24,63.9
2011-04-25,81.9
2011-04-26,85.5
2011-04-27,85.5
2011-04-28,81.0
2011-04-29,73.8
2011-04-30,59.4
2011-05-01,57.85
2011-05-02,66.75
2011-05-03,78.32000000000001
2011-05-04,72.98
2011-05-05,71.2
2011-05-06,72.98
2011-05-07,56.96
2011-05-08,57.85
2011-05-09,70.31
2011-05-10,89.0
2011-05-11,84.55
2011-05-12,79.21000000000001
2011-05-13,68.53
2011-05-14,56.96
2011-05-15,64.97
2011-05-16,74.76
2011-05-17,76.54
2011-05-18,74.76
2011-05-19,74.76
2011-05-20,66.75
2011-05-21,51.62
2011-05-22,58.74
2011-05-23,68.53
2011-05-24,76.54
2011-05-25,72.98
2011-05-26,69.42
2011-05-27,64.97
2011-05-28,54.29
2011-05-29,50.730000000000004
2011-05-30,60.52
2011-05-31,72.98
2011-06-01,76.44
2011-06-02,79.8
2011-06-03,70.56
2011-06-04,54.6
2011-06-05,57.12
2011-06-06,84.0
2011-06-07,80.64
2011-06-08,78.11999999999999
2011-06-09,78.11999999999999
2011-06-10,68.03999999999999
2011-06-11,53.76
2011-06-12,57.12
2011-06-13,73.08
2011-06-14,74.75999999999999
2011-06-15,78.11999999999999
2011-06-16,73.92
2011-06-17,73.08
2011-06-18,57.96
2011-06-19,55.44
2011-06-20,73.08
2011-06-21,74.75999999999999
2011-06-22,74.75999999999999
2011-06-23,73.92
2011-06-24,69.72
2011-06-25,54.6
2011-06-26,52.919999999999995
2011-06-27,72.24
2011-06-28,80.64
2011-06-29,75.6
2011-06-30,74.75999999999999
2011-07-01,69.16
2011-07-02,53.2
2011-07-03,49.4
2011-07-04,52.44
2011-07-05,67.64
2011-07-06,72.96000000000001
2011-07-07,72.2
2011-07-08,67.64
2011-07-09,53.2
2011-07-10,57.0
2011-07-11,72.2
2011-07-12,75.24
2011-07-13,73.72
2011-07-14,75.24
2011-07-15,67.64
2011-07-16,55.480000000000004
2011-07-17,51.68
2011-07-18,70.68
2011-07-19,72.2
2011-07-20,75.24
2011-07-21,76.0
2011-07-22,69.16
2011-07-23,52.44
2011-07-24,54.72
2011-07-25,67.64
2011-07-26,72.2
2011-07-27,72.96000000000001
2011-07-28,72.96000000000001
2011-07-29,68.4
2011-07-30,53.2
2011-07-31,56.24
2011-08-01,72.21
2011-08-02,73.86999999999999
2011-08-03,72.21
2011-08-04,74.7
2011-08-05,68.06
2011-08-06,53.12
2011-08-07,56.44
2011-08-08,68.89
2011-08-09,73.03999999999999
2011-08-10,77.19
2011-08-11,75.53
2011-08-12,66.39999999999999
2011-08-13,57.269999999999996
2011-08-14,58.93
2011-08-15,73.86999999999999
2011-08-16,74.7
2011-08-17,78.02
2011-08-18,77.19
2011-08-19,72.21
2011-08-20,58.099999999999994
2011-08-21,62.25
2011-08-22,77.19
2011-08-23,81.33999999999999
2011-08-24,83.0
2011-08-25,82.17
2011-08-26,70.55
2011-08-27,58.93
2011-08-28,60.589999999999996
2011-08-29,77.19
2011-08-30,83.0
2011-08-31,83.0
2011-09-01,77.4
2011-09-02,73.1
2011-09-03,54.18
2011-09-04,57.62
2011-09-05,65.36
2011-09-06,78.26
2011-09-07,80.84
2011-09-08,83.42
2011-09-09,74.82
2011-09-10,60.199999999999996
2011-09-11,58.48
2011-09-12,77.4
2011-09-13,83.42
2011-09-14,86.0
2011-09-15,83.42
2011-09-16,79.12
2011-09-17,57.62
2011-09-18,60.199999999999996
2011-09-19,79.12
2011-09-20,82.56
2011-09-21,83.42
2011-09-22,78.26
2011-09-23,70.52
2011-09-24,55.04
2011-09-25,61.06
2011-09-26,74.82
2011-09-27,75.67999999999999
2011-09-28,79.98
2011-09-29,76.53999999999999
2011-09-30,69.66
2011-10-01,53.46
2011-10-02,53.46
2011-10-03,71.28
2011-10-04,70.47
2011-10-05,71.28
2011-10-06,81.0
2011-10-07,68.85000000000001
2011-10-08,49.410000000000004
2011-10-09,52.650000000000006
2011-10-10,68.04
2011-10-11,70.47
2011-10-12,70.47
2011-10-13,71.28
2011-10-14,65.61
2011-10-15,50.220000000000006
2011-10-16,50.220000000000006
2011-10-17,68.04
2011-10-18,71.28
2011-10-19,70.47
2011-10-20,69.66000000000001
2011-10-21,63.99
2011-10-22,49.410000000000004
2011-10-23,51.84
2011-10-24,66.42
2011-10-25,69.66000000000001
2011-10-26,71.28
2011-10-27,68.04
2011-10-28,60.75000000000001
2011-10-29,48.6
2011-10-30,50.220000000000006
2011-10-31,60.75000000000001
2011-11-01,70.98
2011-11-02,71.76
2011-11-03,69.42
2011-11-04,67.08
2011-11-05,51.480000000000004
2011-11-06,53.04
2011-11-07,68.64
2011-11-08,70.2
2011-11-09,71.76
2011-11-10,69.42
2011-11-11,63.18
2011-11-12,50.7
2011-11-13,53.82
2011-11-14,67.86
2011-11-15,70.98
2011-11-16,70.2
2011-11-17,70.98
2011-11-18,62.400000000000006
2011-11-19,50.7
2011-11-20,53.04
2011-11-21,66.3
2011-11-22,67.08
2011-11-23,60.84
2011-11-24,46.02
2011-11-25,60.84
2011-11-26,55.38
2011-11-27,59.28
2011-11-28,78.0
2011-11-29,76.44
2011-11-30,72.54
2011-12-01,76.0
2011-12-02,71.44
2011-12-03,56.24
2011-12-04,55.480000000000004
2011-12-05,72.2
2011-12-06,75.24
2011-12-07,74.48
2011-12-08,74.48
2011-12-09,67.64
2011-12-10,55.480000000000004
2011-12-11,57.0
2011-12-12,72.2
2011-12-13,73.72
2011-12-14,71.44
2011-12-15,72.2
2011-12-16,66.12
2011-12-17,50.160000000000004
2011-12-18,53.2
2011-12-19,66.12
2011-12-20,65.36
2011-12-21,65.36
2011-12-22,62.32
2011-12-23,53.96
2011-12-24,47.12
2011-12-25,59.28
2011-12-26,59.28
2011-12-27,63.84
2011-12-28,64.6
2011-12-29,63.84
2011-12-30,59.28
2011-12-31,49.4
2012-01-01,45.03
2012-01-02,59.25
2012-01-03,71.10000000000001
2012-01-04,72.68
2012-01-05,73.47
2012-01-06,70.31
2012-01-07,55.300000000000004
2012-01-08,56.88
2012-01-09,74.26
2012-01-10,79.0
2012-01-11,78.21000000000001
2012-01-12,76.63000000000001
2012-01-13,72.68
2012-01-14,55.300000000000004
2012-01-15,54.510000000000005
2012-01-16,67.15
2012-01-17,75.84
2012-01-18,76.63000000000001
2012-01-19,73.47
2012-01-20,69.52000000000001
2012-01-21,55.300000000000004
2012-01-22,55.300000000000004
2012-01-23,70.31
2012-01-24,74.26
2012-01-25,75.05
2012-01-26,76.63000000000001
2012-01-27,69.52000000000001
2012-01-28,54.510000000000005
2012-01-29,58.46
2012-01-30,70.31
2012-01-31,72.68
2012-02-01,74.25
2012-02-02,70.5
2012-02-03,66.0
2012-02-04,53.25
2012-02-05,52.5
2012-02-06,63.75
2012-02-07,71.25
2012-02-08,72.0
2012-02-09,69.75
2012-02-10,66.75
2012-02-11,51.75
2012-02-12,50.25
2012-02-13,66.75
2012-02-14,68.25
2012-02-15,70.5
2012-02-16,72.75
2012-02-17,66.75
2012-02-18,52.5
2012-02-19,53.25
2012-02-20,64.5
2012-02-21,72.0
2012-02-22,69.0
2012-02-23,66.75
2012-02-24,63.0
2012-02-25,52.5
2012-02-26,51.0
2012-02-27,64.5
2012-02-28,72.0
2012-02-29,75.0
2012-03-01,73.0
2012-03-02,65.7
2012-03-03,53.29
2012-03-04,55.48
2012-03-05,65.7
2012-03-06,64.97
2012-03-07,63.51
2012-03-08,62.05
2012-03-09,58.4
2012-03-10,49.64
2012-03-11,47.449999999999996
2012-03-12,60.589999999999996
2012-03-13,63.51
2012-03-14,62.05
2012-03-15,61.32
2012-03-16,59.86
2012-03-17,43.8
2012-03-18,46.72
2012-03-19,60.589999999999996
2012-03-20,66.42999999999999
2012-03-21,63.51
2012-03-22,61.32
2012-03-23,56.94
2012-03-24,44.53
2012-03-25,46.72
2012-03-26,62.78
2012-03-27,65.7
2012-03-28,64.24
2012-03-29,64.97
2012-03-30,56.94
2012-03-31,40.15
2012-04-01,48.96
2012-04-02,64.8
2012-04-03,68.39999999999999
2012-04-04,66.24
2012-04-05,65.52
2012-04-06,59.76
2012-04-07,47.519999999999996
2012-04-08,56.879999999999995
2012-04-09,65.52
2012-04-10,69.12
2012-04-11,72.0
2012-04-12,72.0
2012-04-13,63.36
2012-04-14,49.68
2012-04-15,51.12
2012-04-16,66.96
2012-04-17,67.67999999999999
2012-04-18,67.67999999999999
2012-04-19,68.39999999999999
2012-04-20,64.08
2012-04-21,47.519999999999996
2012-04-22,56.16
2012-04-23,69.12
2012-04-24,69.84
2012-04-25,71.28
2012-04-26,71.28
2012-04-27,61.919999999999995
2012-04-28,51.839999999999996
2012-04-29,51.839999999999996
2012-04-30,69.12
2012-05-01,67.89999999999999
2012-05-02,67.89999999999999
2012-05-03,66.5
2012-05-04,59.49999999999999
2012-05-05,46.9
2012-05-06,46.9
2012-05-07,63.699999999999996
2012-05-08,62.99999999999999
2012-05-09,68.6
2012-05-10,70.0
2012-05-11,64.39999999999999
2012-05-12,46.9
2012-05-13,51.099999999999994
2012-05-14,62.3
2012-05-15,65.8
2012-05-16,67.89999999999999
2012-05-17,64.39999999999999
2012-05-18,60.199999999999996
2012-05-19,46.199999999999996
2012-05-20,47.599999999999994
2012-05-21,62.99999999999999
2012-05-22,67.19999999999999
2012-05-23,63.699999999999996
2012-05-24,62.3
2012-05-25,56.0
2012-05-26,42.0
2012-05-27,41.3
2012-05-28,46.199999999999996
2012-05-29,56.0
2012-05-30,63.699999999999996
2012-05-31,63.699999999999996
2012-06-01,30.42
2012-06-02,22.62
2012-06-03,23.400000000000002
2012-06-04,36.660000000000004
2012-06-05,35.1
2012-06-06,34.32
2012-06-07,32.76
2012-06-08,29.64
2012-06-09,22.62
2012-06-10,22.62
2012-06-11,31.200000000000003
2012-06-12,33.54
2012-06-13,31.98
2012-06-14,32.76
2012-06-15,31.200000000000003
2012-06-16,22.62
2012-06-17,23.400000000000002
2012-06-18,49.92
2012-06-19,78.0
2012-06-20,48.36
2012-06-21,41.34
2012-06-22,35.88
2012-06-23,26.52
2012-06-24,26.52
2012-06-25,33.54
2012-06-26,35.88
2012-06-27,34.32
2012-06-28,34.32
2012-06-29,28.86
2012-06-30,24.18
2012-07-01,44.88
2012-07-02,58.480000000000004
2012-07-03,58.480000000000004
2012-07-04,44.2
2012-07-05,56.440000000000005
2012-07-06,60.52
2012-07-07,46.24
2012-07-08,48.96
2012-07-09,61.88
2012-07-10,63.24
2012-07-11,65.28
2012-07-12,64.60000000000001
2012-07-13,57.800000000000004
2012-07-14,46.24
2012-07-15,48.28
2012-07-16,65.96000000000001
2012-07-17,68.0
2012-07-18,65.96000000000001
2012-07-19,65.28
2012-07-20,58.480000000000004
2012-07-21,45.56
2012-07-22,45.56
2012-07-23,61.2
2012-07-24,63.92
2012-07-25,60.52
2012-07-26,65.28
2012-07-27,59.160000000000004
2012-07-28,41.480000000000004
2012-07-29,45.56
2012-07-30,63.24
2012-07-31,63.92
2012-08-01,58.52
2012-08-02,59.28
2012-08-03,53.2
2012-08-04,43.32
2012-08-05,41.8
2012-08-06,55.480000000000004
2012-08-07,57.0
2012-08-08,59.28
2012-08-09,57.76
2012-08-10,53.96
2012-08-11,44.84
2012-08-12,44.08
2012-08-13,58.52
2012-08-14,63.08
2012-08-15,62.32
2012-08-16,65.36
2012-08-17,56.24
2012-08-18,47.88
2012-08-19,49.4
2012-08-20,62.32
2012-08-21,67.64
2012-08-22,66.12
2012-08-23,76.0
2012-08-24,69.16
2012-08-25,52.44
2012-08-26,53.2
2012-08-27,65.36
2012-08-28,70.68
2012-08-29,68.4
2012-08-30,68.4
2012-08-31,60.04
2012-09-01,50.050000000000004
2012-09-02,50.050000000000004
2012-09-03,56.21
2012-09-04,70.84
2012-09-05,76.23
2012-09-06,75.46000000000001
2012-09-07,67.76
2012-09-08,51.59
2012-09-09,57.75
2012-09-10,71.61
2012-09-11,75.46000000000001
2012-09-12,73.92
2012-09-13,72.38
2012-09-14,65.45
2012-09-15,49.28
2012-09-16,54.67
2012-09-17,69.3
2012-09-18,77.0
2012-09-19,76.23
2012-09-20,72.38
2012-09-21,66.99
2012-09-22,53.13
2012-09-23,53.9
2012-09-24,69.3
2012-09-25,70.07000000000001
2012-09-26,70.07000000000001
2012-09-27,71.61
2012-09-28,64.68
2012-09-29,47.74
2012-09-30,53.13
2012-10-01,63.91
2012-10-02,67.22999999999999
2012-10-03,67.22999999999999
2012-10-04,62.25
2012-10-05,58.099999999999994
2012-10-06,46.48
2012-10-07,45.65
2012-10-08,61.419999999999995
2012-10-09,64.74
2012-10-10,66.39999999999999
2012-10-11,63.91
2012-10-12,59.76
2012-10-13,46.48
2012-10-14,46.48
2012-10-15,62.25
2012-10-16,79.67999999999999
2012-10-17,74.7
2012-10-18,68.89
2012-10-19,65.57
2012-10-20,52.29
2012-10-21,54.779999999999994
2012-10-22,71.38
2012-10-23,73.03999999999999
2012-10-24,74.7
2012-10-25,77.19
2012-10-26,83.0
2012-10-27,68.89
2012-10-28,67.22999999999999
2012-10-29,76.36
2012-10-30,75.53
2012-10-31,68.89
2012-11-01,77.35
2012-11-02,73.1
2012-11-03,61.199999999999996
2012-11-04,61.199999999999996
2012-11-05,80.75
2012-11-06,73.1
2012-11-07,68.0
2012-11-08,81.6
2012-11-09,77.35
2012-11-10,60.35
2012-11-11,62.9
2012-11-12,78.2
2012-11-13,81.6
2012-11-14,78.2
2012-11-15,81.6
2012-11-16,73.95
2012-11-17,59.5
2012-11-18,63.75
2012-11-19,81.6
2012-11-20,79.05
2012-11-21,69.7
2012-11-22,69.7
2012-11-23,77.35
2012-11-24,69.7
2012-11-25,73.1
2012-11-26,84.14999999999999
2012-11-27,85.0
2012-11-28,81.6
2012-11-29,79.05
2012-11-30,71.39999999999999
2012-12-01,59.129999999999995
2012-12-02,58.4
2012-12-03,73.0
2012-12-04,72.27
2012-12-05,70.81
2012-12-06,70.08
2012-12-07,68.62
2012-12-08,53.29
2012-12-09,54.75
2012-12-10,66.42999999999999
2012-12-11,68.62
2012-12-12,67.89
2012-12-13,67.89
2012-12-14,59.129999999999995
2012-12-15,51.1
2012-12-16,51.83
2012-12-17,62.78
2012-12-18,62.05
2012-12-19,60.589999999999996
2012-12-20,59.86
2012-12-21,54.75
2012-12-22,46.72
2012-12-23,46.72
2012-12-24,51.1
2012-12-25,58.4
2012-12-26,64.24
2012-12-27,61.32
2012-12-28,59.86
2012-12-29,49.64
2012-12-30,47.449999999999996
2012-12-31,50.37
2013-01-01,46.97
2013-01-02,63.910000000000004
2013-01-03,65.45
2013-01-04,63.910000000000004
2013-01-05,51.59
2013-01-06,53.9
2013-01-07,66.99
2013-01-08,66.99
2013-01-09,69.3
2013-01-10,69.3
2013-01-11,64.68
2013-01-12,51.59
2013-01-13,57.75
2013-01-14,66.99
2013-01-15,70.84
2013-01-16,68.53
2013-01-17,70.84
2013-01-18,65.45
2013-01-19,50.82
2013-01-20,49.28
2013-01-21,63.14
2013-01-22,70.84
2013-01-23,74.69
2013-01-24,70.84
2013-01-25,70.07000000000001
2013-01-26,53.9
2013-01-27,53.9
2013-01-28,63.910000000000004
2013-01-29,75.46000000000001
2013-01-30,77.0
2013-01-31,75.46000000000001
2013-02-01,73.92
2013-02-02,56.980000000000004
2013-02-03,56.21
2013-02-04,67.76
2013-02-05,73.15
2013-02-06,77.0
2013-02-07,74.69
2013-02-08,68.53
2013-02-09,60.83
2013-02-10,61.6
2013-02-11,72.38
2013-02-12,73.92
2013-02-13,73.92
2013-02-14,68.53
2013-02-15,67.76
2013-02-16,55.44
2013-02-17,56.980000000000004
2013-02-18,69.3
2013-02-19,71.61
2013-02-20,73.92
2013-02-21,75.46000000000001
2013-02-22,70.07000000000001
2013-02-23,59.29
2013-02-24,59.29
2013-02-25,68.53
2013-02-26,75.46000000000001
2013-02-27,73.92
2013-02-28,72.38
2013-03-01,67.67999999999999
2013-03-02,52.559999999999995
2013-03-03,56.16
2013-03-04,69.84
2013-03-05,71.28
2013-03-06,67.67999999999999
2013-03-07,70.56
2013-03-08,66.24
2013-03-09,51.839999999999996
2013-03-10,52.559999999999995
2013-03-11,64.8
2013-03-12,71.28
2013-03-13,71.28
2013-03-14,70.56
2013-03-15,64.8
2013-03-16,52.559999999999995
2013-03-17,54.0
2013-03-18,66.96
2013-03-19,72.0
2013-03-20,70.56
2013-03-21,69.12
2013-03-22,64.08
2013-03-23,50.4
2013-03-24,50.4
2013-03-25,64.8
2013-03-26,67.67999999999999
2013-03-27,67.67999999999999
2013-03-28,63.36
2013-03-29,59.76
2013-03-30,48.96
2013-03-31,52.559999999999995
2013-04-01,67.19999999999999
2013-04-02,66.5
2013-04-03,69.3
2013-04-04,67.89999999999999
2013-04-05,63.699999999999996
2013-04-06,47.599999999999994
2013-04-07,51.099999999999994
2013-04-08,66.5
2013-04-09,66.5
2013-04-10,67.89999999999999
2013-04-11,70.0
2013-04-12,63.699999999999996
2013-04-13,51.099999999999994
2013-04-14,50.4
2013-04-15,61.599999999999994
2013-04-16,65.1
2013-04-17,67.89999999999999
2013-04-18,64.39999999999999
2013-04-19,59.49999999999999
2013-04-20,45.5
2013-04-21,49.0
2013-04-22,65.1
2013-04-23,70.0
2013-04-24,67.89999999999999
2013-04-25,66.5
2013-04-26,60.9
2013-04-27,46.9
2013-04-28,46.9
2013-04-29,63.699999999999996
2013-04-30,67.89999999999999
2013-05-01,57.269999999999996
2013-05-02,55.88999999999999
2013-05-03,51.74999999999999
2013-05-04,37.26
2013-05-05,40.019999999999996
2013-05-06,53.81999999999999
2013-05-07,57.959999999999994
2013-05-08,55.88999999999999
2013-05-09,55.199999999999996
2013-05-10,50.37
2013-05-11,37.26
2013-05-12,39.33
2013-05-13,53.81999999999999
2013-05-14,56.58
2013-05-15,57.269999999999996
2013-05-16,55.88999999999999
2013-05-17,53.129999999999995
2013-05-18,40.019999999999996
2013-05-19,38.64
2013-05-20,56.58
2013-05-21,69.0
2013-05-22,62.099999999999994
2013-05-23,56.58
2013-05-24,49.67999999999999
2013-05-25,38.64
2013-05-26,39.33
2013-05-27,42.089999999999996
2013-05-28,53.129999999999995
2013-05-29,55.88999999999999
2013-05-30,53.81999999999999
2013-05-31,53.129999999999995
2013-06-01,36.18
2013-06-02,36.85
2013-06-03,52.260000000000005
2013-06-04,55.61000000000001
2013-06-05,57.620000000000005
2013-06-06,54.940000000000005
2013-06-07,52.260000000000005
2013-06-08,36.85
2013-06-09,38.86
2013-06-10,61.64
2013-06-11,67.0
2013-06-12,57.620000000000005
2013-06-13,55.61000000000001
2013-06-14,51.59
2013-06-15,40.2
2013-06-16,38.190000000000005
2013-06-17,53.6
2013-06-18,56.28
2013-06-19,56.95
2013-06-20,57.620000000000005
2013-06-21,49.580000000000005
2013-06-22,37.52
2013-06-23,37.52
2013-06-24,50.92
2013-06-25,52.93
2013-06-26,53.6
2013-06-27,53.6
2013-06-28,48.24
2013-06-29,38.190000000000005
2013-06-30,36.85
2013-07-01,55.68
2013-07-02,58.88
2013-07-03,55.04
2013-07-04,40.32
2013-07-05,44.800000000000004
2013-07-06,39.68
2013-07-07,37.12
2013-07-08,54.4
2013-07-09,56.96
2013-07-10,59.52
2013-07-11,64.0
2013-07-12,56.32
2013-07-13,42.24
2013-07-14,40.32
2013-07-15,60.800000000000004
2013-07-16,58.24
2013-07-17,58.24
2013-07-18,60.160000000000004
2013-07-19,57.6
2013-07-20,44.800000000000004
2013-07-21,43.52
2013-07-22,58.24
2013-07-23,61.44
2013-07-24,59.52
2013-07-25,58.24
2013-07-26,53.76
2013-07-27,42.88
2013-07-28,44.160000000000004
2013-07-29,56.32
2013-07-30,58.88
2013-07-31,59.52
2013-08-01,57.67
2013-08-02,56.94
2013-08-03,43.8
2013-08-04,44.53
2013-08-05,59.129999999999995
2013-08-06,61.32
2013-08-07,59.86
2013-08-08,61.32
2013-08-09,55.48
2013-08-10,45.26
2013-08-11,46.72
2013-08-12,60.589999999999996
2013-08-13,62.78
2013-08-14,67.16
2013-08-15,62.05
2013-08-16,58.4
2013-08-17,48.18
2013-08-18,47.449999999999996
2013-08-19,65.7
2013-08-20,69.35
2013-08-21,69.35
2013-08-22,68.62
2013-08-23,68.62
2013-08-24,51.83
2013-08-25,51.1
2013-08-26,68.62
2013-08-27,70.81
2013-08-28,73.0
2013-08-29,68.62
2013-08-30,64.24
2013-08-31,46.72
2013-09-01,45.24
2013-09-02,52.260000000000005
2013-09-03,78.0
2013-09-04,70.98
2013-09-05,70.98
2013-09-06,62.400000000000006
2013-09-07,46.02
2013-09-08,49.14
2013-09-09,65.52
2013-09-10,70.2
2013-09-11,69.42
2013-09-12,73.32000000000001
2013-09-13,69.42
2013-09-14,52.260000000000005
2013-09-15,52.260000000000005
2013-09-16,72.54
2013-09-17,70.98
2013-09-18,70.2
2013-09-19,67.86
2013-09-20,61.620000000000005
2013-09-21,46.800000000000004
2013-09-22,52.260000000000005
2013-09-23,73.32000000000001
2013-09-24,72.54
2013-09-25,71.76
2013-09-26,69.42
2013-09-27,64.74000000000001
2013-09-28,47.58
2013-09-29,52.260000000000005
2013-09-30,69.42
2013-10-01,70.2
2013-10-02,69.42
2013-10-03,68.64
2013-10-04,61.620000000000005
2013-10-05,47.58
2013-10-06,51.480000000000004
2013-10-07,67.86
2013-10-08,70.98
2013-10-09,72.54
2013-10-10,67.86
2013-10-11,61.620000000000005
2013-10-12,46.02
2013-10-13,48.36
2013-10-14,64.74000000000001
2013-10-15,66.3
2013-10-16,67.86
2013-10-17,71.76
2013-10-18,68.64
2013-10-19,49.14
2013-10-20,53.04
2013-10-21,72.54
2013-10-22,73.32000000000001
2013-10-23,78.0
2013-10-24,72.54
2013-10-25,65.52
2013-10-26,49.92
2013-10-27,53.04
2013-10-28,70.2
2013-10-29,69.42
2013-10-30,71.76
2013-10-31,67.86
2013-11-01,53.9
2013-11-02,44.660000000000004
2013-11-03,46.2
2013-11-04,58.52
2013-11-05,60.83
2013-11-06,60.83
2013-11-07,60.83
2013-11-08,55.44
2013-11-09,43.89
2013-11-10,44.660000000000004
2013-11-11,53.9
2013-11-12,60.83
2013-11-13,63.910000000000004
2013-11-14,59.29
2013-11-15,56.980000000000004
2013-11-16,45.43
2013-11-17,45.43
2013-11-18,62.370000000000005
2013-11-19,62.370000000000005
2013-11-20,63.910000000000004
2013-11-21,66.99
2013-11-22,64.68
2013-11-23,50.050000000000004
2013-11-24,48.51
2013-11-25,61.6
2013-11-26,59.29
2013-11-27,58.52
2013-11-28,65.45
2013-11-29,77.0
2013-11-30,60.06
2013-12-01,55.5
2013-12-02,75.0
2013-12-03,73.5
2013-12-04,69.75
2013-12-05,67.5
2013-12-06,64.5
2013-12-07,52.5
2013-12-08,52.5
2013-12-09,72.75
2013-12-10,67.5
2013-12-11,64.5
2013-12-12,63.75
2013-12-13,58.5
2013-12-14,48.75
2013-12-15,48.75
2013-12-16,58.5
2013-12-17,62.25
2013-12-18,58.5
2013-12-19,59.25
2013-12-20,54.0
2013-12-21,43.5
2013-12-22,43.5
2013-12-23,50.25
2013-12-24,45.0
2013-12-25,63.75
2013-12-26,60.75
2013-12-27,56.25
2013-12-28,46.5
2013-12-29,46.5
2013-12-30,51.0
2013-12-31,48.75
2014-01-01,46.15
2014-01-02,61.059999999999995
2014-01-03,60.349999999999994
2014-01-04,47.57
2014-01-05,48.989999999999995
2014-01-06,61.769999999999996
2014-01-07,62.48
2014-01-08,68.86999999999999
2014-01-09,69.58
2014-01-10,63.9
2014-01-11,49.699999999999996
2014-01-12,53.959999999999994
2014-01-13,68.86999999999999
2014-01-14,71.0
2014-01-15,71.0
2014-01-16,69.58
2014-01-17,64.61
2014-01-18,53.25
2014-01-19,48.989999999999995
2014-01-20,60.349999999999994
2014-01-21,68.16
2014-01-22,69.58
2014-01-23,68.86999999999999
2014-01-24,63.19
2014-01-25,51.12
2014-01-26,50.41
2014-01-27,66.03
2014-01-28,70.28999999999999
2014-01-29,68.16
2014-01-30,68.16
2014-01-31,67.45
2014-02-01,49.68
2014-02-02,46.08
2014-02-03,61.919999999999995
2014-02-04,72.0
2014-02-05,69.12
2014-02-06,62.64
2014-02-07,59.04
2014-02-08,45.36
2014-02-09,45.36
2014-02-10,59.76
2014-02-11,60.48
2014-02-12,62.64
2014-02-13,59.04
2014-02-14,53.28
2014-02-15,42.48
2014-02-16,44.64
2014-02-17,54.0
2014-02-18,59.04
2014-02-19,61.919999999999995
2014-02-20,60.48
2014-02-21,55.44
2014-02-22,43.199999999999996
2014-02-23,45.36
2014-02-24,57.599999999999994
2014-02-25,60.48
2014-02-26,61.199999999999996
2014-02-27,59.76
2014-02-28,56.879999999999995
2014-03-01,46.919999999999995
2014-03-02,46.23
2014-03-03,56.58
2014-03-04,60.029999999999994
2014-03-05,60.029999999999994
2014-03-06,60.72
2014-03-07,56.58
2014-03-08,41.4
2014-03-09,45.54
2014-03-10,58.65
2014-03-11,60.029999999999994
2014-03-12,60.029999999999994
2014-03-13,59.339999999999996
2014-03-14,54.51
2014-03-15,41.4
2014-03-16,44.849999999999994
2014-03-17,57.959999999999994
2014-03-18,61.41
2014-03-19,60.029999999999994
2014-03-20,59.339999999999996
2014-03-21,53.81999999999999
2014-03-22,44.16
2014-03-23,44.16
2014-03-24,60.72
2014-03-25,62.099999999999994
2014-03-26,62.78999999999999
2014-03-27,69.0
2014-03-28,62.78999999999999
2014-03-29,47.61
2014-03-30,46.919999999999995
2014-03-31,62.099999999999994
2014-04-01,64.39999999999999
2014-04-02,66.5
2014-04-03,67.89999999999999
2014-04-04,62.3
2014-04-05,47.599999999999994
2014-04-06,47.599999999999994
2014-04-07,60.199999999999996
2014-04-08,70.0
2014-04-09,67.89999999999999
2014-04-10,64.39999999999999
2014-04-11,59.49999999999999
2014-04-12,42.0
2014-04-13,42.0
2014-04-14,58.099999999999994
2014-04-15,62.3
2014-04-16,63.699999999999996
2014-04-17,60.9
2014-04-18,56.0
2014-04-19,39.199999999999996
2014-04-20,39.9
2014-04-21,58.8
2014-04-22,60.9
2014-04-23,61.599999999999994
2014-04-24,60.9
2014-04-25,57.4
2014-04-26,41.3
2014-04-27,43.4
2014-04-28,63.699999999999996
2014-04-29,67.89999999999999
2014-04-30,66.5
2014-05-01,66.0
2014-05-02,60.06
2014-05-03,40.92
2014-05-04,40.92
2014-05-05,56.760000000000005
2014-05-06,58.080000000000005
2014-05-07,56.760000000000005
2014-05-08,53.46
2014-05-09,50.82
2014-05-10,36.96
2014-05-11,37.620000000000005
2014-05-12,52.800000000000004
2014-05-13,56.1
2014-05-14,56.1
2014-05-15,56.760000000000005
2014-05-16,50.82
2014-05-17,36.96
2014-05-18,36.96
2014-05-19,54.78
2014-05-20,63.36
2014-05-21,60.720000000000006
2014-05-22,58.74
2014-05-23,52.14
2014-05-24,38.28
2014-05-25,35.64
2014-05-26,39.6
2014-05-27,52.14
2014-05-28,56.760000000000005
2014-05-29,58.74
2014-05-30,54.78
2014-05-31,37.620000000000005
2014-06-01,38.44
2014-06-02,55.8
2014-06-03,55.8
2014-06-04,57.04
2014-06-05,57.04
2014-06-06,49.6
2014-06-07,35.96
2014-06-08,37.82
2014-06-09,61.38
2014-06-10,59.519999999999996
2014-06-11,59.519999999999996
2014-06-12,57.66
2014-06-13,51.46
2014-06-14,38.44
2014-06-15,35.339999999999996
2014-06-16,56.42
2014-06-17,55.8
2014-06-18,57.04
2014-06-19,55.8
2014-06-20,51.46
2014-06-21,38.44
2014-06-22,36.58
2014-06-23,53.94
2014-06-24,62.0
2014-06-25,55.8
2014-06-26,53.94
2014-06-27,53.32
2014-06-28,37.2
2014-06-29,36.58
2014-06-30,50.22
2014-07-01,46.62
2014-07-02,49.14
2014-07-03,44.73
2014-07-04,30.87
2014-07-05,28.35
2014-07-06,32.13
2014-07-07,46.62
2014-07-08,49.77
2014-07-09,51.03
2014-07-10,49.14
2014-07-11,44.73
2014-07-12,33.39
2014-07-13,30.87
2014-07-14,49.14
2014-07-15,52.29
2014-07-16,51.03
2014-07-17,63.0
2014-07-18,52.92
2014-07-19,36.54
2014-07-20,36.54
2014-07-21,49.77
2014-07-22,53.55
2014-07-23,52.29
2014-07-24,50.4
2014-07-25,47.88
2014-07-26,34.65
2014-07-27,36.54
2014-07-28,48.51
2014-07-29,51.03
2014-07-30,52.92
2014-07-31,51.03
2014-08-01,48.96
2014-08-02,39.440000000000005
2014-08-03,39.440000000000005
2014-08-04,54.400000000000006
2014-08-05,55.760000000000005
2014-08-06,58.480000000000004
2014-08-07,55.760000000000005
2014-08-08,53.040000000000006
2014-08-09,39.440000000000005
2014-08-10,38.080000000000005
2014-08-11,54.400000000000006
2014-08-12,55.760000000000005
2014-08-13,55.080000000000005
2014-08-14,55.080000000000005
2014-08-15,53.720000000000006
2014-08-16,41.480000000000004
2014-08-17,41.480000000000004
2014-08-18,59.84
2014-08-19,66.64
2014-08-20,61.2
2014-08-21,63.24
2014-08-22,57.120000000000005
2014-08-23,45.56
2014-08-24,46.24
2014-08-25,61.88
2014-08-26,67.32000000000001
2014-08-27,68.0
2014-08-28,65.96000000000001
2014-08-29,58.480000000000004
2014-08-30,43.52
2014-08-31,44.2
2014-09-01,51.68
2014-09-02,66.88
2014-09-03,66.88
2014-09-04,69.92
2014-09-05,65.36
2014-09-06,47.12
2014-09-07,50.160000000000004
2014-09-08,68.4
2014-09-09,69.16
2014-09-10,72.2
2014-09-11,72.2
2014-09-12,65.36
2014-09-13,50.92
2014-09-14,50.92
2014-09-15,74.48
2014-09-16,76.0
2014-09-17,72.2
2014-09-18,69.92
2014-09-19,63.84
2014-09-20,46.36
2014-09-21,48.64
2014-09-22,63.08
2014-09-23,69.92
2014-09-24,66.12
2014-09-25,67.64
2014-09-26,60.8
2014-09-27,45.6
2014-09-28,47.88
2014-09-29,64.6
2014-09-30,69.92
2014-10-01,64.08
2014-10-02,65.52
2014-10-03,57.599999999999994
2014-10-04,42.48
2014-10-05,45.36
2014-10-06,61.919999999999995
2014-10-07,60.48
2014-10-08,61.199999999999996
2014-10-09,59.04
2014-10-10,61.919999999999995
2014-10-11,43.199999999999996
2014-10-12,41.76
2014-10-13,59.76
2014-10-14,61.919999999999995
2014-10-15,63.36
2014-10-16,61.199999999999996
2014-10-17,56.879999999999995
2014-10-18,43.92
2014-10-19,46.08
2014-10-20,64.08
2014-10-21,64.8
2014-10-22,65.52
2014-10-23,62.64
2014-10-24,56.16
2014-10-25,42.48
2014-10-26,45.36
2014-10-27,61.919999999999995
2014-10-28,64.08
2014-10-29,62.64
2014-10-30,72.0
2014-10-31,63.36
2014-11-01,48.96
2014-11-02,50.4
2014-11-03,67.67999999999999
2014-11-04,65.52
2014-11-05,66.96
2014-11-06,68.39999999999999
2014-11-07,64.08
2014-11-08,46.8
2014-11-09,46.08
2014-11-10,64.08
2014-11-11,69.12
2014-11-12,72.0
2014-11-13,67.67999999999999
2014-11-14,63.36
2014-11-15,48.96
2014-11-16,47.519999999999996
2014-11-17,65.52
2014-11-18,69.12
2014-11-19,68.39999999999999
2014-11-20,66.24
2014-11-21,61.919999999999995
2014-11-22,48.239999999999995
2014-11-23,49.68
2014-11-24,63.36
2014-11-25,61.199999999999996
2014-11-26,59.76
2014-11-27,62.64
2014-11-28,66.96
2014-11-29,57.599999999999994
2014-11-30,54.72
2014-12-01,71.0
2014-12-02,70.28999999999999
2014-12-03,65.32
2014-12-04,66.03
2014-12-05,58.22
2014-12-06,50.41
2014-12-07,46.86
2014-12-08,63.19
2014-12-09,65.32
2014-12-10,63.9
2014-12-11,63.9
2014-12-12,62.48
2014-12-13,49.699999999999996
2014-12-14,48.989999999999995
2014-12-15,58.93
2014-12-16,62.48
2014-12-17,59.64
2014-12-18,58.93
2014-12-19,56.8
2014-12-20,42.599999999999994
2014-12-21,41.18
2014-12-22,51.12
2014-12-23,51.83
2014-12-24,44.73
2014-12-25,65.32
2014-12-26,63.19
2014-12-27,51.12
2014-12-28,43.309999999999995
2014-12-29,51.12
2014-12-30,51.12
2014-12-31,46.15
2015-01-01,33.599999999999994
2015-01-02,42.0
2015-01-03,37.099999999999994
2015-01-04,38.5
2015-01-05,51.099999999999994
2015-01-06,54.599999999999994
2015-01-07,51.8
2015-01-08,53.9
2015-01-09,49.699999999999996
2015-01-10,37.8
2015-01-11,38.5
2015-01-12,53.199999999999996
2015-01-13,55.3
2015-01-14,57.4
2015-01-15,53.199999999999996
2015-01-16,49.699999999999996
2015-01-17,37.8
2015-01-18,37.099999999999994
2015-01-19,44.8
2015-01-20,53.199999999999996
2015-01-21,62.99999999999999
2015-01-22,70.0
2015-01-23,61.599999999999994
2015-01-24,46.9
2015-01-25,44.099999999999994
2015-01-26,56.0
2015-01-27,60.9
2015-01-28,59.49999999999999
2015-01-29,58.099999999999994
2015-01-30,52.5
2015-01-31,39.9
2015-02-01,46.92
2015-02-02,65.96000000000001
2015-02-03,68.0
2015-02-04,65.96000000000001
2015-02-05,66.64
2015-02-06,59.84
2015-02-07,46.24
2015-02-08,45.56
2015-02-09,64.60000000000001
2015-02-10,63.92
2015-02-11,66.64
2015-02-12,64.60000000000001
2015-02-13,59.160000000000004
2015-02-14,43.52
2015-02-15,44.2
2015-02-16,57.800000000000004
2015-02-17,60.52
2015-02-18,63.24
2015-02-19,61.2
2015-02-20,58.480000000000004
2015-02-21,46.24
2015-02-22,44.88
2015-02-23,59.84
2015-02-24,64.60000000000001
2015-02-25,62.56
2015-02-26,63.24
2015-02-27,55.760000000000005
2015-02-28,44.2
2015-03-01,46.72
2015-03-02,62.08
2015-03-03,63.36
2015-03-04,63.36
2015-03-05,62.72
2015-03-06,58.24
2015-03-07,45.44
2015-03-08,44.800000000000004
2015-03-09,60.800000000000004
2015-03-10,62.72
2015-03-11,62.72
2015-03-12,60.800000000000004
2015-03-13,57.6
2015-03-14,42.24
2015-03-15,44.800000000000004
2015-03-16,61.44
2015-03-17,63.36
2015-03-18,62.08
2015-03-19,60.160000000000004
2015-03-20,56.96
2015-03-21,41.6
2015-03-22,42.88
2015-03-23,60.800000000000004
2015-03-24,64.0
2015-03-25,58.24
2015-03-26,61.44
2015-03-27,53.76
2015-03-28,40.32
2015-03-29,41.6
2015-03-30,58.88
2015-03-31,63.36
2015-04-01,57.6
2015-04-02,55.04
2015-04-03,48.64
2015-04-04,35.84
2015-04-05,35.2
2015-04-06,53.120000000000005
2015-04-07,55.68
2015-04-08,56.32
2015-04-09,55.04
2015-04-10,49.92
2015-04-11,38.4
2015-04-12,38.4
2015-04-13,53.120000000000005
2015-04-14,55.68
2015-04-15,53.76
2015-04-16,57.6
2015-04-17,51.2
2015-04-18,37.12
2015-04-19,39.04
2015-04-20,55.04
2015-04-21,57.6
2015-04-22,57.6
2015-04-23,57.6
2015-04-24,52.480000000000004
2015-04-25,38.4
2015-04-26,39.04
2015-04-27,56.32
2015-04-28,55.68
2015-04-29,62.08
2015-04-30,64.0
2015-05-01,59.78
2015-05-02,42.699999999999996
2015-05-03,39.65
2015-05-04,58.56
2015-05-05,61.0
2015-05-06,59.17
2015-05-07,56.73
2015-05-08,52.46
2015-05-09,36.6
2015-05-10,36.6
2015-05-11,55.51
2015-05-12,57.339999999999996
2015-05-13,56.12
2015-05-14,57.949999999999996
2015-05-15,54.29
2015-05-16,37.21
2015-05-17,40.26
2015-05-18,53.68
2015-05-19,57.949999999999996
2015-05-20,57.339999999999996
2015-05-21,54.29
2015-05-22,48.8
2015-05-23,35.38
2015-05-24,34.16
2015-05-25,39.04
2015-05-26,53.07
2015-05-27,56.12
2015-05-28,55.51
2015-05-29,51.24
2015-05-30,35.38
2015-05-31,39.04
2015-06-01,51.03
2015-06-02,50.4
2015-06-03,50.4
2015-06-04,51.03
2015-06-05,47.88
2015-06-06,33.39
2015-06-07,34.65
2015-06-08,48.51
2015-06-09,49.14
2015-06-10,51.660000000000004
2015-06-11,47.25
2015-06-12,46.62
2015-06-13,32.13
2015-06-14,32.13
2015-06-15,63.0
2015-06-16,57.33
2015-06-17,51.660000000000004
2015-06-18,52.29
2015-06-19,46.62
2015-06-20,32.13
2015-06-21,32.13
2015-06-22,46.62
2015-06-23,49.14
2015-06-24,51.03
2015-06-25,48.51
2015-06-26,45.99
2015-06-27,32.76
2015-06-28,32.13
2015-06-29,49.14
2015-06-30,47.88
2015-07-01,47.25
2015-07-02,42.21
2015-07-03,31.5
2015-07-04,27.72
2015-07-05,27.72
2015-07-06,43.47
2015-07-07,45.36
2015-07-08,50.4
2015-07-09,48.51
2015-07-10,40.95
2015-07-11,28.35
2015-07-12,28.98
2015-07-13,44.73
2015-07-14,45.99
2015-07-15,48.51
2015-07-16,48.51
2015-07-17,44.1
2015-07-18,32.13
2015-07-19,30.87
2015-07-20,47.88
2015-07-21,50.4
2015-07-22,49.14
2015-07-23,48.51
2015-07-24,44.1
2015-07-25,29.61
2015-07-26,32.76
2015-07-27,47.25
2015-07-28,49.14
2015-07-29,62.37
2015-07-30,63.0
2015-07-31,56.07
2015-08-01,51.83
2015-08-02,51.83
2015-08-03,64.24
2015-08-04,70.81
2015-08-05,68.62
2015-08-06,69.35
2015-08-07,63.51
2015-08-08,47.449999999999996
2015-08-09,48.18
2015-08-10,66.42999999999999
2015-08-11,67.16
2015-08-12,64.97
2015-08-13,67.16
2015-08-14,60.589999999999996
2015-08-15,47.449999999999996
2015-08-16,48.91
2015-08-17,63.51
2015-08-18,69.35
2015-08-19,68.62
2015-08-20,65.7
2015-08-21,64.24
2015-08-22,51.1
2015-08-23,50.37
2015-08-24,70.81
2015-08-25,70.81
2015-08-26,73.0
2015-08-27,71.53999999999999
2015-08-28,64.97
2015-08-29,48.91
2015-08-30,50.37
2015-08-31,68.62
2015-09-01,68.62
2015-09-02,70.08
2015-09-03,67.89
2015-09-04,58.4
2015-09-05,44.53
2015-09-06,40.879999999999995
2015-09-07,50.37
2015-09-08,70.08
2015-09-09,73.0
2015-09-10,70.81
2015-09-11,62.78
2015-09-12,45.26
2015-09-13,44.53
2015-09-14,64.24
2015-09-15,67.16
2015-09-16,68.62
2015-09-17,66.42999999999999
2015-09-18,60.589999999999996
2015-09-19,42.339999999999996
2015-09-20,45.99
2015-09-21,67.16
2015-09-22,70.08
2015-09-23,67.89
2015-09-24,64.97
2015-09-25,59.129999999999995
2015-09-26,42.339999999999996
2015-09-27,42.339999999999996
2015-09-28,62.05
2015-09-29,66.42999999999999
2015-09-30,66.42999999999999
2015-10-01,50.4
2015-10-02,44.64
2015-10-03,33.12
2015-10-04,33.839999999999996
2015-10-05,49.68
2015-10-06,72.0
2015-10-07,67.67999999999999
2015-10-08,57.599999999999994
2015-10-09,50.4
2015-10-10,34.56
2015-10-11,34.56
2015-10-12,48.96
2015-10-13,50.4
2015-10-14,48.96
2015-10-15,48.96
2015-10-16,46.8
2015-10-17,32.4
2015-10-18,34.56
2015-10-19,48.96
2015-10-20,50.4
2015-10-21,51.839999999999996
2015-10-22,51.12
2015-10-23,46.8
2015-10-24,33.12
2015-10-25,33.12
2015-10-26,51.12
2015-10-27,52.559999999999995
2015-10-28,50.4
2015-10-29,48.96
2015-10-30,44.64
2015-10-31,30.959999999999997
2015-11-01,41.480000000000004
2015-11-02,59.84
2015-11-03,60.52
2015-11-04,58.480000000000004
2015-11-05,59.160000000000004
2015-11-06,55.080000000000005
2015-11-07,43.52
2015-11-08,40.120000000000005
2015-11-09,57.120000000000005
2015-11-10,59.160000000000004
2015-11-11,57.120000000000005
2015-11-12,62.56
2015-11-13,55.080000000000005
2015-11-14,40.120000000000005
2015-11-15,40.800000000000004
2015-11-16,57.800000000000004
2015-11-17,57.120000000000005
2015-11-18,60.52
2015-11-19,57.800000000000004
2015-11-20,56.440000000000005
2015-11-21,40.800000000000004
2015-11-22,42.160000000000004
2015-11-23,53.720000000000006
2015-11-24,57.120000000000005
2015-11-25,53.040000000000006
2015-11-26,54.400000000000006
2015-11-27,60.52
2015-11-28,48.28
2015-11-29,49.64
2015-11-30,68.0
2015-12-01,68.0
2015-12-02,65.96000000000001
2015-12-03,61.88
2015-12-04,58.480000000000004
2015-12-05,44.2
2015-12-06,44.88
2015-12-07,63.24
2015-12-08,61.2
2015-12-09,63.24
2015-12-10,63.92
2015-12-11,57.120000000000005
2015-12-12,43.52
2015-12-13,40.800000000000004
2015-12-14,57.800000000000004
2015-12-15,57.800000000000004
2015-12-16,57.120000000000005
2015-12-17,54.400000000000006
2015-12-18,50.32
2015-12-19,42.84
2015-12-20,38.760000000000005
2015-12-21,51.00000000000001
2015-12-22,53.040000000000006
2015-12-23,48.28
2015-12-24,40.800000000000004
2015-12-25,53.720000000000006
2015-12-26,51.00000000000001
2015-12-27,42.84
2015-12-28,53.720000000000006
2015-12-29,51.68000000000001
2015-12-30,52.36000000000001
2015-12-31,41.480000000000004
2016-01-01,33.6
2016-01-02,34.160000000000004
2016-01-03,36.96
2016-01-04,52.64000000000001
2016-01-05,51.52
2016-01-06,55.440000000000005
2016-01-07,54.88
2016-01-08,50.400000000000006
2016-01-09,35.84
2016-01-10,36.400000000000006
2016-01-11,49.84
2016-01-12,54.32000000000001
2016-01-13,53.760000000000005
2016-01-14,50.400000000000006
2016-01-15,49.28
2016-01-16,36.96
2016-01-17,35.84
2016-01-18,50.400000000000006
2016-01-19,53.2
2016-01-20,55.440000000000005
2016-01-21,53.2
2016-01-22,50.400000000000006
2016-01-23,38.64
2016-01-24,37.52
2016-01-25,53.760000000000005
2016-01-26,56.00000000000001
2016-01-27,54.88
2016-01-28,55.440000000000005
2016-01-29,52.080000000000005
2016-01-30,38.64
2016-01-31,39.760000000000005
2016-02-01,52.64000000000001
2016-02-02,53.760000000000005
2016-02-03,54.88
2016-02-04,53.2
2016-02-05,48.160000000000004
2016-02-06,34.720000000000006
2016-02-07,35.28
2016-02-08,48.720000000000006
2016-02-09,52.64000000000001
2016-02-10,49.84
2016-02-11,50.400000000000006
2016-02-12,47.6
2016-02-13,35.84
2016-02-14,32.480000000000004
2016-02-15,45.92
2016-02-16,49.84
2016-02-17,49.28
2016-02-18,49.84
2016-02-19,47.040000000000006
2016-02-20,34.160000000000004
2016-02-21,35.28
2016-02-22,49.84
2016-02-23,56.00000000000001
2016-02-24,49.84
2016-02-25,51.52
2016-02-26,47.040000000000006
2016-02-27,34.160000000000004
2016-02-28,35.28
2016-02-29,46.480000000000004
2016-03-01,52.080000000000005
2016-03-02,52.080000000000005
2016-03-03,51.52
2016-03-04,48.160000000000004
2016-03-05,37.52
2016-03-06,36.400000000000006
2016-03-07,49.84
2016-03-08,52.080000000000005
2016-03-09,51.52
2016-03-10,52.080000000000005
2016-03-11,47.6
2016-03-12,38.64
2016-03-13,36.96
2016-03-14,51.52
2016-03-15,53.760000000000005
2016-03-16,50.400000000000006
2016-03-17,48.720000000000006
2016-03-18,47.6
2016-03-19,34.720000000000006
2016-03-20,35.28
2016-03-21,49.28
2016-03-22,51.52
2016-03-23,49.28
2016-03-24,56.00000000000001
2016-03-25,52.64000000000001
2016-03-26,39.2
2016-03-27,35.84
2016-03-28,52.64000000000001
2016-03-29,54.88
2016-03-30,54.32000000000001
2016-03-31,54.88
2016-04-01,48.760000000000005
2016-04-02,34.45
2016-04-03,36.57
2016-04-04,50.88
2016-04-05,51.940000000000005
2016-04-06,50.35
2016-04-07,50.88
2016-04-08,47.7
2016-04-09,36.04
2016-04-10,36.57
2016-04-11,51.940000000000005
2016-04-12,53.0
2016-04-13,51.940000000000005
2016-04-14,50.35
2016-04-15,49.82
2016-04-16,36.57
2016-04-17,35.510000000000005
2016-04-18,49.29
2016-04-19,50.88
2016-04-20,49.82
2016-04-21,49.29
2016-04-22,48.230000000000004
2016-04-23,33.39
2016-04-24,34.45
2016-04-25,50.88
2016-04-26,50.88
2016-04-27,49.29
2016-04-28,50.35
2016-04-29,47.7
2016-04-30,33.39
2016-05-01,34.0
2016-05-02,46.0
2016-05-03,49.5
2016-05-04,47.0
2016-05-05,48.0
2016-05-06,43.5
2016-05-07,31.0
2016-05-08,31.0
2016-05-09,47.0
2016-05-10,50.0
2016-05-11,49.0
2016-05-12,48.0
2016-05-13,43.5
2016-05-14,30.0
2016-05-15,32.5
2016-05-16,46.0
2016-05-17,49.5
2016-05-18,50.0
2016-05-19,47.5
2016-05-20,44.5
2016-05-21,31.5
2016-05-22,32.0
2016-05-23,46.5
2016-05-24,50.0
2016-05-25,48.5
2016-05-26,47.0
2016-05-27,41.0
2016-05-28,30.0
2016-05-29,27.0
2016-05-30,32.5
2016-05-31,46.5
2016-06-01,33.660000000000004
2016-06-02,32.64
2016-06-03,29.580000000000002
2016-06-04,20.4
2016-06-05,21.93
2016-06-06,32.13
2016-06-07,33.660000000000004
2016-06-08,32.64
2016-06-09,33.15
2016-06-10,30.6
2016-06-11,19.38
2016-06-12,20.4
2016-06-13,51.0
2016-06-14,39.27
2016-06-15,36.21
2016-06-16,33.660000000000004
2016-06-17,31.11
2016-06-18,21.93
2016-06-19,22.44
2016-06-20,32.64
2016-06-21,34.68
2016-06-22,34.17
2016-06-23,33.15
2016-06-24,29.580000000000002
2016-06-25,21.42
2016-06-26,20.91
2016-06-27,31.11
2016-06-28,32.64
2016-06-29,33.660000000000004
2016-06-30,32.64
2016-07-01,38.54
2016-07-02,25.849999999999998
2016-07-03,25.849999999999998
2016-07-04,25.849999999999998
2016-07-05,39.01
2016-07-06,44.18
2016-07-07,41.83
2016-07-08,41.36
2016-07-09,26.79
2016-07-10,28.2
2016-07-11,42.769999999999996
2016-07-12,43.239999999999995
2016-07-13,43.71
2016-07-14,41.36
2016-07-15,39.01
2016-07-16,28.669999999999998
2016-07-17,28.669999999999998
2016-07-18,42.769999999999996
2016-07-19,43.71
2016-07-20,44.65
2016-07-21,39.949999999999996
2016-07-22,42.769999999999996
2016-07-23,28.2
2016-07-24,27.259999999999998
2016-07-25,44.65
2016-07-26,45.12
2016-07-27,47.0
2016-07-28,44.18
2016-07-29,41.83
2016-07-30,31.02
2016-07-31,30.549999999999997
2016-08-01,45.900000000000006
2016-08-02,48.06
2016-08-03,45.900000000000006
2016-08-04,45.36
2016-08-05,42.660000000000004
2016-08-06,29.700000000000003
2016-08-07,30.78
2016-08-08,46.440000000000005
2016-08-09,45.36
2016-08-10,46.440000000000005
2016-08-11,46.440000000000005
2016-08-12,43.74
2016-08-13,31.860000000000003
2016-08-14,30.78
2016-08-15,47.52
2016-08-16,48.06
2016-08-17,49.68000000000001
2016-08-18,48.6
2016-08-19,43.74
2016-08-20,31.32
2016-08-21,33.480000000000004
2016-08-22,51.84
2016-08-23,53.46
2016-08-24,54.0
2016-08-25,51.300000000000004
2016-08-26,46.980000000000004
2016-08-27,34.56
2016-08-28,34.56
2016-08-29,50.220000000000006
2016-08-30,51.84
2016-08-31,52.92
2016-09-01,51.7
2016-09-02,45.650000000000006
2016-09-03,31.35
2016-09-04,32.45
2016-09-05,35.75
2016-09-06,50.050000000000004
2016-09-07,52.800000000000004
2016-09-08,53.35
2016-09-09,47.85
2016-09-10,33.0
2016-09-11,33.550000000000004
2016-09-12,50.6
2016-09-13,52.800000000000004
2016-09-14,53.900000000000006
2016-09-15,52.25000000000001
2016-09-16,47.300000000000004
2016-09-17,33.0
2016-09-18,35.2
2016-09-19,51.150000000000006
2016-09-20,55.00000000000001
2016-09-21,52.800000000000004
2016-09-22,53.900000000000006
2016-09-23,47.300000000000004
2016-09-24,33.550000000000004
2016-09-25,35.75
2016-09-26,51.7
2016-09-27,52.800000000000004
2016-09-28,51.150000000000006
2016-09-29,50.6
2016-09-30,46.2
2016-10-01,26.46
2016-10-02,27.540000000000003
2016-10-03,39.42
2016-10-04,42.120000000000005
2016-10-05,39.42
2016-10-06,38.34
2016-10-07,35.1
2016-10-08,25.380000000000003
2016-10-09,25.380000000000003
2016-10-10,36.72
2016-10-11,41.040000000000006
2016-10-12,39.96
2016-10-13,42.120000000000005
2016-10-14,37.800000000000004
2016-10-15,24.840000000000003
2016-10-16,25.92
2016-10-17,39.42
2016-10-18,41.040000000000006
2016-10-19,40.5
2016-10-20,39.96
2016-10-21,38.34
2016-10-22,26.46
2016-10-23,26.46
2016-10-24,39.96
2016-10-25,43.2
2016-10-26,51.84
2016-10-27,54.0
2016-10-28,45.36
2016-10-29,29.160000000000004
2016-10-30,28.62
2016-10-31,42.120000000000005
2016-11-01,50.6
2016-11-02,52.25000000000001
2016-11-03,49.50000000000001
2016-11-04,46.2
2016-11-05,31.900000000000002
2016-11-06,31.900000000000002
2016-11-07,47.300000000000004
2016-11-08,46.2
2016-11-09,32.45
2016-11-10,45.650000000000006
2016-11-11,40.7
2016-11-12,31.35
2016-11-13,31.900000000000002
2016-11-14,46.2
2016-11-15,50.6
2016-11-16,50.050000000000004
2016-11-17,51.150000000000006
2016-11-18,45.650000000000006
2016-11-19,31.35
2016-11-20,33.550000000000004
2016-11-21,48.400000000000006
2016-11-22,48.400000000000006
2016-11-23,44.550000000000004
2016-11-24,42.35
2016-11-25,48.95
2016-11-26,36.85
2016-11-27,37.400000000000006
2016-11-28,53.900000000000006
2016-11-29,55.00000000000001
2016-11-30,51.150000000000006
2016-12-01,49.92
2016-12-02,46.28
2016-12-03,35.88
2016-12-04,34.32
2016-12-05,48.88
2016-12-06,51.480000000000004
2016-12-07,52.0
2016-12-08,48.88
2016-12-09,44.2
2016-12-10,34.32
2016-12-11,34.84
2016-12-12,48.36
2016-12-13,49.4
2016-12-14,49.4
2016-12-15,49.92
2016-12-16,45.24
2016-12-17,33.800000000000004
2016-12-18,32.24
2016-12-19,46.800000000000004
2016-12-20,46.800000000000004
2016-12-21,44.2
2016-12-22,41.6
2016-12-23,36.92
2016-12-24,28.6
2016-12-25,40.56
2016-12-26,40.56
2016-12-27,42.120000000000005
2016-12-28,42.64
2016-12-29,40.04
2016-12-30,35.36
2016-12-31,26.0
2017-01-01,27.03
2017-01-02,36.04
2017-01-03,46.64
2017-01-04,48.760000000000005
2017-01-05,48.760000000000005
2017-01-06,45.050000000000004
2017-01-07,33.92
2017-01-08,33.92
2017-01-09,46.64
2017-01-10,50.35
2017-01-11,51.940000000000005
2017-01-12,50.88
2017-01-13,47.17
2017-01-14,35.510000000000005
2017-01-15,31.270000000000003
2017-01-16,43.46
2017-01-17,50.35
2017-01-18,52.470000000000006
2017-01-19,50.88
2017-01-20,46.64
2017-01-21,34.45
2017-01-22,34.980000000000004
2017-01-23,49.29
2017-01-24,53.0
2017-01-25,52.470000000000006
2017-01-26,52.470000000000006
2017-01-27,48.760000000000005
2017-01-28,33.92
2017-01-29,33.92
2017-01-30,49.29
2017-01-31,51.410000000000004
2017-02-01,53.0
2017-02-02,50.35
2017-02-03,48.760000000000005
2017-02-04,36.04
2017-02-05,33.39
2017-02-06,47.17
2017-02-07,50.88
2017-02-08,51.940000000000005
2017-02-09,51.940000000000005
2017-02-10,48.230000000000004
2017-02-11,32.86
2017-02-12,33.39
2017-02-13,48.230000000000004
2017-02-14,50.88
2017-02-15,51.940000000000005
2017-02-16,51.410000000000004
2017-02-17,46.64
2017-02-18,33.39
2017-02-19,32.86
2017-02-20,46.11
2017-02-21,49.29
2017-02-22,48.760000000000005
2017-02-23,49.29
2017-02-24,46.64
2017-02-25,33.39
2017-02-26,33.39
2017-02-27,48.230000000000004
2017-02-28,50.88
2017-03-01,45.050000000000004
2017-03-02,47.17
2017-03-03,41.870000000000005
2017-03-04,30.21
2017-03-05,29.68
2017-03-06,46.11
2017-03-07,49.82
2017-03-08,45.580000000000005
2017-03-09,45.050000000000004
2017-03-10,40.81
2017-03-11,30.21
2017-03-12,29.68
2017-03-13,40.81
2017-03-14,44.52
2017-03-15,46.11
2017-03-16,43.46
2017-03-17,39.22
2017-03-18,27.560000000000002
2017-03-19,29.150000000000002
2017-03-20,43.46
2017-03-21,53.0
2017-03-22,47.17
2017-03-23,47.7
2017-03-24,40.81
2017-03-25,28.09
2017-03-26,29.150000000000002
2017-03-27,44.52
2017-03-28,45.580000000000005
2017-03-29,43.46
2017-03-30,42.93
2017-03-31,40.28
2017-04-01,30.0
2017-04-02,31.0
2017-04-03,45.5
2017-04-04,47.5
2017-04-05,48.0
2017-04-06,48.5
2017-04-07,43.0
2017-04-08,31.0
2017-04-09,30.5
2017-04-10,46.0
2017-04-11,49.0
2017-04-12,49.0
2017-04-13,47.5
2017-04-14,42.0
2017-04-15,29.5
2017-04-16,29.0
2017-04-17,48.0
2017-04-18,47.0
2017-04-19,48.5
2017-04-20,48.0
2017-04-21,43.0
2017-04-22,31.0
2017-04-23,30.0
2017-04-24,50.0
2017-04-25,48.5
2017-04-26,50.0
2017-04-27,48.5
2017-04-28,44.0
2017-04-29,30.0
2017-04-30,32.5
2017-05-01,39.0
2017-05-02,47.32
2017-05-03,44.2
2017-05-04,41.08
2017-05-05,36.92
2017-05-06,25.48
2017-05-07,25.48
2017-05-08,39.52
2017-05-09,41.08
2017-05-10,42.64
2017-05-11,41.08
2017-05-12,40.04
2017-05-13,29.12
2017-05-14,28.080000000000002
2017-05-15,52.0
2017-05-16,44.2
2017-05-17,37.96
2017-05-18,37.44
2017-05-19,33.800000000000004
2017-05-20,23.400000000000002
2017-05-21,23.400000000000002
2017-05-22,36.4
2017-05-23,39.52
2017-05-24,38.480000000000004
2017-05-25,37.44
2017-05-26,33.28
2017-05-27,21.32
2017-05-28,20.8
2017-05-29,24.96
2017-05-30,36.4
2017-05-31,35.88
2017-06-01,45.5
2017-06-02,43.0
2017-06-03,28.0
2017-06-04,28.5
2017-06-05,45.5
2017-06-06,48.0
2017-06-07,47.5
2017-06-08,47.5
2017-06-09,43.0
2017-06-10,28.5
2017-06-11,42.0
2017-06-12,50.0
2017-06-13,47.5
2017-06-14,48.0
2017-06-15,48.0
2017-06-16,44.5
2017-06-17,28.0
2017-06-18,29.0
2017-06-19,46.5
2017-06-20,48.5
2017-06-21,46.0
2017-06-22,45.5
2017-06-23,41.5
2017-06-24,28.0
2017-06-25,27.5
2017-06-26,45.5
2017-06-27,46.0
2017-06-28,47.0
2017-06-29,46.5
2017-06-30,44.0
2017-07-01,24.91
2017-07-02,26.32
2017-07-03,35.25
2017-07-04,29.139999999999997
2017-07-05,41.83
2017-07-06,42.769999999999996
2017-07-07,40.419999999999995
2017-07-08,25.849999999999998
2017-07-09,26.79
2017-07-10,44.18
2017-07-11,47.0
2017-07-12,45.589999999999996
2017-07-13,43.71
2017-07-14,40.419999999999995
2017-07-15,27.729999999999997
2017-07-16,25.849999999999998
2017-07-17,42.769999999999996
2017-07-18,44.65
2017-07-19,46.059999999999995
2017-07-20,43.71
2017-07-21,39.01
2017-07-22,25.849999999999998
2017-07-23,26.32
2017-07-24,42.769999999999996
2017-07-25,43.71
2017-07-26,46.059999999999995
2017-07-27,45.12
2017-07-28,41.36
2017-07-29,26.79
2017-07-30,26.79
2017-07-31,42.3
2017-08-01,44.72
2017-08-02,45.24
2017-08-03,43.160000000000004
2017-08-04,40.04
2017-08-05,27.560000000000002
2017-08-06,27.560000000000002
2017-08-07,43.160000000000004
2017-08-08,45.760000000000005
2017-08-09,43.68
2017-08-10,45.760000000000005
2017-08-11,42.120000000000005
2017-08-12,27.560000000000002
2017-08-13,26.52
2017-08-14,43.68
2017-08-15,46.800000000000004
2017-08-16,45.760000000000005
2017-08-17,45.760000000000005
2017-08-18,41.08
2017-08-19,27.04
2017-08-20,30.16
2017-08-21,42.120000000000005
2017-08-22,49.92
2017-08-23,50.440000000000005
2017-08-24,46.800000000000004
2017-08-25,42.120000000000005
2017-08-26,29.64
2017-08-27,28.6
2017-08-28,48.36
2017-08-29,52.0
2017-08-30,50.96
2017-08-31,50.96
2017-09-01,41.6
2017-09-02,29.12
2017-09-03,28.6
2017-09-04,32.76
2017-09-05,45.24
2017-09-06,45.24
2017-09-07,44.2
2017-09-08,41.08
2017-09-09,26.0
2017-09-10,27.560000000000002
2017-09-11,44.72
2017-09-12,47.32
2017-09-13,46.28
2017-09-14,46.28
2017-09-15,41.6
2017-09-16,30.16
2017-09-17,31.200000000000003
2017-09-18,47.84
2017-09-19,48.88
2017-09-20,47.32
2017-09-21,45.24
2017-09-22,42.120000000000005
2017-09-23,29.12
2017-09-24,29.64
2017-09-25,47.84
2017-09-26,52.0
2017-09-27,48.36
2017-09-28,45.760000000000005
2017-09-29,43.160000000000004
2017-09-30,28.080000000000002
2017-10-01,31.11
2017-10-02,45.39
2017-10-03,48.96
2017-10-04,49.980000000000004
2017-10-05,48.96
2017-10-06,42.84
2017-10-07,30.09
2017-10-08,31.62
2017-10-09,45.9
2017-10-10,47.94
2017-10-11,50.49
2017-10-12,46.92
2017-10-13,43.86
2017-10-14,29.07
2017-10-15,31.11
2017-10-16,47.94
2017-10-17,51.0
2017-10-18,48.96
2017-10-19,46.92
2017-10-20,41.31
2017-10-21,27.54
2017-10-22,29.07
2017-10-23,47.43
2017-10-24,48.45
2017-10-25,48.96
2017-10-26,46.410000000000004
2017-10-27,45.39
2017-10-28,28.560000000000002
2017-10-29,30.6
2017-10-30,46.410000000000004
2017-10-31,46.92
2017-11-01,44.52
2017-11-02,44.52
2017-11-03,41.870000000000005
2017-11-04,29.150000000000002
2017-11-05,29.150000000000002
2017-11-06,45.050000000000004
2017-11-07,47.7
2017-11-08,47.7
2017-11-09,45.050000000000004
2017-11-10,40.81
2017-11-11,31.270000000000003
2017-11-12,28.62
2017-11-13,46.11
2017-11-14,48.230000000000004
2017-11-15,47.7
2017-11-16,47.17
2017-11-17,45.050000000000004
2017-11-18,31.8
2017-11-19,30.740000000000002
2017-11-20,46.64
2017-11-21,46.11
2017-11-22,41.870000000000005
2017-11-23,37.1
2017-11-24,42.400000000000006
2017-11-25,35.510000000000005
2017-11-26,35.510000000000005
2017-11-27,53.0
2017-11-28,49.82
2017-11-29,47.7
2017-11-30,47.17
2017-12-01,44.5
2017-12-02,31.0
2017-12-03,30.5
2017-12-04,46.5
2017-12-05,49.5
2017-12-06,50.0
2017-12-07,48.0
2017-12-08,44.5
2017-12-09,34.5
2017-12-10,32.0
2017-12-11,45.5
2017-12-12,48.0
2017-12-13,46.0
2017-12-14,47.5
2017-12-15,43.0
2017-12-16,30.0
2017-12-17,31.5
2017-12-18,43.5
2017-12-19,44.0
2017-12-20,42.0
2017-12-21,42.5
2017-12-22,37.0
2017-12-23,27.0
2017-12-24,27.0
2017-12-25,37.5
2017-12-26,44.0
2017-12-27,42.0
2017-12-28,39.5
2017-12-29,37.0
2017-12-30,28.5
2017-12-31,26.5
2018-01-01,25.970000000000002
2018-01-02,41.870000000000005
2018-01-03,44.52
2018-01-04,48.230000000000004
2018-01-05,46.11
2018-01-06,33.39
2018-01-07,30.21
2018-01-08,47.17
2018-01-09,49.29
2018-01-10,51.410000000000004
2018-01-11,48.760000000000005
2018-01-12,43.99
2018-01-13,31.8
2018-01-14,29.68
2018-01-15,40.81
2018-01-16,47.17
2018-01-17,47.7
2018-01-18,49.82
2018-01-19,46.11
2018-01-20,31.8
2018-01-21,31.8
2018-01-22,47.7
2018-01-23,53.0
2018-01-24,50.35
2018-01-25,49.82
2018-01-26,45.050000000000004
2018-01-27,33.92
2018-01-28,33.39
2018-01-29,47.17
2018-01-30,50.35
2018-01-31,50.35
2018-02-01,53.0
2018-02-02,48.230000000000004
2018-02-03,36.04
2018-02-04,32.33
2018-02-05,46.64
2018-02-06,51.940000000000005
2018-02-07,51.940000000000005
2018-02-08,52.470000000000006
2018-02-09,47.7
2018-02-10,32.86
2018-02-11,31.270000000000003
2018-02-12,48.230000000000004
2018-02-13,51.410000000000004
2018-02-14,48.230000000000004
2018-02-15,47.7
2018-02-16,48.230000000000004
2018-02-17,31.8
2018-02-18,32.86
2018-02-19,44.52
2018-02-20,49.29
2018-02-21,49.82
2018-02-22,50.35
2018-02-23,46.11
2018-02-24,33.39
2018-02-25,35.510000000000005
2018-02-26,51.410000000000004
2018-02-27,51.940000000000005
2018-02-28,51.940000000000005
2018-03-01,51.0
2018-03-02,46.410000000000004
2018-03-03,32.13
2018-03-04,31.62
2018-03-05,46.92
2018-03-06,47.43
2018-03-07,46.92
2018-03-08,49.47
2018-03-09,44.37
2018-03-10,31.62
2018-03-11,29.580000000000002
2018-03-12,45.39
2018-03-13,48.96
2018-03-14,49.47
2018-03-15,45.9
2018-03-16,44.88
2018-03-17,29.580000000000002
2018-03-18,30.6
2018-03-19,46.92
2018-03-20,51.0
2018-03-21,47.94
2018-03-22,47.94
2018-03-23,44.88
2018-03-24,30.6
2018-03-25,29.07
2018-03-26,47.94
2018-03-27,51.0
2018-03-28,48.45
2018-03-29,48.96
2018-03-30,41.82
2018-03-31,28.05
2018-04-01,28.5
2018-04-02,48.0
2018-04-03,50.0
2018-04-04,49.5
2018-04-05,47.0
2018-04-06,44.5
2018-04-07,31.0
2018-04-08,31.5
2018-04-09,48.5
2018-04-10,46.0
2018-04-11,46.0
2018-04-12,47.5
2018-04-13,43.5
2018-04-14,28.5
2018-04-15,29.5
2018-04-16,45.5
2018-04-17,49.0
2018-04-18,48.5
2018-04-19,48.0
2018-04-20,43.0
2018-04-21,27.5
2018-04-22,29.0
2018-04-23,46.0
2018-04-24,47.0
2018-04-25,47.0
2018-04-26,48.0
2018-04-27,43.5
2018-04-28,29.5
2018-04-29,30.0
2018-04-30,46.0
2018-05-01,49.0
2018-05-02,48.51
2018-05-03,46.55
2018-05-04,42.63
2018-05-05,28.419999999999998
2018-05-06,30.38
2018-05-07,48.51
2018-05-08,48.019999999999996
2018-05-09,47.53
2018-05-10,47.53
2018-05-11,44.1
2018-05-12,29.89
2018-05-13,28.91
2018-05-14,46.55
2018-05-15,47.04
2018-05-16,48.51
2018-05-17,48.51
2018-05-18,43.12
2018-05-19,27.93
2018-05-20,30.87
2018-05-21,46.55
2018-05-22,47.53
2018-05-23,49.0
2018-05-24,46.55
2018-05-25,41.65
2018-05-26,27.93
2018-05-27,28.419999999999998
2018-05-28,29.89
2018-05-29,44.1
2018-05-30,47.04
2018-05-31,47.53
2018-06-01,41.31
2018-06-02,27.03
2018-06-03,30.6
2018-06-04,51.0
2018-06-05,46.92
2018-06-06,47.43
2018-06-07,46.410000000000004
2018-06-08,41.82
2018-06-09,27.03
2018-06-10,42.33
2018-06-11,47.94
2018-06-12,47.94
2018-06-13,47.43
2018-06-14,45.39
2018-06-15,40.29
2018-06-16,26.01
2018-06-17,25.5
2018-06-18,43.86
2018-06-19,43.86
2018-06-20,44.37
2018-06-21,43.35
2018-06-22,38.76
2018-06-23,27.03
2018-06-24,26.52
2018-06-25,41.82
2018-06-26,41.82
2018-06-27,42.84
2018-06-28,42.84
2018-06-29,38.76
2018-06-30,27.03
2018-07-01,25.849999999999998
2018-07-02,37.129999999999995
2018-07-03,38.54
2018-07-04,25.849999999999998
2018-07-05,36.66
2018-07-06,35.72
2018-07-07,24.439999999999998
2018-07-08,26.79
2018-07-09,39.949999999999996
2018-07-10,45.12
2018-07-11,43.239999999999995
2018-07-12,47.0
2018-07-13,40.419999999999995
2018-07-14,26.79
2018-07-15,26.79
2018-07-16,43.71
2018-07-17,45.589999999999996
2018-07-18,44.65
2018-07-19,46.529999999999994
2018-07-20,42.3
2018-07-21,27.259999999999998
2018-07-22,26.79
2018-07-23,43.71
2018-07-24,43.239999999999995
2018-07-25,44.18
2018-07-26,45.589999999999996
2018-07-27,40.419999999999995
2018-07-28,25.849999999999998
2018-07-29,26.79
2018-07-30,42.769999999999996
2018-07-31,43.71
2018-08-01,44.0
2018-08-02,46.75000000000001
2018-08-03,42.900000000000006
2018-08-04,28.05
2018-08-05,29.150000000000002
2018-08-06,45.650000000000006
2018-08-07,46.2
2018-08-08,46.75000000000001
2018-08-09,45.650000000000006
2018-08-10,42.35
2018-08-11,29.150000000000002
2018-08-12,30.800000000000004
2018-08-13,45.650000000000006
2018-08-14,47.300000000000004
2018-08-15,48.400000000000006
2018-08-16,55.00000000000001
2018-08-17,44.0
2018-08-18,30.800000000000004
2018-08-19,31.35
2018-08-20,48.95
2018-08-21,52.800000000000004
2018-08-22,51.7
2018-08-23,49.50000000000001
2018-08-24,46.2
2018-08-25,30.250000000000004
2018-08-26,33.0
2018-08-27,50.6
2018-08-28,55.00000000000001
2018-08-29,54.45
2018-08-30,49.50000000000001
2018-08-31,45.650000000000006
2018-09-01,27.560000000000002
2018-09-02,27.03
2018-09-03,31.8
2018-09-04,52.470000000000006
2018-09-05,53.0
2018-09-06,44.52
2018-09-07,40.28
2018-09-08,28.09
2018-09-09,28.62
2018-09-10,45.580000000000005
2018-09-11,46.11
2018-09-12,46.11
2018-09-13,45.580000000000005
2018-09-14,42.93
2018-09-15,27.560000000000002
2018-09-16,28.09
2018-09-17,44.52
2018-09-18,45.050000000000004
2018-09-19,46.11
2018-09-20,43.46
2018-09-21,40.81
2018-09-22,27.03
2018-09-23,28.62
2018-09-24,45.580000000000005
2018-09-25,46.11
2018-09-26,45.050000000000004
2018-09-27,42.93
2018-09-28,41.34
2018-09-29,25.970000000000002
2018-09-30,25.970000000000002
2018-10-01,45.050000000000004
2018-10-02,50.35
2018-10-03,51.940000000000005
2018-10-04,46.11
2018-10-05,41.870000000000005
2018-10-06,27.03
2018-10-07,27.560000000000002
2018-10-08,42.93
2018-10-09,46.64
2018-10-10,46.64
2018-10-11,47.17
2018-10-12,43.46
2018-10-13,27.03
2018-10-14,28.09
2018-10-15,48.230000000000004
2018-10-16,53.0
2018-10-17,45.580000000000005
2018-10-18,46.64
2018-10-19,39.22
2018-10-20,25.44
2018-10-21,27.560000000000002
2018-10-22,43.46
2018-10-23,46.11
2018-10-24,45.580000000000005
2018-10-25,44.52
2018-10-26,41.870000000000005
2018-10-27,27.560000000000002
2018-10-28,28.09
2018-10-29,44.52
2018-10-30,43.99
2018-10-31,43.99
2018-11-01,46.800000000000004
2018-11-02,39.52
2018-11-03,28.6
2018-11-04,27.04
2018-11-05,42.120000000000005
2018-11-06,41.08
2018-11-07,40.04
2018-11-08,41.6
2018-11-09,41.08
2018-11-10,28.6
2018-11-11,28.6
2018-11-12,40.56
2018-11-13,43.68
2018-11-14,46.28
2018-11-15,43.68
2018-11-16,41.08
2018-11-17,29.64
2018-11-18,29.64
2018-11-19,45.760000000000005
2018-11-20,42.64
2018-11-21,41.08
2018-11-22,35.88
2018-11-23,40.56
2018-11-24,33.28
2018-11-25,33.28
2018-11-26,52.0
2018-11-27,48.88
2018-11-28,47.84
2018-11-29,47.32
2018-11-30,41.6
2018-12-01,29.44
2018-12-02,28.98
2018-12-03,41.86
2018-12-04,46.0
2018-12-05,43.7
2018-12-06,41.86
2018-12-07,40.480000000000004
2018-12-08,27.6
2018-12-09,28.060000000000002
2018-12-10,40.940000000000005
2018-12-11,41.4
2018-12-12,40.480000000000004
2018-12-13,43.24
2018-12-14,37.260000000000005
2018-12-15,27.14
2018-12-16,25.76
2018-12-17,38.64
2018-12-18,40.02
2018-12-19,41.86
2018-12-20,38.64
2018-12-21,36.34
2018-12-22,25.76
2018-12-23,22.080000000000002
2018-12-24,27.14
2018-12-25,35.42
2018-12-26,39.1
2018-12-27,37.260000000000005
2018-12-28,35.42
2018-12-29,26.220000000000002
2018-12-30,22.540000000000003
2018-12-31,28.060000000000002
2019-01-01,22.44
2019-01-02,40.8
2019-01-03,41.31
2019-01-04,41.31
2019-01-05,28.05
2019-01-06,26.01
2019-01-07,41.31
2019-01-08,44.88
2019-01-09,45.9
2019-01-10,46.92
2019-01-11,41.82
2019-01-12,29.07
2019-01-13,28.05
2019-01-14,43.35
2019-01-15,47.94
2019-01-16,45.9
2019-01-17,48.96
2019-01-18,41.82
2019-01-19,27.03
2019-01-20,30.6
2019-01-21,36.72
2019-01-22,46.92
2019-01-23,46.92
2019-01-24,45.9
2019-01-25,41.82
2019-01-26,28.560000000000002
2019-01-27,29.07
2019-01-28,42.84
2019-01-29,48.45
2019-01-30,51.0
2019-01-31,46.410000000000004
2019-02-01,47.5
2019-02-02,31.5
2019-02-03,29.0
2019-02-04,48.5
2019-02-05,50.0
2019-02-06,49.5
2019-02-07,48.0
2019-02-08,46.0
2019-02-09,34.5
2019-02-10,31.0
2019-02-11,46.5
2019-02-12,47.0
2019-02-13,47.5
2019-02-14,47.5
2019-02-15,43.5
2019-02-16,31.0
2019-02-17,30.0
2019-02-18,44.0
2019-02-19,46.0
2019-02-20,46.5
2019-02-21,47.5
2019-02-22,43.0
2019-02-23,31.0
2019-02-24,30.0
2019-02-25,45.0
2019-02-26,47.5
2019-02-27,47.5
2019-02-28,45.0
2019-03-01,42.3
2019-03-02,28.2
2019-03-03,31.959999999999997
2019-03-04,41.83
2019-03-05,44.18
2019-03-06,46.529999999999994
2019-03-07,43.71
2019-03-08,40.419999999999995
2019-03-09,27.259999999999998
2019-03-10,26.32
2019-03-11,43.71
2019-03-12,43.239999999999995
2019-03-13,45.12
2019-03-14,42.3
2019-03-15,39.01
2019-03-16,27.729999999999997
2019-03-17,24.439999999999998
2019-03-18,41.83
2019-03-19,47.0
2019-03-20,44.18
2019-03-21,43.239999999999995
2019-03-22,39.01
2019-03-23,26.79
2019-03-24,25.38
2019-03-25,41.83
2019-03-26,44.65
2019-03-27,43.239999999999995
2019-03-28,43.239999999999995
2019-03-29,39.01
2019-03-30,27.259999999999998
2019-03-31,25.849999999999998
2019-04-01,41.83
2019-04-02,45.12
2019-04-03,44.65
2019-04-04,43.71
2019-04-05,40.89
2019-04-06,25.849999999999998
2019-04-07,24.91
2019-04-08,40.89
2019-04-09,44.18
2019-04-10,44.65
2019-04-11,45.12
2019-04-12,42.3
2019-04-13,25.849999999999998
2019-04-14,25.38
2019-04-15,39.949999999999996
2019-04-16,44.18
2019-04-17,44.65
2019-04-18,44.65
2019-04-19,36.19
2019-04-20,24.91
2019-04-21,23.97
2019-04-22,42.769999999999996
2019-04-23,44.65
2019-04-24,45.589999999999996
2019-04-25,47.0
2019-04-26,39.949999999999996
2019-04-27,25.38
2019-04-28,25.849999999999998
2019-04-29,42.3
2019-04-30,46.059999999999995
2019-05-01,47.0
2019-05-02,45.589999999999996
2019-05-03,42.769999999999996
2019-05-04,28.669999999999998
2019-05-05,27.259999999999998
2019-05-06,46.529999999999994
2019-05-07,45.589999999999996
2019-05-08,45.589999999999996
2019-05-09,44.65
2019-05-10,42.3
2019-05-11,25.38
2019-05-12,26.79
2019-05-13,44.65
2019-05-14,44.65
2019-05-15,46.529999999999994
2019-05-16,47.0
2019-05-17,45.589999999999996
2019-05-18,30.08
2019-05-19,28.669999999999998
2019-05-20,43.239999999999995
2019-05-21,46.059999999999995
2019-05-22,46.529999999999994
2019-05-23,44.65
2019-05-24,39.48
2019-05-25,24.439999999999998
2019-05-26,23.97
2019-05-27,25.849999999999998
2019-05-28,41.36
2019-05-29,45.12
2019-05-30,44.18
2019-05-31,42.3
2019-06-01,24.0
2019-06-02,23.52
2019-06-03,41.76
2019-06-04,43.68
2019-06-05,43.199999999999996
2019-06-06,42.239999999999995
2019-06-07,40.32
2019-06-08,27.84
2019-06-09,40.32
2019-06-10,48.0
2019-06-11,45.6
2019-06-12,45.6
2019-06-13,43.68
2019-06-14,38.4
2019-06-15,27.36
2019-06-16,24.0
2019-06-17,43.199999999999996
2019-06-18,42.239999999999995
2019-06-19,47.04
2019-06-20,41.28
2019-06-21,38.879999999999995
2019-06-22,24.48
2019-06-23,24.48
2019-06-24,42.239999999999995
2019-06-25,44.16
2019-06-26,43.199999999999996
2019-06-27,43.199999999999996
2019-06-28,37.92
2019-06-29,24.0
2019-06-30,23.52
2019-07-01,40.89
2019-07-02,41.36
2019-07-03,37.599999999999994
2019-07-04,24.439999999999998
2019-07-05,29.61
2019-07-06,22.09
2019-07-07,23.5
2019-07-08,39.01
2019-07-09,42.3
2019-07-10,44.65
2019-07-11,46.059999999999995
2019-07-12,39.949999999999996
2019-07-13,23.97
2019-07-14,23.97
2019-07-15,42.769999999999996
2019-07-16,46.059999999999995
2019-07-17,47.0
2019-07-18,45.12
2019-07-19,42.3
2019-07-20,26.79
2019-07-21,23.029999999999998
2019-07-22,42.3
2019-07-23,42.769999999999996
2019-07-24,41.36
2019-07-25,42.3
2019-07-26,39.48
2019-07-27,22.09
2019-07-28,24.439999999999998
2019-07-29,40.419999999999995
2019-07-30,44.18
2019-07-31,41.83
2019-08-01,42.64
2019-08-02,39.52
2019-08-03,25.48
2019-08-04,24.44
2019-08-05,40.56
2019-08-06,44.72
2019-08-07,44.2
2019-08-08,41.08
2019-08-09,38.480000000000004
2019-08-10,27.04
2019-08-11,23.92
2019-08-12,42.64
2019-08-13,45.24
2019-08-14,43.68
2019-08-15,47.84
2019-08-16,42.64
2019-08-17,27.560000000000002
2019-08-18,27.560000000000002
2019-08-19,45.24
2019-08-20,49.92
2019-08-21,47.84
2019-08-22,46.800000000000004
2019-08-23,44.2
2019-08-24,26.52
2019-08-25,29.12
2019-08-26,48.36
2019-08-27,48.36
2019-08-28,52.0
2019-08-29,48.36
2019-08-30,42.120000000000005
2019-08-31,26.0
2019-09-01,27.03
2019-09-02,33.39
2019-09-03,48.230000000000004
2019-09-04,51.940000000000005
2019-09-05,50.88
2019-09-06,48.230000000000004
2019-09-07,36.57
2019-09-08,31.270000000000003
2019-09-09,50.88
2019-09-10,50.88
2019-09-11,51.940000000000005
2019-09-12,50.88
2019-09-13,45.580000000000005
2019-09-14,29.68
2019-09-15,29.68
2019-09-16,48.760000000000005
2019-09-17,50.88
2019-09-18,49.82
2019-09-19,53.0
2019-09-20,44.52
2019-09-21,29.150000000000002
2019-09-22,32.33
2019-09-23,47.7
2019-09-24,50.35
2019-09-25,50.88
2019-09-26,48.230000000000004
2019-09-27,46.64
2019-09-28,30.21
2019-09-29,29.68
2019-09-30,48.760000000000005
2019-10-01,42.660000000000004
2019-10-02,54.0
2019-10-03,47.52
2019-10-04,44.82
2019-10-05,28.080000000000002
2019-10-06,26.46
2019-10-07,42.120000000000005
2019-10-08,43.74
2019-10-09,42.660000000000004
2019-10-10,42.120000000000005
2019-10-11,36.72
2019-10-12,25.380000000000003
2019-10-13,23.220000000000002
2019-10-14,38.88
2019-10-15,41.040000000000006
2019-10-16,41.580000000000005
2019-10-17,39.96
2019-10-18,38.34
2019-10-19,24.840000000000003
2019-10-20,23.76
2019-10-21,38.88
2019-10-22,42.660000000000004
2019-10-23,43.2
2019-10-24,43.2
2019-10-25,39.42
2019-10-26,28.62
2019-10-27,25.380000000000003
2019-10-28,42.660000000000004
2019-10-29,41.040000000000006
2019-10-30,40.5
2019-10-31,38.88
2019-11-01,43.35
2019-11-02,28.05
2019-11-03,27.03
2019-11-04,49.47
2019-11-05,51.0
2019-11-06,50.49
2019-11-07,48.96
2019-11-08,43.86
2019-11-09,29.07
2019-11-10,27.54
2019-11-11,42.33
2019-11-12,45.39
2019-11-13,48.96
2019-11-14,48.45
2019-11-15,46.410000000000004
2019-11-16,30.09
2019-11-17,30.09
2019-11-18,47.94
2019-11-19,49.47
2019-11-20,49.980000000000004
2019-11-21,46.92
2019-11-22,45.39
2019-11-23,30.09
2019-11-24,28.560000000000002
2019-11-25,45.39
2019-11-26,44.37
2019-11-27,42.84
2019-11-28,32.13
2019-11-29,37.230000000000004
2019-11-30,32.64
2019-12-01,30.87
2019-12-02,49.0
2019-12-03,47.53
2019-12-04,47.53
2019-12-05,46.55
2019-12-06,42.63
2019-12-07,27.93
2019-12-08,26.95
2019-12-09,38.22
2019-12-10,45.08
2019-12-11,47.04
2019-12-12,46.55
2019-12-13,41.65
2019-12-14,30.87
2019-12-15,28.91
2019-12-16,41.16
2019-12-17,42.14
2019-12-18,42.63
2019-12-19,40.18
2019-12-20,38.71
2019-12-21,26.95
2019-12-22,24.009999999999998
2019-12-23,34.3
2019-12-24,27.439999999999998
2019-12-25,33.32
2019-12-26,39.69
2019-12-27,37.24
2019-12-28,26.95
2019-12-29,24.5
2019-12-30,34.79
2019-12-31,30.87
2020-01-01,27.0
2020-01-02,44.28
2020-01-03,41.040000000000006
2020-01-04,29.700000000000003
2020-01-05,28.62
2020-01-06,46.980000000000004
2020-01-07,49.14
2020-01-08,47.52
2020-01-09,49.14
2020-01-10,45.900000000000006
2020-01-11,30.78
2020-01-12,30.240000000000002
2020-01-13,45.36
2020-01-14,49.14
2020-01-15,54.0
2020-01-16,53.46
2020-01-17,48.06
2020-01-18,32.940000000000005
2020-01-19,32.400000000000006
2020-01-20,43.2
2020-01-21,49.68000000000001
2020-01-22,52.92
2020-01-23,51.84
2020-01-24,47.52
2020-01-25,33.480000000000004
2020-01-26,28.62
2020-01-27,46.440000000000005
2020-01-28,51.300000000000004
2020-01-29,52.92
2020-01-30,52.92
2020-01-31,48.06
2020-02-01,34.1
2020-02-02,31.900000000000002
2020-02-03,55.00000000000001
2020-02-04,53.35
2020-02-05,53.900000000000006
2020-02-06,51.7
2020-02-07,48.400000000000006
2020-02-08,34.1
2020-02-09,31.900000000000002
2020-02-10,49.50000000000001
2020-02-11,54.45
2020-02-12,53.900000000000006
2020-02-13,53.35
2020-02-14,48.400000000000006
2020-02-15,33.550000000000004
2020-02-16,31.35
2020-02-17,44.0
2020-02-18,51.7
2020-02-19,51.150000000000006
2020-02-20,52.25000000000001
2020-02-21,49.50000000000001
2020-02-22,35.2
2020-02-23,30.250000000000004
2020-02-24,49.50000000000001
2020-02-25,52.800000000000004
2020-02-26,51.7
2020-02-27,52.25000000000001
2020-02-28,52.25000000000001
2020-02-29,33.550000000000004
2020-03-01,24.5
2020-03-02,43.4
2020-03-03,43.4
2020-03-04,42.0
2020-03-05,43.4
2020-03-06,40.599999999999994
2020-03-07,25.9
2020-03-08,24.5
2020-03-09,42.699999999999996
2020-03-10,45.5
2020-03-11,44.8
2020-03-12,45.5
2020-03-13,48.3
2020-03-14,33.599999999999994
2020-03-15,36.4
2020-03-16,60.9
2020-03-17,62.99999999999999
2020-03-18,65.1
2020-03-19,63.699999999999996
2020-03-20,59.49999999999999
2020-03-21,37.8
2020-03-22,37.099999999999994
2020-03-23,70.0
2020-03-24,69.3
2020-03-25,67.19999999999999
2020-03-26,64.39999999999999
2020-03-27,59.49999999999999
2020-03-28,37.8
2020-03-29,35.0
2020-03-30,66.5
2020-03-31,67.19999999999999
2020-04-01,75.0
2020-04-02,69.75
2020-04-03,68.25
2020-04-04,42.0
2020-04-05,40.5
2020-04-06,70.5
2020-04-07,72.0
2020-04-08,69.75
2020-04-09,66.75
2020-04-10,59.25
2020-04-11,36.75
2020-04-12,36.75
2020-04-13,64.5
2020-04-14,69.0
2020-04-15,67.5
2020-04-16,69.75
2020-04-17,67.5
2020-04-18,41.25
2020-04-19,38.25
2020-04-20,66.75
2020-04-21,68.25
2020-04-22,67.5
2020-04-23,67.5
2020-04-24,62.25
2020-04-25,36.0
2020-04-26,36.75
2020-04-27,65.25
2020-04-28,64.5
2020-04-29,69.0
2020-04-30,65.25
