date,NVIDIA
2011-01-01,88.0
2011-01-02,91.0
2011-01-03,80.0
2011-01-04,90.0
2011-01-05,82.0
2011-01-06,90.0
2011-01-07,95.0
2011-01-08,95.0
2011-01-09,97.0
2011-01-10,81.0
2011-01-11,100.0
2011-01-12,89.0
2011-01-13,95.0
2011-01-14,89.0
2011-01-15,97.0
2011-01-16,95.0
2011-01-17,73.0
2011-01-18,85.0
2011-01-19,74.0
2011-01-20,83.0
2011-01-21,79.0
2011-01-22,89.0
2011-01-23,94.0
2011-01-24,82.0
2011-01-25,81.0
2011-01-26,87.0
2011-01-27,77.0
2011-01-28,81.0
2011-01-29,85.0
2011-01-30,92.0
2011-01-31,64.0
2011-02-01,68.08
2011-02-02,73.60000000000001
2011-02-03,73.60000000000001
2011-02-04,84.64
2011-02-05,90.16000000000001
2011-02-06,89.24000000000001
2011-02-07,64.4
2011-02-08,72.68
2011-02-09,74.52000000000001
2011-02-10,81.88000000000001
2011-02-11,81.88000000000001
2011-02-12,92.0
2011-02-13,84.64
2011-02-14,69.0
2011-02-15,72.68
2011-02-16,92.0
2011-02-17,79.12
2011-02-18,76.36
2011-02-19,79.12
2011-02-20,90.16000000000001
2011-02-21,69.0
2011-02-22,77.28
2011-02-23,75.44
2011-02-24,82.8
2011-02-25,83.72
2011-02-26,89.24000000000001
2011-02-27,91.08
2011-02-28,73.60000000000001
2011-03-01,72.0
2011-03-02,80.10000000000001
2011-03-03,74.7
2011-03-04,83.7
2011-03-05,84.60000000000001
2011-03-06,73.8
2011-03-07,68.4
2011-03-08,77.4
2011-03-09,82.8
2011-03-10,81.9
2011-03-11,70.2
2011-03-12,78.3
2011-03-13,81.9
2011-03-14,77.4
2011-03-15,74.7
2011-03-16,72.9
2011-03-17,88.2
2011-03-18,73.8
2011-03-19,90.0
2011-03-20,75.60000000000001
2011-03-21,63.9
2011-03-22,74.7
2011-03-23,70.2
2011-03-24,81.9
2011-03-25,78.3
2011-03-26,77.4
2011-03-27,73.8
2011-03-28,68.4
2011-03-29,73.8
2011-03-30,69.3
2011-03-31,66.60000000000001
2011-04-01,77.4
2011-04-02,86.0
2011-04-03,81.7
2011-04-04,66.22
2011-04-05,67.94
2011-04-06,61.06
2011-04-07,61.06
2011-04-08,67.94
2011-04-09,78.26
2011-04-10,76.53999999999999
2011-04-11,63.64
2011-04-12,65.36
2011-04-13,67.08
2011-04-14,70.52
2011-04-15,75.67999999999999
2011-04-16,71.38
2011-04-17,74.82
2011-04-18,67.08
2011-04-19,67.08
2011-04-20,67.08
2011-04-21,65.36
2011-04-22,67.94
2011-04-23,72.24
2011-04-24,83.42
2011-04-25,66.22
2011-04-26,66.22
2011-04-27,64.5
2011-04-28,58.48
2011-04-29,61.92
2011-04-30,69.66
2011-05-01,71.39999999999999
2011-05-02,54.6
2011-05-03,68.88
2011-05-04,63.0
2011-05-05,63.0
2011-05-06,63.839999999999996
2011-05-07,69.72
2011-05-08,76.44
2011-05-09,60.48
2011-05-10,69.72
2011-05-11,66.36
2011-05-12,64.67999999999999
2011-05-13,65.52
2011-05-14,75.6
2011-05-15,69.72
2011-05-16,60.48
2011-05-17,66.36
2011-05-18,69.72
2011-05-19,69.72
2011-05-20,68.88
2011-05-21,73.08
2011-05-22,73.92
2011-05-23,60.48
2011-05-24,60.48
2011-05-25,63.0
2011-05-26,68.88
2011-05-27,77.28
2011-05-28,83.16
2011-05-29,74.75999999999999
2011-05-30,84.0
2011-05-31,61.32
2011-06-01,69.72
2011-06-02,69.72
2011-06-03,73.86999999999999
2011-06-04,83.0
2011-06-05,75.53
2011-06-06,63.91
2011-06-07,68.89
2011-06-08,67.22999999999999
2011-06-09,65.57
2011-06-10,73.03999999999999
2011-06-11,70.55
2011-06-12,79.67999999999999
2011-06-13,64.74
2011-06-14,56.44
2011-06-15,63.08
2011-06-16,59.76
2011-06-17,74.7
2011-06-18,72.21
2011-06-19,73.03999999999999
2011-06-20,63.91
2011-06-21,68.89
2011-06-22,64.74
2011-06-23,63.08
2011-06-24,68.06
2011-06-25,76.36
2011-06-26,73.86999999999999
2011-06-27,68.06
2011-06-28,65.57
2011-06-29,71.38
2011-06-30,73.86999999999999
2011-07-01,70.4
2011-07-02,80.0
2011-07-03,73.60000000000001
2011-07-04,64.8
2011-07-05,65.60000000000001
2011-07-06,62.400000000000006
2011-07-07,61.6
2011-07-08,66.4
2011-07-09,68.0
2011-07-10,64.8
2011-07-11,64.0
2011-07-12,62.400000000000006
2011-07-13,64.0
2011-07-14,64.0
2011-07-15,63.2
2011-07-16,63.2
2011-07-17,62.400000000000006
2011-07-18,61.6
2011-07-19,53.6
2011-07-20,63.2
2011-07-21,68.8
2011-07-22,63.2
2011-07-23,64.8
2011-07-24,66.4
2011-07-25,63.2
2011-07-26,64.8
2011-07-27,58.400000000000006
2011-07-28,80.0
2011-07-29,68.8
2011-07-30,72.8
2011-07-31,73.60000000000001
2011-08-01,62.410000000000004
2011-08-02,67.94
2011-08-03,65.57000000000001
2011-08-04,68.73
2011-08-05,55.300000000000004
2011-08-06,68.73
2011-08-07,63.99
2011-08-08,59.25
2011-08-09,67.94
2011-08-10,67.15
2011-08-11,61.620000000000005
2011-08-12,67.94
2011-08-13,73.47
2011-08-14,79.0
2011-08-15,58.46
2011-08-16,58.46
2011-08-17,59.25
2011-08-18,61.620000000000005
2011-08-19,65.57000000000001
2011-08-20,65.57000000000001
2011-08-21,65.57000000000001
2011-08-22,60.830000000000005
2011-08-23,59.25
2011-08-24,56.09
2011-08-25,62.410000000000004
2011-08-26,60.830000000000005
2011-08-27,67.94
2011-08-28,64.78
2011-08-29,60.830000000000005
2011-08-30,56.88
2011-08-31,55.300000000000004
2011-09-01,48.36
2011-09-02,46.02
2011-09-03,53.82
2011-09-04,56.940000000000005
2011-09-05,54.6
2011-09-06,45.24
2011-09-07,46.800000000000004
2011-09-08,49.14
2011-09-09,56.160000000000004
2011-09-10,63.18
2011-09-11,55.38
2011-09-12,43.68
2011-09-13,47.58
2011-09-14,50.7
2011-09-15,47.58
2011-09-16,47.58
2011-09-17,43.68
2011-09-18,47.58
2011-09-19,44.46
2011-09-20,46.02
2011-09-21,45.24
2011-09-22,49.14
2011-09-23,52.260000000000005
2011-09-24,51.480000000000004
2011-09-25,48.36
2011-09-26,48.36
2011-09-27,58.5
2011-09-28,56.940000000000005
2011-09-29,70.2
2011-09-30,78.0
2011-10-01,85.0
2011-10-02,69.7
2011-10-03,50.15
2011-10-04,55.25
2011-10-05,51.85
2011-10-06,56.1
2011-10-07,61.199999999999996
2011-10-08,59.5
2011-10-09,58.65
2011-10-10,41.65
2011-10-11,49.3
2011-10-12,50.15
2011-10-13,47.6
2011-10-14,43.35
2011-10-15,56.949999999999996
2011-10-16,57.8
2011-10-17,46.75
2011-10-18,47.6
2011-10-19,45.05
2011-10-20,47.6
2011-10-21,46.75
2011-10-22,58.65
2011-10-23,56.1
2011-10-24,55.25
2011-10-25,78.2
2011-10-26,72.25
2011-10-27,62.9
2011-10-28,52.699999999999996
2011-10-29,68.85
2011-10-30,56.949999999999996
2011-10-31,51.0
2011-11-01,60.9
2011-11-02,54.81
2011-11-03,62.64
2011-11-04,62.64
2011-11-05,73.95
2011-11-06,62.64
2011-11-07,49.589999999999996
2011-11-08,52.2
2011-11-09,66.99
2011-11-10,60.9
2011-11-11,80.04
2011-11-12,87.0
2011-11-13,73.08
2011-11-14,57.42
2011-11-15,64.38
2011-11-16,66.12
2011-11-17,60.03
2011-11-18,63.51
2011-11-19,76.56
2011-11-20,63.51
2011-11-21,53.94
2011-11-22,67.86
2011-11-23,70.47
2011-11-24,82.65
2011-11-25,84.39
2011-11-26,72.21
2011-11-27,74.82
2011-11-28,74.82
2011-11-29,67.86
2011-11-30,65.25
2011-12-01,62.9
2011-12-02,62.9
2011-12-03,69.7
2011-12-04,62.05
2011-12-05,59.5
2011-12-06,57.8
2011-12-07,60.35
2011-12-08,55.25
2011-12-09,54.4
2011-12-10,67.14999999999999
2011-12-11,59.5
2011-12-12,51.0
2011-12-13,52.699999999999996
2011-12-14,57.8
2011-12-15,62.05
2011-12-16,67.14999999999999
2011-12-17,66.3
2011-12-18,68.0
2011-12-19,67.14999999999999
2011-12-20,64.6
2011-12-21,64.6
2011-12-22,76.5
2011-12-23,71.39999999999999
2011-12-24,80.75
2011-12-25,85.0
2011-12-26,78.2
2011-12-27,78.2
2011-12-28,69.7
2011-12-29,65.45
2011-12-30,72.25
2011-12-31,77.35
2012-01-01,71.25
2012-01-02,75.0
2012-01-03,58.5
2012-01-04,66.0
2012-01-05,68.25
2012-01-06,66.0
2012-01-07,68.25
2012-01-08,60.0
2012-01-09,65.25
2012-01-10,63.75
2012-01-11,60.75
2012-01-12,57.0
2012-01-13,63.0
2012-01-14,70.5
2012-01-15,72.0
2012-01-16,59.25
2012-01-17,69.0
2012-01-18,63.0
2012-01-19,64.5
2012-01-20,65.25
2012-01-21,66.75
2012-01-22,68.25
2012-01-23,55.5
2012-01-24,57.0
2012-01-25,61.5
2012-01-26,59.25
2012-01-27,55.5
2012-01-28,60.75
2012-01-29,60.0
2012-01-30,50.25
2012-01-31,58.5
2012-02-01,55.44
2012-02-02,58.32
2012-02-03,58.32
2012-02-04,66.96
2012-02-05,60.48
2012-02-06,48.239999999999995
2012-02-07,51.12
2012-02-08,55.44
2012-02-09,59.04
2012-02-10,65.52
2012-02-11,54.72
2012-02-12,51.12
2012-02-13,53.28
2012-02-14,52.559999999999995
2012-02-15,64.08
2012-02-16,61.199999999999996
2012-02-17,53.28
2012-02-18,61.199999999999996
2012-02-19,53.28
2012-02-20,56.16
2012-02-21,63.36
2012-02-22,72.0
2012-02-23,67.67999999999999
2012-02-24,64.8
2012-02-25,66.96
2012-02-26,67.67999999999999
2012-02-27,55.44
2012-02-28,51.12
2012-02-29,53.28
2012-03-01,60.349999999999994
2012-03-02,59.64
2012-03-03,63.19
2012-03-04,61.769999999999996
2012-03-05,51.12
2012-03-06,50.41
2012-03-07,53.959999999999994
2012-03-08,62.48
2012-03-09,56.8
2012-03-10,59.64
2012-03-11,44.019999999999996
2012-03-12,51.12
2012-03-13,53.25
2012-03-14,63.9
2012-03-15,69.58
2012-03-16,56.8
2012-03-17,54.669999999999995
2012-03-18,51.12
2012-03-19,49.699999999999996
2012-03-20,68.16
2012-03-21,60.349999999999994
2012-03-22,71.0
2012-03-23,66.74
2012-03-24,59.64
2012-03-25,59.64
2012-03-26,51.83
2012-03-27,56.089999999999996
2012-03-28,44.73
2012-03-29,52.54
2012-03-30,51.12
2012-03-31,54.669999999999995
2012-04-01,48.96
2012-04-02,39.440000000000005
2012-04-03,38.080000000000005
2012-04-04,40.800000000000004
2012-04-05,41.480000000000004
2012-04-06,46.24
2012-04-07,39.440000000000005
2012-04-08,42.84
2012-04-09,36.720000000000006
2012-04-10,41.480000000000004
2012-04-11,48.28
2012-04-12,44.88
2012-04-13,42.160000000000004
2012-04-14,55.080000000000005
2012-04-15,46.24
2012-04-16,37.400000000000006
2012-04-17,40.120000000000005
2012-04-18,47.6
2012-04-19,48.96
2012-04-20,51.00000000000001
2012-04-21,68.0
2012-04-22,59.84
2012-04-23,47.6
2012-04-24,42.160000000000004
2012-04-25,47.6
2012-04-26,41.480000000000004
2012-04-27,46.24
2012-04-28,57.800000000000004
2012-04-29,51.00000000000001
2012-04-30,48.96
2012-05-01,36.55
2012-05-02,34.85
2012-05-03,31.45
2012-05-04,39.1
2012-05-05,39.1
2012-05-06,34.85
2012-05-07,36.55
2012-05-08,34.0
2012-05-09,39.1
2012-05-10,36.55
2012-05-11,34.0
2012-05-12,44.199999999999996
2012-05-13,38.25
2012-05-14,52.699999999999996
2012-05-15,85.0
2012-05-16,70.55
2012-05-17,53.55
2012-05-18,52.699999999999996
2012-05-19,56.1
2012-05-20,51.0
2012-05-21,39.949999999999996
2012-05-22,46.75
2012-05-23,50.15
2012-05-24,41.65
2012-05-25,51.0
2012-05-26,47.6
2012-05-27,49.3
2012-05-28,45.05
2012-05-29,37.4
2012-05-30,34.0
2012-05-31,34.0
2012-06-01,72.96000000000001
2012-06-02,75.24
2012-06-03,73.72
2012-06-04,63.08
2012-06-05,66.12
2012-06-06,65.36
2012-06-07,61.56
2012-06-08,72.2
2012-06-09,74.48
2012-06-10,69.92
2012-06-11,73.72
2012-06-12,64.6
2012-06-13,69.92
2012-06-14,74.48
2012-06-15,64.6
2012-06-16,68.4
2012-06-17,75.24
2012-06-18,64.6
2012-06-19,76.0
2012-06-20,69.92
2012-06-21,69.92
2012-06-22,69.16
2012-06-23,73.72
2012-06-24,72.2
2012-06-25,60.04
2012-06-26,60.04
2012-06-27,64.6
2012-06-28,62.32
2012-06-29,65.36
2012-06-30,65.36
2012-07-01,58.8
2012-07-02,51.8
2012-07-03,52.5
2012-07-04,59.49999999999999
2012-07-05,48.3
2012-07-06,54.599999999999994
2012-07-07,50.4
2012-07-08,59.49999999999999
2012-07-09,47.599999999999994
2012-07-10,44.8
2012-07-11,47.599999999999994
2012-07-12,62.3
2012-07-13,67.89999999999999
2012-07-14,69.3
2012-07-15,68.6
2012-07-16,53.199999999999996
2012-07-17,57.4
2012-07-18,60.9
2012-07-19,57.4
2012-07-20,51.099999999999994
2012-07-21,70.0
2012-07-22,62.3
2012-07-23,53.199999999999996
2012-07-24,50.4
2012-07-25,53.199999999999996
2012-07-26,50.4
2012-07-27,51.8
2012-07-28,56.699999999999996
2012-07-29,52.5
2012-07-30,51.099999999999994
2012-07-31,48.3
2012-08-01,47.25
2012-08-02,51.0
2012-08-03,45.0
2012-08-04,51.75
2012-08-05,49.5
2012-08-06,45.75
2012-08-07,41.25
2012-08-08,45.0
2012-08-09,45.75
2012-08-10,48.75
2012-08-11,46.5
2012-08-12,45.75
2012-08-13,41.25
2012-08-14,50.25
2012-08-15,55.5
2012-08-16,54.0
2012-08-17,51.0
2012-08-18,59.25
2012-08-19,54.0
2012-08-20,43.5
2012-08-21,52.5
2012-08-22,49.5
2012-08-23,57.0
2012-08-24,49.5
2012-08-25,75.0
2012-08-26,59.25
2012-08-27,48.75
2012-08-28,57.0
2012-08-29,51.0
2012-08-30,56.25
2012-08-31,55.5
2012-09-01,70.0
2012-09-02,68.6
2012-09-03,56.699999999999996
2012-09-04,44.8
2012-09-05,56.0
2012-09-06,57.4
2012-09-07,53.9
2012-09-08,52.5
2012-09-09,56.0
2012-09-10,54.599999999999994
2012-09-11,51.8
2012-09-12,55.3
2012-09-13,58.8
2012-09-14,56.0
2012-09-15,60.199999999999996
2012-09-16,56.0
2012-09-17,51.8
2012-09-18,55.3
2012-09-19,53.9
2012-09-20,54.599999999999994
2012-09-21,51.8
2012-09-22,65.1
2012-09-23,48.3
2012-09-24,49.0
2012-09-25,52.5
2012-09-26,46.199999999999996
2012-09-27,44.099999999999994
2012-09-28,48.3
2012-09-29,58.8
2012-09-30,44.099999999999994
2012-10-01,48.97
2012-10-02,48.97
2012-10-03,44.839999999999996
2012-10-04,48.379999999999995
2012-10-05,50.739999999999995
2012-10-06,54.279999999999994
2012-10-07,51.919999999999995
2012-10-08,39.53
2012-10-09,45.43
2012-10-10,52.51
2012-10-11,54.87
2012-10-12,48.97
2012-10-13,59.0
2012-10-14,53.69
2012-10-15,44.839999999999996
2012-10-16,45.43
2012-10-17,47.79
2012-10-18,47.79
2012-10-19,47.79
2012-10-20,50.15
2012-10-21,49.559999999999995
2012-10-22,43.07
2012-10-23,50.15
2012-10-24,54.87
2012-10-25,48.379999999999995
2012-10-26,50.15
2012-10-27,56.64
2012-10-28,47.199999999999996
2012-10-29,49.559999999999995
2012-10-30,54.87
2012-10-31,46.019999999999996
2012-11-01,37.52
2012-11-02,36.85
2012-11-03,42.88
2012-11-04,41.54
2012-11-05,34.17
2012-11-06,34.84
2012-11-07,32.160000000000004
2012-11-08,39.53
2012-11-09,36.18
2012-11-10,44.89
2012-11-11,36.18
2012-11-12,35.510000000000005
2012-11-13,42.21
2012-11-14,44.220000000000006
2012-11-15,42.88
2012-11-16,43.550000000000004
2012-11-17,47.57
2012-11-18,48.24
2012-11-19,44.89
2012-11-20,46.230000000000004
2012-11-21,50.25
2012-11-22,67.0
2012-11-23,62.31
2012-11-24,61.64
2012-11-25,51.59
2012-11-26,51.59
2012-11-27,45.56
2012-11-28,41.54
2012-11-29,45.56
2012-11-30,46.900000000000006
2012-12-01,59.339999999999996
2012-12-02,55.88999999999999
2012-12-03,51.059999999999995
2012-12-04,53.81999999999999
2012-12-05,50.37
2012-12-06,46.919999999999995
2012-12-07,50.37
2012-12-08,62.78999999999999
2012-12-09,55.199999999999996
2012-12-10,45.54
2012-12-11,46.919999999999995
2012-12-12,54.51
2012-12-13,53.129999999999995
2012-12-14,47.61
2012-12-15,57.269999999999996
2012-12-16,57.269999999999996
2012-12-17,50.37
2012-12-18,60.72
2012-12-19,60.72
2012-12-20,58.65
2012-12-21,53.129999999999995
2012-12-22,63.48
2012-12-23,61.41
2012-12-24,57.959999999999994
2012-12-25,67.61999999999999
2012-12-26,62.78999999999999
2012-12-27,69.0
2012-12-28,63.48
2012-12-29,62.099999999999994
2012-12-30,62.78999999999999
2012-12-31,53.81999999999999
2013-01-01,39.33
2013-01-02,42.089999999999996
2013-01-03,41.4
2013-01-04,43.47
2013-01-05,46.23
2013-01-06,50.37
2013-01-07,69.0
2013-01-08,64.86
2013-01-09,55.199999999999996
2013-01-10,51.74999999999999
2013-01-11,44.16
2013-01-12,53.129999999999995
2013-01-13,46.23
2013-01-14,39.33
2013-01-15,42.089999999999996
2013-01-16,42.779999999999994
2013-01-17,44.16
2013-01-18,40.019999999999996
2013-01-19,47.61
2013-01-20,46.919999999999995
2013-01-21,37.26
2013-01-22,41.4
2013-01-23,42.779999999999994
2013-01-24,39.33
2013-01-25,44.849999999999994
2013-01-26,44.849999999999994
2013-01-27,43.47
2013-01-28,37.949999999999996
2013-01-29,42.779999999999994
2013-01-30,39.33
2013-01-31,40.019999999999996
2013-02-01,47.599999999999994
2013-02-02,51.8
2013-02-03,48.3
2013-02-04,40.599999999999994
2013-02-05,39.199999999999996
2013-02-06,36.4
2013-02-07,44.8
2013-02-08,44.8
2013-02-09,50.4
2013-02-10,44.8
2013-02-11,43.4
2013-02-12,42.699999999999996
2013-02-13,51.8
2013-02-14,44.099999999999994
2013-02-15,46.9
2013-02-16,54.599999999999994
2013-02-17,51.099999999999994
2013-02-18,48.3
2013-02-19,58.8
2013-02-20,60.9
2013-02-21,70.0
2013-02-22,63.699999999999996
2013-02-23,63.699999999999996
2013-02-24,58.8
2013-02-25,51.099999999999994
2013-02-26,51.8
2013-02-27,48.3
2013-02-28,49.699999999999996
2013-03-01,53.199999999999996
2013-03-02,58.099999999999994
2013-03-03,58.099999999999994
2013-03-04,56.699999999999996
2013-03-05,58.099999999999994
2013-03-06,59.49999999999999
2013-03-07,59.49999999999999
2013-03-08,58.099999999999994
2013-03-09,60.199999999999996
2013-03-10,62.99999999999999
2013-03-11,55.3
2013-03-12,58.099999999999994
2013-03-13,55.3
2013-03-14,53.199999999999996
2013-03-15,51.8
2013-03-16,64.39999999999999
2013-03-17,53.199999999999996
2013-03-18,60.199999999999996
2013-03-19,54.599999999999994
2013-03-20,56.0
2013-03-21,55.3
2013-03-22,53.9
2013-03-23,57.4
2013-03-24,53.199999999999996
2013-03-25,53.199999999999996
2013-03-26,70.0
2013-03-27,64.39999999999999
2013-03-28,60.9
2013-03-29,57.4
2013-03-30,63.699999999999996
2013-03-31,56.0
2013-04-01,45.6
2013-04-02,45.0
2013-04-03,48.0
2013-04-04,50.4
2013-04-05,48.6
2013-04-06,47.4
2013-04-07,54.6
2013-04-08,42.6
2013-04-09,43.199999999999996
2013-04-10,46.8
2013-04-11,52.199999999999996
2013-04-12,47.4
2013-04-13,60.0
2013-04-14,55.199999999999996
2013-04-15,39.6
2013-04-16,42.0
2013-04-17,43.199999999999996
2013-04-18,43.199999999999996
2013-04-19,42.0
2013-04-20,46.199999999999996
2013-04-21,48.6
2013-04-22,39.6
2013-04-23,43.199999999999996
2013-04-24,49.199999999999996
2013-04-25,48.0
2013-04-26,40.8
2013-04-27,54.6
2013-04-28,42.0
2013-04-29,47.4
2013-04-30,37.8
2013-05-01,45.99
2013-05-02,38.43
2013-05-03,47.88
2013-05-04,47.25
2013-05-05,47.88
2013-05-06,47.25
2013-05-07,46.62
2013-05-08,45.36
2013-05-09,40.95
2013-05-10,46.62
2013-05-11,47.25
2013-05-12,47.25
2013-05-13,42.21
2013-05-14,50.4
2013-05-15,44.1
2013-05-16,49.14
2013-05-17,52.29
2013-05-18,52.29
2013-05-19,53.55
2013-05-20,44.73
2013-05-21,42.84
2013-05-22,51.03
2013-05-23,57.33
2013-05-24,61.74
2013-05-25,63.0
2013-05-26,58.59
2013-05-27,47.25
2013-05-28,44.73
2013-05-29,42.84
2013-05-30,51.660000000000004
2013-05-31,51.660000000000004
2013-06-01,56.95
2013-06-02,54.940000000000005
2013-06-03,52.93
2013-06-04,46.900000000000006
2013-06-05,54.940000000000005
2013-06-06,46.900000000000006
2013-06-07,52.260000000000005
2013-06-08,56.28
2013-06-09,50.25
2013-06-10,46.230000000000004
2013-06-11,56.28
2013-06-12,48.24
2013-06-13,50.25
2013-06-14,60.970000000000006
2013-06-15,56.95
2013-06-16,56.28
2013-06-17,52.260000000000005
2013-06-18,51.59
2013-06-19,50.25
2013-06-20,67.0
2013-06-21,62.980000000000004
2013-06-22,58.290000000000006
2013-06-23,54.940000000000005
2013-06-24,52.93
2013-06-25,61.64
2013-06-26,58.96
2013-06-27,56.95
2013-06-28,55.61000000000001
2013-06-29,53.6
2013-06-30,56.28
2013-07-01,52.260000000000005
2013-07-02,56.95
2013-07-03,50.25
2013-07-04,58.96
2013-07-05,50.92
2013-07-06,48.24
2013-07-07,52.260000000000005
2013-07-08,42.88
2013-07-09,45.56
2013-07-10,49.580000000000005
2013-07-11,48.24
2013-07-12,49.580000000000005
2013-07-13,53.6
2013-07-14,54.27
2013-07-15,54.940000000000005
2013-07-16,50.92
2013-07-17,52.93
2013-07-18,56.28
2013-07-19,55.61000000000001
2013-07-20,54.940000000000005
2013-07-21,48.910000000000004
2013-07-22,51.59
2013-07-23,46.230000000000004
2013-07-24,54.27
2013-07-25,50.25
2013-07-26,43.550000000000004
2013-07-27,53.6
2013-07-28,47.57
2013-07-29,41.54
2013-07-30,51.59
2013-07-31,67.0
2013-08-01,62.400000000000006
2013-08-02,65.0
2013-08-03,63.7
2013-08-04,62.400000000000006
2013-08-05,51.35
2013-08-06,54.6
2013-08-07,61.1
2013-08-08,59.800000000000004
2013-08-09,54.6
2013-08-10,61.1
2013-08-11,59.15
2013-08-12,56.550000000000004
2013-08-13,53.95
2013-08-14,58.5
2013-08-15,56.550000000000004
2013-08-16,55.25
2013-08-17,60.45
2013-08-18,61.75
2013-08-19,52.65
2013-08-20,50.050000000000004
2013-08-21,53.300000000000004
2013-08-22,54.6
2013-08-23,52.0
2013-08-24,63.7
2013-08-25,62.400000000000006
2013-08-26,48.75
2013-08-27,49.4
2013-08-28,54.6
2013-08-29,57.2
2013-08-30,56.550000000000004
2013-08-31,52.65
2013-09-01,53.69
2013-09-02,59.0
2013-09-03,53.69
2013-09-04,50.15
2013-09-05,54.87
2013-09-06,51.919999999999995
2013-09-07,57.82
2013-09-08,55.459999999999994
2013-09-09,48.379999999999995
2013-09-10,50.15
2013-09-11,51.33
2013-09-12,48.97
2013-09-13,50.739999999999995
2013-09-14,50.15
2013-09-15,56.64
2013-09-16,44.839999999999996
2013-09-17,46.019999999999996
2013-09-18,50.15
2013-09-19,51.919999999999995
2013-09-20,54.87
2013-09-21,52.51
2013-09-22,52.51
2013-09-23,44.839999999999996
2013-09-24,54.279999999999994
2013-09-25,48.97
2013-09-26,48.379999999999995
2013-09-27,51.919999999999995
2013-09-28,51.33
2013-09-29,47.199999999999996
2013-09-30,46.019999999999996
2013-10-01,51.74999999999999
2013-10-02,49.67999999999999
2013-10-03,42.089999999999996
2013-10-04,46.919999999999995
2013-10-05,60.72
2013-10-06,50.37
2013-10-07,40.019999999999996
2013-10-08,48.3
2013-10-09,42.089999999999996
2013-10-10,42.779999999999994
2013-10-11,42.089999999999996
2013-10-12,45.54
2013-10-13,44.16
2013-10-14,38.64
2013-10-15,37.949999999999996
2013-10-16,39.33
2013-10-17,41.4
2013-10-18,53.81999999999999
2013-10-19,60.029999999999994
2013-10-20,56.58
2013-10-21,55.199999999999996
2013-10-22,59.339999999999996
2013-10-23,54.51
2013-10-24,48.3
2013-10-25,48.3
2013-10-26,55.88999999999999
2013-10-27,46.23
2013-10-28,55.88999999999999
2013-10-29,69.0
2013-10-30,60.029999999999994
2013-10-31,57.959999999999994
2013-11-01,47.12
2013-11-02,50.160000000000004
2013-11-03,49.4
2013-11-04,46.36
2013-11-05,42.56
2013-11-06,44.08
2013-11-07,48.64
2013-11-08,48.64
2013-11-09,54.72
2013-11-10,47.12
2013-11-11,40.28
2013-11-12,44.08
2013-11-13,43.32
2013-11-14,44.08
2013-11-15,43.32
2013-11-16,50.160000000000004
2013-11-17,49.4
2013-11-18,44.08
2013-11-19,50.160000000000004
2013-11-20,49.4
2013-11-21,43.32
2013-11-22,40.28
2013-11-23,47.88
2013-11-24,45.6
2013-11-25,43.32
2013-11-26,42.56
2013-11-27,45.6
2013-11-28,62.32
2013-11-29,76.0
2013-11-30,58.52
2013-12-01,62.25
2013-12-02,68.25
2013-12-03,62.25
2013-12-04,57.75
2013-12-05,51.0
2013-12-06,51.0
2013-12-07,57.0
2013-12-08,57.75
2013-12-09,47.25
2013-12-10,49.5
2013-12-11,46.5
2013-12-12,50.25
2013-12-13,54.0
2013-12-14,63.75
2013-12-15,62.25
2013-12-16,45.0
2013-12-17,53.25
2013-12-18,57.0
2013-12-19,58.5
2013-12-20,52.5
2013-12-21,60.75
2013-12-22,50.25
2013-12-23,54.75
2013-12-24,57.75
2013-12-25,71.25
2013-12-26,75.0
2013-12-27,65.25
2013-12-28,58.5
2013-12-29,57.75
2013-12-30,51.0
2013-12-31,53.25
2014-01-01,55.080000000000005
2014-01-02,48.28
2014-01-03,53.720000000000006
2014-01-04,52.36000000000001
2014-01-05,55.760000000000005
2014-01-06,68.0
2014-01-07,59.160000000000004
2014-01-08,64.60000000000001
2014-01-09,57.800000000000004
2014-01-10,55.080000000000005
2014-01-11,57.800000000000004
2014-01-12,55.080000000000005
2014-01-13,44.88
2014-01-14,51.68000000000001
2014-01-15,51.68000000000001
2014-01-16,53.720000000000006
2014-01-17,50.32
2014-01-18,59.160000000000004
2014-01-19,57.800000000000004
2014-01-20,52.36000000000001
2014-01-21,42.84
2014-01-22,51.68000000000001
2014-01-23,48.96
2014-01-24,44.2
2014-01-25,51.68000000000001
2014-01-26,50.32
2014-01-27,45.56
2014-01-28,45.56
2014-01-29,49.64
2014-01-30,51.00000000000001
2014-01-31,52.36000000000001
2014-02-01,39.68
2014-02-02,42.24
2014-02-03,33.92
2014-02-04,37.12
2014-02-05,40.96
2014-02-06,35.84
2014-02-07,39.68
2014-02-08,42.88
2014-02-09,38.4
2014-02-10,38.4
2014-02-11,42.24
2014-02-12,37.76
2014-02-13,39.68
2014-02-14,40.32
2014-02-15,42.24
2014-02-16,42.24
2014-02-17,45.44
2014-02-18,51.84
2014-02-19,64.0
2014-02-20,48.0
2014-02-21,44.800000000000004
2014-02-22,50.56
2014-02-23,49.28
2014-02-24,39.04
2014-02-25,38.4
2014-02-26,40.96
2014-02-27,46.72
2014-02-28,42.24
2014-03-01,55.04
2014-03-02,48.64
2014-03-03,36.480000000000004
2014-03-04,47.36
2014-03-05,43.52
2014-03-06,46.72
2014-03-07,47.36
2014-03-08,48.0
2014-03-09,44.160000000000004
2014-03-10,42.24
2014-03-11,61.44
2014-03-12,50.56
2014-03-13,45.44
2014-03-14,49.28
2014-03-15,52.480000000000004
2014-03-16,49.92
2014-03-17,46.72
2014-03-18,44.160000000000004
2014-03-19,40.96
2014-03-20,42.24
2014-03-21,48.64
2014-03-22,53.76
2014-03-23,46.72
2014-03-24,40.96
2014-03-25,62.08
2014-03-26,64.0
2014-03-27,49.92
2014-03-28,53.120000000000005
2014-03-29,51.84
2014-03-30,48.0
2014-03-31,48.0
2014-04-01,46.199999999999996
2014-04-02,53.4
2014-04-03,49.8
2014-04-04,54.6
2014-04-05,55.8
2014-04-06,51.0
2014-04-07,53.4
2014-04-08,58.199999999999996
2014-04-09,53.4
2014-04-10,51.6
2014-04-11,54.0
2014-04-12,56.4
2014-04-13,50.4
2014-04-14,45.6
2014-04-15,45.6
2014-04-16,45.6
2014-04-17,45.0
2014-04-18,53.4
2014-04-19,60.0
2014-04-20,56.4
2014-04-21,46.199999999999996
2014-04-22,46.199999999999996
2014-04-23,51.0
2014-04-24,49.8
2014-04-25,45.6
2014-04-26,55.199999999999996
2014-04-27,49.8
2014-04-28,40.199999999999996
2014-04-29,47.4
2014-04-30,45.6
2014-05-01,39.0
2014-05-02,37.199999999999996
2014-05-03,43.8
2014-05-04,46.199999999999996
2014-05-05,36.6
2014-05-06,37.8
2014-05-07,37.199999999999996
2014-05-08,39.6
2014-05-09,41.4
2014-05-10,49.8
2014-05-11,39.0
2014-05-12,39.6
2014-05-13,41.4
2014-05-14,37.199999999999996
2014-05-15,37.199999999999996
2014-05-16,38.4
2014-05-17,42.6
2014-05-18,40.8
2014-05-19,37.8
2014-05-20,39.6
2014-05-21,39.6
2014-05-22,44.4
2014-05-23,48.0
2014-05-24,46.8
2014-05-25,43.199999999999996
2014-05-26,57.599999999999994
2014-05-27,60.0
2014-05-28,54.0
2014-05-29,49.199999999999996
2014-05-30,46.199999999999996
2014-05-31,49.199999999999996
2014-06-01,60.39
2014-06-02,52.46
2014-06-03,59.17
2014-06-04,54.9
2014-06-05,52.46
2014-06-06,54.9
2014-06-07,55.51
2014-06-08,61.0
2014-06-09,49.41
2014-06-10,48.8
2014-06-11,46.97
2014-06-12,55.51
2014-06-13,48.8
2014-06-14,51.24
2014-06-15,51.85
2014-06-16,45.14
2014-06-17,44.53
2014-06-18,54.9
2014-06-19,56.73
2014-06-20,54.29
2014-06-21,49.41
2014-06-22,56.12
2014-06-23,53.07
2014-06-24,53.07
2014-06-25,54.9
2014-06-26,53.68
2014-06-27,47.58
2014-06-28,46.36
2014-06-29,59.78
2014-06-30,53.07
2014-07-01,36.54
2014-07-02,41.58
2014-07-03,38.43
2014-07-04,39.69
2014-07-05,42.21
2014-07-06,42.84
2014-07-07,36.54
2014-07-08,34.65
2014-07-09,39.06
2014-07-10,39.69
2014-07-11,39.06
2014-07-12,42.21
2014-07-13,34.65
2014-07-14,34.65
2014-07-15,34.65
2014-07-16,33.39
2014-07-17,34.65
2014-07-18,39.06
2014-07-19,42.84
2014-07-20,47.88
2014-07-21,37.17
2014-07-22,55.44
2014-07-23,52.92
2014-07-24,41.58
2014-07-25,47.88
2014-07-26,45.99
2014-07-27,47.88
2014-07-28,39.69
2014-07-29,63.0
2014-07-30,54.81
2014-07-31,51.03
2014-08-01,56.32
2014-08-02,64.0
2014-08-03,58.24
2014-08-04,51.2
2014-08-05,52.480000000000004
2014-08-06,50.56
2014-08-07,58.88
2014-08-08,53.76
2014-08-09,56.32
2014-08-10,55.04
2014-08-11,48.0
2014-08-12,48.0
2014-08-13,51.84
2014-08-14,48.64
2014-08-15,56.32
2014-08-16,54.4
2014-08-17,59.52
2014-08-18,51.2
2014-08-19,45.44
2014-08-20,44.800000000000004
2014-08-21,49.28
2014-08-22,49.92
2014-08-23,52.480000000000004
2014-08-24,49.28
2014-08-25,45.44
2014-08-26,49.92
2014-08-27,49.28
2014-08-28,44.800000000000004
2014-08-29,48.0
2014-08-30,48.0
2014-08-31,49.92
2014-09-01,39.6
2014-09-02,30.0
2014-09-03,33.0
2014-09-04,36.0
2014-09-05,36.0
2014-09-06,38.4
2014-09-07,32.4
2014-09-08,33.0
2014-09-09,30.599999999999998
2014-09-10,30.599999999999998
2014-09-11,31.2
2014-09-12,32.4
2014-09-13,33.6
2014-09-14,29.4
2014-09-15,31.799999999999997
2014-09-16,28.799999999999997
2014-09-17,29.4
2014-09-18,33.0
2014-09-19,60.0
2014-09-20,55.8
2014-09-21,36.0
2014-09-22,37.199999999999996
2014-09-23,33.6
2014-09-24,34.199999999999996
2014-09-25,28.799999999999997
2014-09-26,34.199999999999996
2014-09-27,35.4
2014-09-28,34.8
2014-09-29,33.6
2014-09-30,33.6
2014-10-01,45.82
2014-10-02,51.04
2014-10-03,43.5
2014-10-04,45.82
2014-10-05,43.5
2014-10-06,39.44
2014-10-07,44.08
2014-10-08,42.919999999999995
2014-10-09,44.08
2014-10-10,45.82
2014-10-11,45.82
2014-10-12,44.08
2014-10-13,41.76
2014-10-14,40.019999999999996
2014-10-15,40.599999999999994
2014-10-16,48.72
2014-10-17,46.4
2014-10-18,48.72
2014-10-19,48.72
2014-10-20,40.019999999999996
2014-10-21,41.18
2014-10-22,44.08
2014-10-23,52.779999999999994
2014-10-24,55.099999999999994
2014-10-25,51.62
2014-10-26,57.99999999999999
2014-10-27,40.599999999999994
2014-10-28,41.18
2014-10-29,42.919999999999995
2014-10-30,41.76
2014-10-31,38.86
2014-11-01,38.64
2014-11-02,39.33
2014-11-03,34.5
2014-11-04,43.47
2014-11-05,41.4
2014-11-06,44.16
2014-11-07,42.779999999999994
2014-11-08,44.16
2014-11-09,40.709999999999994
2014-11-10,38.64
2014-11-11,45.54
2014-11-12,42.089999999999996
2014-11-13,45.54
2014-11-14,40.019999999999996
2014-11-15,48.3
2014-11-16,49.67999999999999
2014-11-17,37.26
2014-11-18,55.199999999999996
2014-11-19,51.74999999999999
2014-11-20,46.919999999999995
2014-11-21,46.23
2014-11-22,49.67999999999999
2014-11-23,53.81999999999999
2014-11-24,43.47
2014-11-25,46.23
2014-11-26,51.059999999999995
2014-11-27,53.129999999999995
2014-11-28,69.0
2014-11-29,57.959999999999994
2014-11-30,55.199999999999996
2014-12-01,56.28
2014-12-02,46.900000000000006
2014-12-03,42.21
2014-12-04,36.85
2014-12-05,41.54
2014-12-06,40.870000000000005
2014-12-07,44.89
2014-12-08,36.85
2014-12-09,38.86
2014-12-10,38.86
2014-12-11,43.550000000000004
2014-12-12,45.56
2014-12-13,44.89
2014-12-14,45.56
2014-12-15,42.21
2014-12-16,37.52
2014-12-17,43.550000000000004
2014-12-18,42.21
2014-12-19,38.86
2014-12-20,44.89
2014-12-21,48.910000000000004
2014-12-22,40.870000000000005
2014-12-23,46.900000000000006
2014-12-24,52.93
2014-12-25,67.0
2014-12-26,63.650000000000006
2014-12-27,56.28
2014-12-28,54.940000000000005
2014-12-29,42.21
2014-12-30,40.870000000000005
2014-12-31,45.56
2015-01-01,52.199999999999996
2015-01-02,49.199999999999996
2015-01-03,57.0
2015-01-04,55.199999999999996
2015-01-05,56.4
2015-01-06,52.199999999999996
2015-01-07,52.199999999999996
2015-01-08,51.6
2015-01-09,54.0
2015-01-10,60.0
2015-01-11,48.6
2015-01-12,42.0
2015-01-13,50.4
2015-01-14,47.4
2015-01-15,52.8
2015-01-16,50.4
2015-01-17,53.4
2015-01-18,48.6
2015-01-19,50.4
2015-01-20,50.4
2015-01-21,41.4
2015-01-22,55.8
2015-01-23,56.4
2015-01-24,58.8
2015-01-25,54.0
2015-01-26,45.6
2015-01-27,51.6
2015-01-28,55.8
2015-01-29,46.199999999999996
2015-01-30,52.8
2015-01-31,54.0
2015-02-01,54.519999999999996
2015-02-02,40.019999999999996
2015-02-03,44.08
2015-02-04,44.66
2015-02-05,49.879999999999995
2015-02-06,47.559999999999995
2015-02-07,55.099999999999994
2015-02-08,46.98
2015-02-09,42.339999999999996
2015-02-10,57.99999999999999
2015-02-11,53.36
2015-02-12,55.67999999999999
2015-02-13,48.72
2015-02-14,49.879999999999995
2015-02-15,48.13999999999999
2015-02-16,43.5
2015-02-17,47.559999999999995
2015-02-18,49.3
2015-02-19,45.239999999999995
2015-02-20,44.66
2015-02-21,49.3
2015-02-22,55.67999999999999
2015-02-23,44.08
2015-02-24,48.13999999999999
2015-02-25,48.13999999999999
2015-02-26,50.459999999999994
2015-02-27,40.019999999999996
2015-02-28,52.779999999999994
2015-03-01,33.39
2015-03-02,28.35
2015-03-03,32.13
2015-03-04,63.0
2015-03-05,44.73
2015-03-06,39.69
2015-03-07,35.910000000000004
2015-03-08,37.17
2015-03-09,29.61
2015-03-10,30.87
2015-03-11,37.17
2015-03-12,34.02
2015-03-13,35.28
2015-03-14,32.76
2015-03-15,33.39
2015-03-16,27.72
2015-03-17,37.8
2015-03-18,40.95
2015-03-19,39.06
2015-03-20,34.02
2015-03-21,36.54
2015-03-22,33.39
2015-03-23,30.240000000000002
2015-03-24,31.5
2015-03-25,35.910000000000004
2015-03-26,30.240000000000002
2015-03-27,30.240000000000002
2015-03-28,33.39
2015-03-29,28.35
2015-03-30,29.61
2015-03-31,30.240000000000002
2015-04-01,43.88999999999999
2015-04-02,43.31999999999999
2015-04-03,41.61
2015-04-04,45.599999999999994
2015-04-05,47.309999999999995
2015-04-06,35.339999999999996
2015-04-07,38.19
2015-04-08,43.31999999999999
2015-04-09,43.88999999999999
2015-04-10,37.05
2015-04-11,45.599999999999994
2015-04-12,45.599999999999994
2015-04-13,43.31999999999999
2015-04-14,54.15
2015-04-15,54.15
2015-04-16,44.459999999999994
2015-04-17,48.449999999999996
2015-04-18,56.99999999999999
2015-04-19,52.44
2015-04-20,41.61
2015-04-21,43.31999999999999
2015-04-22,44.459999999999994
2015-04-23,45.599999999999994
2015-04-24,50.73
2015-04-25,46.169999999999995
2015-04-26,51.3
2015-04-27,40.47
2015-04-28,43.31999999999999
2015-04-29,40.47
2015-04-30,41.61
2015-05-01,48.0
2015-05-02,40.96
2015-05-03,36.480000000000004
2015-05-04,30.080000000000002
2015-05-05,35.2
2015-05-06,40.96
2015-05-07,47.36
2015-05-08,41.6
2015-05-09,44.160000000000004
2015-05-10,43.52
2015-05-11,36.480000000000004
2015-05-12,39.68
2015-05-13,38.4
2015-05-14,47.36
2015-05-15,53.76
2015-05-16,53.120000000000005
2015-05-17,55.04
2015-05-18,56.32
2015-05-19,61.44
2015-05-20,48.0
2015-05-21,49.92
2015-05-22,40.32
2015-05-23,61.44
2015-05-24,49.92
2015-05-25,53.76
2015-05-26,44.800000000000004
2015-05-27,46.08
2015-05-28,56.32
2015-05-29,60.160000000000004
2015-05-30,64.0
2015-05-31,60.160000000000004
2015-06-01,69.0
2015-06-02,55.199999999999996
2015-06-03,50.37
2015-06-04,55.199999999999996
2015-06-05,53.129999999999995
2015-06-06,51.059999999999995
2015-06-07,53.81999999999999
2015-06-08,44.849999999999994
2015-06-09,45.54
2015-06-10,46.919999999999995
2015-06-11,44.849999999999994
2015-06-12,54.51
2015-06-13,51.74999999999999
2015-06-14,51.059999999999995
2015-06-15,44.849999999999994
2015-06-16,47.61
2015-06-17,46.23
2015-06-18,50.37
2015-06-19,46.23
2015-06-20,47.61
2015-06-21,51.059999999999995
2015-06-22,52.44
2015-06-23,56.58
2015-06-24,48.989999999999995
2015-06-25,50.37
2015-06-26,53.81999999999999
2015-06-27,51.74999999999999
2015-06-28,54.51
2015-06-29,42.089999999999996
2015-06-30,45.54
2015-07-01,29.82
2015-07-02,27.689999999999998
2015-07-03,34.08
2015-07-04,29.11
2015-07-05,31.95
2015-07-06,27.689999999999998
2015-07-07,30.529999999999998
2015-07-08,29.82
2015-07-09,30.529999999999998
2015-07-10,29.11
2015-07-11,28.4
2015-07-12,29.82
2015-07-13,29.11
2015-07-14,29.82
2015-07-15,34.08
2015-07-16,30.529999999999998
2015-07-17,31.24
2015-07-18,37.629999999999995
2015-07-19,35.5
2015-07-20,31.95
2015-07-21,32.66
2015-07-22,29.11
2015-07-23,26.27
2015-07-24,32.66
2015-07-25,28.4
2015-07-26,34.79
2015-07-27,34.08
2015-07-28,33.37
2015-07-29,55.379999999999995
2015-07-30,71.0
2015-07-31,64.61
2015-08-01,77.0
2015-08-02,64.68
2015-08-03,51.59
2015-08-04,49.28
2015-08-05,46.2
2015-08-06,49.28
2015-08-07,47.74
2015-08-08,54.67
2015-08-09,55.44
2015-08-10,43.120000000000005
2015-08-11,46.2
2015-08-12,41.58
2015-08-13,48.51
2015-08-14,50.050000000000004
2015-08-15,51.59
2015-08-16,46.2
2015-08-17,40.04
2015-08-18,40.04
2015-08-19,36.96
2015-08-20,40.04
2015-08-21,43.120000000000005
2015-08-22,39.27
2015-08-23,40.04
2015-08-24,34.65
2015-08-25,37.730000000000004
2015-08-26,44.660000000000004
2015-08-27,36.96
2015-08-28,38.5
2015-08-29,42.35
2015-08-30,46.97
2015-08-31,40.81
2015-09-01,51.85
2015-09-02,47.58
2015-09-03,42.089999999999996
2015-09-04,44.53
2015-09-05,55.51
2015-09-06,58.56
2015-09-07,53.68
2015-09-08,45.75
2015-09-09,39.04
2015-09-10,42.699999999999996
2015-09-11,48.8
2015-09-12,61.0
2015-09-13,42.089999999999996
2015-09-14,46.36
2015-09-15,42.699999999999996
2015-09-16,42.699999999999996
2015-09-17,35.38
2015-09-18,40.87
2015-09-19,49.41
2015-09-20,37.82
2015-09-21,37.82
2015-09-22,42.089999999999996
2015-09-23,45.75
2015-09-24,44.53
2015-09-25,43.92
2015-09-26,50.629999999999995
2015-09-27,45.14
2015-09-28,39.65
2015-09-29,40.26
2015-09-30,43.92
2015-10-01,37.17
2015-10-02,40.32
2015-10-03,43.47
2015-10-04,37.8
2015-10-05,34.02
2015-10-06,41.58
2015-10-07,41.58
2015-10-08,61.11
2015-10-09,57.33
2015-10-10,63.0
2015-10-11,51.660000000000004
2015-10-12,44.73
2015-10-13,44.1
2015-10-14,40.32
2015-10-15,37.17
2015-10-16,45.36
2015-10-17,42.21
2015-10-18,43.47
2015-10-19,38.43
2015-10-20,40.95
2015-10-21,40.32
2015-10-22,38.43
2015-10-23,41.58
2015-10-24,49.14
2015-10-25,44.73
2015-10-26,41.58
2015-10-27,35.910000000000004
2015-10-28,32.76
2015-10-29,39.69
2015-10-30,42.21
2015-10-31,49.77
2015-11-01,41.28
2015-11-02,37.839999999999996
2015-11-03,38.7
2015-11-04,47.3
2015-11-05,46.44
2015-11-06,49.88
2015-11-07,55.04
2015-11-08,49.88
2015-11-09,49.019999999999996
2015-11-10,73.96
2015-11-11,70.52
2015-11-12,55.9
2015-11-13,49.88
2015-11-14,56.76
2015-11-15,56.76
2015-11-16,48.16
2015-11-17,59.339999999999996
2015-11-18,55.9
2015-11-19,60.199999999999996
2015-11-20,61.92
2015-11-21,71.38
2015-11-22,59.339999999999996
2015-11-23,57.62
2015-11-24,61.06
2015-11-25,61.06
2015-11-26,76.53999999999999
2015-11-27,86.0
2015-11-28,74.82
2015-11-29,74.82
2015-11-30,68.8
2015-12-01,67.2
2015-12-02,60.0
2015-12-03,58.400000000000006
2015-12-04,56.800000000000004
2015-12-05,69.60000000000001
2015-12-06,58.400000000000006
2015-12-07,47.2
2015-12-08,49.6
2015-12-09,50.400000000000006
2015-12-10,48.0
2015-12-11,52.800000000000004
2015-12-12,57.6
2015-12-13,52.0
2015-12-14,45.6
2015-12-15,41.6
2015-12-16,46.400000000000006
2015-12-17,48.800000000000004
2015-12-18,53.6
2015-12-19,58.400000000000006
2015-12-20,50.400000000000006
2015-12-21,49.6
2015-12-22,59.2
2015-12-23,53.6
2015-12-24,62.400000000000006
2015-12-25,72.8
2015-12-26,80.0
2015-12-27,67.2
2015-12-28,67.2
2015-12-29,56.800000000000004
2015-12-30,53.6
2015-12-31,56.800000000000004
2016-01-01,52.44
2016-01-02,49.019999999999996
2016-01-03,49.019999999999996
2016-01-04,46.169999999999995
2016-01-05,54.72
2016-01-06,56.42999999999999
2016-01-07,49.019999999999996
2016-01-08,49.019999999999996
2016-01-09,48.449999999999996
2016-01-10,46.739999999999995
2016-01-11,40.47
2016-01-12,40.47
2016-01-13,48.449999999999996
2016-01-14,40.47
2016-01-15,41.04
2016-01-16,51.3
2016-01-17,47.879999999999995
2016-01-18,45.029999999999994
2016-01-19,41.61
2016-01-20,40.47
2016-01-21,42.74999999999999
2016-01-22,42.74999999999999
2016-01-23,44.459999999999994
2016-01-24,42.18
2016-01-25,41.04
2016-01-26,41.61
2016-01-27,46.169999999999995
2016-01-28,56.99999999999999
2016-01-29,52.44
2016-01-30,50.73
2016-01-31,47.879999999999995
2016-02-01,42.660000000000004
2016-02-02,41.580000000000005
2016-02-03,41.580000000000005
2016-02-04,44.28
2016-02-05,47.52
2016-02-06,54.0
2016-02-07,43.2
2016-02-08,38.34
2016-02-09,39.42
2016-02-10,39.96
2016-02-11,38.88
2016-02-12,46.440000000000005
2016-02-13,43.2
2016-02-14,45.900000000000006
2016-02-15,41.580000000000005
2016-02-16,43.2
2016-02-17,48.06
2016-02-18,47.52
2016-02-19,44.28
2016-02-20,40.5
2016-02-21,42.660000000000004
2016-02-22,34.02
2016-02-23,42.660000000000004
2016-02-24,34.56
2016-02-25,41.580000000000005
2016-02-26,41.580000000000005
2016-02-27,49.14
2016-02-28,42.660000000000004
2016-02-29,39.96
2016-03-01,34.1
2016-03-02,41.25
2016-03-03,39.6
2016-03-04,39.050000000000004
2016-03-05,47.300000000000004
2016-03-06,41.800000000000004
2016-03-07,42.900000000000006
2016-03-08,53.900000000000006
2016-03-09,45.650000000000006
2016-03-10,48.400000000000006
2016-03-11,50.6
2016-03-12,55.00000000000001
2016-03-13,45.650000000000006
2016-03-14,41.800000000000004
2016-03-15,39.050000000000004
2016-03-16,43.45
2016-03-17,41.25
2016-03-18,43.45
2016-03-19,48.400000000000006
2016-03-20,41.800000000000004
2016-03-21,42.900000000000006
2016-03-22,41.25
2016-03-23,38.5
2016-03-24,35.75
2016-03-25,39.6
2016-03-26,45.650000000000006
2016-03-27,40.7
2016-03-28,41.25
2016-03-29,44.550000000000004
2016-03-30,42.35
2016-03-31,42.35
2016-04-01,36.72
2016-04-02,44.28
2016-04-03,43.2
2016-04-04,42.120000000000005
2016-04-05,54.0
2016-04-06,48.06
2016-04-07,44.28
2016-04-08,43.74
2016-04-09,43.74
2016-04-10,42.660000000000004
2016-04-11,45.36
2016-04-12,43.2
2016-04-13,38.88
2016-04-14,41.040000000000006
2016-04-15,42.660000000000004
2016-04-16,42.120000000000005
2016-04-17,39.42
2016-04-18,39.96
2016-04-19,38.88
2016-04-20,37.800000000000004
2016-04-21,41.040000000000006
2016-04-22,35.1
2016-04-23,43.2
2016-04-24,35.64
2016-04-25,35.1
2016-04-26,36.72
2016-04-27,39.96
2016-04-28,35.1
2016-04-29,35.1
2016-04-30,39.96
2016-05-01,23.759999999999998
2016-05-02,23.759999999999998
2016-05-03,27.36
2016-05-04,24.48
2016-05-05,26.64
2016-05-06,34.56
2016-05-07,72.0
2016-05-08,46.08
2016-05-09,38.879999999999995
2016-05-10,37.44
2016-05-11,31.68
2016-05-12,35.28
2016-05-13,38.16
2016-05-14,38.16
2016-05-15,30.24
2016-05-16,30.24
2016-05-17,34.56
2016-05-18,30.24
2016-05-19,30.959999999999997
2016-05-20,30.959999999999997
2016-05-21,30.24
2016-05-22,28.799999999999997
2016-05-23,32.4
2016-05-24,39.6
2016-05-25,31.68
2016-05-26,31.68
2016-05-27,38.16
2016-05-28,32.4
2016-05-29,30.24
2016-05-30,34.56
2016-05-31,28.08
2016-06-01,55.18
2016-06-02,53.94
2016-06-03,52.7
2016-06-04,52.08
2016-06-05,48.98
2016-06-06,48.36
2016-06-07,46.5
2016-06-08,48.36
2016-06-09,54.56
2016-06-10,62.0
2016-06-11,52.08
2016-06-12,45.26
2016-06-13,46.5
2016-06-14,46.5
2016-06-15,48.36
2016-06-16,50.839999999999996
2016-06-17,48.36
2016-06-18,42.78
2016-06-19,47.12
2016-06-20,47.12
2016-06-21,46.5
2016-06-22,50.22
2016-06-23,46.5
2016-06-24,49.6
2016-06-25,48.36
2016-06-26,49.6
2016-06-27,40.3
2016-06-28,49.6
2016-06-29,54.56
2016-06-30,53.94
2016-07-01,47.4
2016-07-02,51.0
2016-07-03,49.199999999999996
2016-07-04,48.0
2016-07-05,51.0
2016-07-06,50.4
2016-07-07,55.8
2016-07-08,45.0
2016-07-09,49.8
2016-07-10,49.199999999999996
2016-07-11,42.0
2016-07-12,51.6
2016-07-13,47.4
2016-07-14,51.6
2016-07-15,57.0
2016-07-16,47.4
2016-07-17,46.8
2016-07-18,47.4
2016-07-19,48.0
2016-07-20,46.199999999999996
2016-07-21,47.4
2016-07-22,60.0
2016-07-23,45.0
2016-07-24,49.8
2016-07-25,47.4
2016-07-26,52.199999999999996
2016-07-27,48.6
2016-07-28,49.199999999999996
2016-07-29,59.4
2016-07-30,55.8
2016-07-31,47.4
2016-08-01,57.99999999999999
2016-08-02,48.72
2016-08-03,42.339999999999996
2016-08-04,41.18
2016-08-05,34.22
2016-08-06,34.22
2016-08-07,35.96
2016-08-08,38.279999999999994
2016-08-09,38.279999999999994
2016-08-10,41.18
2016-08-11,44.08
2016-08-12,49.3
2016-08-13,44.66
2016-08-14,37.699999999999996
2016-08-15,33.059999999999995
2016-08-16,42.919999999999995
2016-08-17,40.019999999999996
2016-08-18,42.339999999999996
2016-08-19,40.019999999999996
2016-08-20,38.279999999999994
2016-08-21,35.96
2016-08-22,35.96
2016-08-23,42.339999999999996
2016-08-24,42.339999999999996
2016-08-25,35.379999999999995
2016-08-26,37.12
2016-08-27,33.64
2016-08-28,31.9
2016-08-29,34.22
2016-08-30,33.64
2016-08-31,35.96
2016-09-01,48.36
2016-09-02,52.0
2016-09-03,48.88
2016-09-04,44.72
2016-09-05,49.92
2016-09-06,42.64
2016-09-07,39.52
2016-09-08,49.4
2016-09-09,52.0
2016-09-10,47.84
2016-09-11,47.84
2016-09-12,37.44
2016-09-13,40.56
2016-09-14,43.68
2016-09-15,45.760000000000005
2016-09-16,45.760000000000005
2016-09-17,44.72
2016-09-18,39.52
2016-09-19,36.92
2016-09-20,38.480000000000004
2016-09-21,42.64
2016-09-22,44.72
2016-09-23,46.28
2016-09-24,43.160000000000004
2016-09-25,45.24
2016-09-26,40.56
2016-09-27,38.480000000000004
2016-09-28,39.52
2016-09-29,46.28
2016-09-30,41.08
2016-10-01,31.349999999999998
2016-10-02,37.05
2016-10-03,31.349999999999998
2016-10-04,33.629999999999995
2016-10-05,33.059999999999995
2016-10-06,38.19
2016-10-07,38.19
2016-10-08,40.47
2016-10-09,36.48
2016-10-10,35.91
2016-10-11,38.19
2016-10-12,36.48
2016-10-13,39.33
2016-10-14,37.05
2016-10-15,36.48
2016-10-16,35.339999999999996
2016-10-17,38.19
2016-10-18,36.48
2016-10-19,38.76
2016-10-20,49.589999999999996
2016-10-21,56.99999999999999
2016-10-22,56.99999999999999
2016-10-23,51.3
2016-10-24,39.33
2016-10-25,51.3
2016-10-26,45.599999999999994
2016-10-27,42.18
2016-10-28,50.73
2016-10-29,49.589999999999996
2016-10-30,46.739999999999995
2016-10-31,36.48
2016-11-01,35.910000000000004
2016-11-02,35.28
2016-11-03,34.65
2016-11-04,35.28
2016-11-05,40.32
2016-11-06,37.17
2016-11-07,32.13
2016-11-08,37.17
2016-11-09,23.94
2016-11-10,40.32
2016-11-11,56.7
2016-11-12,41.58
2016-11-13,35.28
2016-11-14,34.02
2016-11-15,38.43
2016-11-16,45.99
2016-11-17,42.21
2016-11-18,42.84
2016-11-19,44.1
2016-11-20,41.58
2016-11-21,44.73
2016-11-22,44.1
2016-11-23,42.84
2016-11-24,52.29
2016-11-25,63.0
2016-11-26,52.92
2016-11-27,47.25
2016-11-28,57.96
2016-11-29,56.7
2016-11-30,45.99
2016-12-01,47.74
2016-12-02,41.54
2016-12-03,42.78
2016-12-04,37.2
2016-12-05,42.78
2016-12-06,41.54
2016-12-07,40.92
2016-12-08,35.96
2016-12-09,36.58
2016-12-10,37.82
2016-12-11,35.339999999999996
2016-12-12,35.96
2016-12-13,36.58
2016-12-14,40.92
2016-12-15,43.4
2016-12-16,45.26
2016-12-17,40.92
2016-12-18,41.54
2016-12-19,39.68
2016-12-20,48.98
2016-12-21,39.06
2016-12-22,47.74
2016-12-23,45.88
2016-12-24,45.26
2016-12-25,62.0
2016-12-26,52.7
2016-12-27,51.46
2016-12-28,59.519999999999996
2016-12-29,48.98
2016-12-30,45.26
2016-12-31,36.58
2017-01-01,26.0
2017-01-02,32.5
2017-01-03,32.5
2017-01-04,39.0
2017-01-05,65.0
2017-01-06,42.9
2017-01-07,38.35
2017-01-08,37.050000000000004
2017-01-09,31.85
2017-01-10,31.200000000000003
2017-01-11,31.200000000000003
2017-01-12,30.55
2017-01-13,33.15
2017-01-14,33.15
2017-01-15,31.85
2017-01-16,33.800000000000004
2017-01-17,36.4
2017-01-18,33.800000000000004
2017-01-19,30.55
2017-01-20,29.25
2017-01-21,29.900000000000002
2017-01-22,29.25
2017-01-23,26.0
2017-01-24,29.900000000000002
2017-01-25,32.5
2017-01-26,29.25
2017-01-27,29.25
2017-01-28,37.050000000000004
2017-01-29,32.5
2017-01-30,29.900000000000002
2017-01-31,29.900000000000002
2017-02-01,48.19
2017-02-02,46.36
2017-02-03,48.8
2017-02-04,48.8
2017-02-05,44.53
2017-02-06,45.75
2017-02-07,47.58
2017-02-08,45.14
2017-02-09,61.0
2017-02-10,57.949999999999996
2017-02-11,46.97
2017-02-12,47.58
2017-02-13,46.36
2017-02-14,43.31
2017-02-15,48.8
2017-02-16,45.14
2017-02-17,47.58
2017-02-18,46.97
2017-02-19,48.8
2017-02-20,42.699999999999996
2017-02-21,46.97
2017-02-22,47.58
2017-02-23,46.97
2017-02-24,49.41
2017-02-25,46.97
2017-02-26,44.53
2017-02-27,42.699999999999996
2017-02-28,46.36
2017-03-01,62.0
2017-03-02,42.78
2017-03-03,39.68
2017-03-04,35.96
2017-03-05,33.48
2017-03-06,35.339999999999996
2017-03-07,35.96
2017-03-08,39.68
2017-03-09,35.96
2017-03-10,46.5
2017-03-11,41.54
2017-03-12,39.68
2017-03-13,36.58
2017-03-14,36.58
2017-03-15,33.48
2017-03-16,38.44
2017-03-17,40.3
2017-03-18,32.24
2017-03-19,33.48
2017-03-20,41.54
2017-03-21,41.54
2017-03-22,39.06
2017-03-23,31.62
2017-03-24,32.86
2017-03-25,31.62
2017-03-26,31.62
2017-03-27,31.62
2017-03-28,32.86
2017-03-29,34.72
2017-03-30,30.38
2017-03-31,29.14
2017-04-01,52.92
2017-04-02,42.120000000000005
2017-04-03,40.5
2017-04-04,43.2
2017-04-05,41.580000000000005
2017-04-06,51.300000000000004
2017-04-07,54.0
2017-04-08,50.760000000000005
2017-04-09,45.900000000000006
2017-04-10,43.74
2017-04-11,46.440000000000005
2017-04-12,46.980000000000004
2017-04-13,43.2
2017-04-14,37.800000000000004
2017-04-15,41.580000000000005
2017-04-16,44.28
2017-04-17,46.440000000000005
2017-04-18,43.74
2017-04-19,39.42
2017-04-20,38.34
2017-04-21,43.2
2017-04-22,37.260000000000005
2017-04-23,37.800000000000004
2017-04-24,42.120000000000005
2017-04-25,42.120000000000005
2017-04-26,46.440000000000005
2017-04-27,42.660000000000004
2017-04-28,42.120000000000005
2017-04-29,39.96
2017-04-30,43.74
2017-05-01,33.0
2017-05-02,32.4
2017-05-03,36.6
2017-05-04,35.4
2017-05-05,36.0
2017-05-06,34.199999999999996
2017-05-07,36.6
2017-05-08,34.8
2017-05-09,46.8
2017-05-10,60.0
2017-05-11,50.4
2017-05-12,49.199999999999996
2017-05-13,39.6
2017-05-14,31.799999999999997
2017-05-15,42.6
2017-05-16,39.6
2017-05-17,39.6
2017-05-18,34.8
2017-05-19,37.8
2017-05-20,33.6
2017-05-21,30.0
2017-05-22,36.6
2017-05-23,39.0
2017-05-24,40.8
2017-05-25,39.0
2017-05-26,42.0
2017-05-27,36.6
2017-05-28,34.8
2017-05-29,37.199999999999996
2017-05-30,40.199999999999996
2017-05-31,42.0
2017-06-01,41.58
2017-06-02,42.21
2017-06-03,37.17
2017-06-04,34.02
2017-06-05,41.58
2017-06-06,43.47
2017-06-07,44.1
2017-06-08,51.03
2017-06-09,63.0
2017-06-10,44.1
2017-06-11,39.06
2017-06-12,54.81
2017-06-13,49.77
2017-06-14,49.77
2017-06-15,44.73
2017-06-16,47.88
2017-06-17,42.21
2017-06-18,37.8
2017-06-19,44.1
2017-06-20,52.92
2017-06-21,45.36
2017-06-22,46.62
2017-06-23,47.88
2017-06-24,39.69
2017-06-25,40.32
2017-06-26,47.88
2017-06-27,52.29
2017-06-28,47.25
2017-06-29,47.88
2017-06-30,41.58
2017-07-01,45.6
2017-07-02,42.0
2017-07-03,51.0
2017-07-04,43.8
2017-07-05,51.6
2017-07-06,58.199999999999996
2017-07-07,52.8
2017-07-08,46.8
2017-07-09,50.4
2017-07-10,52.199999999999996
2017-07-11,60.0
2017-07-12,58.8
2017-07-13,58.8
2017-07-14,58.8
2017-07-15,46.8
2017-07-16,46.199999999999996
2017-07-17,49.199999999999996
2017-07-18,56.4
2017-07-19,51.6
2017-07-20,47.4
2017-07-21,48.6
2017-07-22,41.4
2017-07-23,39.6
2017-07-24,48.0
2017-07-25,55.199999999999996
2017-07-26,56.4
2017-07-27,51.6
2017-07-28,57.0
2017-07-29,46.199999999999996
2017-07-30,46.8
2017-07-31,49.199999999999996
2017-08-01,40.8
2017-08-02,41.4
2017-08-03,42.6
2017-08-04,43.199999999999996
2017-08-05,36.6
2017-08-06,34.199999999999996
2017-08-07,42.0
2017-08-08,41.4
2017-08-09,44.4
2017-08-10,60.0
2017-08-11,49.8
2017-08-12,37.199999999999996
2017-08-13,31.799999999999997
2017-08-14,44.4
2017-08-15,42.6
2017-08-16,37.199999999999996
2017-08-17,45.0
2017-08-18,36.0
2017-08-19,34.8
2017-08-20,32.4
2017-08-21,27.599999999999998
2017-08-22,36.6
2017-08-23,40.199999999999996
2017-08-24,34.199999999999996
2017-08-25,36.0
2017-08-26,34.199999999999996
2017-08-27,31.799999999999997
2017-08-28,32.4
2017-08-29,39.0
2017-08-30,34.8
2017-08-31,34.199999999999996
2017-09-01,42.64
2017-09-02,47.32
2017-09-03,42.120000000000005
2017-09-04,42.120000000000005
2017-09-05,38.480000000000004
2017-09-06,42.120000000000005
2017-09-07,38.480000000000004
2017-09-08,36.4
2017-09-09,35.36
2017-09-10,32.76
2017-09-11,40.04
2017-09-12,37.96
2017-09-13,37.96
2017-09-14,40.56
2017-09-15,47.32
2017-09-16,36.92
2017-09-17,37.96
2017-09-18,52.0
2017-09-19,46.28
2017-09-20,41.6
2017-09-21,51.480000000000004
2017-09-22,45.24
2017-09-23,35.36
2017-09-24,37.44
2017-09-25,41.08
2017-09-26,45.24
2017-09-27,40.56
2017-09-28,46.28
2017-09-29,49.92
2017-09-30,39.52
2017-10-01,48.449999999999996
2017-10-02,39.33
2017-10-03,45.599999999999994
2017-10-04,42.18
2017-10-05,45.029999999999994
2017-10-06,43.88999999999999
2017-10-07,46.739999999999995
2017-10-08,39.9
2017-10-09,46.169999999999995
2017-10-10,56.99999999999999
2017-10-11,52.44
2017-10-12,49.019999999999996
2017-10-13,52.44
2017-10-14,44.459999999999994
2017-10-15,39.9
2017-10-16,43.88999999999999
2017-10-17,49.019999999999996
2017-10-18,50.16
2017-10-19,52.44
2017-10-20,45.599999999999994
2017-10-21,42.18
2017-10-22,39.33
2017-10-23,48.449999999999996
2017-10-24,55.28999999999999
2017-10-25,55.85999999999999
2017-10-26,53.58
2017-10-27,55.28999999999999
2017-10-28,55.28999999999999
2017-10-29,41.61
2017-10-30,44.459999999999994
2017-10-31,53.58
2017-11-01,48.91
2017-11-02,50.37
2017-11-03,45.99
2017-11-04,45.99
2017-11-05,40.15
2017-11-06,46.72
2017-11-07,48.91
2017-11-08,55.48
2017-11-09,61.32
2017-11-10,70.81
2017-11-11,48.18
2017-11-12,52.56
2017-11-13,54.019999999999996
2017-11-14,48.91
2017-11-15,51.83
2017-11-16,51.83
2017-11-17,52.56
2017-11-18,51.1
2017-11-19,46.72
2017-11-20,53.29
2017-11-21,59.129999999999995
2017-11-22,48.91
2017-11-23,58.4
2017-11-24,73.0
2017-11-25,59.86
2017-11-26,51.83
2017-11-27,66.42999999999999
2017-11-28,58.4
2017-11-29,58.4
2017-11-30,64.24
2017-12-01,61.059999999999995
2017-12-02,56.8
2017-12-03,54.669999999999995
2017-12-04,60.349999999999994
2017-12-05,61.769999999999996
2017-12-06,58.22
2017-12-07,59.64
2017-12-08,71.0
2017-12-09,65.32
2017-12-10,58.22
2017-12-11,60.349999999999994
2017-12-12,61.059999999999995
2017-12-13,63.19
2017-12-14,58.22
2017-12-15,51.83
2017-12-16,57.51
2017-12-17,51.12
2017-12-18,61.059999999999995
2017-12-19,56.8
2017-12-20,55.379999999999995
2017-12-21,64.61
2017-12-22,63.19
2017-12-23,58.22
2017-12-24,57.51
2017-12-25,59.64
2017-12-26,65.32
2017-12-27,71.0
2017-12-28,61.769999999999996
2017-12-29,53.25
2017-12-30,58.93
2017-12-31,48.989999999999995
2018-01-01,43.120000000000005
2018-01-02,53.13
2018-01-03,57.75
2018-01-04,59.29
2018-01-05,55.44
2018-01-06,52.36
2018-01-07,52.36
2018-01-08,77.0
2018-01-09,74.69
2018-01-10,71.61
2018-01-11,70.07000000000001
2018-01-12,64.68
2018-01-13,60.06
2018-01-14,57.75
2018-01-15,57.75
2018-01-16,53.13
2018-01-17,60.83
2018-01-18,64.68
2018-01-19,59.29
2018-01-20,60.83
2018-01-21,53.9
2018-01-22,61.6
2018-01-23,70.07000000000001
2018-01-24,69.3
2018-01-25,60.06
2018-01-26,59.29
2018-01-27,58.52
2018-01-28,50.82
2018-01-29,57.75
2018-01-30,60.06
2018-01-31,65.45
2018-02-01,55.3
2018-02-02,53.199999999999996
2018-02-03,51.8
2018-02-04,39.9
2018-02-05,51.099999999999994
2018-02-06,58.099999999999994
2018-02-07,56.699999999999996
2018-02-08,68.6
2018-02-09,70.0
2018-02-10,48.3
2018-02-11,46.199999999999996
2018-02-12,54.599999999999994
2018-02-13,52.5
2018-02-14,54.599999999999994
2018-02-15,50.4
2018-02-16,48.3
2018-02-17,44.099999999999994
2018-02-18,39.9
2018-02-19,44.099999999999994
2018-02-20,47.599999999999994
2018-02-21,46.9
2018-02-22,46.9
2018-02-23,51.099999999999994
2018-02-24,39.199999999999996
2018-02-25,44.8
2018-02-26,53.9
2018-02-27,45.5
2018-02-28,47.599999999999994
2018-03-01,41.480000000000004
2018-03-02,41.480000000000004
2018-03-03,39.440000000000005
2018-03-04,30.6
2018-03-05,38.080000000000005
2018-03-06,42.160000000000004
2018-03-07,42.160000000000004
2018-03-08,37.400000000000006
2018-03-09,39.440000000000005
2018-03-10,36.720000000000006
2018-03-11,34.68
2018-03-12,36.720000000000006
2018-03-13,39.440000000000005
2018-03-14,36.04
2018-03-15,35.36
2018-03-16,38.760000000000005
2018-03-17,34.0
2018-03-18,33.32
2018-03-19,37.400000000000006
2018-03-20,44.2
2018-03-21,42.160000000000004
2018-03-22,44.2
2018-03-23,41.480000000000004
2018-03-24,44.88
2018-03-25,35.36
2018-03-26,44.2
2018-03-27,68.0
2018-03-28,59.160000000000004
2018-03-29,49.64
2018-03-30,46.24
2018-03-31,41.480000000000004
2018-04-01,44.08
2018-04-02,55.099999999999994
2018-04-03,57.99999999999999
2018-04-04,54.519999999999996
2018-04-05,49.879999999999995
2018-04-06,50.459999999999994
2018-04-07,44.08
2018-04-08,41.76
2018-04-09,47.559999999999995
2018-04-10,48.72
2018-04-11,52.779999999999994
2018-04-12,44.08
2018-04-13,44.08
2018-04-14,40.599999999999994
2018-04-15,43.5
2018-04-16,41.18
2018-04-17,47.559999999999995
2018-04-18,48.72
2018-04-19,48.72
2018-04-20,40.019999999999996
2018-04-21,39.44
2018-04-22,35.379999999999995
2018-04-23,44.66
2018-04-24,44.66
2018-04-25,48.13999999999999
2018-04-26,49.879999999999995
2018-04-27,44.08
2018-04-28,40.019999999999996
2018-04-29,36.54
2018-04-30,45.239999999999995
2018-05-01,28.669999999999998
2018-05-02,32.33
2018-05-03,35.38
2018-05-04,33.55
2018-05-05,31.72
2018-05-06,29.28
2018-05-07,36.6
2018-05-08,34.16
2018-05-09,39.04
2018-05-10,61.0
2018-05-11,48.19
2018-05-12,36.6
2018-05-13,31.11
2018-05-14,34.769999999999996
2018-05-15,35.99
2018-05-16,33.55
2018-05-17,32.94
2018-05-18,34.16
2018-05-19,28.669999999999998
2018-05-20,40.26
2018-05-21,32.94
2018-05-22,31.72
2018-05-23,32.94
2018-05-24,33.55
2018-05-25,37.21
2018-05-26,33.55
2018-05-27,31.11
2018-05-28,27.45
2018-05-29,30.5
2018-05-30,37.82
2018-05-31,36.6
2018-06-01,46.98
2018-06-02,48.72
2018-06-03,51.62
2018-06-04,57.419999999999995
2018-06-05,53.36
2018-06-06,55.67999999999999
2018-06-07,51.62
2018-06-08,53.94
2018-06-09,48.72
2018-06-10,44.66
2018-06-11,50.459999999999994
2018-06-12,47.559999999999995
2018-06-13,45.82
2018-06-14,47.559999999999995
2018-06-15,49.3
2018-06-16,44.66
2018-06-17,42.919999999999995
2018-06-18,46.98
2018-06-19,48.72
2018-06-20,49.879999999999995
2018-06-21,55.099999999999994
2018-06-22,48.13999999999999
2018-06-23,43.5
2018-06-24,48.13999999999999
2018-06-25,51.04
2018-06-26,54.519999999999996
2018-06-27,57.99999999999999
2018-06-28,57.99999999999999
2018-06-29,50.459999999999994
2018-06-30,48.72
2018-07-01,34.22
2018-07-02,36.58
2018-07-03,39.53
2018-07-04,37.76
2018-07-05,41.89
2018-07-06,43.07
2018-07-07,33.629999999999995
2018-07-08,36.58
2018-07-09,41.89
2018-07-10,41.89
2018-07-11,44.25
2018-07-12,44.839999999999996
2018-07-13,47.199999999999996
2018-07-14,37.169999999999995
2018-07-15,35.989999999999995
2018-07-16,52.51
2018-07-17,59.0
2018-07-18,53.69
2018-07-19,45.43
2018-07-20,45.43
2018-07-21,34.22
2018-07-22,39.53
2018-07-23,46.61
2018-07-24,43.07
2018-07-25,44.839999999999996
2018-07-26,47.199999999999996
2018-07-27,45.43
2018-07-28,37.76
2018-07-29,39.53
2018-07-30,41.89
2018-07-31,40.71
2018-08-01,19.76
2018-08-02,23.56
2018-08-03,21.28
2018-08-04,19.0
2018-08-05,18.240000000000002
2018-08-06,19.0
2018-08-07,21.28
2018-08-08,19.0
2018-08-09,21.28
2018-08-10,20.52
2018-08-11,20.52
2018-08-12,19.76
2018-08-13,21.28
2018-08-14,31.16
2018-08-15,30.4
2018-08-16,34.2
2018-08-17,31.92
2018-08-18,24.32
2018-08-19,24.32
2018-08-20,76.0
2018-08-21,44.84
2018-08-22,32.68
2018-08-23,28.12
2018-08-24,28.88
2018-08-25,22.04
2018-08-26,22.04
2018-08-27,24.32
2018-08-28,24.32
2018-08-29,24.32
2018-08-30,23.56
2018-08-31,19.76
2018-09-01,45.029999999999994
2018-09-02,46.169999999999995
2018-09-03,43.31999999999999
2018-09-04,50.16
2018-09-05,56.42999999999999
2018-09-06,53.01
2018-09-07,49.589999999999996
2018-09-08,42.74999999999999
2018-09-09,37.62
2018-09-10,43.88999999999999
2018-09-11,50.16
2018-09-12,46.739999999999995
2018-09-13,46.739999999999995
2018-09-14,50.16
2018-09-15,49.589999999999996
2018-09-16,44.459999999999994
2018-09-17,45.599999999999994
2018-09-18,46.169999999999995
2018-09-19,56.99999999999999
2018-09-20,54.72
2018-09-21,49.019999999999996
2018-09-22,45.599999999999994
2018-09-23,46.739999999999995
2018-09-24,43.88999999999999
2018-09-25,45.029999999999994
2018-09-26,42.74999999999999
2018-09-27,45.029999999999994
2018-09-28,49.589999999999996
2018-09-29,45.029999999999994
2018-09-30,39.9
2018-10-01,48.400000000000006
2018-10-02,45.650000000000006
2018-10-03,51.150000000000006
2018-10-04,44.550000000000004
2018-10-05,48.400000000000006
2018-10-06,38.5
2018-10-07,38.5
2018-10-08,42.35
2018-10-09,46.75000000000001
2018-10-10,47.300000000000004
2018-10-11,53.35
2018-10-12,55.00000000000001
2018-10-13,42.900000000000006
2018-10-14,43.45
2018-10-15,45.1
2018-10-16,48.400000000000006
2018-10-17,46.2
2018-10-18,45.1
2018-10-19,46.75000000000001
2018-10-20,39.6
2018-10-21,37.95
2018-10-22,42.35
2018-10-23,49.50000000000001
2018-10-24,49.50000000000001
2018-10-25,52.800000000000004
2018-10-26,49.50000000000001
2018-10-27,41.800000000000004
2018-10-28,40.7
2018-10-29,46.75000000000001
2018-10-30,53.35
2018-10-31,51.7
2018-11-01,30.959999999999997
2018-11-02,28.799999999999997
2018-11-03,28.799999999999997
2018-11-04,28.08
2018-11-05,30.959999999999997
2018-11-06,28.08
2018-11-07,25.2
2018-11-08,34.56
2018-11-09,33.839999999999996
2018-11-10,29.52
2018-11-11,30.959999999999997
2018-11-12,31.68
2018-11-13,34.56
2018-11-14,37.44
2018-11-15,49.68
2018-11-16,72.0
2018-11-17,39.6
2018-11-18,39.6
2018-11-19,49.68
2018-11-20,54.72
2018-11-21,49.68
2018-11-22,44.64
2018-11-23,54.0
2018-11-24,43.92
2018-11-25,43.199999999999996
2018-11-26,51.12
2018-11-27,46.8
2018-11-28,41.04
2018-11-29,41.76
2018-11-30,39.6
2018-12-01,59.15
2018-12-02,51.35
2018-12-03,59.15
2018-12-04,65.0
2018-12-05,57.85
2018-12-06,56.550000000000004
2018-12-07,56.550000000000004
2018-12-08,57.85
2018-12-09,50.050000000000004
2018-12-10,54.6
2018-12-11,55.25
2018-12-12,59.15
2018-12-13,57.85
2018-12-14,65.0
2018-12-15,59.15
2018-12-16,58.5
2018-12-17,54.6
2018-12-18,63.7
2018-12-19,53.300000000000004
2018-12-20,56.550000000000004
2018-12-21,59.15
2018-12-22,53.95
2018-12-23,55.25
2018-12-24,61.75
2018-12-25,63.7
2018-12-26,63.7
2018-12-27,63.7
2018-12-28,63.7
2018-12-29,57.85
2018-12-30,55.25
2018-12-31,51.35
2019-01-01,42.9
2019-01-02,44.2
2019-01-03,49.4
2019-01-04,50.7
2019-01-05,40.95
2019-01-06,42.9
2019-01-07,57.2
2019-01-08,50.7
2019-01-09,51.35
2019-01-10,48.75
2019-01-11,42.9
2019-01-12,39.65
2019-01-13,38.35
2019-01-14,39.0
2019-01-15,50.050000000000004
2019-01-16,44.2
2019-01-17,48.75
2019-01-18,43.550000000000004
2019-01-19,43.550000000000004
2019-01-20,42.25
2019-01-21,38.35
2019-01-22,42.9
2019-01-23,42.25
2019-01-24,40.95
2019-01-25,48.1
2019-01-26,42.25
2019-01-27,37.7
2019-01-28,65.0
2019-01-29,53.95
2019-01-30,51.35
2019-01-31,44.2
2019-02-01,41.18
2019-02-02,38.86
2019-02-03,37.12
2019-02-04,37.699999999999996
2019-02-05,41.18
2019-02-06,41.76
2019-02-07,45.239999999999995
2019-02-08,43.5
2019-02-09,42.339999999999996
2019-02-10,35.96
2019-02-11,39.44
2019-02-12,42.339999999999996
2019-02-13,42.919999999999995
2019-02-14,57.99999999999999
2019-02-15,54.519999999999996
2019-02-16,51.04
2019-02-17,39.44
2019-02-18,34.8
2019-02-19,41.18
2019-02-20,39.44
2019-02-21,35.96
2019-02-22,48.13999999999999
2019-02-23,43.5
2019-02-24,33.64
2019-02-25,38.86
2019-02-26,40.599999999999994
2019-02-27,39.44
2019-02-28,40.599999999999994
2019-03-01,32.489999999999995
2019-03-02,31.349999999999998
2019-03-03,33.059999999999995
2019-03-04,31.919999999999998
2019-03-05,34.199999999999996
2019-03-06,33.059999999999995
2019-03-07,34.769999999999996
2019-03-08,31.349999999999998
2019-03-09,31.349999999999998
2019-03-10,31.919999999999998
2019-03-11,49.019999999999996
2019-03-12,41.04
2019-03-13,34.769999999999996
2019-03-14,34.769999999999996
2019-03-15,32.489999999999995
2019-03-16,30.779999999999998
2019-03-17,29.639999999999997
2019-03-18,34.769999999999996
2019-03-19,56.99999999999999
2019-03-20,42.18
2019-03-21,41.61
2019-03-22,39.33
2019-03-23,28.499999999999996
2019-03-24,33.629999999999995
2019-03-25,33.629999999999995
2019-03-26,42.18
2019-03-27,31.349999999999998
2019-03-28,32.489999999999995
2019-03-29,32.489999999999995
2019-03-30,29.639999999999997
2019-03-31,25.65
2019-04-01,46.08
2019-04-02,48.0
2019-04-03,47.519999999999996
2019-04-04,43.68
2019-04-05,46.08
2019-04-06,40.32
2019-04-07,34.56
2019-04-08,35.519999999999996
2019-04-09,37.44
2019-04-10,42.239999999999995
2019-04-11,39.839999999999996
2019-04-12,42.239999999999995
2019-04-13,38.4
2019-04-14,37.44
2019-04-15,41.76
2019-04-16,40.8
2019-04-17,41.28
2019-04-18,39.839999999999996
2019-04-19,39.36
2019-04-20,38.879999999999995
2019-04-21,34.56
2019-04-22,36.0
2019-04-23,47.519999999999996
2019-04-24,42.72
2019-04-25,42.72
2019-04-26,41.28
2019-04-27,34.56
2019-04-28,36.48
2019-04-29,35.04
2019-04-30,38.4
2019-05-01,31.68
2019-05-02,29.279999999999998
2019-05-03,30.72
2019-05-04,26.4
2019-05-05,29.759999999999998
2019-05-06,30.72
2019-05-07,32.16
2019-05-08,32.64
2019-05-09,36.48
2019-05-10,31.2
2019-05-11,29.279999999999998
2019-05-12,27.84
2019-05-13,31.2
2019-05-14,33.6
2019-05-15,33.6
2019-05-16,48.0
2019-05-17,40.32
2019-05-18,30.24
2019-05-19,30.24
2019-05-20,35.519999999999996
2019-05-21,35.519999999999996
2019-05-22,36.0
2019-05-23,35.519999999999996
2019-05-24,33.6
2019-05-25,28.799999999999997
2019-05-26,24.48
2019-05-27,44.16
2019-05-28,37.92
2019-05-29,39.36
2019-05-30,36.0
2019-05-31,36.48
2019-06-01,39.0
2019-06-02,37.0
2019-06-03,41.5
2019-06-04,44.5
2019-06-05,39.0
2019-06-06,48.0
2019-06-07,45.0
2019-06-08,38.0
2019-06-09,37.0
2019-06-10,44.0
2019-06-11,46.0
2019-06-12,43.0
2019-06-13,42.0
2019-06-14,41.5
2019-06-15,42.0
2019-06-16,42.0
2019-06-17,45.5
2019-06-18,50.0
2019-06-19,41.0
2019-06-20,46.5
2019-06-21,44.5
2019-06-22,35.0
2019-06-23,38.0
2019-06-24,40.0
2019-06-25,42.0
2019-06-26,41.0
2019-06-27,40.5
2019-06-28,47.5
2019-06-29,38.0
2019-06-30,32.0
2019-07-01,40.04
2019-07-02,51.480000000000004
2019-07-03,43.68
2019-07-04,33.28
2019-07-05,41.08
2019-07-06,40.04
2019-07-07,36.4
2019-07-08,42.64
2019-07-09,52.0
2019-07-10,49.92
2019-07-11,44.2
2019-07-12,45.24
2019-07-13,35.88
2019-07-14,37.44
2019-07-15,49.4
2019-07-16,49.4
2019-07-17,42.120000000000005
2019-07-18,45.24
2019-07-19,39.52
2019-07-20,37.96
2019-07-21,37.44
2019-07-22,38.480000000000004
2019-07-23,43.68
2019-07-24,44.72
2019-07-25,43.68
2019-07-26,42.64
2019-07-27,33.28
2019-07-28,33.28
2019-07-29,36.92
2019-07-30,39.52
2019-07-31,40.04
2019-08-01,45.760000000000005
2019-08-02,42.120000000000005
2019-08-03,38.480000000000004
2019-08-04,36.4
2019-08-05,41.08
2019-08-06,48.36
2019-08-07,36.92
2019-08-08,42.64
2019-08-09,39.0
2019-08-10,37.44
2019-08-11,39.0
2019-08-12,43.68
2019-08-13,44.2
2019-08-14,44.2
2019-08-15,52.0
2019-08-16,47.84
2019-08-17,41.6
2019-08-18,38.480000000000004
2019-08-19,48.36
2019-08-20,47.84
2019-08-21,49.4
2019-08-22,49.4
2019-08-23,43.160000000000004
2019-08-24,43.68
2019-08-25,36.4
2019-08-26,41.6
2019-08-27,43.160000000000004
2019-08-28,42.64
2019-08-29,40.56
2019-08-30,37.44
2019-08-31,40.56
2019-09-01,44.620000000000005
2019-09-02,35.88
2019-09-03,41.86
2019-09-04,42.32
2019-09-05,42.78
2019-09-06,38.18
2019-09-07,38.64
2019-09-08,35.88
2019-09-09,37.260000000000005
2019-09-10,37.72
2019-09-11,41.86
2019-09-12,39.56
2019-09-13,42.78
2019-09-14,41.4
2019-09-15,35.88
2019-09-16,37.72
2019-09-17,40.480000000000004
2019-09-18,44.160000000000004
2019-09-19,46.0
2019-09-20,36.34
2019-09-21,38.18
2019-09-22,36.34
2019-09-23,34.04
2019-09-24,40.480000000000004
2019-09-25,38.18
2019-09-26,40.940000000000005
2019-09-27,40.480000000000004
2019-09-28,33.58
2019-09-29,34.04
2019-09-30,30.360000000000003
2019-10-01,35.19
2019-10-02,34.68
2019-10-03,34.17
2019-10-04,32.64
2019-10-05,27.03
2019-10-06,24.48
2019-10-07,33.15
2019-10-08,32.13
2019-10-09,32.64
2019-10-10,29.07
2019-10-11,33.660000000000004
2019-10-12,30.09
2019-10-13,29.580000000000002
2019-10-14,30.09
2019-10-15,35.19
2019-10-16,34.17
2019-10-17,32.64
2019-10-18,35.7
2019-10-19,34.17
2019-10-20,28.05
2019-10-21,28.560000000000002
2019-10-22,38.76
2019-10-23,36.21
2019-10-24,36.72
2019-10-25,46.410000000000004
2019-10-26,38.25
2019-10-27,31.62
2019-10-28,48.96
2019-10-29,47.43
2019-10-30,51.0
2019-10-31,40.29
2019-11-01,34.769999999999996
2019-11-02,30.779999999999998
2019-11-03,30.779999999999998
2019-11-04,34.199999999999996
2019-11-05,33.059999999999995
2019-11-06,40.47
2019-11-07,33.629999999999995
2019-11-08,37.62
2019-11-09,35.339999999999996
2019-11-10,32.489999999999995
2019-11-11,32.489999999999995
2019-11-12,35.91
2019-11-13,35.91
2019-11-14,42.74999999999999
2019-11-15,41.04
2019-11-16,33.059999999999995
2019-11-17,32.489999999999995
2019-11-18,35.339999999999996
2019-11-19,38.19
2019-11-20,34.769999999999996
2019-11-21,34.199999999999996
2019-11-22,34.199999999999996
2019-11-23,31.919999999999998
2019-11-24,35.91
2019-11-25,39.33
2019-11-26,38.76
2019-11-27,38.19
2019-11-28,42.74999999999999
2019-11-29,56.99999999999999
2019-11-30,39.33
2019-12-01,44.52
2019-12-02,53.0
2019-12-03,50.35
2019-12-04,43.99
2019-12-05,41.870000000000005
2019-12-06,43.99
2019-12-07,39.22
2019-12-08,36.04
2019-12-09,35.510000000000005
2019-12-10,40.81
2019-12-11,43.46
2019-12-12,41.870000000000005
2019-12-13,46.64
2019-12-14,42.400000000000006
2019-12-15,33.92
2019-12-16,40.81
2019-12-17,44.52
2019-12-18,43.46
2019-12-19,43.46
2019-12-20,42.93
2019-12-21,38.160000000000004
2019-12-22,41.870000000000005
2019-12-23,39.22
2019-12-24,41.870000000000005
2019-12-25,48.230000000000004
2019-12-26,52.470000000000006
2019-12-27,51.410000000000004
2019-12-28,41.870000000000005
2019-12-29,38.690000000000005
2019-12-30,45.050000000000004
2019-12-31,41.870000000000005
2020-01-01,42.400000000000006
2020-01-02,49.29
2020-01-03,44.52
2020-01-04,41.34
2020-01-05,38.690000000000005
2020-01-06,45.050000000000004
2020-01-07,49.82
2020-01-08,52.470000000000006
2020-01-09,51.410000000000004
2020-01-10,47.7
2020-01-11,46.64
2020-01-12,45.050000000000004
2020-01-13,47.7
2020-01-14,46.11
2020-01-15,49.29
2020-01-16,52.470000000000006
2020-01-17,49.82
2020-01-18,46.64
2020-01-19,43.99
2020-01-20,46.11
2020-01-21,47.17
2020-01-22,50.35
2020-01-23,49.29
2020-01-24,52.470000000000006
2020-01-25,41.870000000000005
2020-01-26,40.28
2020-01-27,43.99
2020-01-28,47.7
2020-01-29,53.0
2020-01-30,48.760000000000005
2020-01-31,48.230000000000004
2020-02-01,37.82
2020-02-02,35.99
2020-02-03,37.21
2020-02-04,40.26
2020-02-05,46.97
2020-02-06,40.87
2020-02-07,43.31
2020-02-08,40.87
2020-02-09,39.04
2020-02-10,39.65
2020-02-11,49.41
2020-02-12,43.92
2020-02-13,53.07
2020-02-14,61.0
2020-02-15,42.089999999999996
2020-02-16,36.6
2020-02-17,39.65
2020-02-18,46.97
2020-02-19,55.51
2020-02-20,50.019999999999996
2020-02-21,50.629999999999995
2020-02-22,43.31
2020-02-23,35.38
2020-02-24,45.75
2020-02-25,46.36
2020-02-26,48.8
2020-02-27,45.75
2020-02-28,53.07
2020-02-29,42.699999999999996
2020-03-01,42.24
2020-03-02,48.0
2020-03-03,45.44
2020-03-04,44.800000000000004
2020-03-05,42.88
2020-03-06,48.64
2020-03-07,38.4
2020-03-08,37.76
2020-03-09,46.08
2020-03-10,48.64
2020-03-11,48.64
2020-03-12,46.08
2020-03-13,49.92
2020-03-14,46.72
2020-03-15,44.800000000000004
2020-03-16,48.0
2020-03-17,46.72
2020-03-18,49.92
2020-03-19,53.120000000000005
2020-03-20,53.76
2020-03-21,49.92
2020-03-22,46.08
2020-03-23,50.56
2020-03-24,64.0
2020-03-25,56.32
2020-03-26,54.4
2020-03-27,53.76
2020-03-28,49.92
2020-03-29,45.44
2020-03-30,45.44
2020-03-31,49.92
2020-04-01,49.580000000000005
2020-04-02,52.260000000000005
2020-04-03,48.24
2020-04-04,50.25
2020-04-05,45.56
2020-04-06,50.92
2020-04-07,48.24
2020-04-08,48.24
2020-04-09,52.260000000000005
2020-04-10,50.92
2020-04-11,53.6
2020-04-12,50.92
2020-04-13,49.580000000000005
2020-04-14,56.28
2020-04-15,56.28
2020-04-16,67.0
2020-04-17,56.95
2020-04-18,52.93
2020-04-19,54.27
2020-04-20,48.910000000000004
2020-04-21,59.63
2020-04-22,58.96
2020-04-23,56.28
2020-04-24,58.96
2020-04-25,52.93
2020-04-26,50.92
2020-04-27,55.61000000000001
2020-04-28,56.28
2020-04-29,62.31
2020-04-30,62.31
