date,Oracle
2011-01-01,15.66
2011-01-02,22.62
2011-01-03,53.07
2011-01-04,72.21
2011-01-05,77.42999999999999
2011-01-06,76.56
2011-01-07,67.86
2011-01-08,32.19
2011-01-09,29.58
2011-01-10,73.95
2011-01-11,73.95
2011-01-12,80.04
2011-01-13,84.39
2011-01-14,67.86
2011-01-15,25.23
2011-01-16,23.49
2011-01-17,53.94
2011-01-18,73.08
2011-01-19,74.82
2011-01-20,77.42999999999999
2011-01-21,72.21
2011-01-22,26.97
2011-01-23,24.36
2011-01-24,69.6
2011-01-25,87.0
2011-01-26,74.82
2011-01-27,68.73
2011-01-28,80.04
2011-01-29,27.84
2011-01-30,21.75
2011-01-31,64.38
2011-02-01,77.19
2011-02-02,82.77000000000001
2011-02-03,82.77000000000001
2011-02-04,80.91000000000001
2011-02-05,29.76
2011-02-06,26.970000000000002
2011-02-07,67.89
2011-02-08,87.42
2011-02-09,92.07000000000001
2011-02-10,79.98
2011-02-11,91.14
2011-02-12,23.25
2011-02-13,32.550000000000004
2011-02-14,75.33
2011-02-15,88.35000000000001
2011-02-16,93.0
2011-02-17,84.63000000000001
2011-02-18,76.26
2011-02-19,33.480000000000004
2011-02-20,33.480000000000004
2011-02-21,66.96000000000001
2011-02-22,77.19
2011-02-23,85.56
2011-02-24,88.35000000000001
2011-02-25,83.7
2011-02-26,39.06
2011-02-27,32.550000000000004
2011-02-28,75.33
2011-03-01,94.0
2011-03-02,96.0
2011-03-03,91.0
2011-03-04,84.0
2011-03-05,40.0
2011-03-06,31.0
2011-03-07,86.0
2011-03-08,85.0
2011-03-09,93.0
2011-03-10,85.0
2011-03-11,81.0
2011-03-12,31.0
2011-03-13,26.0
2011-03-14,87.0
2011-03-15,92.0
2011-03-16,90.0
2011-03-17,89.0
2011-03-18,85.0
2011-03-19,36.0
2011-03-20,29.0
2011-03-21,82.0
2011-03-22,90.0
2011-03-23,100.0
2011-03-24,95.0
2011-03-25,93.0
2011-03-26,34.0
2011-03-27,35.0
2011-03-28,94.0
2011-03-29,96.0
2011-03-30,93.0
2011-03-31,93.0
2011-04-01,82.64999999999999
2011-04-02,32.3
2011-04-03,21.849999999999998
2011-04-04,77.89999999999999
2011-04-05,91.19999999999999
2011-04-06,94.05
2011-04-07,84.55
2011-04-08,82.64999999999999
2011-04-09,29.45
2011-04-10,27.549999999999997
2011-04-11,74.1
2011-04-12,92.14999999999999
2011-04-13,94.05
2011-04-14,95.0
2011-04-15,83.6
2011-04-16,34.199999999999996
2011-04-17,26.599999999999998
2011-04-18,79.8
2011-04-19,95.0
2011-04-20,91.19999999999999
2011-04-21,88.35
2011-04-22,69.35
2011-04-23,28.5
2011-04-24,33.25
2011-04-25,81.7
2011-04-26,92.14999999999999
2011-04-27,90.25
2011-04-28,86.45
2011-04-29,74.1
2011-04-30,29.45
2011-05-01,25.81
2011-05-02,72.09
2011-05-03,78.32000000000001
2011-05-04,80.99
2011-05-05,80.1
2011-05-06,72.09
2011-05-07,28.48
2011-05-08,24.92
2011-05-09,78.32000000000001
2011-05-10,88.11
2011-05-11,80.99
2011-05-12,89.0
2011-05-13,73.87
2011-05-14,23.14
2011-05-15,28.48
2011-05-16,78.32000000000001
2011-05-17,79.21000000000001
2011-05-18,82.77
2011-05-19,82.77
2011-05-20,77.43
2011-05-21,29.37
2011-05-22,23.14
2011-05-23,72.09
2011-05-24,82.77
2011-05-25,79.21000000000001
2011-05-26,76.54
2011-05-27,68.53
2011-05-28,25.81
2011-05-29,20.47
2011-05-30,32.04
2011-05-31,69.42
2011-06-01,91.17999999999999
2011-06-02,89.24
2011-06-03,80.50999999999999
2011-06-04,28.13
2011-06-05,31.04
2011-06-06,73.72
2011-06-07,96.03
2011-06-08,87.3
2011-06-09,82.45
2011-06-10,79.53999999999999
2011-06-11,26.189999999999998
2011-06-12,26.189999999999998
2011-06-13,76.63
2011-06-14,92.14999999999999
2011-06-15,95.06
2011-06-16,92.14999999999999
2011-06-17,79.53999999999999
2011-06-18,34.92
2011-06-19,32.98
2011-06-20,74.69
2011-06-21,92.14999999999999
2011-06-22,79.53999999999999
2011-06-23,93.12
2011-06-24,84.39
2011-06-25,27.16
2011-06-26,24.25
2011-06-27,73.72
2011-06-28,85.36
2011-06-29,97.0
2011-06-30,92.14999999999999
2011-07-01,61.199999999999996
2011-07-02,21.25
2011-07-03,20.4
2011-07-04,30.599999999999998
2011-07-05,67.14999999999999
2011-07-06,81.6
2011-07-07,72.25
2011-07-08,65.45
2011-07-09,27.2
2011-07-10,19.55
2011-07-11,68.0
2011-07-12,77.35
2011-07-13,71.39999999999999
2011-07-14,69.7
2011-07-15,69.7
2011-07-16,25.5
2011-07-17,23.8
2011-07-18,71.39999999999999
2011-07-19,85.0
2011-07-20,81.6
2011-07-21,72.25
2011-07-22,74.8
2011-07-23,23.8
2011-07-24,23.8
2011-07-25,68.0
2011-07-26,74.8
2011-07-27,78.2
2011-07-28,82.45
2011-07-29,62.9
2011-07-30,27.2
2011-07-31,24.65
2011-08-01,75.53
2011-08-02,89.18
2011-08-03,91.0
2011-08-04,85.54
2011-08-05,78.26
2011-08-06,26.39
2011-08-07,30.94
2011-08-08,78.26
2011-08-09,90.09
2011-08-10,89.18
2011-08-11,90.09
2011-08-12,75.53
2011-08-13,29.12
2011-08-14,30.03
2011-08-15,70.98
2011-08-16,91.0
2011-08-17,82.81
2011-08-18,78.26
2011-08-19,76.44
2011-08-20,29.12
2011-08-21,31.85
2011-08-22,83.72
2011-08-23,83.72
2011-08-24,90.09
2011-08-25,90.09
2011-08-26,68.25
2011-08-27,22.75
2011-08-28,26.39
2011-08-29,78.26
2011-08-30,90.09
2011-08-31,83.72
2011-09-01,82.72
2011-09-02,66.88
2011-09-03,25.52
2011-09-04,22.88
2011-09-05,31.68
2011-09-06,73.04
2011-09-07,79.2
2011-09-08,82.72
2011-09-09,78.32000000000001
2011-09-10,28.16
2011-09-11,24.64
2011-09-12,80.08
2011-09-13,84.48
2011-09-14,78.32000000000001
2011-09-15,78.32000000000001
2011-09-16,73.04
2011-09-17,29.04
2011-09-18,25.52
2011-09-19,73.92
2011-09-20,77.44
2011-09-21,88.0
2011-09-22,83.6
2011-09-23,73.92
2011-09-24,29.92
2011-09-25,26.4
2011-09-26,74.8
2011-09-27,85.36
2011-09-28,84.48
2011-09-29,88.0
2011-09-30,79.2
2011-10-01,32.56
2011-10-02,32.56
2011-10-03,88.0
2011-10-04,80.08
2011-10-05,84.48
2011-10-06,84.48
2011-10-07,73.92
2011-10-08,32.56
2011-10-09,22.88
2011-10-10,66.0
2011-10-11,80.08
2011-10-12,73.92
2011-10-13,76.56
2011-10-14,73.92
2011-10-15,28.16
2011-10-16,25.52
2011-10-17,73.04
2011-10-18,85.36
2011-10-19,83.6
2011-10-20,79.2
2011-10-21,75.68
2011-10-22,25.52
2011-10-23,23.76
2011-10-24,80.08
2011-10-25,81.84
2011-10-26,72.16
2011-10-27,74.8
2011-10-28,65.12
2011-10-29,22.88
2011-10-30,24.64
2011-10-31,63.36
2011-11-01,68.64
2011-11-02,78.0
2011-11-03,74.10000000000001
2011-11-04,66.3
2011-11-05,23.400000000000002
2011-11-06,25.740000000000002
2011-11-07,60.84
2011-11-08,72.54
2011-11-09,70.2
2011-11-10,70.2
2011-11-11,60.06
2011-11-12,25.740000000000002
2011-11-13,24.18
2011-11-14,64.74000000000001
2011-11-15,69.42
2011-11-16,73.32000000000001
2011-11-17,72.54
2011-11-18,60.06
2011-11-19,21.84
2011-11-20,22.62
2011-11-21,60.84
2011-11-22,62.400000000000006
2011-11-23,60.84
2011-11-24,28.86
2011-11-25,22.62
2011-11-26,17.94
2011-11-27,16.38
2011-11-28,58.5
2011-11-29,63.96
2011-11-30,67.08
2011-12-01,69.0
2011-12-02,60.029999999999994
2011-12-03,27.599999999999998
2011-12-04,21.389999999999997
2011-12-05,58.65
2011-12-06,65.55
2011-12-07,66.24
2011-12-08,62.78999999999999
2011-12-09,60.029999999999994
2011-12-10,23.459999999999997
2011-12-11,21.389999999999997
2011-12-12,58.65
2011-12-13,66.24
2011-12-14,64.86
2011-12-15,64.17
2011-12-16,57.269999999999996
2011-12-17,22.08
2011-12-18,17.25
2011-12-19,53.81999999999999
2011-12-20,64.17
2011-12-21,63.48
2011-12-22,55.199999999999996
2011-12-23,37.949999999999996
2011-12-24,20.009999999999998
2011-12-25,14.489999999999998
2011-12-26,22.08
2011-12-27,40.019999999999996
2011-12-28,40.019999999999996
2011-12-29,43.47
2011-12-30,35.879999999999995
2011-12-31,18.63
2012-01-01,15.4
2012-01-02,25.41
2012-01-03,55.44
2012-01-04,68.53
2012-01-05,66.99
2012-01-06,60.83
2012-01-07,25.41
2012-01-08,24.64
2012-01-09,66.22
2012-01-10,72.38
2012-01-11,71.61
2012-01-12,70.84
2012-01-13,61.6
2012-01-14,25.41
2012-01-15,19.25
2012-01-16,43.89
2012-01-17,64.68
2012-01-18,67.76
2012-01-19,73.15
2012-01-20,70.84
2012-01-21,28.490000000000002
2012-01-22,25.41
2012-01-23,61.6
2012-01-24,73.15
2012-01-25,69.3
2012-01-26,72.38
2012-01-27,71.61
2012-01-28,27.72
2012-01-29,24.64
2012-01-30,71.61
2012-01-31,77.0
2012-02-01,77.19
2012-02-02,73.86999999999999
2012-02-03,72.21
2012-02-04,23.24
2012-02-05,19.09
2012-02-06,63.08
2012-02-07,77.19
2012-02-08,72.21
2012-02-09,83.0
2012-02-10,73.03999999999999
2012-02-11,30.709999999999997
2012-02-12,21.58
2012-02-13,66.39999999999999
2012-02-14,74.7
2012-02-15,72.21
2012-02-16,69.72
2012-02-17,72.21
2012-02-18,24.07
2012-02-19,25.73
2012-02-20,46.48
2012-02-21,73.03999999999999
2012-02-22,74.7
2012-02-23,67.22999999999999
2012-02-24,68.89
2012-02-25,29.049999999999997
2012-02-26,26.56
2012-02-27,57.269999999999996
2012-02-28,71.38
2012-02-29,68.89
2012-03-01,82.0
2012-03-02,78.72
2012-03-03,27.88
2012-03-04,28.7
2012-03-05,77.08
2012-03-06,79.53999999999999
2012-03-07,73.8
2012-03-08,76.25999999999999
2012-03-09,72.97999999999999
2012-03-10,27.06
2012-03-11,23.779999999999998
2012-03-12,72.16
2012-03-13,82.0
2012-03-14,75.44
2012-03-15,74.61999999999999
2012-03-16,66.42
2012-03-17,26.24
2012-03-18,24.599999999999998
2012-03-19,76.25999999999999
2012-03-20,74.61999999999999
2012-03-21,79.53999999999999
2012-03-22,72.16
2012-03-23,63.959999999999994
2012-03-24,26.24
2012-03-25,25.419999999999998
2012-03-26,76.25999999999999
2012-03-27,81.17999999999999
2012-03-28,80.36
2012-03-29,77.08
2012-03-30,66.42
2012-03-31,27.06
2012-04-01,25.110000000000003
2012-04-02,63.18000000000001
2012-04-03,72.09
2012-04-04,69.66000000000001
2012-04-05,62.370000000000005
2012-04-06,55.080000000000005
2012-04-07,23.490000000000002
2012-04-08,23.490000000000002
2012-04-09,63.99
2012-04-10,81.0
2012-04-11,72.09
2012-04-12,70.47
2012-04-13,59.940000000000005
2012-04-14,28.35
2012-04-15,21.060000000000002
2012-04-16,68.04
2012-04-17,74.52000000000001
2012-04-18,77.76
2012-04-19,68.85000000000001
2012-04-20,66.42
2012-04-21,25.110000000000003
2012-04-22,24.3
2012-04-23,69.66000000000001
2012-04-24,72.9
2012-04-25,76.95
2012-04-26,72.9
2012-04-27,64.80000000000001
2012-04-28,26.73
2012-04-29,25.92
2012-04-30,63.99
2012-05-01,78.2
2012-05-02,77.35
2012-05-03,80.75
2012-05-04,73.1
2012-05-05,25.5
2012-05-06,23.8
2012-05-07,78.2
2012-05-08,77.35
2012-05-09,80.75
2012-05-10,80.75
2012-05-11,73.95
2012-05-12,29.75
2012-05-13,23.8
2012-05-14,78.2
2012-05-15,81.6
2012-05-16,83.3
2012-05-17,79.05
2012-05-18,73.95
2012-05-19,30.599999999999998
2012-05-20,23.8
2012-05-21,73.1
2012-05-22,85.0
2012-05-23,76.5
2012-05-24,82.45
2012-05-25,67.14999999999999
2012-05-26,24.65
2012-05-27,21.25
2012-05-28,28.9
2012-05-29,71.39999999999999
2012-05-30,79.89999999999999
2012-05-31,76.5
2012-06-01,63.0
2012-06-02,21.0
2012-06-03,24.36
2012-06-04,73.92
2012-06-05,69.72
2012-06-06,73.92
2012-06-07,73.92
2012-06-08,61.32
2012-06-09,21.0
2012-06-10,22.68
2012-06-11,59.64
2012-06-12,73.92
2012-06-13,72.24
2012-06-14,70.56
2012-06-15,63.0
2012-06-16,25.2
2012-06-17,21.84
2012-06-18,67.2
2012-06-19,81.48
2012-06-20,71.39999999999999
2012-06-21,84.0
2012-06-22,68.03999999999999
2012-06-23,26.04
2012-06-24,25.2
2012-06-25,66.36
2012-06-26,73.08
2012-06-27,70.56
2012-06-28,64.67999999999999
2012-06-29,59.64
2012-06-30,23.52
2012-07-01,25.92
2012-07-02,65.61
2012-07-03,71.28
2012-07-04,37.260000000000005
2012-07-05,68.85000000000001
2012-07-06,63.18000000000001
2012-07-07,25.92
2012-07-08,27.540000000000003
2012-07-09,66.42
2012-07-10,72.09
2012-07-11,78.57000000000001
2012-07-12,76.95
2012-07-13,68.04
2012-07-14,25.110000000000003
2012-07-15,23.490000000000002
2012-07-16,72.09
2012-07-17,76.14
2012-07-18,81.0
2012-07-19,73.71000000000001
2012-07-20,61.56
2012-07-21,27.540000000000003
2012-07-22,22.68
2012-07-23,68.85000000000001
2012-07-24,73.71000000000001
2012-07-25,74.52000000000001
2012-07-26,72.09
2012-07-27,66.42
2012-07-28,22.68
2012-07-29,24.3
2012-07-30,67.23
2012-07-31,72.09
2012-08-01,66.36
2012-08-02,63.839999999999996
2012-08-03,62.16
2012-08-04,19.32
2012-08-05,22.68
2012-08-06,63.0
2012-08-07,74.75999999999999
2012-08-08,68.88
2012-08-09,70.56
2012-08-10,57.12
2012-08-11,21.84
2012-08-12,26.04
2012-08-13,63.839999999999996
2012-08-14,73.92
2012-08-15,76.44
2012-08-16,68.03999999999999
2012-08-17,62.16
2012-08-18,28.56
2012-08-19,22.68
2012-08-20,63.0
2012-08-21,66.36
2012-08-22,67.2
2012-08-23,71.39999999999999
2012-08-24,58.8
2012-08-25,23.52
2012-08-26,27.72
2012-08-27,60.48
2012-08-28,74.75999999999999
2012-08-29,84.0
2012-08-30,73.92
2012-08-31,58.8
2012-09-01,22.41
2012-09-02,23.24
2012-09-03,31.54
2012-09-04,68.06
2012-09-05,75.53
2012-09-06,73.86999999999999
2012-09-07,74.7
2012-09-08,24.9
2012-09-09,26.56
2012-09-10,73.86999999999999
2012-09-11,82.17
2012-09-12,76.36
2012-09-13,77.19
2012-09-14,71.38
2012-09-15,29.049999999999997
2012-09-16,25.73
2012-09-17,69.72
2012-09-18,76.36
2012-09-19,83.0
2012-09-20,78.02
2012-09-21,74.7
2012-09-22,25.73
2012-09-23,25.73
2012-09-24,71.38
2012-09-25,79.67999999999999
2012-09-26,80.50999999999999
2012-09-27,83.0
2012-09-28,71.38
2012-09-29,34.03
2012-09-30,36.519999999999996
2012-10-01,81.33999999999999
2012-10-02,73.86999999999999
2012-10-03,73.86999999999999
2012-10-04,68.06
2012-10-05,68.89
2012-10-06,24.9
2012-10-07,24.07
2012-10-08,60.589999999999996
2012-10-09,65.57
2012-10-10,75.53
2012-10-11,68.89
2012-10-12,62.25
2012-10-13,18.259999999999998
2012-10-14,21.58
2012-10-15,58.93
2012-10-16,65.57
2012-10-17,83.0
2012-10-18,64.74
2012-10-19,68.06
2012-10-20,30.709999999999997
2012-10-21,25.73
2012-10-22,60.589999999999996
2012-10-23,64.74
2012-10-24,63.91
2012-10-25,68.06
2012-10-26,52.29
2012-10-27,20.75
2012-10-28,16.599999999999998
2012-10-29,50.629999999999995
2012-10-30,48.14
2012-10-31,55.61
2012-11-01,63.48
2012-11-02,54.51
2012-11-03,23.459999999999997
2012-11-04,22.08
2012-11-05,56.58
2012-11-06,61.41
2012-11-07,55.88999999999999
2012-11-08,69.0
2012-11-09,60.029999999999994
2012-11-10,23.459999999999997
2012-11-11,23.459999999999997
2012-11-12,53.81999999999999
2012-11-13,61.41
2012-11-14,64.86
2012-11-15,63.48
2012-11-16,55.88999999999999
2012-11-17,23.459999999999997
2012-11-18,23.459999999999997
2012-11-19,55.88999999999999
2012-11-20,66.24
2012-11-21,53.129999999999995
2012-11-22,24.15
2012-11-23,24.839999999999996
2012-11-24,17.939999999999998
2012-11-25,17.25
2012-11-26,53.81999999999999
2012-11-27,59.339999999999996
2012-11-28,62.099999999999994
2012-11-29,59.339999999999996
2012-11-30,57.269999999999996
2012-12-01,22.32
2012-12-02,19.84
2012-12-03,53.32
2012-12-04,62.0
2012-12-05,58.28
2012-12-06,56.42
2012-12-07,55.8
2012-12-08,24.8
2012-12-09,19.84
2012-12-10,52.08
2012-12-11,57.66
2012-12-12,57.66
2012-12-13,57.04
2012-12-14,51.46
2012-12-15,21.08
2012-12-16,17.98
2012-12-17,58.9
2012-12-18,56.42
2012-12-19,55.8
2012-12-20,57.04
2012-12-21,42.78
2012-12-22,16.74
2012-12-23,15.5
2012-12-24,21.08
2012-12-25,18.6
2012-12-26,37.2
2012-12-27,37.82
2012-12-28,35.96
2012-12-29,17.98
2012-12-30,19.22
2012-12-31,26.66
2013-01-01,17.16
2013-01-02,56.940000000000005
2013-01-03,62.400000000000006
2013-01-04,57.72
2013-01-05,23.400000000000002
2013-01-06,21.060000000000002
2013-01-07,60.84
2013-01-08,71.76
2013-01-09,71.76
2013-01-10,76.44
2013-01-11,63.18
2013-01-12,34.32
2013-01-13,26.52
2013-01-14,75.66
2013-01-15,73.32000000000001
2013-01-16,78.0
2013-01-17,76.44
2013-01-18,63.96
2013-01-19,31.200000000000003
2013-01-20,22.62
2013-01-21,49.92
2013-01-22,72.54
2013-01-23,77.22
2013-01-24,75.66
2013-01-25,70.98
2013-01-26,29.64
2013-01-27,24.18
2013-01-28,65.52
2013-01-29,73.32000000000001
2013-01-30,67.08
2013-01-31,70.98
2013-02-01,76.0
2013-02-02,30.400000000000002
2013-02-03,25.6
2013-02-04,72.8
2013-02-05,79.2
2013-02-06,76.80000000000001
2013-02-07,73.60000000000001
2013-02-08,66.4
2013-02-09,28.0
2013-02-10,25.6
2013-02-11,68.8
2013-02-12,73.60000000000001
2013-02-13,77.60000000000001
2013-02-14,74.4
2013-02-15,72.8
2013-02-16,24.0
2013-02-17,28.0
2013-02-18,52.800000000000004
2013-02-19,76.0
2013-02-20,80.0
2013-02-21,76.0
2013-02-22,72.0
2013-02-23,32.0
2013-02-24,27.200000000000003
2013-02-25,70.4
2013-02-26,73.60000000000001
2013-02-27,75.2
2013-02-28,76.0
2013-03-01,66.3
2013-03-02,29.64
2013-03-03,24.96
2013-03-04,67.08
2013-03-05,73.32000000000001
2013-03-06,78.0
2013-03-07,72.54
2013-03-08,63.18
2013-03-09,30.42
2013-03-10,24.96
2013-03-11,67.08
2013-03-12,72.54
2013-03-13,75.66
2013-03-14,67.86
2013-03-15,63.96
2013-03-16,28.080000000000002
2013-03-17,24.96
2013-03-18,63.18
2013-03-19,76.44
2013-03-20,74.88
2013-03-21,76.44
2013-03-22,61.620000000000005
2013-03-23,23.400000000000002
2013-03-24,23.400000000000002
2013-03-25,67.86
2013-03-26,75.66
2013-03-27,72.54
2013-03-28,63.18
2013-03-29,53.82
2013-03-30,21.060000000000002
2013-03-31,21.84
2013-04-01,58.32000000000001
2013-04-02,69.66000000000001
2013-04-03,70.47
2013-04-04,73.71000000000001
2013-04-05,66.42
2013-04-06,28.35
2013-04-07,25.110000000000003
2013-04-08,72.09
2013-04-09,72.9
2013-04-10,72.9
2013-04-11,64.80000000000001
2013-04-12,60.75000000000001
2013-04-13,24.3
2013-04-14,23.490000000000002
2013-04-15,62.370000000000005
2013-04-16,69.66000000000001
2013-04-17,81.0
2013-04-18,67.23
2013-04-19,63.99
2013-04-20,24.3
2013-04-21,25.110000000000003
2013-04-22,68.85000000000001
2013-04-23,68.85000000000001
2013-04-24,72.9
2013-04-25,73.71000000000001
2013-04-26,67.23
2013-04-27,25.110000000000003
2013-04-28,25.92
2013-04-29,63.99
2013-04-30,70.47
2013-05-01,73.32000000000001
2013-05-02,78.0
2013-05-03,71.76
2013-05-04,26.52
2013-05-05,26.52
2013-05-06,68.64
2013-05-07,74.88
2013-05-08,76.44
2013-05-09,75.66
2013-05-10,67.86
2013-05-11,28.86
2013-05-12,28.080000000000002
2013-05-13,69.42
2013-05-14,67.86
2013-05-15,74.88
2013-05-16,71.76
2013-05-17,66.3
2013-05-18,25.740000000000002
2013-05-19,26.52
2013-05-20,67.08
2013-05-21,73.32000000000001
2013-05-22,70.98
2013-05-23,70.2
2013-05-24,57.72
2013-05-25,21.84
2013-05-26,25.740000000000002
2013-05-27,30.42
2013-05-28,64.74000000000001
2013-05-29,69.42
2013-05-30,77.22
2013-05-31,71.76
2013-06-01,28.080000000000002
2013-06-02,26.52
2013-06-03,67.86
2013-06-04,74.88
2013-06-05,63.96
2013-06-06,70.2
2013-06-07,67.08
2013-06-08,28.080000000000002
2013-06-09,28.86
2013-06-10,61.620000000000005
2013-06-11,65.52
2013-06-12,74.88
2013-06-13,68.64
2013-06-14,62.400000000000006
2013-06-15,28.080000000000002
2013-06-16,25.740000000000002
2013-06-17,64.74000000000001
2013-06-18,71.76
2013-06-19,74.10000000000001
2013-06-20,69.42
2013-06-21,67.08
2013-06-22,28.080000000000002
2013-06-23,28.080000000000002
2013-06-24,68.64
2013-06-25,78.0
2013-06-26,71.76
2013-06-27,72.54
2013-06-28,58.5
2013-06-29,24.96
2013-06-30,24.18
2013-07-01,67.76
2013-07-02,70.07000000000001
2013-07-03,65.45
2013-07-04,33.88
2013-07-05,45.43
2013-07-06,21.560000000000002
2013-07-07,19.25
2013-07-08,65.45
2013-07-09,71.61
2013-07-10,76.23
2013-07-11,74.69
2013-07-12,67.76
2013-07-13,23.87
2013-07-14,23.1
2013-07-15,64.68
2013-07-16,74.69
2013-07-17,71.61
2013-07-18,70.84
2013-07-19,68.53
2013-07-20,24.64
2013-07-21,19.25
2013-07-22,65.45
2013-07-23,73.15
2013-07-24,72.38
2013-07-25,66.99
2013-07-26,66.22
2013-07-27,25.41
2013-07-28,26.95
2013-07-29,70.84
2013-07-30,75.46000000000001
2013-07-31,77.0
2013-08-01,72.68
2013-08-02,63.99
2013-08-03,23.700000000000003
2013-08-04,22.12
2013-08-05,60.040000000000006
2013-08-06,70.31
2013-08-07,67.15
2013-08-08,66.36
2013-08-09,56.88
2013-08-10,22.91
2013-08-11,21.330000000000002
2013-08-12,66.36
2013-08-13,79.0
2013-08-14,77.42
2013-08-15,70.31
2013-08-16,67.94
2013-08-17,26.07
2013-08-18,26.07
2013-08-19,69.52000000000001
2013-08-20,67.94
2013-08-21,71.10000000000001
2013-08-22,67.15
2013-08-23,60.830000000000005
2013-08-24,28.44
2013-08-25,26.07
2013-08-26,65.57000000000001
2013-08-27,71.89
2013-08-28,70.31
2013-08-29,73.47
2013-08-30,58.46
2013-08-31,22.12
2013-09-01,14.94
2013-09-02,21.58
2013-09-03,48.14
2013-09-04,55.61
2013-09-05,53.949999999999996
2013-09-06,45.65
2013-09-07,23.24
2013-09-08,21.58
2013-09-09,51.46
2013-09-10,56.44
2013-09-11,53.949999999999996
2013-09-12,53.12
2013-09-13,49.8
2013-09-14,22.41
2013-09-15,20.75
2013-09-16,49.8
2013-09-17,53.949999999999996
2013-09-18,57.269999999999996
2013-09-19,56.44
2013-09-20,52.29
2013-09-21,19.919999999999998
2013-09-22,23.24
2013-09-23,62.25
2013-09-24,66.39999999999999
2013-09-25,83.0
2013-09-26,80.50999999999999
2013-09-27,58.93
2013-09-28,23.24
2013-09-29,19.919999999999998
2013-09-30,53.949999999999996
2013-10-01,73.60000000000001
2013-10-02,74.4
2013-10-03,75.2
2013-10-04,66.4
2013-10-05,24.8
2013-10-06,27.200000000000003
2013-10-07,68.8
2013-10-08,79.2
2013-10-09,80.0
2013-10-10,75.2
2013-10-11,58.400000000000006
2013-10-12,27.200000000000003
2013-10-13,24.0
2013-10-14,56.0
2013-10-15,71.2
2013-10-16,72.8
2013-10-17,72.0
2013-10-18,64.0
2013-10-19,25.6
2013-10-20,23.200000000000003
2013-10-21,65.60000000000001
2013-10-22,73.60000000000001
2013-10-23,76.80000000000001
2013-10-24,69.60000000000001
2013-10-25,64.8
2013-10-26,24.8
2013-10-27,24.8
2013-10-28,62.400000000000006
2013-10-29,74.4
2013-10-30,67.2
2013-10-31,71.2
2013-11-01,55.379999999999995
2013-11-02,22.72
2013-11-03,23.43
2013-11-04,58.93
2013-11-05,68.86999999999999
2013-11-06,62.48
2013-11-07,66.03
2013-11-08,57.51
2013-11-09,20.59
2013-11-10,22.72
2013-11-11,58.22
2013-11-12,61.059999999999995
2013-11-13,59.64
2013-11-14,66.74
2013-11-15,61.769999999999996
2013-11-16,23.43
2013-11-17,26.979999999999997
2013-11-18,57.51
2013-11-19,71.0
2013-11-20,62.48
2013-11-21,65.32
2013-11-22,61.769999999999996
2013-11-23,22.009999999999998
2013-11-24,22.72
2013-11-25,51.12
2013-11-26,59.64
2013-11-27,46.15
2013-11-28,25.56
2013-11-29,24.849999999999998
2013-11-30,19.169999999999998
2013-12-01,18.27
2013-12-02,45.99
2013-12-03,63.0
2013-12-04,59.22
2013-12-05,61.11
2013-12-06,54.18
2013-12-07,23.31
2013-12-08,22.05
2013-12-09,52.92
2013-12-10,59.85
2013-12-11,62.37
2013-12-12,57.33
2013-12-13,56.7
2013-12-14,22.68
2013-12-15,20.16
2013-12-16,58.59
2013-12-17,54.81
2013-12-18,52.92
2013-12-19,58.59
2013-12-20,54.81
2013-12-21,22.05
2013-12-22,20.16
2013-12-23,38.43
2013-12-24,26.46
2013-12-25,17.64
2013-12-26,34.65
2013-12-27,36.54
2013-12-28,20.16
2013-12-29,17.01
2013-12-30,38.43
2013-12-31,37.8
2014-01-01,20.439999999999998
2014-01-02,45.99
2014-01-03,47.449999999999996
2014-01-04,20.439999999999998
2014-01-05,17.52
2014-01-06,55.48
2014-01-07,60.589999999999996
2014-01-08,59.86
2014-01-09,70.08
2014-01-10,64.24
2014-01-11,23.36
2014-01-12,21.9
2014-01-13,59.86
2014-01-14,68.62
2014-01-15,69.35
2014-01-16,73.0
2014-01-17,64.24
2014-01-18,24.82
2014-01-19,23.36
2014-01-20,43.8
2014-01-21,62.78
2014-01-22,71.53999999999999
2014-01-23,72.27
2014-01-24,62.78
2014-01-25,26.28
2014-01-26,25.55
2014-01-27,62.78
2014-01-28,64.97
2014-01-29,71.53999999999999
2014-01-30,70.81
2014-01-31,60.589999999999996
2014-02-01,23.68
2014-02-02,22.2
2014-02-03,57.72
2014-02-04,62.9
2014-02-05,67.34
2014-02-06,62.16
2014-02-07,65.86
2014-02-08,25.16
2014-02-09,24.419999999999998
2014-02-10,66.6
2014-02-11,71.78
2014-02-12,67.34
2014-02-13,67.34
2014-02-14,58.46
2014-02-15,20.72
2014-02-16,23.68
2014-02-17,48.839999999999996
2014-02-18,62.16
2014-02-19,69.56
2014-02-20,69.56
2014-02-21,59.94
2014-02-22,25.9
2014-02-23,22.94
2014-02-24,62.9
2014-02-25,74.0
2014-02-26,67.34
2014-02-27,62.9
2014-02-28,58.46
2014-03-01,27.0
2014-03-02,24.0
2014-03-03,55.5
2014-03-04,63.0
2014-03-05,69.0
2014-03-06,65.25
2014-03-07,63.0
2014-03-08,24.75
2014-03-09,24.75
2014-03-10,67.5
2014-03-11,67.5
2014-03-12,72.75
2014-03-13,72.0
2014-03-14,63.0
2014-03-15,25.5
2014-03-16,24.0
2014-03-17,59.25
2014-03-18,72.0
2014-03-19,69.75
2014-03-20,67.5
2014-03-21,64.5
2014-03-22,24.75
2014-03-23,21.0
2014-03-24,69.75
2014-03-25,72.0
2014-03-26,75.0
2014-03-27,72.75
2014-03-28,57.0
2014-03-29,22.5
2014-03-30,24.75
2014-03-31,58.5
2014-04-01,73.72
2014-04-02,76.0
2014-04-03,75.24
2014-04-04,64.6
2014-04-05,26.6
2014-04-06,22.04
2014-04-07,71.44
2014-04-08,72.96000000000001
2014-04-09,72.96000000000001
2014-04-10,73.72
2014-04-11,68.4
2014-04-12,22.8
2014-04-13,22.04
2014-04-14,66.88
2014-04-15,69.92
2014-04-16,73.72
2014-04-17,71.44
2014-04-18,59.28
2014-04-19,25.080000000000002
2014-04-20,26.6
2014-04-21,68.4
2014-04-22,68.4
2014-04-23,73.72
2014-04-24,66.88
2014-04-25,69.16
2014-04-26,28.12
2014-04-27,26.6
2014-04-28,70.68
2014-04-29,69.16
2014-04-30,75.24
2014-05-01,62.9
2014-05-02,65.86
2014-05-03,22.2
2014-05-04,22.2
2014-05-05,64.38
2014-05-06,62.9
2014-05-07,68.82
2014-05-08,66.6
2014-05-09,59.94
2014-05-10,24.419999999999998
2014-05-11,26.64
2014-05-12,62.9
2014-05-13,66.6
2014-05-14,74.0
2014-05-15,68.82
2014-05-16,59.2
2014-05-17,22.94
2014-05-18,20.72
2014-05-19,64.38
2014-05-20,69.56
2014-05-21,70.3
2014-05-22,74.0
2014-05-23,55.5
2014-05-24,22.2
2014-05-25,17.759999999999998
2014-05-26,25.16
2014-05-27,65.12
2014-05-28,63.64
2014-05-29,71.03999999999999
2014-05-30,63.64
2014-05-31,25.16
2014-06-01,20.02
2014-06-02,62.370000000000005
2014-06-03,60.83
2014-06-04,67.76
2014-06-05,70.07000000000001
2014-06-06,60.83
2014-06-07,21.560000000000002
2014-06-08,23.1
2014-06-09,63.14
2014-06-10,69.3
2014-06-11,69.3
2014-06-12,69.3
2014-06-13,63.14
2014-06-14,23.1
2014-06-15,17.71
2014-06-16,64.68
2014-06-17,66.22
2014-06-18,72.38
2014-06-19,75.46000000000001
2014-06-20,65.45
2014-06-21,22.330000000000002
2014-06-22,20.79
2014-06-23,77.0
2014-06-24,71.61
2014-06-25,65.45
2014-06-26,70.07000000000001
2014-06-27,53.13
2014-06-28,20.79
2014-06-29,22.330000000000002
2014-06-30,63.14
2014-07-01,66.3
2014-07-02,69.42
2014-07-03,60.84
2014-07-04,26.52
2014-07-05,19.5
2014-07-06,17.94
2014-07-07,66.3
2014-07-08,64.74000000000001
2014-07-09,70.98
2014-07-10,71.76
2014-07-11,61.620000000000005
2014-07-12,22.62
2014-07-13,21.84
2014-07-14,67.08
2014-07-15,74.10000000000001
2014-07-16,78.0
2014-07-17,77.22
2014-07-18,68.64
2014-07-19,24.18
2014-07-20,20.28
2014-07-21,68.64
2014-07-22,74.10000000000001
2014-07-23,77.22
2014-07-24,74.88
2014-07-25,68.64
2014-07-26,26.52
2014-07-27,25.740000000000002
2014-07-28,67.08
2014-07-29,69.42
2014-07-30,74.10000000000001
2014-07-31,71.76
2014-08-01,66.12
2014-08-02,26.6
2014-08-03,22.04
2014-08-04,69.16
2014-08-05,72.96000000000001
2014-08-06,72.2
2014-08-07,72.2
2014-08-08,66.88
2014-08-09,22.8
2014-08-10,21.28
2014-08-11,60.04
2014-08-12,76.0
2014-08-13,69.92
2014-08-14,71.44
2014-08-15,60.04
2014-08-16,22.04
2014-08-17,24.32
2014-08-18,69.92
2014-08-19,76.0
2014-08-20,73.72
2014-08-21,70.68
2014-08-22,66.88
2014-08-23,24.32
2014-08-24,22.8
2014-08-25,72.2
2014-08-26,69.92
2014-08-27,72.2
2014-08-28,69.16
2014-08-29,57.76
2014-08-30,19.0
2014-08-31,22.04
2014-09-01,25.92
2014-09-02,59.13
2014-09-03,68.04
2014-09-04,68.04
2014-09-05,63.99
2014-09-06,25.92
2014-09-07,20.25
2014-09-08,59.940000000000005
2014-09-09,71.28
2014-09-10,64.80000000000001
2014-09-11,71.28
2014-09-12,63.18000000000001
2014-09-13,21.060000000000002
2014-09-14,25.110000000000003
2014-09-15,66.42
2014-09-16,69.66000000000001
2014-09-17,67.23
2014-09-18,81.0
2014-09-19,74.52000000000001
2014-09-20,29.970000000000002
2014-09-21,16.200000000000003
2014-09-22,69.66000000000001
2014-09-23,69.66000000000001
2014-09-24,78.57000000000001
2014-09-25,76.14
2014-09-26,65.61
2014-09-27,23.490000000000002
2014-09-28,26.73
2014-09-29,69.66000000000001
2014-09-30,77.76
2014-10-01,75.84
2014-10-02,79.0
2014-10-03,65.57000000000001
2014-10-04,23.700000000000003
2014-10-05,22.12
2014-10-06,63.99
2014-10-07,71.10000000000001
2014-10-08,74.26
2014-10-09,77.42
2014-10-10,66.36
2014-10-11,26.86
2014-10-12,23.700000000000003
2014-10-13,55.300000000000004
2014-10-14,75.05
2014-10-15,73.47
2014-10-16,68.73
2014-10-17,66.36
2014-10-18,28.44
2014-10-19,23.700000000000003
2014-10-20,65.57000000000001
2014-10-21,71.89
2014-10-22,65.57000000000001
2014-10-23,63.99
2014-10-24,64.78
2014-10-25,28.44
2014-10-26,24.490000000000002
2014-10-27,63.2
2014-10-28,67.15
2014-10-29,76.63000000000001
2014-10-30,72.68
2014-10-31,67.94
2014-11-01,21.76
2014-11-02,19.720000000000002
2014-11-03,53.720000000000006
2014-11-04,56.440000000000005
2014-11-05,57.120000000000005
2014-11-06,61.2
2014-11-07,51.00000000000001
2014-11-08,25.16
2014-11-09,19.040000000000003
2014-11-10,53.040000000000006
2014-11-11,48.96
2014-11-12,60.52
2014-11-13,55.080000000000005
2014-11-14,52.36000000000001
2014-11-15,27.200000000000003
2014-11-16,25.16
2014-11-17,53.040000000000006
2014-11-18,59.84
2014-11-19,68.0
2014-11-20,65.96000000000001
2014-11-21,56.440000000000005
2014-11-22,25.840000000000003
2014-11-23,19.720000000000002
2014-11-24,49.64
2014-11-25,58.480000000000004
2014-11-26,41.480000000000004
2014-11-27,23.12
2014-11-28,25.16
2014-11-29,18.360000000000003
2014-11-30,19.040000000000003
2014-12-01,54.120000000000005
2014-12-02,64.02
2014-12-03,64.68
2014-12-04,66.0
2014-12-05,60.720000000000006
2014-12-06,23.76
2014-12-07,20.46
2014-12-08,56.1
2014-12-09,60.06
2014-12-10,64.02
2014-12-11,65.34
2014-12-12,54.78
2014-12-13,25.080000000000002
2014-12-14,22.44
2014-12-15,63.36
2014-12-16,62.7
2014-12-17,62.040000000000006
2014-12-18,66.0
2014-12-19,55.440000000000005
2014-12-20,21.78
2014-12-21,19.14
2014-12-22,52.14
2014-12-23,54.78
2014-12-24,32.34
2014-12-25,19.14
2014-12-26,25.080000000000002
2014-12-27,16.5
2014-12-28,17.82
2014-12-29,43.56
2014-12-30,44.88
2014-12-31,37.620000000000005
2015-01-01,16.33
2015-01-02,39.76
2015-01-03,19.88
2015-01-04,18.46
2015-01-05,53.959999999999994
2015-01-06,61.769999999999996
2015-01-07,63.9
2015-01-08,61.769999999999996
2015-01-09,58.22
2015-01-10,23.43
2015-01-11,20.59
2015-01-12,58.93
2015-01-13,67.45
2015-01-14,62.48
2015-01-15,62.48
2015-01-16,64.61
2015-01-17,24.14
2015-01-18,19.169999999999998
2015-01-19,48.28
2015-01-20,63.9
2015-01-21,68.16
2015-01-22,71.0
2015-01-23,64.61
2015-01-24,36.21
2015-01-25,26.27
2015-01-26,58.22
2015-01-27,59.64
2015-01-28,67.45
2015-01-29,67.45
2015-01-30,58.22
2015-01-31,24.849999999999998
2015-02-01,21.75
2015-02-02,57.75
2015-02-03,70.5
2015-02-04,73.5
2015-02-05,75.0
2015-02-06,66.0
2015-02-07,25.5
2015-02-08,24.75
2015-02-09,63.0
2015-02-10,69.75
2015-02-11,72.0
2015-02-12,69.0
2015-02-13,68.25
2015-02-14,24.0
2015-02-15,21.75
2015-02-16,50.25
2015-02-17,69.0
2015-02-18,65.25
2015-02-19,68.25
2015-02-20,64.5
2015-02-21,24.0
2015-02-22,22.5
2015-02-23,66.0
2015-02-24,72.75
2015-02-25,70.5
2015-02-26,73.5
2015-02-27,69.75
2015-02-28,30.0
2015-03-01,24.419999999999998
2015-03-02,58.46
2015-03-03,68.82
2015-03-04,74.0
2015-03-05,64.38
2015-03-06,63.64
2015-03-07,27.38
2015-03-08,22.94
2015-03-09,65.86
2015-03-10,73.26
2015-03-11,70.3
2015-03-12,70.3
2015-03-13,59.2
2015-03-14,24.419999999999998
2015-03-15,20.72
2015-03-16,61.42
2015-03-17,68.08
2015-03-18,69.56
2015-03-19,71.78
2015-03-20,62.9
2015-03-21,23.68
2015-03-22,22.2
2015-03-23,65.12
2015-03-24,73.26
2015-03-25,59.2
2015-03-26,72.52
2015-03-27,65.12
2015-03-28,25.16
2015-03-29,20.72
2015-03-30,65.12
2015-03-31,68.08
2015-04-01,70.07000000000001
2015-04-02,63.14
2015-04-03,56.980000000000004
2015-04-04,23.87
2015-04-05,22.330000000000002
2015-04-06,61.6
2015-04-07,70.84
2015-04-08,72.38
2015-04-09,70.07000000000001
2015-04-10,62.370000000000005
2015-04-11,25.41
2015-04-12,22.330000000000002
2015-04-13,63.910000000000004
2015-04-14,69.3
2015-04-15,70.84
2015-04-16,70.84
2015-04-17,70.84
2015-04-18,26.95
2015-04-19,22.330000000000002
2015-04-20,64.68
2015-04-21,77.0
2015-04-22,73.92
2015-04-23,70.07000000000001
2015-04-24,65.45
2015-04-25,25.41
2015-04-26,23.1
2015-04-27,63.910000000000004
2015-04-28,70.07000000000001
2015-04-29,72.38
2015-04-30,67.76
2015-05-01,53.28
2015-05-02,23.759999999999998
2015-05-03,23.04
2015-05-04,61.919999999999995
2015-05-05,70.56
2015-05-06,65.52
2015-05-07,64.08
2015-05-08,56.879999999999995
2015-05-09,20.88
2015-05-10,22.32
2015-05-11,56.16
2015-05-12,72.0
2015-05-13,71.28
2015-05-14,70.56
2015-05-15,56.16
2015-05-16,23.759999999999998
2015-05-17,20.88
2015-05-18,64.08
2015-05-19,68.39999999999999
2015-05-20,67.67999999999999
2015-05-21,69.12
2015-05-22,63.36
2015-05-23,16.56
2015-05-24,20.16
2015-05-25,27.36
2015-05-26,64.08
2015-05-27,71.28
2015-05-28,72.0
2015-05-29,59.76
2015-05-30,24.48
2015-05-31,19.439999999999998
2015-06-01,59.76
2015-06-02,68.89
2015-06-03,68.06
2015-06-04,75.53
2015-06-05,76.36
2015-06-06,20.75
2015-06-07,25.73
2015-06-08,72.21
2015-06-09,73.86999999999999
2015-06-10,72.21
2015-06-11,73.03999999999999
2015-06-12,63.08
2015-06-13,25.73
2015-06-14,24.9
2015-06-15,73.86999999999999
2015-06-16,68.06
2015-06-17,83.0
2015-06-18,70.55
2015-06-19,62.25
2015-06-20,23.24
2015-06-21,21.58
2015-06-22,62.25
2015-06-23,74.7
2015-06-24,78.02
2015-06-25,78.02
2015-06-26,73.86999999999999
2015-06-27,35.69
2015-06-28,24.07
2015-06-29,70.55
2015-06-30,73.03999999999999
2015-07-01,73.32000000000001
2015-07-02,60.84
2015-07-03,34.32
2015-07-04,18.72
2015-07-05,20.28
2015-07-06,68.64
2015-07-07,75.66
2015-07-08,67.08
2015-07-09,74.10000000000001
2015-07-10,62.400000000000006
2015-07-11,23.400000000000002
2015-07-12,21.84
2015-07-13,67.86
2015-07-14,76.44
2015-07-15,73.32000000000001
2015-07-16,71.76
2015-07-17,63.96
2015-07-18,28.080000000000002
2015-07-19,23.400000000000002
2015-07-20,67.86
2015-07-21,76.44
2015-07-22,76.44
2015-07-23,78.0
2015-07-24,69.42
2015-07-25,25.740000000000002
2015-07-26,21.060000000000002
2015-07-27,74.10000000000001
2015-07-28,70.98
2015-07-29,67.86
2015-07-30,72.54
2015-07-31,60.06
2015-08-01,22.94
2015-08-02,19.98
2015-08-03,63.64
2015-08-04,67.34
2015-08-05,70.3
2015-08-06,73.26
2015-08-07,58.46
2015-08-08,22.94
2015-08-09,20.72
2015-08-10,66.6
2015-08-11,73.26
2015-08-12,71.03999999999999
2015-08-13,68.08
2015-08-14,59.94
2015-08-15,21.46
2015-08-16,22.94
2015-08-17,59.94
2015-08-18,68.08
2015-08-19,69.56
2015-08-20,66.6
2015-08-21,54.76
2015-08-22,22.94
2015-08-23,24.419999999999998
2015-08-24,64.38
2015-08-25,66.6
2015-08-26,74.0
2015-08-27,66.6
2015-08-28,60.68
2015-08-29,22.94
2015-08-30,20.72
2015-08-31,56.98
2015-09-01,74.0
2015-09-02,66.6
2015-09-03,71.78
2015-09-04,59.2
2015-09-05,22.2
2015-09-06,21.46
2015-09-07,25.16
2015-09-08,65.86
2015-09-09,68.08
2015-09-10,68.08
2015-09-11,60.68
2015-09-12,23.68
2015-09-13,23.68
2015-09-14,60.68
2015-09-15,70.3
2015-09-16,72.52
2015-09-17,65.86
2015-09-18,64.38
2015-09-19,22.94
2015-09-20,20.72
2015-09-21,61.42
2015-09-22,65.86
2015-09-23,67.34
2015-09-24,74.0
2015-09-25,56.98
2015-09-26,25.9
2015-09-27,20.72
2015-09-28,59.2
2015-09-29,69.56
2015-09-30,73.26
2015-10-01,66.75
2015-10-02,55.5
2015-10-03,22.5
2015-10-04,21.75
2015-10-05,63.75
2015-10-06,66.0
2015-10-07,73.5
2015-10-08,69.75
2015-10-09,58.5
2015-10-10,22.5
2015-10-11,23.25
2015-10-12,57.0
2015-10-13,67.5
2015-10-14,66.75
2015-10-15,72.0
2015-10-16,63.0
2015-10-17,24.0
2015-10-18,24.0
2015-10-19,64.5
2015-10-20,67.5
2015-10-21,68.25
2015-10-22,66.0
2015-10-23,58.5
2015-10-24,23.25
2015-10-25,27.75
2015-10-26,66.75
2015-10-27,75.0
2015-10-28,75.0
2015-10-29,62.25
2015-10-30,61.5
2015-10-31,21.0
2015-11-01,22.110000000000003
2015-11-02,57.620000000000005
2015-11-03,54.940000000000005
2015-11-04,64.32000000000001
2015-11-05,67.0
2015-11-06,55.61000000000001
2015-11-07,26.130000000000003
2015-11-08,16.75
2015-11-09,60.300000000000004
2015-11-10,56.28
2015-11-11,53.6
2015-11-12,58.290000000000006
2015-11-13,53.6
2015-11-14,21.44
2015-11-15,20.77
2015-11-16,54.940000000000005
2015-11-17,62.31
2015-11-18,61.64
2015-11-19,61.64
2015-11-20,58.96
2015-11-21,22.78
2015-11-22,25.46
2015-11-23,54.27
2015-11-24,58.96
2015-11-25,49.580000000000005
2015-11-26,24.790000000000003
2015-11-27,25.46
2015-11-28,18.76
2015-11-29,18.76
2015-11-30,52.260000000000005
2015-12-01,51.46
2015-12-02,58.28
2015-12-03,53.94
2015-12-04,47.74
2015-12-05,22.32
2015-12-06,19.84
2015-12-07,48.98
2015-12-08,53.32
2015-12-09,57.66
2015-12-10,60.76
2015-12-11,55.18
2015-12-12,21.7
2015-12-13,18.6
2015-12-14,53.32
2015-12-15,53.94
2015-12-16,58.9
2015-12-17,62.0
2015-12-18,51.46
2015-12-19,21.08
2015-12-20,17.98
2015-12-21,45.26
2015-12-22,52.08
2015-12-23,45.88
2015-12-24,29.759999999999998
2015-12-25,21.7
2015-12-26,15.5
2015-12-27,16.74
2015-12-28,34.72
2015-12-29,41.54
2015-12-30,42.16
2015-12-31,27.9
2016-01-01,12.0
2016-01-02,15.6
2016-01-03,15.6
2016-01-04,44.4
2016-01-05,46.8
2016-01-06,49.199999999999996
2016-01-07,45.0
2016-01-08,45.0
2016-01-09,15.6
2016-01-10,16.8
2016-01-11,46.8
2016-01-12,49.199999999999996
2016-01-13,49.8
2016-01-14,44.4
2016-01-15,42.6
2016-01-16,19.8
2016-01-17,17.4
2016-01-18,31.799999999999997
2016-01-19,43.8
2016-01-20,49.8
2016-01-21,51.0
2016-01-22,45.0
2016-01-23,23.4
2016-01-24,18.0
2016-01-25,43.199999999999996
2016-01-26,49.199999999999996
2016-01-27,54.6
2016-01-28,60.0
2016-01-29,49.8
2016-01-30,22.2
2016-01-31,19.8
2016-02-01,57.42
2016-02-02,58.74
2016-02-03,61.38
2016-02-04,62.7
2016-02-05,58.74
2016-02-06,28.380000000000003
2016-02-07,24.42
2016-02-08,50.160000000000004
2016-02-09,62.040000000000006
2016-02-10,60.06
2016-02-11,62.040000000000006
2016-02-12,54.78
2016-02-13,24.42
2016-02-14,21.78
2016-02-15,42.24
2016-02-16,53.46
2016-02-17,57.42
2016-02-18,61.38
2016-02-19,62.7
2016-02-20,25.740000000000002
2016-02-21,22.44
2016-02-22,52.14
2016-02-23,60.06
2016-02-24,66.0
2016-02-25,61.38
2016-02-26,48.84
2016-02-27,25.740000000000002
2016-02-28,25.080000000000002
2016-02-29,54.120000000000005
2016-03-01,63.92
2016-03-02,66.64
2016-03-03,68.0
2016-03-04,61.2
2016-03-05,29.240000000000002
2016-03-06,21.76
2016-03-07,55.760000000000005
2016-03-08,61.88
2016-03-09,62.56
2016-03-10,67.32000000000001
2016-03-11,55.760000000000005
2016-03-12,27.200000000000003
2016-03-13,25.840000000000003
2016-03-14,57.120000000000005
2016-03-15,62.56
2016-03-16,66.64
2016-03-17,61.88
2016-03-18,57.120000000000005
2016-03-19,22.44
2016-03-20,22.44
2016-03-21,54.400000000000006
2016-03-22,63.24
2016-03-23,61.2
2016-03-24,59.160000000000004
2016-03-25,50.32
2016-03-26,24.48
2016-03-27,21.76
2016-03-28,56.440000000000005
2016-03-29,61.2
2016-03-30,64.60000000000001
2016-03-31,52.36000000000001
2016-04-01,50.7
2016-04-02,24.7
2016-04-03,21.45
2016-04-04,53.300000000000004
2016-04-05,63.050000000000004
2016-04-06,63.050000000000004
2016-04-07,61.75
2016-04-08,55.9
2016-04-09,20.8
2016-04-10,22.1
2016-04-11,58.5
2016-04-12,65.0
2016-04-13,65.0
2016-04-14,62.400000000000006
2016-04-15,53.300000000000004
2016-04-16,24.7
2016-04-17,23.400000000000002
2016-04-18,55.25
2016-04-19,61.75
2016-04-20,53.300000000000004
2016-04-21,59.15
2016-04-22,50.050000000000004
2016-04-23,21.45
2016-04-24,22.75
2016-04-25,53.95
2016-04-26,61.1
2016-04-27,63.7
2016-04-28,63.050000000000004
2016-04-29,53.95
2016-04-30,25.35
2016-05-01,20.150000000000002
2016-05-02,52.65
2016-05-03,62.400000000000006
2016-05-04,59.15
2016-05-05,59.15
2016-05-06,48.75
2016-05-07,22.1
2016-05-08,20.8
2016-05-09,53.300000000000004
2016-05-10,58.5
2016-05-11,60.45
2016-05-12,63.050000000000004
2016-05-13,55.25
2016-05-14,19.5
2016-05-15,22.75
2016-05-16,53.95
2016-05-17,61.75
2016-05-18,63.050000000000004
2016-05-19,58.5
2016-05-20,50.7
2016-05-21,20.8
2016-05-22,20.8
2016-05-23,50.7
2016-05-24,54.6
2016-05-25,61.1
2016-05-26,55.25
2016-05-27,52.65
2016-05-28,17.55
2016-05-29,22.75
2016-05-30,27.3
2016-05-31,65.0
2016-06-01,53.040000000000006
2016-06-02,54.400000000000006
2016-06-03,58.480000000000004
2016-06-04,19.040000000000003
2016-06-05,19.040000000000003
2016-06-06,56.440000000000005
2016-06-07,55.760000000000005
2016-06-08,53.040000000000006
2016-06-09,53.720000000000006
2016-06-10,46.92
2016-06-11,21.76
2016-06-12,19.040000000000003
2016-06-13,53.040000000000006
2016-06-14,57.800000000000004
2016-06-15,48.96
2016-06-16,52.36000000000001
2016-06-17,54.400000000000006
2016-06-18,23.8
2016-06-19,23.12
2016-06-20,68.0
2016-06-21,56.440000000000005
2016-06-22,52.36000000000001
2016-06-23,56.440000000000005
2016-06-24,42.160000000000004
2016-06-25,18.360000000000003
2016-06-26,19.040000000000003
2016-06-27,50.32
2016-06-28,54.400000000000006
2016-06-29,51.68000000000001
2016-06-30,51.00000000000001
2016-07-01,43.199999999999996
2016-07-02,13.799999999999999
2016-07-03,16.2
2016-07-04,21.0
2016-07-05,42.6
2016-07-06,48.0
2016-07-07,42.0
2016-07-08,40.199999999999996
2016-07-09,16.8
2016-07-10,16.8
2016-07-11,44.4
2016-07-12,45.0
2016-07-13,51.0
2016-07-14,48.0
2016-07-15,43.199999999999996
2016-07-16,20.4
2016-07-17,16.8
2016-07-18,46.8
2016-07-19,50.4
2016-07-20,46.199999999999996
2016-07-21,52.8
2016-07-22,39.6
2016-07-23,19.2
2016-07-24,13.799999999999999
2016-07-25,47.4
2016-07-26,57.599999999999994
2016-07-27,53.4
2016-07-28,60.0
2016-07-29,48.0
2016-07-30,22.2
2016-07-31,15.0
2016-08-01,54.18
2016-08-02,59.85
2016-08-03,59.22
2016-08-04,57.33
2016-08-05,51.660000000000004
2016-08-06,21.42
2016-08-07,20.79
2016-08-08,53.55
2016-08-09,57.96
2016-08-10,56.7
2016-08-11,58.59
2016-08-12,51.03
2016-08-13,22.05
2016-08-14,17.64
2016-08-15,47.25
2016-08-16,54.18
2016-08-17,61.11
2016-08-18,56.7
2016-08-19,52.29
2016-08-20,18.9
2016-08-21,17.01
2016-08-22,54.18
2016-08-23,63.0
2016-08-24,60.480000000000004
2016-08-25,59.22
2016-08-26,48.51
2016-08-27,22.68
2016-08-28,20.79
2016-08-29,52.29
2016-08-30,55.44
2016-08-31,53.55
2016-09-01,53.07
2016-09-02,39.04
2016-09-03,14.64
2016-09-04,15.86
2016-09-05,17.69
2016-09-06,48.19
2016-09-07,50.629999999999995
2016-09-08,55.51
2016-09-09,48.19
2016-09-10,20.74
2016-09-11,17.08
2016-09-12,51.24
2016-09-13,54.29
2016-09-14,56.12
2016-09-15,57.949999999999996
2016-09-16,53.07
2016-09-17,21.349999999999998
2016-09-18,20.13
2016-09-19,61.0
2016-09-20,60.39
2016-09-21,58.56
2016-09-22,54.29
2016-09-23,50.019999999999996
2016-09-24,20.13
2016-09-25,18.91
2016-09-26,48.8
2016-09-27,54.9
2016-09-28,57.339999999999996
2016-09-29,54.9
2016-09-30,46.36
2016-10-01,19.139999999999997
2016-10-02,20.299999999999997
2016-10-03,49.3
2016-10-04,51.04
2016-10-05,53.36
2016-10-06,48.72
2016-10-07,41.76
2016-10-08,20.88
2016-10-09,17.98
2016-10-10,38.86
2016-10-11,49.879999999999995
2016-10-12,49.879999999999995
2016-10-13,54.519999999999996
2016-10-14,49.3
2016-10-15,20.88
2016-10-16,21.459999999999997
2016-10-17,48.72
2016-10-18,54.519999999999996
2016-10-19,53.36
2016-10-20,52.779999999999994
2016-10-21,46.4
2016-10-22,18.56
2016-10-23,21.459999999999997
2016-10-24,51.04
2016-10-25,53.94
2016-10-26,57.99999999999999
2016-10-27,55.099999999999994
2016-10-28,45.239999999999995
2016-10-29,20.88
2016-10-30,15.659999999999998
2016-10-31,45.82
2016-11-01,54.88
2016-11-02,53.760000000000005
2016-11-03,52.080000000000005
2016-11-04,50.96000000000001
2016-11-05,21.840000000000003
2016-11-06,20.160000000000004
2016-11-07,48.720000000000006
2016-11-08,46.480000000000004
2016-11-09,38.080000000000005
2016-11-10,56.00000000000001
2016-11-11,43.68000000000001
2016-11-12,19.6
2016-11-13,17.92
2016-11-14,44.800000000000004
2016-11-15,50.400000000000006
2016-11-16,56.00000000000001
2016-11-17,51.52
2016-11-18,48.160000000000004
2016-11-19,21.28
2016-11-20,19.040000000000003
2016-11-21,51.52
2016-11-22,44.800000000000004
2016-11-23,43.68000000000001
2016-11-24,25.76
2016-11-25,21.840000000000003
2016-11-26,17.92
2016-11-27,17.92
2016-11-28,41.440000000000005
2016-11-29,45.92
2016-11-30,52.64000000000001
2016-12-01,48.36
2016-12-02,44.72
2016-12-03,19.76
2016-12-04,22.36
2016-12-05,43.68
2016-12-06,46.800000000000004
2016-12-07,49.4
2016-12-08,46.800000000000004
2016-12-09,44.72
2016-12-10,20.8
2016-12-11,18.72
2016-12-12,41.6
2016-12-13,46.800000000000004
2016-12-14,47.32
2016-12-15,52.0
2016-12-16,43.68
2016-12-17,18.72
2016-12-18,16.12
2016-12-19,39.0
2016-12-20,46.28
2016-12-21,46.800000000000004
2016-12-22,41.6
2016-12-23,28.6
2016-12-24,15.08
2016-12-25,13.52
2016-12-26,16.12
2016-12-27,29.12
2016-12-28,35.36
2016-12-29,31.720000000000002
2016-12-30,27.04
2016-12-31,14.56
2017-01-01,13.569999999999999
2017-01-02,21.83
2017-01-03,44.839999999999996
2017-01-04,51.33
2017-01-05,50.15
2017-01-06,44.25
2017-01-07,18.88
2017-01-08,18.29
2017-01-09,46.019999999999996
2017-01-10,51.33
2017-01-11,53.099999999999994
2017-01-12,52.51
2017-01-13,47.199999999999996
2017-01-14,19.47
2017-01-15,17.11
2017-01-16,35.989999999999995
2017-01-17,54.87
2017-01-18,59.0
2017-01-19,57.23
2017-01-20,54.87
2017-01-21,21.24
2017-01-22,20.65
2017-01-23,48.97
2017-01-24,54.279999999999994
2017-01-25,56.05
2017-01-26,51.919999999999995
2017-01-27,47.199999999999996
2017-01-28,24.779999999999998
2017-01-29,21.24
2017-01-30,51.919999999999995
2017-01-31,53.69
2017-02-01,56.42
2017-02-02,58.9
2017-02-03,52.7
2017-02-04,25.419999999999998
2017-02-05,21.08
2017-02-06,50.22
2017-02-07,58.9
2017-02-08,58.9
2017-02-09,55.8
2017-02-10,52.7
2017-02-11,25.419999999999998
2017-02-12,24.8
2017-02-13,50.839999999999996
2017-02-14,56.42
2017-02-15,55.18
2017-02-16,55.8
2017-02-17,52.7
2017-02-18,22.94
2017-02-19,22.32
2017-02-20,37.2
2017-02-21,58.9
2017-02-22,60.14
2017-02-23,62.0
2017-02-24,55.18
2017-02-25,24.18
2017-02-26,21.7
2017-02-27,49.6
2017-02-28,55.8
2017-03-01,56.42
2017-03-02,53.94
2017-03-03,52.7
2017-03-04,23.56
2017-03-05,20.46
2017-03-06,50.22
2017-03-07,55.8
2017-03-08,54.56
2017-03-09,58.28
2017-03-10,50.22
2017-03-11,21.7
2017-03-12,19.22
2017-03-13,50.839999999999996
2017-03-14,50.22
2017-03-15,55.8
2017-03-16,62.0
2017-03-17,51.46
2017-03-18,21.7
2017-03-19,21.7
2017-03-20,55.18
2017-03-21,61.38
2017-03-22,53.94
2017-03-23,56.42
2017-03-24,51.46
2017-03-25,21.7
2017-03-26,24.18
2017-03-27,50.22
2017-03-28,55.8
2017-03-29,59.519999999999996
2017-03-30,55.8
2017-03-31,48.98
2017-04-01,21.83
2017-04-02,23.009999999999998
2017-04-03,50.739999999999995
2017-04-04,57.82
2017-04-05,54.279999999999994
2017-04-06,57.82
2017-04-07,46.61
2017-04-08,19.47
2017-04-09,22.419999999999998
2017-04-10,50.15
2017-04-11,57.23
2017-04-12,56.05
2017-04-13,51.919999999999995
2017-04-14,38.35
2017-04-15,19.47
2017-04-16,21.24
2017-04-17,46.61
2017-04-18,57.23
2017-04-19,54.87
2017-04-20,59.0
2017-04-21,47.79
2017-04-22,20.65
2017-04-23,18.88
2017-04-24,48.97
2017-04-25,54.87
2017-04-26,53.69
2017-04-27,58.41
2017-04-28,48.97
2017-04-29,20.06
2017-04-30,19.47
2017-05-01,52.8
2017-05-02,57.0
2017-05-03,58.8
2017-05-04,60.0
2017-05-05,49.199999999999996
2017-05-06,18.599999999999998
2017-05-07,21.599999999999998
2017-05-08,54.0
2017-05-09,56.4
2017-05-10,54.6
2017-05-11,51.6
2017-05-12,48.6
2017-05-13,22.2
2017-05-14,19.8
2017-05-15,49.199999999999996
2017-05-16,57.599999999999994
2017-05-17,55.199999999999996
2017-05-18,57.0
2017-05-19,49.8
2017-05-20,22.2
2017-05-21,20.4
2017-05-22,48.6
2017-05-23,54.0
2017-05-24,58.199999999999996
2017-05-25,55.199999999999996
2017-05-26,47.4
2017-05-27,18.599999999999998
2017-05-28,18.599999999999998
2017-05-29,24.0
2017-05-30,51.0
2017-05-31,55.8
2017-06-01,50.839999999999996
2017-06-02,50.22
2017-06-03,22.94
2017-06-04,22.94
2017-06-05,52.7
2017-06-06,51.46
2017-06-07,49.6
2017-06-08,53.32
2017-06-09,44.64
2017-06-10,29.14
2017-06-11,17.98
2017-06-12,48.98
2017-06-13,62.0
2017-06-14,48.36
2017-06-15,50.839999999999996
2017-06-16,43.4
2017-06-17,16.74
2017-06-18,17.36
2017-06-19,49.6
2017-06-20,54.56
2017-06-21,53.94
2017-06-22,53.94
2017-06-23,44.64
2017-06-24,21.08
2017-06-25,19.84
2017-06-26,45.88
2017-06-27,52.08
2017-06-28,55.18
2017-06-29,47.74
2017-06-30,40.92
2017-07-01,17.6
2017-07-02,14.850000000000001
2017-07-03,33.0
2017-07-04,20.900000000000002
2017-07-05,47.300000000000004
2017-07-06,51.7
2017-07-07,47.300000000000004
2017-07-08,17.05
2017-07-09,18.700000000000003
2017-07-10,48.95
2017-07-11,51.150000000000006
2017-07-12,52.25000000000001
2017-07-13,54.45
2017-07-14,45.650000000000006
2017-07-15,19.8
2017-07-16,20.35
2017-07-17,48.400000000000006
2017-07-18,54.45
2017-07-19,53.900000000000006
2017-07-20,48.95
2017-07-21,46.2
2017-07-22,18.150000000000002
2017-07-23,17.05
2017-07-24,48.95
2017-07-25,51.150000000000006
2017-07-26,55.00000000000001
2017-07-27,55.00000000000001
2017-07-28,45.650000000000006
2017-07-29,17.6
2017-07-30,18.700000000000003
2017-07-31,51.7
2017-08-01,58.8
2017-08-02,56.4
2017-08-03,58.8
2017-08-04,55.8
2017-08-05,23.4
2017-08-06,22.2
2017-08-07,52.199999999999996
2017-08-08,54.6
2017-08-09,58.199999999999996
2017-08-10,57.599999999999994
2017-08-11,54.0
2017-08-12,22.8
2017-08-13,19.2
2017-08-14,49.8
2017-08-15,58.8
2017-08-16,52.199999999999996
2017-08-17,60.0
2017-08-18,46.199999999999996
2017-08-19,18.599999999999998
2017-08-20,18.599999999999998
2017-08-21,49.8
2017-08-22,58.8
2017-08-23,58.8
2017-08-24,58.199999999999996
2017-08-25,47.4
2017-08-26,17.4
2017-08-27,20.4
2017-08-28,50.4
2017-08-29,57.0
2017-08-30,55.199999999999996
2017-08-31,57.0
2017-09-01,40.71
2017-09-02,18.29
2017-09-03,16.52
2017-09-04,19.47
2017-09-05,41.3
2017-09-06,53.099999999999994
2017-09-07,48.97
2017-09-08,40.71
2017-09-09,14.75
2017-09-10,15.34
2017-09-11,47.199999999999996
2017-09-12,50.739999999999995
2017-09-13,49.559999999999995
2017-09-14,47.79
2017-09-15,48.97
2017-09-16,20.65
2017-09-17,18.29
2017-09-18,44.839999999999996
2017-09-19,59.0
2017-09-20,46.019999999999996
2017-09-21,50.15
2017-09-22,45.43
2017-09-23,18.29
2017-09-24,16.52
2017-09-25,51.919999999999995
2017-09-26,56.64
2017-09-27,50.15
2017-09-28,49.559999999999995
2017-09-29,43.66
2017-09-30,20.65
2017-10-01,20.52
2017-10-02,49.589999999999996
2017-10-03,56.99999999999999
2017-10-04,56.99999999999999
2017-10-05,55.28999999999999
2017-10-06,50.16
2017-10-07,19.95
2017-10-08,18.24
2017-10-09,45.029999999999994
2017-10-10,54.15
2017-10-11,53.01
2017-10-12,55.28999999999999
2017-10-13,49.019999999999996
2017-10-14,20.52
2017-10-15,18.24
2017-10-16,47.879999999999995
2017-10-17,53.01
2017-10-18,53.58
2017-10-19,49.589999999999996
2017-10-20,42.18
2017-10-21,19.95
2017-10-22,15.959999999999999
2017-10-23,50.16
2017-10-24,54.15
2017-10-25,49.589999999999996
2017-10-26,54.15
2017-10-27,46.739999999999995
2017-10-28,19.95
2017-10-29,19.95
2017-10-30,46.169999999999995
2017-10-31,51.3
2017-11-01,50.050000000000004
2017-11-02,52.25000000000001
2017-11-03,43.45
2017-11-04,20.35
2017-11-05,18.150000000000002
2017-11-06,44.550000000000004
2017-11-07,53.35
2017-11-08,52.25000000000001
2017-11-09,51.150000000000006
2017-11-10,41.25
2017-11-11,21.450000000000003
2017-11-12,20.35
2017-11-13,44.0
2017-11-14,55.00000000000001
2017-11-15,48.95
2017-11-16,47.300000000000004
2017-11-17,47.300000000000004
2017-11-18,18.700000000000003
2017-11-19,17.6
2017-11-20,41.800000000000004
2017-11-21,46.75000000000001
2017-11-22,42.35
2017-11-23,17.6
2017-11-24,26.400000000000002
2017-11-25,26.950000000000003
2017-11-26,19.8
2017-11-27,42.900000000000006
2017-11-28,49.50000000000001
2017-11-29,46.2
2017-11-30,50.050000000000004
2017-12-01,39.949999999999996
2017-12-02,16.919999999999998
2017-12-03,15.979999999999999
2017-12-04,40.419999999999995
2017-12-05,44.18
2017-12-06,44.65
2017-12-07,43.71
2017-12-08,41.36
2017-12-09,19.27
2017-12-10,17.39
2017-12-11,39.01
2017-12-12,46.529999999999994
2017-12-13,47.0
2017-12-14,44.65
2017-12-15,42.769999999999996
2017-12-16,16.45
2017-12-17,16.919999999999998
2017-12-18,35.25
2017-12-19,42.769999999999996
2017-12-20,40.419999999999995
2017-12-21,38.07
2017-12-22,29.139999999999997
2017-12-23,16.919999999999998
2017-12-24,16.45
2017-12-25,14.569999999999999
2017-12-26,23.97
2017-12-27,30.549999999999997
2017-12-28,31.959999999999997
2017-12-29,24.439999999999998
2017-12-30,15.51
2017-12-31,11.75
2018-01-01,15.66
2018-01-02,37.260000000000005
2018-01-03,45.900000000000006
2018-01-04,46.980000000000004
2018-01-05,42.120000000000005
2018-01-06,18.900000000000002
2018-01-07,16.740000000000002
2018-01-08,43.74
2018-01-09,52.92
2018-01-10,50.760000000000005
2018-01-11,51.84
2018-01-12,44.28
2018-01-13,16.740000000000002
2018-01-14,16.740000000000002
2018-01-15,30.240000000000002
2018-01-16,43.2
2018-01-17,47.52
2018-01-18,48.6
2018-01-19,51.84
2018-01-20,21.060000000000002
2018-01-21,16.740000000000002
2018-01-22,43.74
2018-01-23,54.0
2018-01-24,52.92
2018-01-25,52.92
2018-01-26,46.980000000000004
2018-01-27,22.14
2018-01-28,21.6
2018-01-29,48.6
2018-01-30,49.14
2018-01-31,50.220000000000006
2018-02-01,50.050000000000004
2018-02-02,46.75000000000001
2018-02-03,21.450000000000003
2018-02-04,16.5
2018-02-05,42.35
2018-02-06,55.00000000000001
2018-02-07,51.7
2018-02-08,48.400000000000006
2018-02-09,43.45
2018-02-10,20.35
2018-02-11,23.1
2018-02-12,48.95
2018-02-13,50.050000000000004
2018-02-14,52.800000000000004
2018-02-15,49.50000000000001
2018-02-16,45.1
2018-02-17,20.35
2018-02-18,19.25
2018-02-19,31.900000000000002
2018-02-20,47.85
2018-02-21,49.50000000000001
2018-02-22,48.400000000000006
2018-02-23,47.300000000000004
2018-02-24,24.200000000000003
2018-02-25,19.8
2018-02-26,47.300000000000004
2018-02-27,46.2
2018-02-28,48.95
2018-03-01,45.650000000000006
2018-03-02,41.25
2018-03-03,20.900000000000002
2018-03-04,20.35
2018-03-05,42.35
2018-03-06,46.2
2018-03-07,46.2
2018-03-08,45.650000000000006
2018-03-09,43.45
2018-03-10,21.450000000000003
2018-03-11,15.400000000000002
2018-03-12,47.300000000000004
2018-03-13,48.95
2018-03-14,45.650000000000006
2018-03-15,50.050000000000004
2018-03-16,41.25
2018-03-17,17.6
2018-03-18,18.150000000000002
2018-03-19,46.75000000000001
2018-03-20,55.00000000000001
2018-03-21,47.300000000000004
2018-03-22,46.2
2018-03-23,46.2
2018-03-24,18.700000000000003
2018-03-25,19.25
2018-03-26,45.1
2018-03-27,52.800000000000004
2018-03-28,53.900000000000006
2018-03-29,45.1
2018-03-30,39.050000000000004
2018-03-31,20.35
2018-04-01,18.150000000000002
2018-04-02,44.550000000000004
2018-04-03,47.85
2018-04-04,54.45
2018-04-05,50.6
2018-04-06,46.75000000000001
2018-04-07,22.55
2018-04-08,19.8
2018-04-09,49.50000000000001
2018-04-10,47.85
2018-04-11,49.50000000000001
2018-04-12,46.75000000000001
2018-04-13,45.650000000000006
2018-04-14,20.35
2018-04-15,18.700000000000003
2018-04-16,45.650000000000006
2018-04-17,52.25000000000001
2018-04-18,51.150000000000006
2018-04-19,55.00000000000001
2018-04-20,46.2
2018-04-21,18.150000000000002
2018-04-22,17.05
2018-04-23,41.800000000000004
2018-04-24,53.35
2018-04-25,50.6
2018-04-26,52.800000000000004
2018-04-27,46.2
2018-04-28,18.150000000000002
2018-04-29,18.150000000000002
2018-04-30,44.0
2018-05-01,52.779999999999994
2018-05-02,48.72
2018-05-03,51.04
2018-05-04,41.18
2018-05-05,19.139999999999997
2018-05-06,17.98
2018-05-07,49.879999999999995
2018-05-08,53.94
2018-05-09,57.99999999999999
2018-05-10,49.3
2018-05-11,46.4
2018-05-12,17.98
2018-05-13,15.659999999999998
2018-05-14,49.3
2018-05-15,50.459999999999994
2018-05-16,49.879999999999995
2018-05-17,51.62
2018-05-18,48.72
2018-05-19,19.139999999999997
2018-05-20,20.299999999999997
2018-05-21,46.98
2018-05-22,52.199999999999996
2018-05-23,52.779999999999994
2018-05-24,48.13999999999999
2018-05-25,41.76
2018-05-26,18.56
2018-05-27,21.459999999999997
2018-05-28,20.299999999999997
2018-05-29,48.13999999999999
2018-05-30,49.3
2018-05-31,52.199999999999996
2018-06-01,51.7
2018-06-02,19.25
2018-06-03,22.0
2018-06-04,55.00000000000001
2018-06-05,48.95
2018-06-06,53.35
2018-06-07,52.25000000000001
2018-06-08,44.550000000000004
2018-06-09,18.150000000000002
2018-06-10,15.950000000000001
2018-06-11,44.550000000000004
2018-06-12,49.50000000000001
2018-06-13,50.6
2018-06-14,48.400000000000006
2018-06-15,38.5
2018-06-16,14.850000000000001
2018-06-17,14.3
2018-06-18,41.800000000000004
2018-06-19,45.650000000000006
2018-06-20,51.7
2018-06-21,46.75000000000001
2018-06-22,40.150000000000006
2018-06-23,15.400000000000002
2018-06-24,15.950000000000001
2018-06-25,41.800000000000004
2018-06-26,49.50000000000001
2018-06-27,47.85
2018-06-28,45.650000000000006
2018-06-29,42.900000000000006
2018-06-30,16.5
2018-07-01,19.240000000000002
2018-07-02,40.56
2018-07-03,39.52
2018-07-04,18.72
2018-07-05,42.120000000000005
2018-07-06,37.96
2018-07-07,15.600000000000001
2018-07-08,12.48
2018-07-09,41.6
2018-07-10,46.28
2018-07-11,52.0
2018-07-12,49.4
2018-07-13,39.52
2018-07-14,18.72
2018-07-15,13.52
2018-07-16,42.64
2018-07-17,52.0
2018-07-18,49.4
2018-07-19,47.32
2018-07-20,43.160000000000004
2018-07-21,17.16
2018-07-22,20.28
2018-07-23,47.32
2018-07-24,43.68
2018-07-25,46.28
2018-07-26,46.800000000000004
2018-07-27,39.0
2018-07-28,20.28
2018-07-29,15.600000000000001
2018-07-30,48.36
2018-07-31,48.88
2018-08-01,49.50000000000001
2018-08-02,53.35
2018-08-03,48.95
2018-08-04,20.35
2018-08-05,17.6
2018-08-06,41.800000000000004
2018-08-07,49.50000000000001
2018-08-08,53.35
2018-08-09,54.45
2018-08-10,44.550000000000004
2018-08-11,22.0
2018-08-12,19.8
2018-08-13,47.300000000000004
2018-08-14,49.50000000000001
2018-08-15,53.35
2018-08-16,51.150000000000006
2018-08-17,45.650000000000006
2018-08-18,23.650000000000002
2018-08-19,19.8
2018-08-20,48.95
2018-08-21,52.25000000000001
2018-08-22,49.50000000000001
2018-08-23,48.95
2018-08-24,44.550000000000004
2018-08-25,19.8
2018-08-26,20.35
2018-08-27,50.050000000000004
2018-08-28,55.00000000000001
2018-08-29,51.7
2018-08-30,47.300000000000004
2018-08-31,40.7
2018-09-01,16.740000000000002
2018-09-02,12.420000000000002
2018-09-03,19.98
2018-09-04,41.580000000000005
2018-09-05,54.0
2018-09-06,49.68000000000001
2018-09-07,41.040000000000006
2018-09-08,22.14
2018-09-09,19.98
2018-09-10,44.82
2018-09-11,49.14
2018-09-12,51.300000000000004
2018-09-13,46.980000000000004
2018-09-14,44.28
2018-09-15,22.68
2018-09-16,22.68
2018-09-17,44.82
2018-09-18,51.84
2018-09-19,47.52
2018-09-20,53.46
2018-09-21,46.440000000000005
2018-09-22,18.36
2018-09-23,21.060000000000002
2018-09-24,42.660000000000004
2018-09-25,44.82
2018-09-26,49.68000000000001
2018-09-27,45.36
2018-09-28,41.040000000000006
2018-09-29,23.220000000000002
2018-09-30,19.44
2018-10-01,46.169999999999995
2018-10-02,53.01
2018-10-03,51.3
2018-10-04,50.73
2018-10-05,46.169999999999995
2018-10-06,20.52
2018-10-07,19.38
2018-10-08,40.47
2018-10-09,49.019999999999996
2018-10-10,51.3
2018-10-11,50.73
2018-10-12,46.739999999999995
2018-10-13,17.099999999999998
2018-10-14,19.95
2018-10-15,47.879999999999995
2018-10-16,51.3
2018-10-17,55.85999999999999
2018-10-18,48.449999999999996
2018-10-19,44.459999999999994
2018-10-20,19.38
2018-10-21,22.229999999999997
2018-10-22,53.01
2018-10-23,56.99999999999999
2018-10-24,53.01
2018-10-25,52.44
2018-10-26,49.589999999999996
2018-10-27,22.229999999999997
2018-10-28,21.659999999999997
2018-10-29,49.589999999999996
2018-10-30,50.73
2018-10-31,51.3
2018-11-01,49.0
2018-11-02,40.67
2018-11-03,18.62
2018-11-04,17.15
2018-11-05,41.65
2018-11-06,43.12
2018-11-07,39.2
2018-11-08,42.63
2018-11-09,43.61
2018-11-10,19.6
2018-11-11,21.07
2018-11-12,37.24
2018-11-13,46.55
2018-11-14,44.1
2018-11-15,45.08
2018-11-16,40.18
2018-11-17,18.13
2018-11-18,16.169999999999998
2018-11-19,38.22
2018-11-20,42.63
2018-11-21,31.36
2018-11-22,19.6
2018-11-23,20.09
2018-11-24,16.169999999999998
2018-11-25,14.7
2018-11-26,36.75
2018-11-27,43.61
2018-11-28,45.08
2018-11-29,47.53
2018-11-30,44.1
2018-12-01,15.3
2018-12-02,15.3
2018-12-03,35.550000000000004
2018-12-04,37.35
2018-12-05,39.6
2018-12-06,37.800000000000004
2018-12-07,36.9
2018-12-08,16.2
2018-12-09,15.75
2018-12-10,39.15
2018-12-11,42.300000000000004
2018-12-12,44.550000000000004
2018-12-13,45.0
2018-12-14,36.0
2018-12-15,15.75
2018-12-16,12.6
2018-12-17,35.550000000000004
2018-12-18,37.800000000000004
2018-12-19,37.35
2018-12-20,32.85
2018-12-21,30.6
2018-12-22,13.950000000000001
2018-12-23,10.8
2018-12-24,18.0
2018-12-25,13.5
2018-12-26,29.25
2018-12-27,28.35
2018-12-28,27.45
2018-12-29,13.05
2018-12-30,11.700000000000001
2018-12-31,18.45
2019-01-01,14.3
2019-01-02,38.5
2019-01-03,42.900000000000006
2019-01-04,42.35
2019-01-05,16.5
2019-01-06,16.5
2019-01-07,42.900000000000006
2019-01-08,46.2
2019-01-09,51.7
2019-01-10,55.00000000000001
2019-01-11,45.650000000000006
2019-01-12,20.900000000000002
2019-01-13,19.25
2019-01-14,43.45
2019-01-15,48.400000000000006
2019-01-16,50.050000000000004
2019-01-17,50.6
2019-01-18,47.300000000000004
2019-01-19,22.0
2019-01-20,20.900000000000002
2019-01-21,32.45
2019-01-22,47.300000000000004
2019-01-23,53.35
2019-01-24,51.7
2019-01-25,44.550000000000004
2019-01-26,23.1
2019-01-27,17.6
2019-01-28,42.35
2019-01-29,48.95
2019-01-30,50.050000000000004
2019-01-31,46.75000000000001
2019-02-01,47.6
2019-02-02,22.96
2019-02-03,19.040000000000003
2019-02-04,54.32000000000001
2019-02-05,50.96000000000001
2019-02-06,53.2
2019-02-07,54.32000000000001
2019-02-08,50.400000000000006
2019-02-09,24.080000000000002
2019-02-10,19.6
2019-02-11,45.36000000000001
2019-02-12,54.88
2019-02-13,53.2
2019-02-14,49.84
2019-02-15,49.84
2019-02-16,21.840000000000003
2019-02-17,17.360000000000003
2019-02-18,36.400000000000006
2019-02-19,48.160000000000004
2019-02-20,52.080000000000005
2019-02-21,51.52
2019-02-22,50.400000000000006
2019-02-23,21.28
2019-02-24,20.720000000000002
2019-02-25,44.800000000000004
2019-02-26,56.00000000000001
2019-02-27,50.400000000000006
2019-02-28,49.28
2019-03-01,47.85
2019-03-02,19.8
2019-03-03,22.0
2019-03-04,44.0
2019-03-05,50.6
2019-03-06,53.35
2019-03-07,50.6
2019-03-08,43.45
2019-03-09,20.35
2019-03-10,18.150000000000002
2019-03-11,47.300000000000004
2019-03-12,52.25000000000001
2019-03-13,48.95
2019-03-14,52.25000000000001
2019-03-15,44.0
2019-03-16,22.55
2019-03-17,16.5
2019-03-18,46.2
2019-03-19,55.00000000000001
2019-03-20,48.95
2019-03-21,50.050000000000004
2019-03-22,47.300000000000004
2019-03-23,20.900000000000002
2019-03-24,18.700000000000003
2019-03-25,47.300000000000004
2019-03-26,55.00000000000001
2019-03-27,54.45
2019-03-28,50.050000000000004
2019-03-29,42.900000000000006
2019-03-30,24.200000000000003
2019-03-31,20.35
2019-04-01,42.18
2019-04-02,49.019999999999996
2019-04-03,51.3
2019-04-04,49.019999999999996
2019-04-05,48.449999999999996
2019-04-06,21.659999999999997
2019-04-07,20.52
2019-04-08,56.99999999999999
2019-04-09,53.01
2019-04-10,47.879999999999995
2019-04-11,46.739999999999995
2019-04-12,48.449999999999996
2019-04-13,22.229999999999997
2019-04-14,21.09
2019-04-15,42.18
2019-04-16,47.879999999999995
2019-04-17,49.589999999999996
2019-04-18,43.31999999999999
2019-04-19,38.19
2019-04-20,18.24
2019-04-21,14.819999999999999
2019-04-22,40.47
2019-04-23,49.589999999999996
2019-04-24,49.019999999999996
2019-04-25,45.029999999999994
2019-04-26,44.459999999999994
2019-04-27,19.95
2019-04-28,23.369999999999997
2019-04-29,43.88999999999999
2019-04-30,50.73
2019-05-01,54.45
2019-05-02,50.050000000000004
2019-05-03,44.550000000000004
2019-05-04,20.900000000000002
2019-05-05,19.25
2019-05-06,45.1
2019-05-07,51.7
2019-05-08,55.00000000000001
2019-05-09,53.35
2019-05-10,44.0
2019-05-11,20.900000000000002
2019-05-12,21.450000000000003
2019-05-13,47.300000000000004
2019-05-14,53.35
2019-05-15,53.900000000000006
2019-05-16,50.6
2019-05-17,48.95
2019-05-18,20.35
2019-05-19,18.150000000000002
2019-05-20,45.1
2019-05-21,55.00000000000001
2019-05-22,54.45
2019-05-23,50.6
2019-05-24,42.900000000000006
2019-05-25,22.0
2019-05-26,18.700000000000003
2019-05-27,19.8
2019-05-28,50.6
2019-05-29,52.800000000000004
2019-05-30,50.6
2019-05-31,44.550000000000004
2019-06-01,11.399999999999999
2019-06-02,12.54
2019-06-03,34.199999999999996
2019-06-04,36.48
2019-06-05,37.62
2019-06-06,40.47
2019-06-07,30.779999999999998
2019-06-08,23.369999999999997
2019-06-09,14.249999999999998
2019-06-10,31.349999999999998
2019-06-11,43.31999999999999
2019-06-12,40.47
2019-06-13,41.04
2019-06-14,56.99999999999999
2019-06-15,21.659999999999997
2019-06-16,14.819999999999999
2019-06-17,29.639999999999997
2019-06-18,39.33
2019-06-19,37.05
2019-06-20,35.91
2019-06-21,33.629999999999995
2019-06-22,14.249999999999998
2019-06-23,13.68
2019-06-24,31.919999999999998
2019-06-25,37.05
2019-06-26,38.19
2019-06-27,33.629999999999995
2019-06-28,31.919999999999998
2019-06-29,14.819999999999999
2019-06-30,13.68
2019-07-01,41.16
2019-07-02,41.65
2019-07-03,36.75
2019-07-04,19.6
2019-07-05,29.4
2019-07-06,17.15
2019-07-07,17.15
2019-07-08,39.2
2019-07-09,47.53
2019-07-10,49.0
2019-07-11,47.53
2019-07-12,40.67
2019-07-13,18.62
2019-07-14,18.62
2019-07-15,43.61
2019-07-16,44.1
2019-07-17,46.06
2019-07-18,43.12
2019-07-19,37.24
2019-07-20,20.58
2019-07-21,18.13
2019-07-22,43.61
2019-07-23,45.57
2019-07-24,45.08
2019-07-25,45.57
2019-07-26,35.28
2019-07-27,17.15
2019-07-28,15.19
2019-07-29,38.71
2019-07-30,41.65
2019-07-31,38.22
2019-08-01,43.86
2019-08-02,34.17
2019-08-03,15.3
2019-08-04,14.790000000000001
2019-08-05,37.230000000000004
2019-08-06,40.8
2019-08-07,43.35
2019-08-08,45.9
2019-08-09,37.230000000000004
2019-08-10,18.87
2019-08-11,19.89
2019-08-12,41.82
2019-08-13,48.45
2019-08-14,51.0
2019-08-15,43.35
2019-08-16,41.31
2019-08-17,18.36
2019-08-18,16.32
2019-08-19,41.82
2019-08-20,49.47
2019-08-21,47.94
2019-08-22,46.410000000000004
2019-08-23,43.35
2019-08-24,16.32
2019-08-25,15.3
2019-08-26,43.35
2019-08-27,50.49
2019-08-28,49.47
2019-08-29,45.39
2019-08-30,36.72
2019-08-31,18.36
2019-09-01,18.02
2019-09-02,19.080000000000002
2019-09-03,36.04
2019-09-04,41.870000000000005
2019-09-05,44.52
2019-09-06,39.22
2019-09-07,16.96
2019-09-08,17.490000000000002
2019-09-09,45.050000000000004
2019-09-10,47.17
2019-09-11,49.82
2019-09-12,50.35
2019-09-13,46.11
2019-09-14,18.02
2019-09-15,19.61
2019-09-16,45.580000000000005
2019-09-17,53.0
2019-09-18,48.760000000000005
2019-09-19,50.35
2019-09-20,37.1
2019-09-21,19.61
2019-09-22,16.96
2019-09-23,45.580000000000005
2019-09-24,47.17
2019-09-25,45.580000000000005
2019-09-26,46.11
2019-09-27,43.99
2019-09-28,21.73
2019-09-29,16.96
2019-09-30,42.400000000000006
2019-10-01,41.870000000000005
2019-10-02,38.160000000000004
2019-10-03,39.75
2019-10-04,40.28
2019-10-05,14.31
2019-10-06,13.780000000000001
2019-10-07,34.45
2019-10-08,36.57
2019-10-09,40.81
2019-10-10,39.22
2019-10-11,33.39
2019-10-12,13.780000000000001
2019-10-13,11.66
2019-10-14,32.33
2019-10-15,38.160000000000004
2019-10-16,38.690000000000005
2019-10-17,38.690000000000005
2019-10-18,53.0
2019-10-19,24.91
2019-10-20,14.31
2019-10-21,39.22
2019-10-22,39.75
2019-10-23,38.160000000000004
2019-10-24,37.63
2019-10-25,32.33
2019-10-26,13.780000000000001
2019-10-27,11.66
2019-10-28,34.45
2019-10-29,35.510000000000005
2019-10-30,33.92
2019-10-31,34.45
2019-11-01,37.72
2019-11-02,15.180000000000001
2019-11-03,14.72
2019-11-04,38.18
2019-11-05,41.4
2019-11-06,42.32
2019-11-07,43.24
2019-11-08,36.800000000000004
2019-11-09,17.48
2019-11-10,14.26
2019-11-11,31.740000000000002
2019-11-12,40.940000000000005
2019-11-13,46.0
2019-11-14,44.160000000000004
2019-11-15,38.18
2019-11-16,16.1
2019-11-17,16.1
2019-11-18,36.34
2019-11-19,38.64
2019-11-20,40.940000000000005
2019-11-21,40.940000000000005
2019-11-22,34.04
2019-11-23,16.1
2019-11-24,14.72
2019-11-25,33.58
2019-11-26,37.260000000000005
2019-11-27,29.900000000000002
2019-11-28,19.78
2019-11-29,17.02
2019-11-30,11.5
2019-12-01,14.76
2019-12-02,29.52
2019-12-03,37.72
2019-12-04,36.08
2019-12-05,39.36
2019-12-06,33.21
2019-12-07,14.35
2019-12-08,14.35
2019-12-09,32.39
2019-12-10,38.949999999999996
2019-12-11,40.589999999999996
2019-12-12,41.0
2019-12-13,34.44
2019-12-14,15.989999999999998
2019-12-15,17.63
2019-12-16,33.21
2019-12-17,34.85
2019-12-18,38.129999999999995
2019-12-19,34.03
2019-12-20,27.06
2019-12-21,13.12
2019-12-22,11.479999999999999
2019-12-23,27.88
2019-12-24,19.68
2019-12-25,12.299999999999999
2019-12-26,20.91
2019-12-27,25.83
2019-12-28,12.299999999999999
2019-12-29,11.479999999999999
2019-12-30,21.32
2019-12-31,21.73
2020-01-01,13.92
2020-01-02,33.6
2020-01-03,33.12
2020-01-04,17.759999999999998
2020-01-05,17.28
2020-01-06,37.44
2020-01-07,42.72
2020-01-08,47.519999999999996
2020-01-09,41.28
2020-01-10,38.4
2020-01-11,18.24
2020-01-12,15.36
2020-01-13,41.28
2020-01-14,43.68
2020-01-15,42.239999999999995
2020-01-16,47.04
2020-01-17,37.44
2020-01-18,19.2
2020-01-19,16.8
2020-01-20,27.84
2020-01-21,45.6
2020-01-22,47.519999999999996
2020-01-23,47.519999999999996
2020-01-24,41.76
2020-01-25,18.24
2020-01-26,16.8
2020-01-27,41.76
2020-01-28,44.16
2020-01-29,44.16
2020-01-30,48.0
2020-01-31,40.32
2020-02-01,22.95
2020-02-02,19.38
2020-02-03,37.230000000000004
2020-02-04,48.45
2020-02-05,44.37
2020-02-06,49.47
2020-02-07,42.33
2020-02-08,21.93
2020-02-09,18.87
2020-02-10,41.31
2020-02-11,46.92
2020-02-12,47.94
2020-02-13,44.88
2020-02-14,42.33
2020-02-15,18.36
2020-02-16,19.38
2020-02-17,37.230000000000004
2020-02-18,44.37
2020-02-19,51.0
2020-02-20,47.43
2020-02-21,45.9
2020-02-22,20.4
2020-02-23,15.81
2020-02-24,42.33
2020-02-25,45.39
2020-02-26,45.9
2020-02-27,48.45
2020-02-28,45.9
2020-02-29,18.36
2020-03-01,49.0
2020-03-02,40.67
2020-03-03,44.1
2020-03-04,44.1
2020-03-05,42.63
2020-03-06,36.75
2020-03-07,17.64
2020-03-08,15.19
2020-03-09,38.22
2020-03-10,39.69
2020-03-11,39.2
2020-03-12,36.75
2020-03-13,31.36
2020-03-14,15.19
2020-03-15,16.169999999999998
2020-03-16,31.36
2020-03-17,31.849999999999998
2020-03-18,35.28
2020-03-19,32.339999999999996
2020-03-20,28.419999999999998
2020-03-21,15.19
2020-03-22,15.19
2020-03-23,32.83
2020-03-24,31.36
2020-03-25,31.36
2020-03-26,36.26
2020-03-27,32.83
2020-03-28,17.64
2020-03-29,21.07
2020-03-30,35.28
2020-03-31,36.75
2020-04-01,43.24
2020-04-02,42.32
2020-04-03,44.160000000000004
2020-04-04,23.0
2020-04-05,20.7
2020-04-06,37.72
2020-04-07,44.160000000000004
2020-04-08,42.32
2020-04-09,43.24
2020-04-10,37.72
2020-04-11,25.3
2020-04-12,18.86
2020-04-13,41.4
2020-04-14,45.54
2020-04-15,45.080000000000005
2020-04-16,46.0
2020-04-17,39.1
2020-04-18,23.92
2020-04-19,22.540000000000003
2020-04-20,40.02
2020-04-21,40.480000000000004
2020-04-22,46.0
2020-04-23,43.24
2020-04-24,39.1
2020-04-25,17.02
2020-04-26,18.400000000000002
2020-04-27,40.02
2020-04-28,44.620000000000005
2020-04-29,43.24
2020-04-30,45.080000000000005
