date,Procter & Gamble
2011-01-01,26.88
2011-01-02,32.64
2011-01-03,17.28
2011-01-04,33.28
2011-01-05,0.0
2011-01-06,33.28
2011-01-07,33.92
2011-01-08,21.12
2011-01-09,21.12
2011-01-10,32.64
2011-01-11,48.0
2011-01-12,32.64
2011-01-13,32.64
2011-01-14,16.64
2011-01-15,41.6
2011-01-16,21.76
2011-01-17,50.56
2011-01-18,23.68
2011-01-19,32.0
2011-01-20,32.0
2011-01-21,32.64
2011-01-22,20.48
2011-01-23,20.48
2011-01-24,32.0
2011-01-25,39.04
2011-01-26,39.68
2011-01-27,64.0
2011-01-28,16.64
2011-01-29,0.0
2011-01-30,19.84
2011-01-31,15.36
2011-02-01,56.879999999999995
2011-02-02,46.08
2011-02-03,47.519999999999996
2011-02-04,24.48
2011-02-05,30.24
2011-02-06,30.24
2011-02-07,23.759999999999998
2011-02-08,23.759999999999998
2011-02-09,24.48
2011-02-10,24.48
2011-02-11,63.36
2011-02-12,47.519999999999996
2011-02-13,0.0
2011-02-14,36.72
2011-02-15,36.0
2011-02-16,36.0
2011-02-17,48.239999999999995
2011-02-18,38.16
2011-02-19,31.68
2011-02-20,31.68
2011-02-21,63.36
2011-02-22,36.0
2011-02-23,72.0
2011-02-24,23.759999999999998
2011-02-25,61.919999999999995
2011-02-26,30.959999999999997
2011-02-27,30.959999999999997
2011-02-28,47.519999999999996
2011-03-01,66.64
2011-03-02,25.16
2011-03-03,68.0
2011-03-04,17.68
2011-03-05,21.76
2011-03-06,0.0
2011-03-07,34.0
2011-03-08,33.32
2011-03-09,41.480000000000004
2011-03-10,42.160000000000004
2011-03-11,17.0
2011-03-12,0.0
2011-03-13,23.8
2011-03-14,47.6
2011-03-15,44.2
2011-03-16,42.160000000000004
2011-03-17,17.0
2011-03-18,18.360000000000003
2011-03-19,22.44
2011-03-20,0.0
2011-03-21,33.32
2011-03-22,41.480000000000004
2011-03-23,16.32
2011-03-24,67.32000000000001
2011-03-25,52.36000000000001
2011-03-26,21.76
2011-03-27,43.52
2011-03-28,32.64
2011-03-29,33.32
2011-03-30,33.32
2011-03-31,49.64
2011-04-01,35.25
2011-04-02,22.5
2011-04-03,45.0
2011-04-04,41.25
2011-04-05,41.25
2011-04-06,50.25
2011-04-07,58.5
2011-04-08,17.25
2011-04-09,33.0
2011-04-10,33.75
2011-04-11,16.5
2011-04-12,41.25
2011-04-13,75.0
2011-04-14,59.25
2011-04-15,0.0
2011-04-16,21.75
2011-04-17,0.0
2011-04-18,50.25
2011-04-19,49.5
2011-04-20,24.75
2011-04-21,51.75
2011-04-22,55.5
2011-04-23,22.5
2011-04-24,47.25
2011-04-25,58.5
2011-04-26,16.5
2011-04-27,0.0
2011-04-28,41.25
2011-04-29,0.0
2011-04-30,22.5
2011-05-01,14.950000000000001
2011-05-02,0.0
2011-05-03,65.0
2011-05-04,33.15
2011-05-05,22.75
2011-05-06,12.35
2011-05-07,0.0
2011-05-08,0.0
2011-05-09,11.05
2011-05-10,0.0
2011-05-11,33.15
2011-05-12,22.75
2011-05-13,0.0
2011-05-14,0.0
2011-05-15,29.25
2011-05-16,33.15
2011-05-17,33.15
2011-05-18,43.550000000000004
2011-05-19,11.05
2011-05-20,35.1
2011-05-21,14.950000000000001
2011-05-22,0.0
2011-05-23,11.05
2011-05-24,22.1
2011-05-25,33.15
2011-05-26,11.05
2011-05-27,48.75
2011-05-28,0.0
2011-05-29,32.5
2011-05-30,29.25
2011-05-31,22.1
2011-06-01,41.25
2011-06-02,42.75
2011-06-03,21.75
2011-06-04,38.25
2011-06-05,0.0
2011-06-06,14.25
2011-06-07,41.25
2011-06-08,0.0
2011-06-09,21.0
2011-06-10,21.75
2011-06-11,27.75
2011-06-12,18.75
2011-06-13,35.25
2011-06-14,42.0
2011-06-15,28.5
2011-06-16,36.0
2011-06-17,0.0
2011-06-18,0.0
2011-06-19,19.5
2011-06-20,21.0
2011-06-21,13.5
2011-06-22,27.75
2011-06-23,21.0
2011-06-24,73.5
2011-06-25,75.0
2011-06-26,19.5
2011-06-27,21.0
2011-06-28,34.5
2011-06-29,49.5
2011-06-30,28.5
2011-07-01,11.34
2011-07-02,14.580000000000002
2011-07-03,29.700000000000003
2011-07-04,28.080000000000002
2011-07-05,22.14
2011-07-06,20.520000000000003
2011-07-07,21.060000000000002
2011-07-08,21.060000000000002
2011-07-09,27.0
2011-07-10,14.040000000000001
2011-07-11,10.260000000000002
2011-07-12,15.120000000000001
2011-07-13,10.260000000000002
2011-07-14,21.060000000000002
2011-07-15,27.0
2011-07-16,54.0
2011-07-17,0.0
2011-07-18,20.520000000000003
2011-07-19,15.120000000000001
2011-07-20,15.120000000000001
2011-07-21,20.520000000000003
2011-07-22,27.0
2011-07-23,12.96
2011-07-24,0.0
2011-07-25,19.98
2011-07-26,9.72
2011-07-27,19.98
2011-07-28,0.0
2011-07-29,16.200000000000003
2011-07-30,13.5
2011-07-31,27.0
2011-08-01,12.4
2011-08-02,12.4
2011-08-03,62.0
2011-08-04,12.4
2011-08-05,39.06
2011-08-06,16.12
2011-08-07,16.12
2011-08-08,36.58
2011-08-09,24.18
2011-08-10,12.4
2011-08-11,19.22
2011-08-12,32.86
2011-08-13,32.24
2011-08-14,16.12
2011-08-15,12.4
2011-08-16,24.8
2011-08-17,31.62
2011-08-18,37.82
2011-08-19,26.04
2011-08-20,16.12
2011-08-21,16.12
2011-08-22,12.4
2011-08-23,29.759999999999998
2011-08-24,30.38
2011-08-25,36.58
2011-08-26,19.22
2011-08-27,14.879999999999999
2011-08-28,0.0
2011-08-29,24.18
2011-08-30,17.98
2011-08-31,24.18
2011-09-01,12.81
2011-09-02,0.0
2011-09-03,0.0
2011-09-04,0.0
2011-09-05,15.25
2011-09-06,25.009999999999998
2011-09-07,25.009999999999998
2011-09-08,25.62
2011-09-09,0.0
2011-09-10,0.0
2011-09-11,0.0
2011-09-12,37.82
2011-09-13,12.2
2011-09-14,61.0
2011-09-15,37.21
2011-09-16,0.0
2011-09-17,15.86
2011-09-18,31.11
2011-09-19,24.4
2011-09-20,12.2
2011-09-21,49.41
2011-09-22,12.2
2011-09-23,39.04
2011-09-24,15.86
2011-09-25,0.0
2011-09-26,12.2
2011-09-27,60.39
2011-09-28,36.6
2011-09-29,12.2
2011-09-30,39.04
2011-10-01,14.75
2011-10-02,28.32
2011-10-03,27.729999999999997
2011-10-04,21.83
2011-10-05,38.35
2011-10-06,38.35
2011-10-07,23.009999999999998
2011-10-08,28.32
2011-10-09,27.729999999999997
2011-10-10,38.35
2011-10-11,41.3
2011-10-12,40.71
2011-10-13,32.449999999999996
2011-10-14,17.11
2011-10-15,34.809999999999995
2011-10-16,13.569999999999999
2011-10-17,33.04
2011-10-18,42.48
2011-10-19,15.93
2011-10-20,32.449999999999996
2011-10-21,23.599999999999998
2011-10-22,14.16
2011-10-23,14.16
2011-10-24,15.93
2011-10-25,59.0
2011-10-26,10.62
2011-10-27,21.24
2011-10-28,34.22
2011-10-29,0.0
2011-10-30,20.65
2011-10-31,27.729999999999997
2011-11-01,53.0
2011-11-02,12.72
2011-11-03,37.63
2011-11-04,25.970000000000002
2011-11-05,23.85
2011-11-06,23.32
2011-11-07,31.270000000000003
2011-11-08,24.380000000000003
2011-11-09,18.55
2011-11-10,37.63
2011-11-11,20.14
2011-11-12,15.9
2011-11-13,15.370000000000001
2011-11-14,49.29
2011-11-15,48.760000000000005
2011-11-16,18.55
2011-11-17,24.91
2011-11-18,13.25
2011-11-19,15.370000000000001
2011-11-20,23.32
2011-11-21,24.91
2011-11-22,12.190000000000001
2011-11-23,26.5
2011-11-24,0.0
2011-11-25,15.370000000000001
2011-11-26,0.0
2011-11-27,23.32
2011-11-28,11.66
2011-11-29,11.66
2011-11-30,23.85
2011-12-01,23.94
2011-12-02,12.540000000000001
2011-12-03,14.82
2011-12-04,30.02
2011-12-05,17.86
2011-12-06,35.34
2011-12-07,23.56
2011-12-08,17.86
2011-12-09,37.24
2011-12-10,14.82
2011-12-11,14.82
2011-12-12,11.78
2011-12-13,11.78
2011-12-14,12.16
2011-12-15,24.32
2011-12-16,31.92
2011-12-17,15.2
2011-12-18,0.0
2011-12-19,0.0
2011-12-20,0.0
2011-12-21,38.0
2011-12-22,26.22
2011-12-23,28.88
2011-12-24,0.0
2011-12-25,0.0
2011-12-26,0.0
2011-12-27,26.22
2011-12-28,12.92
2011-12-29,26.22
2011-12-30,20.14
2011-12-31,15.2
2012-01-01,16.24
2012-01-02,0.0
2012-01-03,23.2
2012-01-04,34.22
2012-01-05,34.22
2012-01-06,23.779999999999998
2012-01-07,13.919999999999998
2012-01-08,0.0
2012-01-09,0.0
2012-01-10,33.64
2012-01-11,0.0
2012-01-12,11.02
2012-01-13,34.22
2012-01-14,27.839999999999996
2012-01-15,13.919999999999998
2012-01-16,57.99999999999999
2012-01-17,22.04
2012-01-18,22.04
2012-01-19,11.02
2012-01-20,11.02
2012-01-21,0.0
2012-01-22,0.0
2012-01-23,21.459999999999997
2012-01-24,53.94
2012-01-25,22.04
2012-01-26,33.059999999999995
2012-01-27,11.6
2012-01-28,0.0
2012-01-29,41.18
2012-01-30,21.459999999999997
2012-01-31,22.04
2012-02-01,15.3
2012-02-02,31.11
2012-02-03,10.71
2012-02-04,0.0
2012-02-05,25.5
2012-02-06,20.91
2012-02-07,20.4
2012-02-08,15.3
2012-02-09,0.0
2012-02-10,15.81
2012-02-11,24.990000000000002
2012-02-12,0.0
2012-02-13,44.88
2012-02-14,30.6
2012-02-15,20.91
2012-02-16,15.3
2012-02-17,10.71
2012-02-18,12.75
2012-02-19,0.0
2012-02-20,10.71
2012-02-21,10.2
2012-02-22,30.6
2012-02-23,36.21
2012-02-24,26.01
2012-02-25,25.5
2012-02-26,0.0
2012-02-27,51.0
2012-02-28,20.4
2012-02-29,10.2
2012-03-01,0.0
2012-03-02,14.040000000000001
2012-03-03,33.480000000000004
2012-03-04,16.740000000000002
2012-03-05,27.0
2012-03-06,25.380000000000003
2012-03-07,12.420000000000002
2012-03-08,38.34
2012-03-09,12.96
2012-03-10,0.0
2012-03-11,15.66
2012-03-12,38.34
2012-03-13,25.380000000000003
2012-03-14,0.0
2012-03-15,51.300000000000004
2012-03-16,26.46
2012-03-17,31.860000000000003
2012-03-18,16.200000000000003
2012-03-19,51.300000000000004
2012-03-20,24.840000000000003
2012-03-21,25.380000000000003
2012-03-22,25.92
2012-03-23,27.0
2012-03-24,0.0
2012-03-25,15.66
2012-03-26,25.380000000000003
2012-03-27,25.380000000000003
2012-03-28,24.840000000000003
2012-03-29,25.380000000000003
2012-03-30,54.0
2012-03-31,0.0
2012-04-01,0.0
2012-04-02,0.0
2012-04-03,34.5
2012-04-04,0.0
2012-04-05,0.0
2012-04-06,0.0
2012-04-07,0.0
2012-04-08,31.740000000000002
2012-04-09,0.0
2012-04-10,36.800000000000004
2012-04-11,0.0
2012-04-12,46.0
2012-04-13,23.46
2012-04-14,14.26
2012-04-15,0.0
2012-04-16,23.0
2012-04-17,22.540000000000003
2012-04-18,22.540000000000003
2012-04-19,11.5
2012-04-20,0.0
2012-04-21,0.0
2012-04-22,0.0
2012-04-23,22.540000000000003
2012-04-24,33.58
2012-04-25,33.58
2012-04-26,45.54
2012-04-27,11.5
2012-04-28,14.72
2012-04-29,14.26
2012-04-30,11.040000000000001
2012-05-01,37.63
2012-05-02,29.68
2012-05-03,38.160000000000004
2012-05-04,31.8
2012-05-05,39.22
2012-05-06,19.61
2012-05-07,53.0
2012-05-08,22.26
2012-05-09,30.21
2012-05-10,23.32
2012-05-11,24.380000000000003
2012-05-12,20.14
2012-05-13,41.870000000000005
2012-05-14,38.160000000000004
2012-05-15,37.63
2012-05-16,46.11
2012-05-17,23.85
2012-05-18,32.86
2012-05-19,31.270000000000003
2012-05-20,0.0
2012-05-21,46.11
2012-05-22,30.740000000000002
2012-05-23,15.370000000000001
2012-05-24,31.8
2012-05-25,16.96
2012-05-26,0.0
2012-05-27,0.0
2012-05-28,29.150000000000002
2012-05-29,15.370000000000001
2012-05-30,46.11
2012-05-31,30.740000000000002
2012-06-01,48.51
2012-06-02,15.19
2012-06-03,15.19
2012-06-04,35.769999999999996
2012-06-05,11.76
2012-06-06,48.019999999999996
2012-06-07,24.5
2012-06-08,12.74
2012-06-09,15.68
2012-06-10,15.68
2012-06-11,24.5
2012-06-12,24.009999999999998
2012-06-13,24.009999999999998
2012-06-14,18.62
2012-06-15,38.71
2012-06-16,15.68
2012-06-17,0.0
2012-06-18,24.5
2012-06-19,24.009999999999998
2012-06-20,49.0
2012-06-21,30.87
2012-06-22,12.74
2012-06-23,0.0
2012-06-24,0.0
2012-06-25,24.009999999999998
2012-06-26,24.009999999999998
2012-06-27,48.51
2012-06-28,36.75
2012-06-29,0.0
2012-06-30,15.68
2012-07-01,40.02
2012-07-02,15.64
2012-07-03,31.28
2012-07-04,0.0
2012-07-05,0.0
2012-07-06,24.380000000000003
2012-07-07,18.86
2012-07-08,38.64
2012-07-09,15.180000000000001
2012-07-10,14.72
2012-07-11,23.0
2012-07-12,46.0
2012-07-13,31.740000000000002
2012-07-14,0.0
2012-07-15,19.32
2012-07-16,23.0
2012-07-17,30.360000000000003
2012-07-18,15.180000000000001
2012-07-19,23.0
2012-07-20,31.28
2012-07-21,0.0
2012-07-22,19.78
2012-07-23,22.540000000000003
2012-07-24,45.080000000000005
2012-07-25,0.0
2012-07-26,23.0
2012-07-27,23.46
2012-07-28,18.86
2012-07-29,0.0
2012-07-30,22.540000000000003
2012-07-31,44.160000000000004
2012-08-01,9.88
2012-08-02,0.0
2012-08-03,21.32
2012-08-04,13.0
2012-08-05,0.0
2012-08-06,9.88
2012-08-07,20.28
2012-08-08,30.68
2012-08-09,20.28
2012-08-10,0.0
2012-08-11,12.48
2012-08-12,25.48
2012-08-13,20.28
2012-08-14,0.0
2012-08-15,20.28
2012-08-16,52.0
2012-08-17,32.24
2012-08-18,13.0
2012-08-19,0.0
2012-08-20,0.0
2012-08-21,9.88
2012-08-22,30.68
2012-08-23,0.0
2012-08-24,0.0
2012-08-25,0.0
2012-08-26,0.0
2012-08-27,19.76
2012-08-28,19.76
2012-08-29,9.88
2012-08-30,10.4
2012-08-31,10.4
2012-09-01,12.48
2012-09-02,12.48
2012-09-03,11.52
2012-09-04,48.0
2012-09-05,38.4
2012-09-06,28.799999999999997
2012-09-07,10.08
2012-09-08,0.0
2012-09-09,0.0
2012-09-10,9.6
2012-09-11,0.0
2012-09-12,28.32
2012-09-13,9.6
2012-09-14,39.839999999999996
2012-09-15,24.48
2012-09-16,12.0
2012-09-17,9.6
2012-09-18,27.84
2012-09-19,28.32
2012-09-20,0.0
2012-09-21,29.759999999999998
2012-09-22,12.0
2012-09-23,11.52
2012-09-24,9.6
2012-09-25,28.32
2012-09-26,18.72
2012-09-27,9.6
2012-09-28,10.08
2012-09-29,11.52
2012-09-30,11.52
2012-10-01,16.8
2012-10-02,16.38
2012-10-03,12.18
2012-10-04,21.0
2012-10-05,26.04
2012-10-06,0.0
2012-10-07,10.08
2012-10-08,8.4
2012-10-09,7.9799999999999995
2012-10-10,16.38
2012-10-11,16.8
2012-10-12,25.619999999999997
2012-10-13,10.08
2012-10-14,10.08
2012-10-15,23.939999999999998
2012-10-16,15.959999999999999
2012-10-17,32.339999999999996
2012-10-18,16.38
2012-10-19,16.8
2012-10-20,26.04
2012-10-21,10.08
2012-10-22,12.18
2012-10-23,15.54
2012-10-24,15.959999999999999
2012-10-25,7.9799999999999995
2012-10-26,21.0
2012-10-27,20.16
2012-10-28,9.66
2012-10-29,30.24
2012-10-30,15.959999999999999
2012-10-31,42.0
2012-11-01,7.140000000000001
2012-11-02,13.940000000000001
2012-11-03,0.0
2012-11-04,0.0
2012-11-05,0.0
2012-11-06,12.920000000000002
2012-11-07,12.24
2012-11-08,20.060000000000002
2012-11-09,17.34
2012-11-10,8.16
2012-11-11,8.16
2012-11-12,34.0
2012-11-13,9.860000000000001
2012-11-14,6.800000000000001
2012-11-15,13.600000000000001
2012-11-16,20.740000000000002
2012-11-17,8.16
2012-11-18,8.16
2012-11-19,9.860000000000001
2012-11-20,10.200000000000001
2012-11-21,10.540000000000001
2012-11-22,0.0
2012-11-23,0.0
2012-11-24,0.0
2012-11-25,8.16
2012-11-26,25.16
2012-11-27,9.520000000000001
2012-11-28,6.460000000000001
2012-11-29,6.12
2012-11-30,9.860000000000001
2012-12-01,0.0
2012-12-02,11.48
2012-12-03,9.520000000000001
2012-12-04,9.24
2012-12-05,9.520000000000001
2012-12-06,19.32
2012-12-07,19.6
2012-12-08,11.760000000000002
2012-12-09,11.200000000000001
2012-12-10,9.24
2012-12-11,28.000000000000004
2012-12-12,9.520000000000001
2012-12-13,0.0
2012-12-14,9.8
2012-12-15,0.0
2012-12-16,0.0
2012-12-17,0.0
2012-12-18,19.32
2012-12-19,9.8
2012-12-20,0.0
2012-12-21,0.0
2012-12-22,12.600000000000001
2012-12-23,12.88
2012-12-24,0.0
2012-12-25,0.0
2012-12-26,0.0
2012-12-27,20.720000000000002
2012-12-28,10.64
2012-12-29,11.760000000000002
2012-12-30,0.0
2012-12-31,10.64
2013-01-01,8.28
2013-01-02,6.84
2013-01-03,12.959999999999999
2013-01-04,0.0
2013-01-05,0.0
2013-01-06,0.0
2013-01-07,6.4799999999999995
2013-01-08,19.08
2013-01-09,9.719999999999999
2013-01-10,12.959999999999999
2013-01-11,36.0
2013-01-12,0.0
2013-01-13,7.56
2013-01-14,12.6
2013-01-15,12.6
2013-01-16,6.4799999999999995
2013-01-17,15.84
2013-01-18,6.4799999999999995
2013-01-19,15.479999999999999
2013-01-20,0.0
2013-01-21,23.04
2013-01-22,21.599999999999998
2013-01-23,6.12
2013-01-24,12.6
2013-01-25,15.84
2013-01-26,7.56
2013-01-27,0.0
2013-01-28,18.36
2013-01-29,12.24
2013-01-30,18.36
2013-01-31,6.12
2013-02-01,38.0
2013-02-02,7.6
2013-02-03,7.22
2013-02-04,12.540000000000001
2013-02-05,12.16
2013-02-06,9.120000000000001
2013-02-07,6.08
2013-02-08,19.0
2013-02-09,11.4
2013-02-10,0.0
2013-02-11,9.120000000000001
2013-02-12,18.240000000000002
2013-02-13,6.08
2013-02-14,9.5
2013-02-15,16.34
2013-02-16,7.6
2013-02-17,7.6
2013-02-18,6.46
2013-02-19,9.120000000000001
2013-02-20,21.66
2013-02-21,15.2
2013-02-22,0.0
2013-02-23,0.0
2013-02-24,7.6
2013-02-25,17.86
2013-02-26,17.86
2013-02-27,6.08
2013-02-28,15.58
2013-03-01,22.44
2013-03-02,8.8
2013-03-03,9.24
2013-03-04,7.48
2013-03-05,7.04
2013-03-06,7.04
2013-03-07,7.48
2013-03-08,7.48
2013-03-09,18.04
2013-03-10,9.24
2013-03-11,44.0
2013-03-12,14.52
2013-03-13,0.0
2013-03-14,7.48
2013-03-15,7.92
2013-03-16,0.0
2013-03-17,0.0
2013-03-18,14.52
2013-03-19,21.56
2013-03-20,0.0
2013-03-21,14.96
2013-03-22,7.48
2013-03-23,0.0
2013-03-24,8.8
2013-03-25,0.0
2013-03-26,22.44
2013-03-27,30.36
2013-03-28,15.4
2013-03-29,8.36
2013-03-30,0.0
2013-03-31,9.68
2013-04-01,7.800000000000001
2013-04-02,15.600000000000001
2013-04-03,27.3
2013-04-04,15.600000000000001
2013-04-05,28.86
2013-04-06,39.0
2013-04-07,0.0
2013-04-08,7.800000000000001
2013-04-09,7.800000000000001
2013-04-10,38.22
2013-04-11,23.01
2013-04-12,12.09
2013-04-13,9.75
2013-04-14,0.0
2013-04-15,22.62
2013-04-16,7.800000000000001
2013-04-17,19.5
2013-04-18,19.11
2013-04-19,19.89
2013-04-20,9.75
2013-04-21,14.82
2013-04-22,27.3
2013-04-23,15.21
2013-04-24,15.21
2013-04-25,15.99
2013-04-26,16.38
2013-04-27,14.82
2013-04-28,19.89
2013-04-29,7.800000000000001
2013-04-30,7.800000000000001
2013-05-01,10.08
2013-05-02,16.919999999999998
2013-05-03,20.88
2013-05-04,25.919999999999998
2013-05-05,0.0
2013-05-06,13.68
2013-05-07,6.84
2013-05-08,16.56
2013-05-09,6.84
2013-05-10,14.399999999999999
2013-05-11,8.64
2013-05-12,13.32
2013-05-13,13.68
2013-05-14,0.0
2013-05-15,16.919999999999998
2013-05-16,6.84
2013-05-17,21.599999999999998
2013-05-18,12.959999999999999
2013-05-19,8.28
2013-05-20,27.0
2013-05-21,19.8
2013-05-22,13.68
2013-05-23,0.0
2013-05-24,14.399999999999999
2013-05-25,17.64
2013-05-26,0.0
2013-05-27,0.0
2013-05-28,16.919999999999998
2013-05-29,13.68
2013-05-30,10.44
2013-05-31,36.0
2013-06-01,14.26
2013-06-02,28.060000000000002
2013-06-03,34.04
2013-06-04,11.040000000000001
2013-06-05,34.5
2013-06-06,23.0
2013-06-07,40.480000000000004
2013-06-08,28.98
2013-06-09,0.0
2013-06-10,39.1
2013-06-11,11.040000000000001
2013-06-12,34.04
2013-06-13,17.02
2013-06-14,11.96
2013-06-15,15.180000000000001
2013-06-16,0.0
2013-06-17,11.5
2013-06-18,28.060000000000002
2013-06-19,46.0
2013-06-20,17.48
2013-06-21,11.96
2013-06-22,14.72
2013-06-23,22.080000000000002
2013-06-24,46.0
2013-06-25,45.54
2013-06-26,23.0
2013-06-27,11.5
2013-06-28,17.94
2013-06-29,21.62
2013-06-30,14.72
2013-07-01,0.0
2013-07-02,0.0
2013-07-03,8.4
2013-07-04,10.2
2013-07-05,9.6
2013-07-06,10.2
2013-07-07,20.7
2013-07-08,12.0
2013-07-09,24.3
2013-07-10,8.1
2013-07-11,8.1
2013-07-12,16.8
2013-07-13,30.0
2013-07-14,0.0
2013-07-15,16.2
2013-07-16,15.899999999999999
2013-07-17,8.1
2013-07-18,0.0
2013-07-19,8.4
2013-07-20,30.0
2013-07-21,10.2
2013-07-22,8.1
2013-07-23,12.0
2013-07-24,16.2
2013-07-25,16.5
2013-07-26,8.4
2013-07-27,10.2
2013-07-28,10.2
2013-07-29,16.2
2013-07-30,16.2
2013-07-31,24.3
2013-08-01,14.82
2013-08-02,7.800000000000001
2013-08-03,23.01
2013-08-04,0.0
2013-08-05,14.82
2013-08-06,10.92
2013-08-07,11.31
2013-08-08,7.41
2013-08-09,7.800000000000001
2013-08-10,18.72
2013-08-11,23.79
2013-08-12,14.82
2013-08-13,14.43
2013-08-14,15.21
2013-08-15,15.21
2013-08-16,39.0
2013-08-17,0.0
2013-08-18,0.0
2013-08-19,22.23
2013-08-20,14.82
2013-08-21,15.21
2013-08-22,15.21
2013-08-23,7.800000000000001
2013-08-24,9.36
2013-08-25,8.97
2013-08-26,10.530000000000001
2013-08-27,21.45
2013-08-28,14.43
2013-08-29,14.82
2013-08-30,19.11
2013-08-31,0.0
2013-09-01,10.8
2013-09-02,0.0
2013-09-03,12.6
2013-09-04,25.2
2013-09-05,17.1
2013-09-06,8.55
2013-09-07,20.7
2013-09-08,9.9
2013-09-09,12.6
2013-09-10,16.2
2013-09-11,45.0
2013-09-12,12.6
2013-09-13,17.1
2013-09-14,0.0
2013-09-15,9.9
2013-09-16,24.3
2013-09-17,16.2
2013-09-18,32.85
2013-09-19,16.650000000000002
2013-09-20,8.55
2013-09-21,10.35
2013-09-22,10.35
2013-09-23,17.1
2013-09-24,16.650000000000002
2013-09-25,8.55
2013-09-26,13.05
2013-09-27,27.0
2013-09-28,10.8
2013-09-29,10.35
2013-09-30,29.25
2013-10-01,14.72
2013-10-02,0.0
2013-10-03,23.0
2013-10-04,7.82
2013-10-05,0.0
2013-10-06,0.0
2013-10-07,0.0
2013-10-08,46.0
2013-10-09,7.82
2013-10-10,23.46
2013-10-11,23.92
2013-10-12,9.66
2013-10-13,9.66
2013-10-14,15.180000000000001
2013-10-15,22.540000000000003
2013-10-16,7.82
2013-10-17,0.0
2013-10-18,8.280000000000001
2013-10-19,9.66
2013-10-20,0.0
2013-10-21,15.180000000000001
2013-10-22,22.540000000000003
2013-10-23,15.180000000000001
2013-10-24,15.180000000000001
2013-10-25,16.1
2013-10-26,0.0
2013-10-27,9.200000000000001
2013-10-28,14.72
2013-10-29,37.260000000000005
2013-10-30,7.36
2013-10-31,23.46
2013-11-01,9.99
2013-11-02,11.47
2013-11-03,16.65
2013-11-04,18.13
2013-11-05,0.0
2013-11-06,17.759999999999998
2013-11-07,8.879999999999999
2013-11-08,18.87
2013-11-09,11.47
2013-11-10,0.0
2013-11-11,13.69
2013-11-12,13.32
2013-11-13,22.2
2013-11-14,27.009999999999998
2013-11-15,37.0
2013-11-16,0.0
2013-11-17,10.73
2013-11-18,17.39
2013-11-19,21.83
2013-11-20,35.15
2013-11-21,27.009999999999998
2013-11-22,9.25
2013-11-23,11.1
2013-11-24,10.73
2013-11-25,17.759999999999998
2013-11-26,8.879999999999999
2013-11-27,18.87
2013-11-28,11.47
2013-11-29,10.73
2013-11-30,11.1
2013-12-01,6.959999999999999
2013-12-02,11.309999999999999
2013-12-03,5.8
2013-12-04,5.8
2013-12-05,11.889999999999999
2013-12-06,6.09
2013-12-07,7.249999999999999
2013-12-08,28.999999999999996
2013-12-09,11.889999999999999
2013-12-10,14.79
2013-12-11,8.99
2013-12-12,9.28
2013-12-13,6.38
2013-12-14,7.539999999999999
2013-12-15,7.539999999999999
2013-12-16,0.0
2013-12-17,6.09
2013-12-18,12.469999999999999
2013-12-19,6.38
2013-12-20,13.629999999999999
2013-12-21,7.829999999999999
2013-12-22,16.24
2013-12-23,6.959999999999999
2013-12-24,7.829999999999999
2013-12-25,9.28
2013-12-26,14.79
2013-12-27,0.0
2013-12-28,7.829999999999999
2013-12-29,22.91
2013-12-30,13.049999999999999
2013-12-31,13.629999999999999
2014-01-01,0.0
2014-01-02,14.96
2014-01-03,0.0
2014-01-04,0.0
2014-01-05,11.22
2014-01-06,9.520000000000001
2014-01-07,9.520000000000001
2014-01-08,34.0
2014-01-09,14.620000000000001
2014-01-10,19.720000000000002
2014-01-11,23.12
2014-01-12,11.56
2014-01-13,0.0
2014-01-14,28.220000000000002
2014-01-15,19.040000000000003
2014-01-16,23.8
2014-01-17,9.860000000000001
2014-01-18,11.9
2014-01-19,17.68
2014-01-20,14.96
2014-01-21,13.940000000000001
2014-01-22,23.46
2014-01-23,18.700000000000003
2014-01-24,19.380000000000003
2014-01-25,0.0
2014-01-26,22.78
2014-01-27,22.44
2014-01-28,27.200000000000003
2014-01-29,27.880000000000003
2014-01-30,18.700000000000003
2014-01-31,14.620000000000001
2014-02-01,0.0
2014-02-02,43.0
2014-02-03,9.89
2014-02-04,15.049999999999999
2014-02-05,41.71
2014-02-06,15.049999999999999
2014-02-07,24.94
2014-02-08,18.919999999999998
2014-02-09,12.47
2014-02-10,25.37
2014-02-11,20.21
2014-02-12,20.21
2014-02-13,25.8
2014-02-14,10.75
2014-02-15,0.0
2014-02-16,12.9
2014-02-17,21.5
2014-02-18,20.21
2014-02-19,25.37
2014-02-20,10.32
2014-02-21,31.82
2014-02-22,12.9
2014-02-23,25.37
2014-02-24,9.89
2014-02-25,20.21
2014-02-26,9.89
2014-02-27,15.48
2014-02-28,26.66
2014-03-01,9.520000000000001
2014-03-02,9.520000000000001
2014-03-03,11.22
2014-03-04,15.64
2014-03-05,31.62
2014-03-06,15.98
2014-03-07,16.66
2014-03-08,9.860000000000001
2014-03-09,9.860000000000001
2014-03-10,24.48
2014-03-11,16.32
2014-03-12,15.98
2014-03-13,0.0
2014-03-14,34.0
2014-03-15,20.060000000000002
2014-03-16,9.860000000000001
2014-03-17,24.14
2014-03-18,24.14
2014-03-19,8.16
2014-03-20,12.24
2014-03-21,17.0
2014-03-22,10.200000000000001
2014-03-23,9.860000000000001
2014-03-24,8.16
2014-03-25,7.82
2014-03-26,15.98
2014-03-27,16.32
2014-03-28,8.5
2014-03-29,9.520000000000001
2014-03-30,19.720000000000002
2014-03-31,15.98
2014-04-01,17.0
2014-04-02,25.840000000000003
2014-04-03,8.84
2014-04-04,18.02
2014-04-05,10.88
2014-04-06,0.0
2014-04-07,17.0
2014-04-08,34.0
2014-04-09,21.76
2014-04-10,0.0
2014-04-11,13.940000000000001
2014-04-12,0.0
2014-04-13,0.0
2014-04-14,8.5
2014-04-15,0.0
2014-04-16,8.84
2014-04-17,22.78
2014-04-18,0.0
2014-04-19,11.56
2014-04-20,23.8
2014-04-21,13.600000000000001
2014-04-22,17.34
2014-04-23,22.1
2014-04-24,8.84
2014-04-25,23.12
2014-04-26,11.22
2014-04-27,10.88
2014-04-28,12.920000000000002
2014-04-29,17.0
2014-04-30,25.500000000000004
2014-05-01,9.8
2014-05-02,6.720000000000001
2014-05-03,8.120000000000001
2014-05-04,8.4
2014-05-05,9.8
2014-05-06,12.88
2014-05-07,16.520000000000003
2014-05-08,6.44
2014-05-09,16.8
2014-05-10,8.4
2014-05-11,8.680000000000001
2014-05-12,13.160000000000002
2014-05-13,19.32
2014-05-14,6.720000000000001
2014-05-15,9.8
2014-05-16,13.440000000000001
2014-05-17,8.4
2014-05-18,8.4
2014-05-19,13.160000000000002
2014-05-20,16.8
2014-05-21,10.920000000000002
2014-05-22,15.120000000000001
2014-05-23,15.96
2014-05-24,0.0
2014-05-25,0.0
2014-05-26,28.000000000000004
2014-05-27,0.0
2014-05-28,14.560000000000002
2014-05-29,11.200000000000001
2014-05-30,23.240000000000002
2014-05-31,0.0
2014-06-01,35.89
2014-06-02,9.25
2014-06-03,0.0
2014-06-04,27.38
2014-06-05,9.25
2014-06-06,9.62
2014-06-07,12.209999999999999
2014-06-08,11.84
2014-06-09,9.25
2014-06-10,27.75
2014-06-11,27.38
2014-06-12,0.0
2014-06-13,9.62
2014-06-14,12.209999999999999
2014-06-15,12.58
2014-06-16,23.31
2014-06-17,13.69
2014-06-18,18.5
2014-06-19,18.87
2014-06-20,9.99
2014-06-21,0.0
2014-06-22,11.84
2014-06-23,27.75
2014-06-24,27.75
2014-06-25,37.0
2014-06-26,14.06
2014-06-27,9.62
2014-06-28,0.0
2014-06-29,29.97
2014-06-30,14.06
2014-07-01,6.720000000000001
2014-07-02,0.0
2014-07-03,0.0
2014-07-04,8.680000000000001
2014-07-05,18.76
2014-07-06,8.96
2014-07-07,0.0
2014-07-08,6.720000000000001
2014-07-09,0.0
2014-07-10,27.160000000000004
2014-07-11,7.000000000000001
2014-07-12,8.4
2014-07-13,8.4
2014-07-14,0.0
2014-07-15,0.0
2014-07-16,13.440000000000001
2014-07-17,6.720000000000001
2014-07-18,14.280000000000001
2014-07-19,8.4
2014-07-20,8.680000000000001
2014-07-21,13.440000000000001
2014-07-22,13.160000000000002
2014-07-23,13.72
2014-07-24,0.0
2014-07-25,28.000000000000004
2014-07-26,0.0
2014-07-27,0.0
2014-07-28,6.720000000000001
2014-07-29,0.0
2014-07-30,0.0
2014-07-31,20.44
2014-08-01,14.8
2014-08-02,23.68
2014-08-03,24.05
2014-08-04,23.68
2014-08-05,9.25
2014-08-06,32.93
2014-08-07,21.46
2014-08-08,19.98
2014-08-09,0.0
2014-08-10,0.0
2014-08-11,9.25
2014-08-12,8.879999999999999
2014-08-13,22.94
2014-08-14,9.62
2014-08-15,9.62
2014-08-16,11.84
2014-08-17,11.84
2014-08-18,9.25
2014-08-19,37.0
2014-08-20,18.5
2014-08-21,14.06
2014-08-22,19.24
2014-08-23,11.47
2014-08-24,17.39
2014-08-25,22.94
2014-08-26,8.879999999999999
2014-08-27,18.13
2014-08-28,13.69
2014-08-29,0.0
2014-08-30,0.0
2014-08-31,11.47
2014-09-01,11.22
2014-09-02,18.48
2014-09-03,18.48
2014-09-04,18.810000000000002
2014-09-05,19.470000000000002
2014-09-06,11.55
2014-09-07,17.490000000000002
2014-09-08,13.860000000000001
2014-09-09,27.39
2014-09-10,18.48
2014-09-11,9.24
2014-09-12,24.09
2014-09-13,23.76
2014-09-14,11.88
2014-09-15,9.24
2014-09-16,9.24
2014-09-17,0.0
2014-09-18,33.0
2014-09-19,19.470000000000002
2014-09-20,0.0
2014-09-21,0.0
2014-09-22,9.24
2014-09-23,18.48
2014-09-24,18.810000000000002
2014-09-25,9.57
2014-09-26,20.130000000000003
2014-09-27,18.48
2014-09-28,0.0
2014-09-29,23.43
2014-09-30,13.860000000000001
2014-10-01,17.28
2014-10-02,12.959999999999999
2014-10-03,0.0
2014-10-04,11.16
2014-10-05,11.16
2014-10-06,25.919999999999998
2014-10-07,12.959999999999999
2014-10-08,8.64
2014-10-09,0.0
2014-10-10,13.68
2014-10-11,11.16
2014-10-12,11.16
2014-10-13,8.64
2014-10-14,8.28
2014-10-15,25.56
2014-10-16,17.28
2014-10-17,13.68
2014-10-18,22.32
2014-10-19,22.32
2014-10-20,17.28
2014-10-21,16.919999999999998
2014-10-22,12.6
2014-10-23,8.64
2014-10-24,36.0
2014-10-25,11.16
2014-10-26,11.16
2014-10-27,16.919999999999998
2014-10-28,8.28
2014-10-29,8.28
2014-10-30,21.599999999999998
2014-10-31,18.36
2014-11-01,21.08
2014-11-02,20.15
2014-11-03,11.78
2014-11-04,15.5
2014-11-05,26.66
2014-11-06,30.69
2014-11-07,23.87
2014-11-08,0.0
2014-11-09,24.8
2014-11-10,31.0
2014-11-11,7.75
2014-11-12,7.75
2014-11-13,15.5
2014-11-14,11.78
2014-11-15,19.22
2014-11-16,9.61
2014-11-17,7.4399999999999995
2014-11-18,24.8
2014-11-19,16.12
2014-11-20,15.5
2014-11-21,11.78
2014-11-22,9.92
2014-11-23,0.0
2014-11-24,7.75
2014-11-25,0.0
2014-11-26,8.37
2014-11-27,0.0
2014-11-28,0.0
2014-11-29,9.61
2014-11-30,9.61
2014-12-01,4.0
2014-12-02,7.800000000000001
2014-12-03,4.0
2014-12-04,6.0
2014-12-05,8.4
2014-12-06,5.0
2014-12-07,5.0
2014-12-08,8.0
2014-12-09,20.0
2014-12-10,8.200000000000001
2014-12-11,6.2
2014-12-12,6.6000000000000005
2014-12-13,5.4
2014-12-14,0.0
2014-12-15,4.2
2014-12-16,8.4
2014-12-17,4.4
2014-12-18,13.4
2014-12-19,4.800000000000001
2014-12-20,5.6000000000000005
2014-12-21,5.6000000000000005
2014-12-22,4.800000000000001
2014-12-23,4.800000000000001
2014-12-24,0.0
2014-12-25,6.4
2014-12-26,5.4
2014-12-27,0.0
2014-12-28,0.0
2014-12-29,4.6000000000000005
2014-12-30,4.6000000000000005
2014-12-31,4.800000000000001
2015-01-01,0.0
2015-01-02,26.95
2015-01-03,14.7
2015-01-04,28.349999999999998
2015-01-05,0.0
2015-01-06,24.15
2015-01-07,30.099999999999998
2015-01-08,11.899999999999999
2015-01-09,24.5
2015-01-10,29.749999999999996
2015-01-11,14.7
2015-01-12,35.0
2015-01-13,29.049999999999997
2015-01-14,23.799999999999997
2015-01-15,11.899999999999999
2015-01-16,18.549999999999997
2015-01-17,0.0
2015-01-18,14.7
2015-01-19,12.95
2015-01-20,0.0
2015-01-21,17.5
2015-01-22,11.549999999999999
2015-01-23,24.15
2015-01-24,0.0
2015-01-25,14.7
2015-01-26,17.15
2015-01-27,22.75
2015-01-28,23.099999999999998
2015-01-29,17.5
2015-01-30,11.899999999999999
2015-01-31,14.35
2015-02-01,11.47
2015-02-02,23.31
2015-02-03,27.75
2015-02-04,9.25
2015-02-05,23.31
2015-02-06,19.24
2015-02-07,11.84
2015-02-08,23.31
2015-02-09,22.94
2015-02-10,8.879999999999999
2015-02-11,18.5
2015-02-12,9.25
2015-02-13,14.8
2015-02-14,17.759999999999998
2015-02-15,12.209999999999999
2015-02-16,19.98
2015-02-17,37.0
2015-02-18,9.25
2015-02-19,14.06
2015-02-20,0.0
2015-02-21,0.0
2015-02-22,0.0
2015-02-23,9.25
2015-02-24,27.75
2015-02-25,18.5
2015-02-26,23.31
2015-02-27,14.06
2015-02-28,0.0
2015-03-01,16.72
2015-03-02,13.3
2015-03-03,0.0
2015-03-04,13.3
2015-03-05,0.0
2015-03-06,14.06
2015-03-07,0.0
2015-03-08,26.22
2015-03-09,13.68
2015-03-10,20.14
2015-03-11,13.68
2015-03-12,27.740000000000002
2015-03-13,28.88
2015-03-14,0.0
2015-03-15,17.86
2015-03-16,20.9
2015-03-17,14.06
2015-03-18,0.0
2015-03-19,20.9
2015-03-20,14.06
2015-03-21,17.48
2015-03-22,0.0
2015-03-23,20.52
2015-03-24,20.9
2015-03-25,23.18
2015-03-26,33.44
2015-03-27,0.0
2015-03-28,0.0
2015-03-29,38.0
2015-03-30,28.12
2015-03-31,14.06
2015-04-01,38.0
2015-04-02,9.88
2015-04-03,0.0
2015-04-04,0.0
2015-04-05,12.92
2015-04-06,29.26
2015-04-07,27.740000000000002
2015-04-08,9.5
2015-04-09,9.5
2015-04-10,0.0
2015-04-11,0.0
2015-04-12,12.540000000000001
2015-04-13,18.62
2015-04-14,9.120000000000001
2015-04-15,18.62
2015-04-16,0.0
2015-04-17,14.82
2015-04-18,12.540000000000001
2015-04-19,12.16
2015-04-20,9.120000000000001
2015-04-21,32.68
2015-04-22,9.120000000000001
2015-04-23,28.5
2015-04-24,24.7
2015-04-25,0.0
2015-04-26,12.16
2015-04-27,9.5
2015-04-28,13.68
2015-04-29,9.5
2015-04-30,19.0
2015-05-01,0.0
2015-05-02,10.24
2015-05-03,19.84
2015-05-04,8.0
2015-05-05,7.68
2015-05-06,0.0
2015-05-07,31.36
2015-05-08,8.32
2015-05-09,10.56
2015-05-10,10.56
2015-05-11,8.0
2015-05-12,15.68
2015-05-13,23.68
2015-05-14,16.0
2015-05-15,8.32
2015-05-16,10.56
2015-05-17,20.8
2015-05-18,15.68
2015-05-19,8.0
2015-05-20,15.68
2015-05-21,8.32
2015-05-22,8.64
2015-05-23,10.88
2015-05-24,0.0
2015-05-25,10.24
2015-05-26,32.0
2015-05-27,8.0
2015-05-28,20.16
2015-05-29,8.32
2015-05-30,0.0
2015-05-31,10.56
2015-06-01,15.96
2015-06-02,20.9
2015-06-03,21.66
2015-06-04,11.02
2015-06-05,17.1
2015-06-06,0.0
2015-06-07,28.88
2015-06-08,16.34
2015-06-09,16.34
2015-06-10,22.04
2015-06-11,33.44
2015-06-12,28.88
2015-06-13,0.0
2015-06-14,28.5
2015-06-15,0.0
2015-06-16,26.98
2015-06-17,16.34
2015-06-18,16.34
2015-06-19,11.4
2015-06-20,14.06
2015-06-21,14.44
2015-06-22,16.72
2015-06-23,21.66
2015-06-24,16.34
2015-06-25,22.42
2015-06-26,22.8
2015-06-27,13.68
2015-06-28,14.06
2015-06-29,27.740000000000002
2015-06-30,38.0
2015-07-01,5.0
2015-07-02,15.5
2015-07-03,6.0
2015-07-04,0.0
2015-07-05,7.0
2015-07-06,5.0
2015-07-07,9.5
2015-07-08,5.0
2015-07-09,50.0
2015-07-10,10.5
2015-07-11,0.0
2015-07-12,0.0
2015-07-13,0.0
2015-07-14,10.0
2015-07-15,10.0
2015-07-16,0.0
2015-07-17,5.0
2015-07-18,6.5
2015-07-19,20.5
2015-07-20,5.0
2015-07-21,10.0
2015-07-22,10.0
2015-07-23,10.0
2015-07-24,5.0
2015-07-25,6.0
2015-07-26,0.0
2015-07-27,9.5
2015-07-28,5.0
2015-07-29,20.0
2015-07-30,5.0
2015-07-31,5.0
2015-08-01,13.26
2015-08-02,13.26
2015-08-03,10.71
2015-08-04,15.3
2015-08-05,15.81
2015-08-06,31.62
2015-08-07,10.71
2015-08-08,19.89
2015-08-09,13.26
2015-08-10,26.01
2015-08-11,20.4
2015-08-12,10.2
2015-08-13,10.71
2015-08-14,0.0
2015-08-15,13.26
2015-08-16,13.26
2015-08-17,25.5
2015-08-18,51.0
2015-08-19,20.4
2015-08-20,30.6
2015-08-21,10.71
2015-08-22,39.27
2015-08-23,26.01
2015-08-24,35.19
2015-08-25,39.78
2015-08-26,19.89
2015-08-27,30.09
2015-08-28,41.31
2015-08-29,12.75
2015-08-30,18.87
2015-08-31,19.89
2015-09-01,56.00000000000001
2015-09-02,30.800000000000004
2015-09-03,15.680000000000001
2015-09-04,16.240000000000002
2015-09-05,40.88
2015-09-06,0.0
2015-09-07,12.88
2015-09-08,25.76
2015-09-09,15.120000000000001
2015-09-10,25.200000000000003
2015-09-11,10.64
2015-09-12,12.88
2015-09-13,19.6
2015-09-14,15.120000000000001
2015-09-15,40.32000000000001
2015-09-16,15.120000000000001
2015-09-17,35.28
2015-09-18,15.680000000000001
2015-09-19,26.880000000000003
2015-09-20,12.88
2015-09-21,25.200000000000003
2015-09-22,15.120000000000001
2015-09-23,30.240000000000002
2015-09-24,40.88
2015-09-25,15.680000000000001
2015-09-26,13.440000000000001
2015-09-27,19.6
2015-09-28,14.560000000000002
2015-09-29,14.560000000000002
2015-09-30,24.64
2015-10-01,12.25
2015-10-02,12.74
2015-10-03,16.169999999999998
2015-10-04,10.78
2015-10-05,12.25
2015-10-06,49.0
2015-10-07,20.58
2015-10-08,12.25
2015-10-09,25.48
2015-10-10,10.78
2015-10-11,0.0
2015-10-12,8.33
2015-10-13,16.169999999999998
2015-10-14,24.009999999999998
2015-10-15,12.25
2015-10-16,16.66
2015-10-17,10.78
2015-10-18,0.0
2015-10-19,16.169999999999998
2015-10-20,19.6
2015-10-21,15.68
2015-10-22,24.009999999999998
2015-10-23,28.91
2015-10-24,15.68
2015-10-25,10.29
2015-10-26,11.76
2015-10-27,31.36
2015-10-28,15.68
2015-10-29,0.0
2015-10-30,12.74
2015-10-31,0.0
2015-11-01,21.78
2015-11-02,15.510000000000002
2015-11-03,7.590000000000001
2015-11-04,7.92
2015-11-05,7.92
2015-11-06,16.17
2015-11-07,10.23
2015-11-08,10.23
2015-11-09,15.84
2015-11-10,15.510000000000002
2015-11-11,0.0
2015-11-12,8.25
2015-11-13,16.830000000000002
2015-11-14,10.23
2015-11-15,0.0
2015-11-16,7.92
2015-11-17,7.92
2015-11-18,15.510000000000002
2015-11-19,15.84
2015-11-20,24.75
2015-11-21,10.23
2015-11-22,0.0
2015-11-23,16.17
2015-11-24,33.0
2015-11-25,8.58
2015-11-26,10.56
2015-11-27,19.470000000000002
2015-11-28,0.0
2015-11-29,19.8
2015-11-30,7.590000000000001
2015-12-01,41.28
2015-12-02,35.69
2015-12-03,30.099999999999998
2015-12-04,24.94
2015-12-05,0.0
2015-12-06,31.39
2015-12-07,12.04
2015-12-08,12.04
2015-12-09,30.099999999999998
2015-12-10,43.0
2015-12-11,37.839999999999996
2015-12-12,23.65
2015-12-13,15.48
2015-12-14,30.099999999999998
2015-12-15,24.509999999999998
2015-12-16,25.37
2015-12-17,32.68
2015-12-18,41.28
2015-12-19,16.77
2015-12-20,16.77
2015-12-21,13.76
2015-12-22,13.76
2015-12-23,21.5
2015-12-24,16.34
2015-12-25,0.0
2015-12-26,33.97
2015-12-27,0.0
2015-12-28,14.19
2015-12-29,27.95
2015-12-30,21.07
2015-12-31,29.669999999999998
2016-01-01,0.0
2016-01-02,0.0
2016-01-03,0.0
2016-01-04,22.62
2016-01-05,11.31
2016-01-06,23.01
2016-01-07,11.31
2016-01-08,23.01
2016-01-09,0.0
2016-01-10,0.0
2016-01-11,32.76
2016-01-12,22.23
2016-01-13,22.62
2016-01-14,10.530000000000001
2016-01-15,22.62
2016-01-16,13.26
2016-01-17,12.870000000000001
2016-01-18,23.400000000000002
2016-01-19,10.92
2016-01-20,0.0
2016-01-21,28.080000000000002
2016-01-22,33.93
2016-01-23,0.0
2016-01-24,26.130000000000003
2016-01-25,39.0
2016-01-26,22.23
2016-01-27,28.080000000000002
2016-01-28,16.77
2016-01-29,28.470000000000002
2016-01-30,13.65
2016-01-31,19.89
2016-02-01,21.5
2016-02-02,0.0
2016-02-03,7.31
2016-02-04,7.31
2016-02-05,21.93
2016-02-06,8.6
2016-02-07,16.77
2016-02-08,6.88
2016-02-09,7.31
2016-02-10,0.0
2016-02-11,29.24
2016-02-12,15.049999999999999
2016-02-13,25.8
2016-02-14,17.2
2016-02-15,15.049999999999999
2016-02-16,14.19
2016-02-17,21.93
2016-02-18,21.5
2016-02-19,14.62
2016-02-20,17.63
2016-02-21,8.6
2016-02-22,14.19
2016-02-23,28.38
2016-02-24,43.0
2016-02-25,36.12
2016-02-26,15.049999999999999
2016-02-27,8.6
2016-02-28,9.03
2016-02-29,27.52
2016-03-01,17.94
2016-03-02,18.330000000000002
2016-03-03,9.36
2016-03-04,28.470000000000002
2016-03-05,11.31
2016-03-06,10.92
2016-03-07,9.36
2016-03-08,9.36
2016-03-09,18.72
2016-03-10,37.44
2016-03-11,39.0
2016-03-12,22.62
2016-03-13,10.92
2016-03-14,0.0
2016-03-15,19.11
2016-03-16,18.72
2016-03-17,18.72
2016-03-18,29.64
2016-03-19,11.31
2016-03-20,22.62
2016-03-21,0.0
2016-03-22,28.86
2016-03-23,28.86
2016-03-24,19.5
2016-03-25,0.0
2016-03-26,0.0
2016-03-27,12.09
2016-03-28,9.75
2016-03-29,28.470000000000002
2016-03-30,0.0
2016-03-31,9.75
2016-04-01,18.900000000000002
2016-04-02,22.05
2016-04-03,10.8
2016-04-04,22.5
2016-04-05,27.0
2016-04-06,36.0
2016-04-07,31.95
2016-04-08,18.900000000000002
2016-04-09,10.8
2016-04-10,10.8
2016-04-11,31.5
2016-04-12,18.0
2016-04-13,22.95
2016-04-14,9.0
2016-04-15,23.85
2016-04-16,17.1
2016-04-17,11.25
2016-04-18,0.0
2016-04-19,22.5
2016-04-20,18.0
2016-04-21,44.550000000000004
2016-04-22,28.35
2016-04-23,11.25
2016-04-24,45.0
2016-04-25,27.0
2016-04-26,22.5
2016-04-27,13.5
2016-04-28,13.5
2016-04-29,23.400000000000002
2016-04-30,10.8
2016-05-01,6.6499999999999995
2016-05-02,22.4
2016-05-03,8.399999999999999
2016-05-04,19.599999999999998
2016-05-05,8.399999999999999
2016-05-06,5.949999999999999
2016-05-07,14.0
2016-05-08,7.0
2016-05-09,16.799999999999997
2016-05-10,5.6
2016-05-11,17.15
2016-05-12,5.949999999999999
2016-05-13,5.949999999999999
2016-05-14,7.0
2016-05-15,7.0
2016-05-16,11.549999999999999
2016-05-17,19.95
2016-05-18,8.75
2016-05-19,11.549999999999999
2016-05-20,11.899999999999999
2016-05-21,7.0
2016-05-22,0.0
2016-05-23,5.6
2016-05-24,35.0
2016-05-25,8.75
2016-05-26,14.7
2016-05-27,6.3
2016-05-28,21.349999999999998
2016-05-29,0.0
2016-05-30,0.0
2016-05-31,11.549999999999999
2016-06-01,26.6
2016-06-02,0.0
2016-06-03,18.240000000000002
2016-06-04,10.64
2016-06-05,0.0
2016-06-06,8.74
2016-06-07,8.74
2016-06-08,8.74
2016-06-09,27.36
2016-06-10,38.0
2016-06-11,0.0
2016-06-12,10.64
2016-06-13,9.120000000000001
2016-06-14,26.6
2016-06-15,35.72
2016-06-16,9.120000000000001
2016-06-17,9.120000000000001
2016-06-18,0.0
2016-06-19,11.4
2016-06-20,26.98
2016-06-21,9.120000000000001
2016-06-22,0.0
2016-06-23,27.740000000000002
2016-06-24,9.5
2016-06-25,11.02
2016-06-26,0.0
2016-06-27,17.86
2016-06-28,18.240000000000002
2016-06-29,27.740000000000002
2016-06-30,9.5
2016-07-01,11.84
2016-07-02,8.96
2016-07-03,0.0
2016-07-04,8.96
2016-07-05,12.16
2016-07-06,11.52
2016-07-07,15.36
2016-07-08,19.52
2016-07-09,8.96
2016-07-10,8.96
2016-07-11,11.52
2016-07-12,7.68
2016-07-13,23.68
2016-07-14,7.36
2016-07-15,32.0
2016-07-16,27.2
2016-07-17,27.2
2016-07-18,7.68
2016-07-19,15.040000000000001
2016-07-20,23.36
2016-07-21,27.2
2016-07-22,8.0
2016-07-23,17.92
2016-07-24,0.0
2016-07-25,15.040000000000001
2016-07-26,18.88
2016-07-27,18.88
2016-07-28,11.200000000000001
2016-07-29,0.0
2016-07-30,8.96
2016-07-31,26.560000000000002
2016-08-01,12.58
2016-08-02,25.500000000000004
2016-08-03,6.460000000000001
2016-08-04,12.920000000000002
2016-08-05,0.0
2016-08-06,7.82
2016-08-07,0.0
2016-08-08,13.260000000000002
2016-08-09,26.520000000000003
2016-08-10,6.800000000000001
2016-08-11,13.940000000000001
2016-08-12,6.800000000000001
2016-08-13,0.0
2016-08-14,7.82
2016-08-15,6.800000000000001
2016-08-16,0.0
2016-08-17,34.0
2016-08-18,6.800000000000001
2016-08-19,7.140000000000001
2016-08-20,0.0
2016-08-21,0.0
2016-08-22,0.0
2016-08-23,6.800000000000001
2016-08-24,26.180000000000003
2016-08-25,18.700000000000003
2016-08-26,0.0
2016-08-27,22.1
2016-08-28,0.0
2016-08-29,0.0
2016-08-30,12.24
2016-08-31,12.24
2016-09-01,7.989999999999999
2016-09-02,12.219999999999999
2016-09-03,18.33
2016-09-04,9.399999999999999
2016-09-05,13.16
2016-09-06,15.04
2016-09-07,22.56
2016-09-08,19.27
2016-09-09,15.51
2016-09-10,27.259999999999998
2016-09-11,8.459999999999999
2016-09-12,26.32
2016-09-13,18.799999999999997
2016-09-14,15.04
2016-09-15,34.78
2016-09-16,47.0
2016-09-17,22.56
2016-09-18,13.16
2016-09-19,18.799999999999997
2016-09-20,22.56
2016-09-21,15.04
2016-09-22,38.07
2016-09-23,15.51
2016-09-24,13.629999999999999
2016-09-25,13.16
2016-09-26,15.04
2016-09-27,22.56
2016-09-28,26.79
2016-09-29,11.28
2016-09-30,27.729999999999997
2016-10-01,10.92
2016-10-02,10.5
2016-10-03,18.06
2016-10-04,17.64
2016-10-05,26.88
2016-10-06,13.44
2016-10-07,9.24
2016-10-08,15.959999999999999
2016-10-09,10.5
2016-10-10,31.919999999999998
2016-10-11,27.3
2016-10-12,23.099999999999998
2016-10-13,27.3
2016-10-14,14.28
2016-10-15,22.259999999999998
2016-10-16,15.959999999999999
2016-10-17,8.82
2016-10-18,18.06
2016-10-19,31.5
2016-10-20,22.68
2016-10-21,42.0
2016-10-22,28.14
2016-10-23,10.92
2016-10-24,31.08
2016-10-25,35.28
2016-10-26,30.66
2016-10-27,8.82
2016-10-28,18.48
2016-10-29,0.0
2016-10-30,10.5
2016-10-31,8.82
2016-11-01,5.6000000000000005
2016-11-02,10.8
2016-11-03,5.2
2016-11-04,0.0
2016-11-05,13.200000000000001
2016-11-06,13.200000000000001
2016-11-07,0.0
2016-11-08,5.2
2016-11-09,17.2
2016-11-10,16.400000000000002
2016-11-11,11.600000000000001
2016-11-12,0.0
2016-11-13,0.0
2016-11-14,10.8
2016-11-15,0.0
2016-11-16,0.0
2016-11-17,22.0
2016-11-18,11.200000000000001
2016-11-19,6.4
2016-11-20,6.4
2016-11-21,0.0
2016-11-22,11.200000000000001
2016-11-23,6.0
2016-11-24,12.8
2016-11-25,12.0
2016-11-26,12.4
2016-11-27,0.0
2016-11-28,14.8
2016-11-29,40.0
2016-11-30,20.400000000000002
2016-12-01,24.849999999999998
2016-12-02,12.6
2016-12-03,0.0
2016-12-04,7.0
2016-12-05,14.0
2016-12-06,11.899999999999999
2016-12-07,21.349999999999998
2016-12-08,24.849999999999998
2016-12-09,6.3
2016-12-10,7.35
2016-12-11,14.35
2016-12-12,9.1
2016-12-13,5.949999999999999
2016-12-14,6.3
2016-12-15,25.2
2016-12-16,9.799999999999999
2016-12-17,30.45
2016-12-18,15.049999999999999
2016-12-19,16.099999999999998
2016-12-20,6.6499999999999995
2016-12-21,0.0
2016-12-22,35.0
2016-12-23,10.85
2016-12-24,0.0
2016-12-25,0.0
2016-12-26,7.699999999999999
2016-12-27,10.149999999999999
2016-12-28,17.15
2016-12-29,10.149999999999999
2016-12-30,7.0
2016-12-31,14.7
2017-01-01,7.92
2017-01-02,13.68
2017-01-03,0.0
2017-01-04,6.4799999999999995
2017-01-05,0.0
2017-01-06,32.4
2017-01-07,7.199999999999999
2017-01-08,0.0
2017-01-09,12.24
2017-01-10,6.12
2017-01-11,6.12
2017-01-12,18.72
2017-01-13,12.6
2017-01-14,14.399999999999999
2017-01-15,0.0
2017-01-16,0.0
2017-01-17,12.24
2017-01-18,12.24
2017-01-19,12.24
2017-01-20,6.12
2017-01-21,7.199999999999999
2017-01-22,6.84
2017-01-23,23.4
2017-01-24,18.0
2017-01-25,24.48
2017-01-26,11.879999999999999
2017-01-27,18.72
2017-01-28,14.76
2017-01-29,14.399999999999999
2017-01-30,6.12
2017-01-31,36.0
2017-02-01,50.0
2017-02-02,43.0
2017-02-03,28.5
2017-02-04,14.0
2017-02-05,18.5
2017-02-06,26.5
2017-02-07,35.0
2017-02-08,35.5
2017-02-09,16.0
2017-02-10,41.0
2017-02-11,19.0
2017-02-12,9.5
2017-02-13,26.5
2017-02-14,31.5
2017-02-15,40.0
2017-02-16,15.5
2017-02-17,23.5
2017-02-18,18.5
2017-02-19,19.5
2017-02-20,24.5
2017-02-21,27.0
2017-02-22,27.0
2017-02-23,19.5
2017-02-24,28.0
2017-02-25,28.0
2017-02-26,9.0
2017-02-27,14.5
2017-02-28,26.0
2017-03-01,31.919999999999998
2017-03-02,39.9
2017-03-03,21.419999999999998
2017-03-04,15.12
2017-03-05,10.08
2017-03-06,7.9799999999999995
2017-03-07,19.74
2017-03-08,42.0
2017-03-09,41.16
2017-03-10,34.019999999999996
2017-03-11,0.0
2017-03-12,0.0
2017-03-13,15.54
2017-03-14,25.2
2017-03-15,16.8
2017-03-16,21.419999999999998
2017-03-17,8.82
2017-03-18,15.54
2017-03-19,10.08
2017-03-20,37.8
2017-03-21,25.2
2017-03-22,21.0
2017-03-23,21.419999999999998
2017-03-24,13.02
2017-03-25,25.619999999999997
2017-03-26,20.16
2017-03-27,21.0
2017-03-28,29.4
2017-03-29,17.22
2017-03-30,17.22
2017-03-31,21.84
2017-04-01,0.0
2017-04-02,16.2
2017-04-03,35.550000000000004
2017-04-04,35.550000000000004
2017-04-05,18.0
2017-04-06,27.0
2017-04-07,9.450000000000001
2017-04-08,11.25
2017-04-09,0.0
2017-04-10,22.95
2017-04-11,27.45
2017-04-12,22.95
2017-04-13,23.400000000000002
2017-04-14,15.3
2017-04-15,0.0
2017-04-16,23.400000000000002
2017-04-17,18.45
2017-04-18,13.5
2017-04-19,45.0
2017-04-20,18.0
2017-04-21,13.950000000000001
2017-04-22,16.650000000000002
2017-04-23,11.25
2017-04-24,26.55
2017-04-25,26.55
2017-04-26,36.0
2017-04-27,13.5
2017-04-28,13.950000000000001
2017-04-29,10.8
2017-04-30,10.8
2017-05-01,25.16
2017-05-02,6.12
2017-05-03,0.0
2017-05-04,12.920000000000002
2017-05-05,6.460000000000001
2017-05-06,0.0
2017-05-07,7.82
2017-05-08,6.460000000000001
2017-05-09,0.0
2017-05-10,0.0
2017-05-11,6.800000000000001
2017-05-12,6.800000000000001
2017-05-13,0.0
2017-05-14,8.16
2017-05-15,6.800000000000001
2017-05-16,13.940000000000001
2017-05-17,7.140000000000001
2017-05-18,6.800000000000001
2017-05-19,21.42
2017-05-20,17.0
2017-05-21,0.0
2017-05-22,34.0
2017-05-23,6.800000000000001
2017-05-24,6.800000000000001
2017-05-25,7.140000000000001
2017-05-26,29.580000000000002
2017-05-27,8.84
2017-05-28,17.68
2017-05-29,0.0
2017-05-30,0.0
2017-05-31,26.860000000000003
2017-06-01,7.98
2017-06-02,16.34
2017-06-03,9.5
2017-06-04,0.0
2017-06-05,7.98
2017-06-06,30.02
2017-06-07,0.0
2017-06-08,7.98
2017-06-09,16.34
2017-06-10,9.5
2017-06-11,0.0
2017-06-12,15.58
2017-06-13,15.2
2017-06-14,15.2
2017-06-15,15.96
2017-06-16,16.34
2017-06-17,18.62
2017-06-18,0.0
2017-06-19,23.56
2017-06-20,14.82
2017-06-21,15.2
2017-06-22,22.8
2017-06-23,38.0
2017-06-24,0.0
2017-06-25,9.5
2017-06-26,23.94
2017-06-27,24.7
2017-06-28,25.080000000000002
2017-06-29,8.36
2017-06-30,25.46
2017-07-01,7.77
2017-07-02,12.209999999999999
2017-07-03,7.4
2017-07-04,0.0
2017-07-05,14.06
2017-07-06,13.32
2017-07-07,17.02
2017-07-08,15.17
2017-07-09,7.77
2017-07-10,26.64
2017-07-11,6.66
2017-07-12,16.65
2017-07-13,9.99
2017-07-14,20.35
2017-07-15,11.84
2017-07-16,7.77
2017-07-17,37.0
2017-07-18,26.64
2017-07-19,19.98
2017-07-20,9.99
2017-07-21,7.03
2017-07-22,22.94
2017-07-23,11.47
2017-07-24,13.32
2017-07-25,6.66
2017-07-26,26.64
2017-07-27,16.65
2017-07-28,20.35
2017-07-29,11.47
2017-07-30,11.84
2017-07-31,13.32
2017-08-01,28.080000000000002
2017-08-02,54.0
2017-08-03,52.38
2017-08-04,24.840000000000003
2017-08-05,9.72
2017-08-06,38.88
2017-08-07,42.660000000000004
2017-08-08,23.220000000000002
2017-08-09,11.88
2017-08-10,24.840000000000003
2017-08-11,16.740000000000002
2017-08-12,9.18
2017-08-13,14.580000000000002
2017-08-14,8.100000000000001
2017-08-15,20.520000000000003
2017-08-16,16.200000000000003
2017-08-17,28.62
2017-08-18,16.200000000000003
2017-08-19,9.72
2017-08-20,0.0
2017-08-21,15.120000000000001
2017-08-22,24.3
2017-08-23,24.3
2017-08-24,23.76
2017-08-25,8.100000000000001
2017-08-26,28.080000000000002
2017-08-27,27.0
2017-08-28,19.98
2017-08-29,31.32
2017-08-30,23.76
2017-08-31,11.88
2017-09-01,36.55
2017-09-02,10.32
2017-09-03,0.0
2017-09-04,19.78
2017-09-05,0.0
2017-09-06,0.0
2017-09-07,8.6
2017-09-08,34.83
2017-09-09,20.21
2017-09-10,9.89
2017-09-11,17.2
2017-09-12,25.8
2017-09-13,25.8
2017-09-14,35.26
2017-09-15,17.63
2017-09-16,31.39
2017-09-17,20.64
2017-09-18,43.0
2017-09-19,25.37
2017-09-20,43.0
2017-09-21,8.6
2017-09-22,9.03
2017-09-23,21.07
2017-09-24,0.0
2017-09-25,26.23
2017-09-26,25.8
2017-09-27,8.6
2017-09-28,26.23
2017-09-29,9.03
2017-09-30,10.75
2017-10-01,0.0
2017-10-02,17.55
2017-10-03,44.550000000000004
2017-10-04,27.45
2017-10-05,27.900000000000002
2017-10-06,27.900000000000002
2017-10-07,10.8
2017-10-08,10.8
2017-10-09,27.0
2017-10-10,45.0
2017-10-11,18.0
2017-10-12,36.0
2017-10-13,27.900000000000002
2017-10-14,11.25
2017-10-15,10.8
2017-10-16,27.45
2017-10-17,18.45
2017-10-18,27.0
2017-10-19,9.450000000000001
2017-10-20,38.25
2017-10-21,22.95
2017-10-22,0.0
2017-10-23,45.0
2017-10-24,18.0
2017-10-25,9.0
2017-10-26,9.0
2017-10-27,9.450000000000001
2017-10-28,10.8
2017-10-29,10.8
2017-10-30,44.1
2017-10-31,9.450000000000001
2017-11-01,26.84
2017-11-02,22.0
2017-11-03,15.4
2017-11-04,8.8
2017-11-05,12.76
2017-11-06,11.0
2017-11-07,14.52
2017-11-08,18.48
2017-11-09,22.0
2017-11-10,26.84
2017-11-11,8.8
2017-11-12,8.8
2017-11-13,14.52
2017-11-14,44.0
2017-11-15,29.48
2017-11-16,18.48
2017-11-17,15.4
2017-11-18,8.8
2017-11-19,8.8
2017-11-20,22.88
2017-11-21,19.36
2017-11-22,20.24
2017-11-23,8.8
2017-11-24,8.36
2017-11-25,0.0
2017-11-26,8.36
2017-11-27,14.08
2017-11-28,24.64
2017-11-29,36.08
2017-11-30,11.0
2017-12-01,11.200000000000001
2017-12-02,0.0
2017-12-03,0.0
2017-12-04,16.240000000000002
2017-12-05,13.440000000000001
2017-12-06,16.240000000000002
2017-12-07,10.920000000000002
2017-12-08,8.4
2017-12-09,13.160000000000002
2017-12-10,6.44
2017-12-11,16.240000000000002
2017-12-12,13.440000000000001
2017-12-13,13.72
2017-12-14,16.8
2017-12-15,5.880000000000001
2017-12-16,16.8
2017-12-17,6.720000000000001
2017-12-18,11.48
2017-12-19,22.96
2017-12-20,11.760000000000002
2017-12-21,18.48
2017-12-22,9.520000000000001
2017-12-23,28.000000000000004
2017-12-24,7.280000000000001
2017-12-25,0.0
2017-12-26,6.720000000000001
2017-12-27,6.16
2017-12-28,6.16
2017-12-29,9.24
2017-12-30,10.080000000000002
2017-12-31,6.720000000000001
2018-01-01,20.35
2018-01-02,8.51
2018-01-03,21.09
2018-01-04,21.09
2018-01-05,12.95
2018-01-06,9.62
2018-01-07,9.62
2018-01-08,12.209999999999999
2018-01-09,24.419999999999998
2018-01-10,20.72
2018-01-11,12.58
2018-01-12,16.65
2018-01-13,19.61
2018-01-14,14.43
2018-01-15,12.95
2018-01-16,32.19
2018-01-17,28.49
2018-01-18,20.72
2018-01-19,12.58
2018-01-20,9.99
2018-01-21,9.62
2018-01-22,12.209999999999999
2018-01-23,36.26
2018-01-24,20.35
2018-01-25,37.0
2018-01-26,16.65
2018-01-27,19.61
2018-01-28,24.419999999999998
2018-01-29,27.75
2018-01-30,15.91
2018-01-31,19.98
2018-02-01,28.419999999999998
2018-02-02,29.4
2018-02-03,12.74
2018-02-04,8.33
2018-02-05,24.009999999999998
2018-02-06,49.0
2018-02-07,35.28
2018-02-08,17.64
2018-02-09,18.13
2018-02-10,0.0
2018-02-11,12.25
2018-02-12,24.5
2018-02-13,21.07
2018-02-14,35.769999999999996
2018-02-15,21.56
2018-02-16,25.48
2018-02-17,12.74
2018-02-18,8.33
2018-02-19,11.27
2018-02-20,10.78
2018-02-21,17.64
2018-02-22,14.209999999999999
2018-02-23,7.35
2018-02-24,16.66
2018-02-25,8.33
2018-02-26,21.07
2018-02-27,21.07
2018-02-28,17.64
2018-03-01,24.96
2018-03-02,19.5
2018-03-03,7.800000000000001
2018-03-04,0.0
2018-03-05,12.870000000000001
2018-03-06,38.22
2018-03-07,25.740000000000002
2018-03-08,26.130000000000003
2018-03-09,26.91
2018-03-10,15.600000000000001
2018-03-11,0.0
2018-03-12,6.63
2018-03-13,19.5
2018-03-14,6.63
2018-03-15,0.0
2018-03-16,13.26
2018-03-17,0.0
2018-03-18,0.0
2018-03-19,6.63
2018-03-20,6.24
2018-03-21,39.0
2018-03-22,6.63
2018-03-23,20.28
2018-03-24,15.99
2018-03-25,7.800000000000001
2018-03-26,0.0
2018-03-27,0.0
2018-03-28,20.28
2018-03-29,20.67
2018-03-30,0.0
2018-03-31,0.0
2018-04-01,21.32
2018-04-02,17.63
2018-04-03,41.0
2018-04-04,20.91
2018-04-05,25.83
2018-04-06,26.24
2018-04-07,9.84
2018-04-08,9.84
2018-04-09,8.2
2018-04-10,25.009999999999998
2018-04-11,16.81
2018-04-12,16.81
2018-04-13,17.63
2018-04-14,20.09
2018-04-15,0.0
2018-04-16,28.29
2018-04-17,16.4
2018-04-18,16.81
2018-04-19,25.419999999999998
2018-04-20,8.61
2018-04-21,20.5
2018-04-22,15.17
2018-04-23,20.5
2018-04-24,28.7
2018-04-25,20.5
2018-04-26,29.52
2018-04-27,34.44
2018-04-28,10.25
2018-04-29,10.25
2018-04-30,20.91
2018-05-01,9.92
2018-05-02,13.33
2018-05-03,20.15
2018-05-04,27.59
2018-05-05,16.43
2018-05-06,0.0
2018-05-07,13.33
2018-05-08,16.43
2018-05-09,9.92
2018-05-10,9.92
2018-05-11,17.36
2018-05-12,8.37
2018-05-13,0.0
2018-05-14,10.23
2018-05-15,9.92
2018-05-16,16.74
2018-05-17,13.64
2018-05-18,13.95
2018-05-19,0.0
2018-05-20,16.43
2018-05-21,20.46
2018-05-22,10.23
2018-05-23,24.18
2018-05-24,14.26
2018-05-25,22.01
2018-05-26,8.68
2018-05-27,8.68
2018-05-28,8.06
2018-05-29,20.46
2018-05-30,17.05
2018-05-31,31.0
2018-06-01,7.0
2018-06-02,0.0
2018-06-03,16.799999999999997
2018-06-04,0.0
2018-06-05,10.5
2018-06-06,14.35
2018-06-07,35.0
2018-06-08,14.35
2018-06-09,32.9
2018-06-10,8.399999999999999
2018-06-11,6.6499999999999995
2018-06-12,22.75
2018-06-13,23.099999999999998
2018-06-14,14.0
2018-06-15,14.7
2018-06-16,8.399999999999999
2018-06-17,21.349999999999998
2018-06-18,21.349999999999998
2018-06-19,10.5
2018-06-20,10.85
2018-06-21,21.349999999999998
2018-06-22,15.049999999999999
2018-06-23,8.399999999999999
2018-06-24,0.0
2018-06-25,24.5
2018-06-26,14.35
2018-06-27,17.849999999999998
2018-06-28,10.85
2018-06-29,7.35
2018-06-30,8.399999999999999
2018-07-01,9.24
2018-07-02,11.88
2018-07-03,12.21
2018-07-04,9.24
2018-07-05,8.25
2018-07-06,15.84
2018-07-07,27.39
2018-07-08,0.0
2018-07-09,7.590000000000001
2018-07-10,7.590000000000001
2018-07-11,14.520000000000001
2018-07-12,20.130000000000003
2018-07-13,12.21
2018-07-14,9.24
2018-07-15,9.24
2018-07-16,15.84
2018-07-17,11.88
2018-07-18,28.05
2018-07-19,24.09
2018-07-20,33.0
2018-07-21,18.150000000000002
2018-07-22,9.24
2018-07-23,0.0
2018-07-24,7.590000000000001
2018-07-25,11.55
2018-07-26,23.76
2018-07-27,24.42
2018-07-28,9.24
2018-07-29,0.0
2018-07-30,32.01
2018-07-31,19.470000000000002
2018-08-01,10.08
2018-08-02,19.439999999999998
2018-08-03,6.84
2018-08-04,15.479999999999999
2018-08-05,15.479999999999999
2018-08-06,16.919999999999998
2018-08-07,16.56
2018-08-08,19.8
2018-08-09,13.32
2018-08-10,10.08
2018-08-11,7.56
2018-08-12,11.52
2018-08-13,6.84
2018-08-14,13.32
2018-08-15,13.68
2018-08-16,13.68
2018-08-17,10.08
2018-08-18,0.0
2018-08-19,0.0
2018-08-20,13.68
2018-08-21,9.719999999999999
2018-08-22,19.8
2018-08-23,16.919999999999998
2018-08-24,6.84
2018-08-25,7.92
2018-08-26,7.92
2018-08-27,16.56
2018-08-28,36.0
2018-08-29,19.439999999999998
2018-08-30,19.439999999999998
2018-08-31,10.08
2018-09-01,7.03
2018-09-02,7.4
2018-09-03,0.0
2018-09-04,23.68
2018-09-05,17.39
2018-09-06,11.47
2018-09-07,11.84
2018-09-08,7.03
2018-09-09,6.66
2018-09-10,14.43
2018-09-11,14.43
2018-09-12,0.0
2018-09-13,20.35
2018-09-14,11.84
2018-09-15,7.03
2018-09-16,10.36
2018-09-17,14.43
2018-09-18,22.94
2018-09-19,17.759999999999998
2018-09-20,28.86
2018-09-21,17.759999999999998
2018-09-22,7.03
2018-09-23,17.02
2018-09-24,14.43
2018-09-25,28.86
2018-09-26,17.759999999999998
2018-09-27,11.84
2018-09-28,37.0
2018-09-29,14.43
2018-09-30,14.06
2018-10-01,11.78
2018-10-02,6.08
2018-10-03,20.9
2018-10-04,9.120000000000001
2018-10-05,15.2
2018-10-06,14.44
2018-10-07,7.22
2018-10-08,14.82
2018-10-09,17.86
2018-10-10,15.2
2018-10-11,0.0
2018-10-12,12.540000000000001
2018-10-13,7.22
2018-10-14,7.22
2018-10-15,12.16
2018-10-16,36.1
2018-10-17,18.240000000000002
2018-10-18,21.66
2018-10-19,38.0
2018-10-20,14.44
2018-10-21,0.0
2018-10-22,12.16
2018-10-23,14.82
2018-10-24,28.88
2018-10-25,6.08
2018-10-26,12.540000000000001
2018-10-27,14.44
2018-10-28,7.22
2018-10-29,17.86
2018-10-30,12.16
2018-10-31,0.0
2018-11-01,18.04
2018-11-02,29.11
2018-11-03,0.0
2018-11-04,6.56
2018-11-05,26.24
2018-11-06,11.069999999999999
2018-11-07,15.17
2018-11-08,27.88
2018-11-09,41.0
2018-11-10,13.53
2018-11-11,6.97
2018-11-12,11.479999999999999
2018-11-13,11.479999999999999
2018-11-14,23.369999999999997
2018-11-15,22.959999999999997
2018-11-16,17.63
2018-11-17,0.0
2018-11-18,0.0
2018-11-19,11.889999999999999
2018-11-20,17.63
2018-11-21,6.1499999999999995
2018-11-22,6.97
2018-11-23,0.0
2018-11-24,0.0
2018-11-25,6.56
2018-11-26,21.32
2018-11-27,16.4
2018-11-28,33.62
2018-11-29,28.29
2018-11-30,27.47
2018-12-01,0.0
2018-12-02,19.78
2018-12-03,25.37
2018-12-04,25.37
2018-12-05,17.2
2018-12-06,30.099999999999998
2018-12-07,22.36
2018-12-08,20.64
2018-12-09,9.89
2018-12-10,8.6
2018-12-11,17.2
2018-12-12,21.93
2018-12-13,21.93
2018-12-14,30.099999999999998
2018-12-15,21.07
2018-12-16,10.75
2018-12-17,15.91
2018-12-18,20.64
2018-12-19,26.66
2018-12-20,32.25
2018-12-21,9.459999999999999
2018-12-22,10.75
2018-12-23,11.18
2018-12-24,10.75
2018-12-25,18.49
2018-12-26,25.8
2018-12-27,39.13
2018-12-28,43.0
2018-12-29,0.0
2018-12-30,15.48
2018-12-31,9.89
2019-01-01,14.0
2019-01-02,32.9
2019-01-03,31.499999999999996
2019-01-04,23.799999999999997
2019-01-05,9.1
2019-01-06,9.1
2019-01-07,30.799999999999997
2019-01-08,7.699999999999999
2019-01-09,15.399999999999999
2019-01-10,18.9
2019-01-11,30.799999999999997
2019-01-12,9.1
2019-01-13,0.0
2019-01-14,30.099999999999998
2019-01-15,56.0
2019-01-16,37.8
2019-01-17,37.099999999999994
2019-01-18,15.399999999999999
2019-01-19,9.1
2019-01-20,16.799999999999997
2019-01-21,27.299999999999997
2019-01-22,70.0
2019-01-23,67.89999999999999
2019-01-24,66.5
2019-01-25,23.099999999999998
2019-01-26,27.299999999999997
2019-01-27,13.299999999999999
2019-01-28,25.9
2019-01-29,47.599999999999994
2019-01-30,22.4
2019-01-31,11.2
2019-02-01,11.66
2019-02-02,18.55
2019-02-03,9.01
2019-02-04,18.55
2019-02-05,27.03
2019-02-06,27.03
2019-02-07,26.5
2019-02-08,15.370000000000001
2019-02-09,9.540000000000001
2019-02-10,9.01
2019-02-11,37.63
2019-02-12,22.790000000000003
2019-02-13,38.690000000000005
2019-02-14,27.560000000000002
2019-02-15,53.0
2019-02-16,27.560000000000002
2019-02-17,0.0
2019-02-18,20.14
2019-02-19,34.980000000000004
2019-02-20,27.03
2019-02-21,19.61
2019-02-22,19.61
2019-02-23,27.03
2019-02-24,9.01
2019-02-25,18.55
2019-02-26,19.080000000000002
2019-02-27,45.050000000000004
2019-02-28,27.03
2019-03-01,34.76
2019-03-02,10.12
2019-03-03,20.24
2019-03-04,8.8
2019-03-05,38.72
2019-03-06,20.68
2019-03-07,30.36
2019-03-08,36.08
2019-03-09,21.12
2019-03-10,31.24
2019-03-11,22.0
2019-03-12,13.2
2019-03-13,44.0
2019-03-14,17.6
2019-03-15,22.44
2019-03-16,21.12
2019-03-17,10.56
2019-03-18,26.84
2019-03-19,30.8
2019-03-20,31.68
2019-03-21,26.84
2019-03-22,32.12
2019-03-23,10.56
2019-03-24,9.68
2019-03-25,31.24
2019-03-26,22.44
2019-03-27,27.28
2019-03-28,40.04
2019-03-29,22.88
2019-03-30,10.56
2019-03-31,10.12
2019-04-01,39.839999999999996
2019-04-02,36.0
2019-04-03,17.759999999999998
2019-04-04,44.64
2019-04-05,23.52
2019-04-06,16.32
2019-04-07,27.36
2019-04-08,26.88
2019-04-09,26.88
2019-04-10,22.56
2019-04-11,22.08
2019-04-12,27.84
2019-04-13,22.56
2019-04-14,43.199999999999996
2019-04-15,13.44
2019-04-16,22.56
2019-04-17,41.76
2019-04-18,27.84
2019-04-19,19.68
2019-04-20,11.04
2019-04-21,23.52
2019-04-22,19.2
2019-04-23,13.92
2019-04-24,32.16
2019-04-25,18.24
2019-04-26,22.56
2019-04-27,11.04
2019-04-28,22.08
2019-04-29,17.759999999999998
2019-04-30,48.0
2019-05-01,35.04
2019-05-02,46.559999999999995
2019-05-03,24.0
2019-05-04,28.32
2019-05-05,13.92
2019-05-06,35.04
2019-05-07,11.52
2019-05-08,29.759999999999998
2019-05-09,40.8
2019-05-10,36.96
2019-05-11,29.279999999999998
2019-05-12,14.399999999999999
2019-05-13,48.0
2019-05-14,24.0
2019-05-15,24.0
2019-05-16,30.24
2019-05-17,18.72
2019-05-18,0.0
2019-05-19,36.48
2019-05-20,24.0
2019-05-21,48.0
2019-05-22,24.0
2019-05-23,12.48
2019-05-24,44.64
2019-05-25,15.36
2019-05-26,30.72
2019-05-27,14.399999999999999
2019-05-28,36.0
2019-05-29,41.28
2019-05-30,24.0
2019-05-31,37.44
2019-06-01,26.220000000000002
2019-06-02,12.42
2019-06-03,21.62
2019-06-04,0.0
2019-06-05,21.62
2019-06-06,16.560000000000002
2019-06-07,27.6
2019-06-08,25.76
2019-06-09,25.76
2019-06-10,32.2
2019-06-11,0.0
2019-06-12,34.04
2019-06-13,16.1
2019-06-14,38.18
2019-06-15,25.76
2019-06-16,19.32
2019-06-17,22.080000000000002
2019-06-18,11.040000000000001
2019-06-19,11.040000000000001
2019-06-20,27.6
2019-06-21,11.040000000000001
2019-06-22,26.220000000000002
2019-06-23,0.0
2019-06-24,28.060000000000002
2019-06-25,33.58
2019-06-26,16.560000000000002
2019-06-27,16.560000000000002
2019-06-28,46.0
2019-06-29,32.660000000000004
2019-06-30,19.78
2019-07-01,24.3
2019-07-02,24.3
2019-07-03,19.44
2019-07-04,10.8
2019-07-05,16.200000000000003
2019-07-06,21.6
2019-07-07,21.6
2019-07-08,18.900000000000002
2019-07-09,29.160000000000004
2019-07-10,43.2
2019-07-11,23.76
2019-07-12,29.700000000000003
2019-07-13,11.34
2019-07-14,22.68
2019-07-15,28.62
2019-07-16,42.120000000000005
2019-07-17,28.080000000000002
2019-07-18,34.02
2019-07-19,39.96
2019-07-20,11.34
2019-07-21,0.0
2019-07-22,38.88
2019-07-23,33.480000000000004
2019-07-24,39.96
2019-07-25,24.840000000000003
2019-07-26,19.98
2019-07-27,0.0
2019-07-28,11.34
2019-07-29,24.840000000000003
2019-07-30,54.0
2019-07-31,44.28
2019-08-01,46.0
2019-08-02,11.040000000000001
2019-08-03,16.560000000000002
2019-08-04,8.280000000000001
2019-08-05,7.36
2019-08-06,28.52
2019-08-07,21.62
2019-08-08,14.26
2019-08-09,17.94
2019-08-10,0.0
2019-08-11,16.560000000000002
2019-08-12,21.16
2019-08-13,20.7
2019-08-14,27.14
2019-08-15,28.060000000000002
2019-08-16,21.16
2019-08-17,11.96
2019-08-18,8.280000000000001
2019-08-19,13.8
2019-08-20,27.6
2019-08-21,20.7
2019-08-22,10.58
2019-08-23,20.7
2019-08-24,8.280000000000001
2019-08-25,0.0
2019-08-26,17.02
2019-08-27,23.46
2019-08-28,27.14
2019-08-29,13.34
2019-08-30,13.34
2019-08-31,0.0
2019-09-01,10.29
2019-09-02,9.31
2019-09-03,29.4
2019-09-04,29.4
2019-09-05,41.65
2019-09-06,29.4
2019-09-07,14.7
2019-09-08,9.8
2019-09-09,37.73
2019-09-10,8.33
2019-09-11,29.4
2019-09-12,37.73
2019-09-13,16.66
2019-09-14,20.58
2019-09-15,19.11
2019-09-16,32.83
2019-09-17,49.0
2019-09-18,41.65
2019-09-19,29.4
2019-09-20,8.33
2019-09-21,20.09
2019-09-22,14.7
2019-09-23,16.169999999999998
2019-09-24,42.14
2019-09-25,21.07
2019-09-26,17.15
2019-09-27,21.56
2019-09-28,0.0
2019-09-29,20.09
2019-09-30,29.4
2019-10-01,33.15
2019-10-02,37.230000000000004
2019-10-03,28.05
2019-10-04,38.76
2019-10-05,11.22
2019-10-06,16.830000000000002
2019-10-07,28.560000000000002
2019-10-08,33.15
2019-10-09,19.38
2019-10-10,28.560000000000002
2019-10-11,19.38
2019-10-12,22.95
2019-10-13,0.0
2019-10-14,9.69
2019-10-15,23.46
2019-10-16,33.660000000000004
2019-10-17,19.38
2019-10-18,34.17
2019-10-19,22.44
2019-10-20,0.0
2019-10-21,50.49
2019-10-22,36.21
2019-10-23,32.64
2019-10-24,51.0
2019-10-25,23.97
2019-10-26,29.580000000000002
2019-10-27,16.830000000000002
2019-10-28,18.36
2019-10-29,23.46
2019-10-30,23.46
2019-10-31,9.69
2019-11-01,25.97
2019-11-02,9.8
2019-11-03,9.8
2019-11-04,32.83
2019-11-05,49.0
2019-11-06,40.67
2019-11-07,16.169999999999998
2019-11-08,24.5
2019-11-09,19.11
2019-11-10,0.0
2019-11-11,24.5
2019-11-12,7.84
2019-11-13,40.67
2019-11-14,24.009999999999998
2019-11-15,31.849999999999998
2019-11-16,0.0
2019-11-17,0.0
2019-11-18,24.5
2019-11-19,24.5
2019-11-20,8.33
2019-11-21,16.66
2019-11-22,33.32
2019-11-23,19.11
2019-11-24,19.11
2019-11-25,41.16
2019-11-26,34.3
2019-11-27,8.82
2019-11-28,0.0
2019-11-29,8.82
2019-11-30,0.0
2019-12-01,15.749999999999998
2019-12-02,13.299999999999999
2019-12-03,10.149999999999999
2019-12-04,21.0
2019-12-05,21.0
2019-12-06,28.7
2019-12-07,16.45
2019-12-08,24.15
2019-12-09,14.0
2019-12-10,24.849999999999998
2019-12-11,21.0
2019-12-12,35.0
2019-12-13,14.35
2019-12-14,16.45
2019-12-15,16.45
2019-12-16,14.0
2019-12-17,17.5
2019-12-18,21.349999999999998
2019-12-19,18.2
2019-12-20,11.2
2019-12-21,0.0
2019-12-22,8.75
2019-12-23,7.699999999999999
2019-12-24,16.799999999999997
2019-12-25,0.0
2019-12-26,20.65
2019-12-27,15.749999999999998
2019-12-28,12.6
2019-12-29,12.25
2019-12-30,22.4
2019-12-31,19.95
2020-01-01,8.2
2020-01-02,0.0
2020-01-03,28.29
2020-01-04,0.0
2020-01-05,15.579999999999998
2020-01-06,13.94
2020-01-07,27.88
2020-01-08,0.0
2020-01-09,27.88
2020-01-10,27.47
2020-01-11,7.789999999999999
2020-01-12,0.0
2020-01-13,12.299999999999999
2020-01-14,36.08
2020-01-15,25.83
2020-01-16,0.0
2020-01-17,27.88
2020-01-18,0.0
2020-01-19,7.789999999999999
2020-01-20,14.35
2020-01-21,20.5
2020-01-22,6.97
2020-01-23,27.06
2020-01-24,13.53
2020-01-25,7.789999999999999
2020-01-26,0.0
2020-01-27,18.86
2020-01-28,13.12
2020-01-29,20.09
2020-01-30,41.0
2020-01-31,20.5
2020-02-01,7.989999999999999
2020-02-02,23.5
2020-02-03,6.109999999999999
2020-02-04,47.0
2020-02-05,26.79
2020-02-06,20.209999999999997
2020-02-07,21.15
2020-02-08,0.0
2020-02-09,23.97
2020-02-10,19.74
2020-02-11,19.74
2020-02-12,26.32
2020-02-13,19.74
2020-02-14,7.05
2020-02-15,15.979999999999999
2020-02-16,7.989999999999999
2020-02-17,0.0
2020-02-18,19.27
2020-02-19,6.58
2020-02-20,19.27
2020-02-21,0.0
2020-02-22,23.029999999999998
2020-02-23,15.51
2020-02-24,19.74
2020-02-25,25.849999999999998
2020-02-26,37.599999999999994
2020-02-27,25.38
2020-02-28,39.48
2020-02-29,7.52
2020-03-01,34.0
2020-03-02,52.0
2020-03-03,46.0
2020-03-04,56.0
2020-03-05,24.0
2020-03-06,48.0
2020-03-07,23.0
2020-03-08,22.0
2020-03-09,72.0
2020-03-10,75.0
2020-03-11,47.0
2020-03-12,100.0
2020-03-13,99.0
2020-03-14,56.0
2020-03-15,38.0
2020-03-16,89.0
2020-03-17,88.0
2020-03-18,66.0
2020-03-19,85.0
2020-03-20,51.0
2020-03-21,32.0
2020-03-22,32.0
2020-03-23,39.0
2020-03-24,65.0
2020-03-25,56.0
2020-03-26,24.0
2020-03-27,31.0
2020-03-28,31.0
2020-03-29,21.0
2020-03-30,84.0
2020-03-31,49.0
2020-04-01,48.64
2020-04-02,30.72
2020-04-03,44.800000000000004
2020-04-04,15.36
2020-04-05,20.48
2020-04-06,26.240000000000002
2020-04-07,49.92
2020-04-08,40.32
2020-04-09,49.28
2020-04-10,37.12
2020-04-11,15.36
2020-04-12,20.48
2020-04-13,26.88
2020-04-14,35.2
2020-04-15,46.72
2020-04-16,64.0
2020-04-17,30.080000000000002
2020-04-18,34.56
2020-04-19,10.24
2020-04-20,25.6
2020-04-21,43.52
2020-04-22,43.52
2020-04-23,46.72
2020-04-24,21.12
2020-04-25,14.72
2020-04-26,24.96
2020-04-27,52.480000000000004
2020-04-28,39.04
2020-04-29,21.76
2020-04-30,25.6
