date,UnitedHealth Group
2011-01-01,22.77
2011-01-02,57.269999999999996
2011-01-03,44.16
2011-01-04,14.489999999999998
2011-01-05,49.67999999999999
2011-01-06,28.29
2011-01-07,51.059999999999995
2011-01-08,17.939999999999998
2011-01-09,27.599999999999998
2011-01-10,28.29
2011-01-11,27.599999999999998
2011-01-12,13.799999999999999
2011-01-13,13.799999999999999
2011-01-14,0.0
2011-01-15,17.939999999999998
2011-01-16,17.939999999999998
2011-01-17,28.979999999999997
2011-01-18,27.599999999999998
2011-01-19,34.5
2011-01-20,41.4
2011-01-21,35.19
2011-01-22,17.25
2011-01-23,0.0
2011-01-24,69.0
2011-01-25,20.009999999999998
2011-01-26,33.809999999999995
2011-01-27,48.3
2011-01-28,49.67999999999999
2011-01-29,35.19
2011-01-30,17.25
2011-01-31,51.74999999999999
2011-02-01,29.26
2011-02-02,22.330000000000002
2011-02-03,23.1
2011-02-04,16.17
2011-02-05,19.25
2011-02-06,20.02
2011-02-07,30.8
2011-02-08,30.8
2011-02-09,62.370000000000005
2011-02-10,31.57
2011-02-11,33.11
2011-02-12,40.81
2011-02-13,52.36
2011-02-14,63.14
2011-02-15,62.370000000000005
2011-02-16,77.0
2011-02-17,23.87
2011-02-18,73.92
2011-02-19,20.02
2011-02-20,20.79
2011-02-21,56.980000000000004
2011-02-22,30.8
2011-02-23,53.9
2011-02-24,69.3
2011-02-25,40.04
2011-02-26,0.0
2011-02-27,50.050000000000004
2011-02-28,30.8
2011-03-01,48.0
2011-03-02,34.4
2011-03-03,56.800000000000004
2011-03-04,80.0
2011-03-05,26.400000000000002
2011-03-06,26.400000000000002
2011-03-07,55.2
2011-03-08,34.4
2011-03-09,61.6
2011-03-10,13.600000000000001
2011-03-11,48.800000000000004
2011-03-12,28.8
2011-03-13,29.6
2011-03-14,47.2
2011-03-15,44.0
2011-03-16,20.8
2011-03-17,36.0
2011-03-18,30.400000000000002
2011-03-19,18.400000000000002
2011-03-20,27.200000000000003
2011-03-21,40.800000000000004
2011-03-22,41.6
2011-03-23,33.6
2011-03-24,41.6
2011-03-25,21.6
2011-03-26,36.0
2011-03-27,17.6
2011-03-28,48.0
2011-03-29,55.2
2011-03-30,40.800000000000004
2011-03-31,20.8
2011-04-01,26.46
2011-04-02,34.02
2011-04-03,22.68
2011-04-04,33.480000000000004
2011-04-05,54.0
2011-04-06,34.02
2011-04-07,17.28
2011-04-08,8.64
2011-04-09,11.34
2011-04-10,17.28
2011-04-11,12.420000000000002
2011-04-12,8.100000000000001
2011-04-13,16.740000000000002
2011-04-14,34.56
2011-04-15,22.14
2011-04-16,10.8
2011-04-17,0.0
2011-04-18,21.060000000000002
2011-04-19,8.64
2011-04-20,29.700000000000003
2011-04-21,30.78
2011-04-22,9.18
2011-04-23,0.0
2011-04-24,11.88
2011-04-25,34.02
2011-04-26,16.740000000000002
2011-04-27,8.100000000000001
2011-04-28,12.420000000000002
2011-04-29,17.28
2011-04-30,11.34
2011-05-01,17.39
2011-05-02,0.0
2011-05-03,45.12
2011-05-04,25.849999999999998
2011-05-05,0.0
2011-05-06,14.1
2011-05-07,0.0
2011-05-08,0.0
2011-05-09,19.74
2011-05-10,13.16
2011-05-11,39.949999999999996
2011-05-12,33.37
2011-05-13,41.83
2011-05-14,17.39
2011-05-15,25.849999999999998
2011-05-16,19.74
2011-05-17,19.74
2011-05-18,39.01
2011-05-19,20.209999999999997
2011-05-20,13.629999999999999
2011-05-21,35.72
2011-05-22,17.86
2011-05-23,46.059999999999995
2011-05-24,26.32
2011-05-25,0.0
2011-05-26,40.419999999999995
2011-05-27,14.569999999999999
2011-05-28,18.33
2011-05-29,19.27
2011-05-30,26.32
2011-05-31,47.0
2011-06-01,20.68
2011-06-02,10.34
2011-06-03,10.809999999999999
2011-06-04,14.1
2011-06-05,14.1
2011-06-06,21.15
2011-06-07,31.02
2011-06-08,41.83
2011-06-09,21.15
2011-06-10,27.259999999999998
2011-06-11,41.36
2011-06-12,14.1
2011-06-13,20.68
2011-06-14,15.51
2011-06-15,10.34
2011-06-16,21.15
2011-06-17,22.56
2011-06-18,0.0
2011-06-19,0.0
2011-06-20,20.68
2011-06-21,20.209999999999997
2011-06-22,47.0
2011-06-23,26.32
2011-06-24,27.259999999999998
2011-06-25,14.1
2011-06-26,14.569999999999999
2011-06-27,31.49
2011-06-28,20.68
2011-06-29,20.68
2011-06-30,21.619999999999997
2011-07-01,18.150000000000002
2011-07-02,0.0
2011-07-03,31.900000000000002
2011-07-04,14.850000000000001
2011-07-05,0.0
2011-07-06,27.500000000000004
2011-07-07,22.0
2011-07-08,28.6
2011-07-09,22.0
2011-07-10,29.700000000000003
2011-07-11,16.5
2011-07-12,26.950000000000003
2011-07-13,11.0
2011-07-14,33.550000000000004
2011-07-15,23.1
2011-07-16,0.0
2011-07-17,0.0
2011-07-18,16.5
2011-07-19,26.950000000000003
2011-07-20,32.45
2011-07-21,22.0
2011-07-22,23.1
2011-07-23,20.900000000000002
2011-07-24,14.3
2011-07-25,15.950000000000001
2011-07-26,31.900000000000002
2011-07-27,21.450000000000003
2011-07-28,55.00000000000001
2011-07-29,11.55
2011-07-30,28.6
2011-07-31,14.3
2011-08-01,27.5
2011-08-02,13.5
2011-08-03,17.0
2011-08-04,21.0
2011-08-05,7.0
2011-08-06,17.5
2011-08-07,9.0
2011-08-08,7.0
2011-08-09,10.0
2011-08-10,7.0
2011-08-11,14.0
2011-08-12,14.5
2011-08-13,26.5
2011-08-14,9.0
2011-08-15,10.0
2011-08-16,10.0
2011-08-17,21.0
2011-08-18,24.5
2011-08-19,50.0
2011-08-20,8.5
2011-08-21,0.0
2011-08-22,13.5
2011-08-23,13.0
2011-08-24,20.5
2011-08-25,7.0
2011-08-26,7.0
2011-08-27,17.0
2011-08-28,8.5
2011-08-29,13.5
2011-08-30,23.5
2011-08-31,16.5
2011-09-01,12.100000000000001
2011-09-02,18.700000000000003
2011-09-03,0.0
2011-09-04,15.400000000000002
2011-09-05,13.750000000000002
2011-09-06,23.650000000000002
2011-09-07,23.1
2011-09-08,23.650000000000002
2011-09-09,24.200000000000003
2011-09-10,14.850000000000001
2011-09-11,29.150000000000002
2011-09-12,23.650000000000002
2011-09-13,22.55
2011-09-14,17.05
2011-09-15,23.1
2011-09-16,55.00000000000001
2011-09-17,0.0
2011-09-18,14.3
2011-09-19,34.650000000000006
2011-09-20,39.6
2011-09-21,23.1
2011-09-22,34.650000000000006
2011-09-23,12.100000000000001
2011-09-24,22.0
2011-09-25,14.3
2011-09-26,22.55
2011-09-27,33.550000000000004
2011-09-28,28.6
2011-09-29,23.1
2011-09-30,36.300000000000004
2011-10-01,13.5
2011-10-02,13.05
2011-10-03,36.0
2011-10-04,20.25
2011-10-05,9.9
2011-10-06,10.35
2011-10-07,10.8
2011-10-08,19.8
2011-10-09,0.0
2011-10-10,20.25
2011-10-11,9.450000000000001
2011-10-12,23.85
2011-10-13,14.85
2011-10-14,21.150000000000002
2011-10-15,13.05
2011-10-16,38.7
2011-10-17,20.25
2011-10-18,19.8
2011-10-19,9.9
2011-10-20,20.25
2011-10-21,32.4
2011-10-22,0.0
2011-10-23,25.2
2011-10-24,45.0
2011-10-25,9.9
2011-10-26,19.8
2011-10-27,24.75
2011-10-28,31.5
2011-10-29,25.650000000000002
2011-10-30,0.0
2011-10-31,20.7
2011-11-01,15.049999999999999
2011-11-02,14.19
2011-11-03,21.5
2011-11-04,15.049999999999999
2011-11-05,9.03
2011-11-06,9.03
2011-11-07,14.19
2011-11-08,6.88
2011-11-09,10.32
2011-11-10,14.19
2011-11-11,18.919999999999998
2011-11-12,0.0
2011-11-13,9.03
2011-11-14,17.63
2011-11-15,14.19
2011-11-16,6.88
2011-11-17,43.0
2011-11-18,22.36
2011-11-19,0.0
2011-11-20,8.6
2011-11-21,14.19
2011-11-22,10.75
2011-11-23,7.31
2011-11-24,0.0
2011-11-25,8.6
2011-11-26,9.03
2011-11-27,8.6
2011-11-28,6.88
2011-11-29,16.77
2011-11-30,13.76
2011-12-01,12.540000000000001
2011-12-02,13.200000000000001
2011-12-03,23.43
2011-12-04,7.92
2011-12-05,6.2700000000000005
2011-12-06,12.21
2011-12-07,6.2700000000000005
2011-12-08,6.2700000000000005
2011-12-09,16.5
2011-12-10,0.0
2011-12-11,7.92
2011-12-12,21.78
2011-12-13,12.540000000000001
2011-12-14,12.540000000000001
2011-12-15,6.2700000000000005
2011-12-16,16.5
2011-12-17,7.92
2011-12-18,8.25
2011-12-19,12.870000000000001
2011-12-20,6.6000000000000005
2011-12-21,33.0
2011-12-22,6.930000000000001
2011-12-23,11.22
2011-12-24,0.0
2011-12-25,0.0
2011-12-26,16.17
2011-12-27,17.16
2011-12-28,10.23
2011-12-29,6.930000000000001
2011-12-30,6.930000000000001
2011-12-31,11.88
2012-01-01,9.75
2012-01-02,7.800000000000001
2012-01-03,6.5
2012-01-04,0.0
2012-01-05,20.150000000000002
2012-01-06,13.65
2012-01-07,8.450000000000001
2012-01-08,7.800000000000001
2012-01-09,20.150000000000002
2012-01-10,20.150000000000002
2012-01-11,20.150000000000002
2012-01-12,6.5
2012-01-13,6.5
2012-01-14,0.0
2012-01-15,7.800000000000001
2012-01-16,27.3
2012-01-17,32.5
2012-01-18,52.0
2012-01-19,33.15
2012-01-20,33.15
2012-01-21,7.800000000000001
2012-01-22,7.800000000000001
2012-01-23,31.85
2012-01-24,31.85
2012-01-25,45.5
2012-01-26,65.0
2012-01-27,33.800000000000004
2012-01-28,0.0
2012-01-29,7.800000000000001
2012-01-30,38.35
2012-01-31,13.0
2012-02-01,45.080000000000005
2012-02-02,58.88
2012-02-03,80.96000000000001
2012-02-04,16.560000000000002
2012-02-05,32.2
2012-02-06,92.0
2012-02-07,64.4
2012-02-08,32.2
2012-02-09,91.08
2012-02-10,67.16
2012-02-11,86.48
2012-02-12,14.72
2012-02-13,44.160000000000004
2012-02-14,77.28
2012-02-15,66.24000000000001
2012-02-16,45.080000000000005
2012-02-17,26.68
2012-02-18,15.64
2012-02-19,23.92
2012-02-20,13.8
2012-02-21,51.52
2012-02-22,32.2
2012-02-23,52.440000000000005
2012-02-24,26.68
2012-02-25,47.84
2012-02-26,32.2
2012-02-27,51.52
2012-02-28,82.8
2012-02-29,63.480000000000004
2012-03-01,85.0
2012-03-02,55.25
2012-03-03,17.0
2012-03-04,33.15
2012-03-05,45.9
2012-03-06,73.95
2012-03-07,18.7
2012-03-08,30.599999999999998
2012-03-09,51.0
2012-03-10,22.95
2012-03-11,22.95
2012-03-12,62.05
2012-03-13,31.45
2012-03-14,49.3
2012-03-15,18.7
2012-03-16,51.85
2012-03-17,62.9
2012-03-18,16.15
2012-03-19,37.4
2012-03-20,36.55
2012-03-21,68.0
2012-03-22,44.199999999999996
2012-03-23,32.3
2012-03-24,22.95
2012-03-25,15.299999999999999
2012-03-26,61.199999999999996
2012-03-27,68.0
2012-03-28,43.35
2012-03-29,24.65
2012-03-30,45.9
2012-03-31,14.45
2012-04-01,30.0
2012-04-02,36.6
2012-04-03,60.0
2012-04-04,42.6
2012-04-05,37.199999999999996
2012-04-06,26.4
2012-04-07,47.4
2012-04-08,0.0
2012-04-09,28.799999999999997
2012-04-10,58.199999999999996
2012-04-11,53.4
2012-04-12,30.0
2012-04-13,31.2
2012-04-14,15.0
2012-04-15,30.0
2012-04-16,24.0
2012-04-17,34.8
2012-04-18,29.4
2012-04-19,36.0
2012-04-20,37.8
2012-04-21,30.599999999999998
2012-04-22,22.2
2012-04-23,23.4
2012-04-24,29.4
2012-04-25,47.4
2012-04-26,41.4
2012-04-27,24.599999999999998
2012-04-28,30.0
2012-04-29,0.0
2012-04-30,29.4
2012-05-01,42.120000000000005
2012-05-02,21.060000000000002
2012-05-03,32.400000000000006
2012-05-04,22.14
2012-05-05,13.5
2012-05-06,0.0
2012-05-07,42.660000000000004
2012-05-08,31.32
2012-05-09,10.260000000000002
2012-05-10,10.8
2012-05-11,23.220000000000002
2012-05-12,0.0
2012-05-13,14.580000000000002
2012-05-14,54.0
2012-05-15,42.120000000000005
2012-05-16,21.6
2012-05-17,33.480000000000004
2012-05-18,0.0
2012-05-19,14.580000000000002
2012-05-20,28.62
2012-05-21,32.400000000000006
2012-05-22,32.400000000000006
2012-05-23,21.6
2012-05-24,0.0
2012-05-25,0.0
2012-05-26,29.160000000000004
2012-05-27,15.120000000000001
2012-05-28,27.540000000000003
2012-05-29,21.6
2012-05-30,43.2
2012-05-31,43.74
2012-06-01,33.39
2012-06-02,40.32
2012-06-03,27.09
2012-06-04,37.17
2012-06-05,31.5
2012-06-06,42.21
2012-06-07,49.14
2012-06-08,0.0
2012-06-09,13.86
2012-06-10,0.0
2012-06-11,27.09
2012-06-12,31.5
2012-06-13,0.0
2012-06-14,27.09
2012-06-15,63.0
2012-06-16,13.86
2012-06-17,0.0
2012-06-18,53.55
2012-06-19,42.84
2012-06-20,27.09
2012-06-21,16.38
2012-06-22,22.68
2012-06-23,13.86
2012-06-24,0.0
2012-06-25,32.13
2012-06-26,58.59
2012-06-27,48.51
2012-06-28,54.18
2012-06-29,61.74
2012-06-30,13.86
2012-07-01,14.24
2012-07-02,89.0
2012-07-03,10.68
2012-07-04,14.24
2012-07-05,24.03
2012-07-06,34.71
2012-07-07,54.29
2012-07-08,55.18
2012-07-09,43.61
2012-07-10,53.4
2012-07-11,43.61
2012-07-12,10.68
2012-07-13,34.71
2012-07-14,41.83
2012-07-15,40.94
2012-07-16,75.65
2012-07-17,86.33
2012-07-18,43.61
2012-07-19,32.93
2012-07-20,33.82
2012-07-21,0.0
2012-07-22,84.55
2012-07-23,64.97
2012-07-24,10.68
2012-07-25,53.4
2012-07-26,54.29
2012-07-27,23.14
2012-07-28,0.0
2012-07-29,0.0
2012-07-30,64.97
2012-07-31,74.76
2012-08-01,41.8
2012-08-02,47.5
2012-08-03,38.0
2012-08-04,32.3
2012-08-05,58.9
2012-08-06,41.8
2012-08-07,46.55
2012-08-08,52.25
2012-08-09,46.55
2012-08-10,43.699999999999996
2012-08-11,25.65
2012-08-12,32.3
2012-08-13,67.45
2012-08-14,71.25
2012-08-15,57.0
2012-08-16,95.0
2012-08-17,49.4
2012-08-18,13.299999999999999
2012-08-19,53.199999999999996
2012-08-20,41.8
2012-08-21,25.65
2012-08-22,67.45
2012-08-23,42.75
2012-08-24,38.0
2012-08-25,51.3
2012-08-26,38.0
2012-08-27,56.05
2012-08-28,50.349999999999994
2012-08-29,57.0
2012-08-30,67.45
2012-08-31,76.0
2012-09-01,43.89
2012-09-02,22.330000000000002
2012-09-03,10.01
2012-09-04,76.23
2012-09-05,42.35
2012-09-06,60.83
2012-09-07,17.71
2012-09-08,20.79
2012-09-09,0.0
2012-09-10,42.35
2012-09-11,77.0
2012-09-12,41.58
2012-09-13,42.35
2012-09-14,35.42
2012-09-15,10.780000000000001
2012-09-16,0.0
2012-09-17,50.82
2012-09-18,33.11
2012-09-19,50.82
2012-09-20,34.65
2012-09-21,44.660000000000004
2012-09-22,10.780000000000001
2012-09-23,20.79
2012-09-24,25.41
2012-09-25,33.88
2012-09-26,50.050000000000004
2012-09-27,8.47
2012-09-28,35.42
2012-09-29,21.560000000000002
2012-09-30,10.01
2012-10-01,24.189999999999998
2012-10-02,35.4
2012-10-03,47.79
2012-10-04,41.89
2012-10-05,18.88
2012-10-06,30.09
2012-10-07,14.75
2012-10-08,41.89
2012-10-09,46.61
2012-10-10,47.199999999999996
2012-10-11,47.79
2012-10-12,30.68
2012-10-13,44.839999999999996
2012-10-14,28.91
2012-10-15,34.809999999999995
2012-10-16,34.809999999999995
2012-10-17,34.809999999999995
2012-10-18,47.199999999999996
2012-10-19,24.189999999999998
2012-10-20,22.419999999999998
2012-10-21,59.0
2012-10-22,34.809999999999995
2012-10-23,56.05
2012-10-24,34.22
2012-10-25,17.11
2012-10-26,42.48
2012-10-27,36.58
2012-10-28,14.16
2012-10-29,38.94
2012-10-30,28.32
2012-10-31,30.09
2012-11-01,10.809999999999999
2012-11-02,15.51
2012-11-03,18.33
2012-11-04,12.219999999999999
2012-11-05,39.01
2012-11-06,9.399999999999999
2012-11-07,18.33
2012-11-08,45.589999999999996
2012-11-09,15.51
2012-11-10,12.69
2012-11-11,24.91
2012-11-12,40.419999999999995
2012-11-13,24.439999999999998
2012-11-14,24.91
2012-11-15,30.08
2012-11-16,36.19
2012-11-17,24.91
2012-11-18,12.219999999999999
2012-11-19,24.91
2012-11-20,9.87
2012-11-21,21.15
2012-11-22,12.69
2012-11-23,35.25
2012-11-24,0.0
2012-11-25,11.75
2012-11-26,28.2
2012-11-27,47.0
2012-11-28,38.07
2012-11-29,18.799999999999997
2012-11-30,24.439999999999998
2012-12-01,20.46
2012-12-02,26.66
2012-12-03,27.28
2012-12-04,42.78
2012-12-05,59.519999999999996
2012-12-06,44.64
2012-12-07,22.94
2012-12-08,20.46
2012-12-09,32.86
2012-12-10,32.24
2012-12-11,54.56
2012-12-12,33.48
2012-12-13,44.64
2012-12-14,28.52
2012-12-15,13.64
2012-12-16,27.28
2012-12-17,50.22
2012-12-18,39.06
2012-12-19,11.16
2012-12-20,40.92
2012-12-21,18.6
2012-12-22,29.14
2012-12-23,14.879999999999999
2012-12-24,14.26
2012-12-25,16.12
2012-12-26,32.24
2012-12-27,42.16
2012-12-28,31.0
2012-12-29,40.92
2012-12-30,13.64
2012-12-31,62.0
2013-01-01,57.0
2013-01-02,15.0
2013-01-03,15.0
2013-01-04,75.0
2013-01-05,69.0
2013-01-06,86.0
2013-01-07,87.0
2013-01-08,57.0
2013-01-09,87.0
2013-01-10,29.0
2013-01-11,74.0
2013-01-12,34.0
2013-01-13,84.0
2013-01-14,100.0
2013-01-15,56.0
2013-01-16,85.0
2013-01-17,71.0
2013-01-18,73.0
2013-01-19,52.0
2013-01-20,17.0
2013-01-21,29.0
2013-01-22,56.0
2013-01-23,28.0
2013-01-24,56.0
2013-01-25,29.0
2013-01-26,83.0
2013-01-27,17.0
2013-01-28,55.0
2013-01-29,41.0
2013-01-30,14.0
2013-01-31,69.0
2013-02-01,42.120000000000005
2013-02-02,21.060000000000002
2013-02-03,28.35
2013-02-04,17.82
2013-02-05,34.830000000000005
2013-02-06,29.160000000000004
2013-02-07,59.13
2013-02-08,47.790000000000006
2013-02-09,42.93
2013-02-10,28.35
2013-02-11,45.36
2013-02-12,63.99
2013-02-13,81.0
2013-02-14,24.3
2013-02-15,62.370000000000005
2013-02-16,57.510000000000005
2013-02-17,36.45
2013-02-18,54.27
2013-02-19,74.52000000000001
2013-02-20,52.650000000000006
2013-02-21,58.32000000000001
2013-02-22,36.45
2013-02-23,42.120000000000005
2013-02-24,28.35
2013-02-25,39.690000000000005
2013-02-26,51.03
2013-02-27,73.71000000000001
2013-02-28,52.650000000000006
2013-03-01,30.36
2013-03-02,11.729999999999999
2013-03-03,48.3
2013-03-04,69.0
2013-03-05,43.47
2013-03-06,48.3
2013-03-07,64.86
2013-03-08,35.19
2013-03-09,24.15
2013-03-10,11.729999999999999
2013-03-11,44.16
2013-03-12,39.33
2013-03-13,28.979999999999997
2013-03-14,34.5
2013-03-15,36.57
2013-03-16,60.72
2013-03-17,0.0
2013-03-18,44.16
2013-03-19,48.3
2013-03-20,34.5
2013-03-21,44.849999999999994
2013-03-22,25.529999999999998
2013-03-23,24.15
2013-03-24,17.939999999999998
2013-03-25,34.5
2013-03-26,49.67999999999999
2013-03-27,60.72
2013-03-28,41.4
2013-03-29,27.599999999999998
2013-03-30,31.74
2013-03-31,26.22
2013-04-01,51.68000000000001
2013-04-02,67.32000000000001
2013-04-03,31.28
2013-04-04,68.0
2013-04-05,43.52
2013-04-06,12.920000000000002
2013-04-07,12.920000000000002
2013-04-08,51.00000000000001
2013-04-09,40.800000000000004
2013-04-10,30.6
2013-04-11,61.88
2013-04-12,21.080000000000002
2013-04-13,12.920000000000002
2013-04-14,19.040000000000003
2013-04-15,59.84
2013-04-16,50.32
2013-04-17,51.68000000000001
2013-04-18,20.400000000000002
2013-04-19,26.520000000000003
2013-04-20,0.0
2013-04-21,39.440000000000005
2013-04-22,52.36000000000001
2013-04-23,25.840000000000003
2013-04-24,40.800000000000004
2013-04-25,42.160000000000004
2013-04-26,38.080000000000005
2013-04-27,26.520000000000003
2013-04-28,19.720000000000002
2013-04-29,56.440000000000005
2013-04-30,30.6
2013-05-01,12.54
2013-05-02,30.209999999999997
2013-05-03,22.229999999999997
2013-05-04,10.829999999999998
2013-05-05,16.529999999999998
2013-05-06,34.199999999999996
2013-05-07,8.549999999999999
2013-05-08,34.199999999999996
2013-05-09,34.199999999999996
2013-05-10,13.68
2013-05-11,10.829999999999998
2013-05-12,0.0
2013-05-13,26.22
2013-05-14,47.309999999999995
2013-05-15,17.099999999999998
2013-05-16,17.669999999999998
2013-05-17,31.919999999999998
2013-05-18,22.229999999999997
2013-05-19,21.09
2013-05-20,25.65
2013-05-21,16.529999999999998
2013-05-22,47.879999999999995
2013-05-23,56.99999999999999
2013-05-24,9.12
2013-05-25,22.799999999999997
2013-05-26,0.0
2013-05-27,10.829999999999998
2013-05-28,17.099999999999998
2013-05-29,43.31999999999999
2013-05-30,26.79
2013-05-31,31.919999999999998
2013-06-01,31.11
2013-06-02,0.0
2013-06-03,28.669999999999998
2013-06-04,7.93
2013-06-05,25.009999999999998
2013-06-06,37.21
2013-06-07,33.55
2013-06-08,31.72
2013-06-09,15.86
2013-06-10,24.4
2013-06-11,32.33
2013-06-12,32.94
2013-06-13,16.47
2013-06-14,61.0
2013-06-15,26.84
2013-06-16,21.349999999999998
2013-06-17,29.28
2013-06-18,20.13
2013-06-19,45.75
2013-06-20,20.74
2013-06-21,21.349999999999998
2013-06-22,10.37
2013-06-23,10.37
2013-06-24,28.669999999999998
2013-06-25,16.47
2013-06-26,28.669999999999998
2013-06-27,29.28
2013-06-28,21.349999999999998
2013-06-29,0.0
2013-06-30,10.37
2013-07-01,33.0
2013-07-02,38.940000000000005
2013-07-03,23.1
2013-07-04,0.0
2013-07-05,26.400000000000002
2013-07-06,21.12
2013-07-07,20.46
2013-07-08,54.78
2013-07-09,54.78
2013-07-10,38.940000000000005
2013-07-11,33.660000000000004
2013-07-12,45.54
2013-07-13,13.860000000000001
2013-07-14,26.400000000000002
2013-07-15,21.78
2013-07-16,21.78
2013-07-17,21.78
2013-07-18,61.38
2013-07-19,28.380000000000003
2013-07-20,13.860000000000001
2013-07-21,20.46
2013-07-22,21.78
2013-07-23,64.68
2013-07-24,54.78
2013-07-25,56.1
2013-07-26,23.1
2013-07-27,27.720000000000002
2013-07-28,20.46
2013-07-29,60.06
2013-07-30,33.0
2013-07-31,66.0
2013-08-01,60.75
2013-08-02,68.25
2013-08-03,23.25
2013-08-04,0.0
2013-08-05,42.0
2013-08-06,36.75
2013-08-07,75.0
2013-08-08,37.5
2013-08-09,43.5
2013-08-10,29.25
2013-08-11,18.0
2013-08-12,65.25
2013-08-13,41.25
2013-08-14,57.0
2013-08-15,42.75
2013-08-16,9.75
2013-08-17,35.25
2013-08-18,23.25
2013-08-19,36.75
2013-08-20,27.75
2013-08-21,33.0
2013-08-22,47.25
2013-08-23,24.0
2013-08-24,34.5
2013-08-25,11.25
2013-08-26,58.5
2013-08-27,31.5
2013-08-28,18.0
2013-08-29,55.5
2013-08-30,48.0
2013-08-31,22.5
2013-09-01,12.74
2013-09-02,23.66
2013-09-03,51.870000000000005
2013-09-04,51.870000000000005
2013-09-05,83.72
2013-09-06,59.15
2013-09-07,12.74
2013-09-08,18.2
2013-09-09,67.34
2013-09-10,65.52
2013-09-11,60.97
2013-09-12,82.81
2013-09-13,53.690000000000005
2013-09-14,12.74
2013-09-15,30.94
2013-09-16,91.0
2013-09-17,65.52
2013-09-18,46.410000000000004
2013-09-19,30.94
2013-09-20,27.3
2013-09-21,12.74
2013-09-22,50.050000000000004
2013-09-23,68.25
2013-09-24,62.79
2013-09-25,47.32
2013-09-26,48.230000000000004
2013-09-27,21.84
2013-09-28,20.02
2013-09-29,25.48
2013-09-30,51.870000000000005
2013-10-01,26.970000000000002
2013-10-02,93.0
2013-10-03,27.900000000000002
2013-10-04,28.830000000000002
2013-10-05,47.43
2013-10-06,23.25
2013-10-07,92.07000000000001
2013-10-08,65.10000000000001
2013-10-09,37.2
2013-10-10,56.730000000000004
2013-10-11,68.82000000000001
2013-10-12,12.09
2013-10-13,23.25
2013-10-14,27.900000000000002
2013-10-15,46.5
2013-10-16,66.03
2013-10-17,56.730000000000004
2013-10-18,10.23
2013-10-19,0.0
2013-10-20,23.25
2013-10-21,27.900000000000002
2013-10-22,54.870000000000005
2013-10-23,54.870000000000005
2013-10-24,46.5
2013-10-25,49.29
2013-10-26,12.09
2013-10-27,0.0
2013-10-28,36.27
2013-10-29,45.57
2013-10-30,36.27
2013-10-31,47.43
2013-11-01,37.629999999999995
2013-11-02,26.979999999999997
2013-11-03,41.89
2013-11-04,42.599999999999994
2013-11-05,29.11
2013-11-06,29.11
2013-11-07,59.64
2013-11-08,39.76
2013-11-09,31.95
2013-11-10,26.27
2013-11-11,25.56
2013-11-12,71.0
2013-11-13,42.599999999999994
2013-11-14,51.12
2013-11-15,56.8
2013-11-16,41.89
2013-11-17,25.56
2013-11-18,29.11
2013-11-19,36.92
2013-11-20,41.89
2013-11-21,17.04
2013-11-22,34.79
2013-11-23,26.27
2013-11-24,9.94
2013-11-25,33.37
2013-11-26,63.19
2013-11-27,17.75
2013-11-28,16.33
2013-11-29,9.94
2013-11-30,20.59
2013-12-01,8.16
2013-12-02,48.0
2013-12-03,34.56
2013-12-04,21.599999999999998
2013-12-05,28.799999999999997
2013-12-06,18.24
2013-12-07,8.64
2013-12-08,8.64
2013-12-09,21.119999999999997
2013-12-10,24.96
2013-12-11,22.08
2013-12-12,11.04
2013-12-13,11.52
2013-12-14,9.12
2013-12-15,18.24
2013-12-16,18.72
2013-12-17,29.279999999999998
2013-12-18,29.759999999999998
2013-12-19,31.2
2013-12-20,20.64
2013-12-21,9.6
2013-12-22,19.68
2013-12-23,8.16
2013-12-24,18.72
2013-12-25,22.56
2013-12-26,26.88
2013-12-27,25.439999999999998
2013-12-28,28.32
2013-12-29,27.36
2013-12-30,23.52
2013-12-31,12.48
2014-01-01,36.92
2014-01-02,38.339999999999996
2014-01-03,53.25
2014-01-04,33.37
2014-01-05,11.36
2014-01-06,46.15
2014-01-07,41.18
2014-01-08,56.8
2014-01-09,51.83
2014-01-10,57.51
2014-01-11,11.36
2014-01-12,22.009999999999998
2014-01-13,27.689999999999998
2014-01-14,54.669999999999995
2014-01-15,18.46
2014-01-16,27.689999999999998
2014-01-17,23.43
2014-01-18,17.04
2014-01-19,17.04
2014-01-20,34.08
2014-01-21,40.47
2014-01-22,41.18
2014-01-23,50.41
2014-01-24,32.66
2014-01-25,16.33
2014-01-26,22.009999999999998
2014-01-27,61.059999999999995
2014-01-28,71.0
2014-01-29,49.699999999999996
2014-01-30,68.86999999999999
2014-01-31,46.86
2014-02-01,20.77
2014-02-02,54.27
2014-02-03,38.86
2014-02-04,44.89
2014-02-05,57.620000000000005
2014-02-06,67.0
2014-02-07,34.17
2014-02-08,28.14
2014-02-09,40.870000000000005
2014-02-10,44.89
2014-02-11,44.220000000000006
2014-02-12,28.14
2014-02-13,56.95
2014-02-14,29.48
2014-02-15,35.510000000000005
2014-02-16,56.28
2014-02-17,41.54
2014-02-18,56.28
2014-02-19,39.53
2014-02-20,39.53
2014-02-21,23.450000000000003
2014-02-22,14.07
2014-02-23,42.21
2014-02-24,44.89
2014-02-25,33.5
2014-02-26,55.61000000000001
2014-02-27,28.14
2014-02-28,34.84
2014-03-01,0.0
2014-03-02,34.45
2014-03-03,33.800000000000004
2014-03-04,28.6
2014-03-05,65.0
2014-03-06,28.6
2014-03-07,22.75
2014-03-08,18.2
2014-03-09,26.650000000000002
2014-03-10,37.050000000000004
2014-03-11,37.050000000000004
2014-03-12,7.15
2014-03-13,37.050000000000004
2014-03-14,23.400000000000002
2014-03-15,9.1
2014-03-16,9.1
2014-03-17,22.1
2014-03-18,28.6
2014-03-19,14.950000000000001
2014-03-20,7.15
2014-03-21,0.0
2014-03-22,9.1
2014-03-23,35.75
2014-03-24,29.25
2014-03-25,21.45
2014-03-26,36.4
2014-03-27,29.25
2014-03-28,38.35
2014-03-29,26.650000000000002
2014-03-30,9.1
2014-03-31,29.25
2014-04-01,35.769999999999996
2014-04-02,27.009999999999998
2014-04-03,59.129999999999995
2014-04-04,42.339999999999996
2014-04-05,51.83
2014-04-06,22.63
2014-04-07,22.63
2014-04-08,44.53
2014-04-09,36.5
2014-04-10,60.589999999999996
2014-04-11,24.09
2014-04-12,24.09
2014-04-13,11.68
2014-04-14,27.009999999999998
2014-04-15,21.9
2014-04-16,22.63
2014-04-17,51.83
2014-04-18,10.219999999999999
2014-04-19,0.0
2014-04-20,24.82
2014-04-21,51.83
2014-04-22,73.0
2014-04-23,32.12
2014-04-24,51.1
2014-04-25,33.58
2014-04-26,47.449999999999996
2014-04-27,11.68
2014-04-28,27.009999999999998
2014-04-29,30.66
2014-04-30,40.15
2014-05-01,26.549999999999997
2014-05-02,28.32
2014-05-03,23.009999999999998
2014-05-04,23.009999999999998
2014-05-05,40.71
2014-05-06,22.419999999999998
2014-05-07,35.989999999999995
2014-05-08,27.139999999999997
2014-05-09,23.599999999999998
2014-05-10,23.009999999999998
2014-05-11,17.7
2014-05-12,45.43
2014-05-13,53.099999999999994
2014-05-14,23.009999999999998
2014-05-15,36.58
2014-05-16,28.32
2014-05-17,0.0
2014-05-18,35.4
2014-05-19,36.58
2014-05-20,23.009999999999998
2014-05-21,25.369999999999997
2014-05-22,25.959999999999997
2014-05-23,16.52
2014-05-24,14.16
2014-05-25,14.16
2014-05-26,38.94
2014-05-27,40.71
2014-05-28,30.09
2014-05-29,25.959999999999997
2014-05-30,59.0
2014-05-31,12.979999999999999
2014-06-01,18.2
2014-06-02,32.5
2014-06-03,54.6
2014-06-04,46.15
2014-06-05,14.3
2014-06-06,9.75
2014-06-07,24.05
2014-06-08,18.2
2014-06-09,41.6
2014-06-10,37.7
2014-06-11,65.0
2014-06-12,33.15
2014-06-13,44.2
2014-06-14,18.2
2014-06-15,25.35
2014-06-16,24.05
2014-06-17,32.5
2014-06-18,28.6
2014-06-19,33.800000000000004
2014-06-20,35.1
2014-06-21,12.35
2014-06-22,30.55
2014-06-23,23.400000000000002
2014-06-24,46.800000000000004
2014-06-25,18.85
2014-06-26,33.15
2014-06-27,14.950000000000001
2014-06-28,18.2
2014-06-29,36.4
2014-06-30,33.800000000000004
2014-07-01,45.0
2014-07-02,45.9
2014-07-03,47.7
2014-07-04,0.0
2014-07-05,16.2
2014-07-06,29.7
2014-07-07,56.7
2014-07-08,0.0
2014-07-09,67.5
2014-07-10,22.5
2014-07-11,46.800000000000004
2014-07-12,13.5
2014-07-13,27.900000000000002
2014-07-14,66.60000000000001
2014-07-15,33.300000000000004
2014-07-16,90.0
2014-07-17,56.7
2014-07-18,47.7
2014-07-19,0.0
2014-07-20,28.8
2014-07-21,22.5
2014-07-22,22.5
2014-07-23,45.0
2014-07-24,79.2
2014-07-25,46.800000000000004
2014-07-26,14.4
2014-07-27,27.900000000000002
2014-07-28,78.3
2014-07-29,32.4
2014-07-30,55.800000000000004
2014-07-31,69.3
2014-08-01,46.9
2014-08-02,16.799999999999997
2014-08-03,22.4
2014-08-04,53.9
2014-08-05,49.0
2014-08-06,27.299999999999997
2014-08-07,27.299999999999997
2014-08-08,33.599999999999994
2014-08-09,28.0
2014-08-10,11.2
2014-08-11,44.099999999999994
2014-08-12,38.5
2014-08-13,70.0
2014-08-14,27.299999999999997
2014-08-15,46.199999999999996
2014-08-16,16.799999999999997
2014-08-17,16.799999999999997
2014-08-18,31.499999999999996
2014-08-19,39.199999999999996
2014-08-20,44.099999999999994
2014-08-21,35.699999999999996
2014-08-22,27.299999999999997
2014-08-23,11.2
2014-08-24,11.2
2014-08-25,39.199999999999996
2014-08-26,21.7
2014-08-27,52.5
2014-08-28,44.099999999999994
2014-08-29,27.299999999999997
2014-08-30,10.5
2014-08-31,22.4
2014-09-01,36.19
2014-09-02,50.82
2014-09-03,34.65
2014-09-04,35.42
2014-09-05,36.19
2014-09-06,37.730000000000004
2014-09-07,30.8
2014-09-08,35.42
2014-09-09,58.52
2014-09-10,59.29
2014-09-11,40.04
2014-09-12,36.19
2014-09-13,25.41
2014-09-14,25.41
2014-09-15,69.3
2014-09-16,54.67
2014-09-17,44.660000000000004
2014-09-18,70.84
2014-09-19,20.79
2014-09-20,13.09
2014-09-21,18.48
2014-09-22,44.660000000000004
2014-09-23,34.65
2014-09-24,60.83
2014-09-25,50.82
2014-09-26,26.95
2014-09-27,39.27
2014-09-28,77.0
2014-09-29,50.050000000000004
2014-09-30,44.660000000000004
2014-10-01,44.279999999999994
2014-10-02,55.76
2014-10-03,46.739999999999995
2014-10-04,28.7
2014-10-05,28.7
2014-10-06,61.49999999999999
2014-10-07,44.279999999999994
2014-10-08,55.76
2014-10-09,72.97999999999999
2014-10-10,58.22
2014-10-11,43.46
2014-10-12,50.019999999999996
2014-10-13,39.36
2014-10-14,32.8
2014-10-15,60.68
2014-10-16,50.019999999999996
2014-10-17,46.739999999999995
2014-10-18,0.0
2014-10-19,57.4
2014-10-20,45.099999999999994
2014-10-21,82.0
2014-10-22,54.94
2014-10-23,50.019999999999996
2014-10-24,29.52
2014-10-25,28.7
2014-10-26,13.94
2014-10-27,65.6
2014-10-28,59.86
2014-10-29,16.4
2014-10-30,55.76
2014-10-31,36.08
2014-11-01,22.2
2014-11-02,42.92
2014-11-03,25.16
2014-11-04,74.0
2014-11-05,48.1
2014-11-06,40.7
2014-11-07,8.879999999999999
2014-11-08,62.9
2014-11-09,10.36
2014-11-10,33.3
2014-11-11,49.58
2014-11-12,65.86
2014-11-13,74.0
2014-11-14,42.18
2014-11-15,0.0
2014-11-16,10.36
2014-11-17,64.38
2014-11-18,44.4
2014-11-19,34.78
2014-11-20,24.419999999999998
2014-11-21,34.04
2014-11-22,20.72
2014-11-23,0.0
2014-11-24,16.28
2014-11-25,66.6
2014-11-26,44.4
2014-11-27,31.82
2014-11-28,9.62
2014-11-29,10.36
2014-11-30,0.0
2014-12-01,44.4
2014-12-02,74.0
2014-12-03,45.88
2014-12-04,30.34
2014-12-05,63.64
2014-12-06,25.16
2014-12-07,31.82
2014-12-08,10.36
2014-12-09,40.7
2014-12-10,67.34
2014-12-11,57.72
2014-12-12,49.58
2014-12-13,40.7
2014-12-14,27.38
2014-12-15,37.74
2014-12-16,64.38
2014-12-17,49.58
2014-12-18,62.16
2014-12-19,41.44
2014-12-20,14.06
2014-12-21,36.26
2014-12-22,35.519999999999996
2014-12-23,60.68
2014-12-24,34.04
2014-12-25,15.54
2014-12-26,20.72
2014-12-27,42.18
2014-12-28,27.38
2014-12-29,41.44
2014-12-30,35.519999999999996
2014-12-31,37.0
2015-01-01,27.75
2015-01-02,34.5
2015-01-03,25.5
2015-01-04,49.5
2015-01-05,52.5
2015-01-06,46.5
2015-01-07,46.5
2015-01-08,62.25
2015-01-09,58.5
2015-01-10,38.25
2015-01-11,24.75
2015-01-12,50.25
2015-01-13,70.5
2015-01-14,51.0
2015-01-15,40.5
2015-01-16,48.0
2015-01-17,45.0
2015-01-18,25.5
2015-01-19,60.75
2015-01-20,66.0
2015-01-21,70.5
2015-01-22,20.25
2015-01-23,36.75
2015-01-24,12.75
2015-01-25,37.5
2015-01-26,24.75
2015-01-27,19.5
2015-01-28,75.0
2015-01-29,60.0
2015-01-30,25.5
2015-01-31,12.0
2015-02-01,8.5
2015-02-02,62.9
2015-02-03,34.85
2015-02-04,28.05
2015-02-05,6.8
2015-02-06,51.0
2015-02-07,17.849999999999998
2015-02-08,8.5
2015-02-09,20.4
2015-02-10,27.2
2015-02-11,34.85
2015-02-12,34.85
2015-02-13,14.45
2015-02-14,17.849999999999998
2015-02-15,9.35
2015-02-16,22.95
2015-02-17,13.6
2015-02-18,85.0
2015-02-19,28.05
2015-02-20,28.9
2015-02-21,8.5
2015-02-22,8.5
2015-02-23,27.2
2015-02-24,62.05
2015-02-25,28.05
2015-02-26,14.45
2015-02-27,28.05
2015-02-28,25.5
2015-03-01,28.52
2015-03-02,46.92
2015-03-03,29.44
2015-03-04,57.96
2015-03-05,59.800000000000004
2015-03-06,24.84
2015-03-07,30.360000000000003
2015-03-08,30.360000000000003
2015-03-09,47.84
2015-03-10,81.88000000000001
2015-03-11,41.4
2015-03-12,60.720000000000006
2015-03-13,56.120000000000005
2015-03-14,23.0
2015-03-15,30.360000000000003
2015-03-16,48.760000000000005
2015-03-17,36.800000000000004
2015-03-18,48.760000000000005
2015-03-19,36.800000000000004
2015-03-20,48.760000000000005
2015-03-21,23.0
2015-03-22,15.64
2015-03-23,35.88
2015-03-24,60.720000000000006
2015-03-25,81.88000000000001
2015-03-26,72.68
2015-03-27,76.36
2015-03-28,16.560000000000002
2015-03-29,16.560000000000002
2015-03-30,92.0
2015-03-31,80.04
2015-04-01,40.92
2015-04-02,76.26
2015-04-03,44.64
2015-04-04,34.410000000000004
2015-04-05,36.27
2015-04-06,76.26
2015-04-07,46.5
2015-04-08,93.0
2015-04-09,20.46
2015-04-10,48.36
2015-04-11,17.67
2015-04-12,17.67
2015-04-13,66.03
2015-04-14,77.19
2015-04-15,71.61
2015-04-16,26.970000000000002
2015-04-17,27.900000000000002
2015-04-18,43.71
2015-04-19,26.040000000000003
2015-04-20,52.080000000000005
2015-04-21,79.98
2015-04-22,39.99
2015-04-23,26.970000000000002
2015-04-24,63.24
2015-04-25,26.040000000000003
2015-04-26,34.410000000000004
2015-04-27,46.5
2015-04-28,45.57
2015-04-29,87.42
2015-04-30,53.940000000000005
2015-05-01,65.12
2015-05-02,52.8
2015-05-03,44.0
2015-05-04,58.08
2015-05-05,62.48
2015-05-06,79.2
2015-05-07,75.68
2015-05-08,55.44
2015-05-09,23.76
2015-05-10,22.88
2015-05-11,29.04
2015-05-12,57.2
2015-05-13,69.52
2015-05-14,47.52
2015-05-15,24.64
2015-05-16,30.8
2015-05-17,15.84
2015-05-18,69.52
2015-05-19,88.0
2015-05-20,81.84
2015-05-21,54.56
2015-05-22,44.88
2015-05-23,0.0
2015-05-24,0.0
2015-05-25,37.84
2015-05-26,35.2
2015-05-27,35.2
2015-05-28,42.24
2015-05-29,56.32
2015-05-30,23.76
2015-05-31,46.64
2015-06-01,92.0
2015-06-02,36.800000000000004
2015-06-03,46.92
2015-06-04,52.440000000000005
2015-06-05,24.84
2015-06-06,24.84
2015-06-07,18.400000000000002
2015-06-08,46.92
2015-06-09,42.32
2015-06-10,43.24
2015-06-11,68.08
2015-06-12,40.480000000000004
2015-06-13,0.0
2015-06-14,31.28
2015-06-15,19.32
2015-06-16,57.04
2015-06-17,61.64
2015-06-18,33.120000000000005
2015-06-19,70.84
2015-06-20,11.96
2015-06-21,31.28
2015-06-22,34.04
2015-06-23,46.92
2015-06-24,57.04
2015-06-25,68.08
2015-06-26,34.96
2015-06-27,23.92
2015-06-28,18.400000000000002
2015-06-29,47.84
2015-06-30,52.440000000000005
2015-07-01,30.4
2015-07-02,50.349999999999994
2015-07-03,29.45
2015-07-04,24.7
2015-07-05,25.65
2015-07-06,78.85
2015-07-07,77.89999999999999
2015-07-08,77.89999999999999
2015-07-09,42.75
2015-07-10,82.64999999999999
2015-07-11,46.55
2015-07-12,15.2
2015-07-13,59.849999999999994
2015-07-14,95.0
2015-07-15,71.25
2015-07-16,42.75
2015-07-17,82.64999999999999
2015-07-18,16.15
2015-07-19,16.15
2015-07-20,12.35
2015-07-21,72.2
2015-07-22,90.25
2015-07-23,67.45
2015-07-24,50.349999999999994
2015-07-25,30.4
2015-07-26,46.55
2015-07-27,82.64999999999999
2015-07-28,77.89999999999999
2015-07-29,48.449999999999996
2015-07-30,42.75
2015-07-31,50.349999999999994
2015-08-01,30.099999999999998
2015-08-02,15.48
2015-08-03,60.199999999999996
2015-08-04,53.32
2015-08-05,42.14
2015-08-06,60.199999999999996
2015-08-07,55.9
2015-08-08,23.22
2015-08-09,38.7
2015-08-10,30.099999999999998
2015-08-11,65.36
2015-08-12,65.36
2015-08-13,60.199999999999996
2015-08-14,55.9
2015-08-15,30.099999999999998
2015-08-16,30.099999999999998
2015-08-17,47.3
2015-08-18,81.7
2015-08-19,81.7
2015-08-20,70.52
2015-08-21,18.06
2015-08-22,14.62
2015-08-23,29.24
2015-08-24,86.0
2015-08-25,68.8
2015-08-26,85.14
2015-08-27,68.8
2015-08-28,29.24
2015-08-29,22.36
2015-08-30,29.24
2015-08-31,55.9
2015-09-01,96.0
2015-09-02,36.48
2015-09-03,73.92
2015-09-04,64.32
2015-09-05,31.68
2015-09-06,16.32
2015-09-07,15.36
2015-09-08,48.96
2015-09-09,94.08
2015-09-10,41.28
2015-09-11,36.48
2015-09-12,23.04
2015-09-13,23.04
2015-09-14,72.0
2015-09-15,89.28
2015-09-16,88.32
2015-09-17,77.75999999999999
2015-09-18,68.16
2015-09-19,47.04
2015-09-20,92.16
2015-09-21,47.04
2015-09-22,71.03999999999999
2015-09-23,82.56
2015-09-24,60.48
2015-09-25,43.199999999999996
2015-09-26,23.04
2015-09-27,38.4
2015-09-28,46.08
2015-09-29,57.599999999999994
2015-09-30,46.08
2015-10-01,58.0
2015-10-02,55.0
2015-10-03,21.0
2015-10-04,28.0
2015-10-05,75.0
2015-10-06,90.0
2015-10-07,75.0
2015-10-08,75.0
2015-10-09,44.0
2015-10-10,28.0
2015-10-11,14.0
2015-10-12,77.0
2015-10-13,73.0
2015-10-14,63.0
2015-10-15,58.0
2015-10-16,33.0
2015-10-17,42.0
2015-10-18,21.0
2015-10-19,52.0
2015-10-20,26.0
2015-10-21,73.0
2015-10-22,100.0
2015-10-23,49.0
2015-10-24,14.0
2015-10-25,20.0
2015-10-26,36.0
2015-10-27,31.0
2015-10-28,56.0
2015-10-29,47.0
2015-10-30,61.0
2015-10-31,34.0
2015-11-01,63.0
2015-11-02,50.0
2015-11-03,100.0
2015-11-04,65.0
2015-11-05,31.0
2015-11-06,21.0
2015-11-07,26.0
2015-11-08,26.0
2015-11-09,41.0
2015-11-10,30.0
2015-11-11,75.0
2015-11-12,37.0
2015-11-13,54.0
2015-11-14,27.0
2015-11-15,20.0
2015-11-16,61.0
2015-11-17,65.0
2015-11-18,36.0
2015-11-19,77.0
2015-11-20,79.0
2015-11-21,66.0
2015-11-22,32.0
2015-11-23,47.0
2015-11-24,32.0
2015-11-25,51.0
2015-11-26,34.0
2015-11-27,25.0
2015-11-28,13.0
2015-11-29,26.0
2015-11-30,39.0
2015-12-01,82.0
2015-12-02,64.78
2015-12-03,46.739999999999995
2015-12-04,18.86
2015-12-05,12.299999999999999
2015-12-06,0.0
2015-12-07,27.88
2015-12-08,74.61999999999999
2015-12-09,18.04
2015-12-10,47.559999999999995
2015-12-11,38.54
2015-12-12,0.0
2015-12-13,0.0
2015-12-14,9.02
2015-12-15,37.72
2015-12-16,68.88
2015-12-17,79.53999999999999
2015-12-18,10.66
2015-12-19,13.12
2015-12-20,26.24
2015-12-21,52.48
2015-12-22,42.64
2015-12-23,44.279999999999994
2015-12-24,37.72
2015-12-25,14.76
2015-12-26,53.3
2015-12-27,12.299999999999999
2015-12-28,43.46
2015-12-29,21.32
2015-12-30,22.139999999999997
2015-12-31,11.479999999999999
2016-01-01,16.38
2016-01-02,19.11
2016-01-03,32.76
2016-01-04,91.0
2016-01-05,50.96
2016-01-06,48.230000000000004
2016-01-07,50.96
2016-01-08,43.68
2016-01-09,9.1
2016-01-10,17.29
2016-01-11,49.14
2016-01-12,46.410000000000004
2016-01-13,54.6
2016-01-14,29.12
2016-01-15,31.85
2016-01-16,18.2
2016-01-17,18.2
2016-01-18,16.38
2016-01-19,65.52
2016-01-20,46.410000000000004
2016-01-21,50.96
2016-01-22,74.62
2016-01-23,31.85
2016-01-24,40.95
2016-01-25,58.24
2016-01-26,38.22
2016-01-27,54.6
2016-01-28,50.96
2016-01-29,40.04
2016-01-30,32.76
2016-01-31,18.2
2016-02-01,48.0
2016-02-02,39.75
2016-02-03,33.0
2016-02-04,75.0
2016-02-05,45.0
2016-02-06,22.5
2016-02-07,26.25
2016-02-08,46.5
2016-02-09,58.5
2016-02-10,25.5
2016-02-11,55.5
2016-02-12,34.5
2016-02-13,21.75
2016-02-14,35.25
2016-02-15,22.5
2016-02-16,42.75
2016-02-17,48.0
2016-02-18,39.75
2016-02-19,41.25
2016-02-20,18.0
2016-02-21,26.25
2016-02-22,43.5
2016-02-23,36.0
2016-02-24,18.0
2016-02-25,25.5
2016-02-26,26.25
2016-02-27,9.0
2016-02-28,9.0
2016-02-29,14.25
2016-03-01,38.5
2016-03-02,31.57
2016-03-03,29.26
2016-03-04,26.95
2016-03-05,11.55
2016-03-06,23.1
2016-03-07,26.18
2016-03-08,42.35
2016-03-09,32.34
2016-03-10,65.45
2016-03-11,20.02
2016-03-12,7.7
2016-03-13,26.95
2016-03-14,46.2
2016-03-15,26.18
2016-03-16,20.02
2016-03-17,36.19
2016-03-18,27.72
2016-03-19,11.55
2016-03-20,31.57
2016-03-21,36.19
2016-03-22,46.2
2016-03-23,36.96
2016-03-24,30.8
2016-03-25,25.41
2016-03-26,12.32
2016-03-27,20.79
2016-03-28,40.81
2016-03-29,43.120000000000005
2016-03-30,50.050000000000004
2016-03-31,77.0
2016-04-01,21.7
2016-04-02,10.5
2016-04-03,17.5
2016-04-04,25.9
2016-04-05,20.299999999999997
2016-04-06,43.4
2016-04-07,38.5
2016-04-08,30.099999999999998
2016-04-09,17.5
2016-04-10,10.5
2016-04-11,37.8
2016-04-12,23.099999999999998
2016-04-13,35.0
2016-04-14,29.4
2016-04-15,18.2
2016-04-16,7.699999999999999
2016-04-17,14.7
2016-04-18,17.5
2016-04-19,70.0
2016-04-20,49.699999999999996
2016-04-21,51.8
2016-04-22,45.5
2016-04-23,21.7
2016-04-24,11.2
2016-04-25,49.699999999999996
2016-04-26,25.9
2016-04-27,32.199999999999996
2016-04-28,29.4
2016-04-29,24.5
2016-04-30,21.0
2016-05-01,31.68
2016-05-02,53.46
2016-05-03,66.0
2016-05-04,61.38
2016-05-05,49.5
2016-05-06,33.0
2016-05-07,22.44
2016-05-08,33.660000000000004
2016-05-09,40.260000000000005
2016-05-10,40.260000000000005
2016-05-11,22.44
2016-05-12,46.2
2016-05-13,23.76
2016-05-14,16.5
2016-05-15,33.660000000000004
2016-05-16,59.400000000000006
2016-05-17,31.68
2016-05-18,45.54
2016-05-19,41.580000000000005
2016-05-20,33.660000000000004
2016-05-21,27.720000000000002
2016-05-22,33.660000000000004
2016-05-23,50.160000000000004
2016-05-24,64.68
2016-05-25,60.06
2016-05-26,46.86
2016-05-27,44.22
2016-05-28,34.980000000000004
2016-05-29,35.64
2016-05-30,16.5
2016-05-31,36.96
2016-06-01,40.32
2016-06-02,75.6
2016-06-03,6.72
2016-06-04,15.959999999999999
2016-06-05,23.52
2016-06-06,40.32
2016-06-07,33.6
2016-06-08,26.88
2016-06-09,41.16
2016-06-10,78.96
2016-06-11,0.0
2016-06-12,0.0
2016-06-13,68.03999999999999
2016-06-14,47.04
2016-06-15,40.32
2016-06-16,41.16
2016-06-17,21.0
2016-06-18,25.2
2016-06-19,8.4
2016-06-20,75.6
2016-06-21,41.16
2016-06-22,48.72
2016-06-23,84.0
2016-06-24,14.28
2016-06-25,16.8
2016-06-26,0.0
2016-06-27,47.879999999999995
2016-06-28,47.879999999999995
2016-06-29,48.72
2016-06-30,35.28
2016-07-01,41.0
2016-07-02,29.52
2016-07-03,12.299999999999999
2016-07-04,11.479999999999999
2016-07-05,58.22
2016-07-06,40.18
2016-07-07,45.919999999999995
2016-07-08,45.919999999999995
2016-07-09,29.52
2016-07-10,23.779999999999998
2016-07-11,50.839999999999996
2016-07-12,40.18
2016-07-13,41.0
2016-07-14,72.97999999999999
2016-07-15,77.89999999999999
2016-07-16,29.52
2016-07-17,29.52
2016-07-18,50.839999999999996
2016-07-19,50.019999999999996
2016-07-20,82.0
2016-07-21,66.42
2016-07-22,77.08
2016-07-23,23.779999999999998
2016-07-24,23.779999999999998
2016-07-25,64.78
2016-07-26,29.52
2016-07-27,54.12
2016-07-28,64.78
2016-07-29,50.839999999999996
2016-07-30,34.44
2016-07-31,35.26
2016-08-01,39.33
2016-08-02,53.129999999999995
2016-08-03,40.019999999999996
2016-08-04,54.51
2016-08-05,37.949999999999996
2016-08-06,22.08
2016-08-07,37.949999999999996
2016-08-08,45.54
2016-08-09,36.57
2016-08-10,69.0
2016-08-11,66.92999999999999
2016-08-12,28.979999999999997
2016-08-13,15.87
2016-08-14,32.43
2016-08-15,32.43
2016-08-16,37.949999999999996
2016-08-17,51.74999999999999
2016-08-18,57.959999999999994
2016-08-19,24.15
2016-08-20,27.599999999999998
2016-08-21,22.08
2016-08-22,46.919999999999995
2016-08-23,42.089999999999996
2016-08-24,44.849999999999994
2016-08-25,39.33
2016-08-26,17.939999999999998
2016-08-27,31.049999999999997
2016-08-28,20.009999999999998
2016-08-29,34.5
2016-08-30,17.25
2016-08-31,37.949999999999996
2016-09-01,39.05
2016-09-02,45.44
2016-09-03,23.43
2016-09-04,23.43
2016-09-05,44.019999999999996
2016-09-06,43.309999999999995
2016-09-07,57.51
2016-09-08,53.25
2016-09-09,24.849999999999998
2016-09-10,11.36
2016-09-11,16.33
2016-09-12,33.37
2016-09-13,47.57
2016-09-14,43.309999999999995
2016-09-15,53.25
2016-09-16,44.73
2016-09-17,22.72
2016-09-18,10.649999999999999
2016-09-19,46.86
2016-09-20,71.0
2016-09-21,43.309999999999995
2016-09-22,43.309999999999995
2016-09-23,29.82
2016-09-24,29.11
2016-09-25,22.72
2016-09-26,37.629999999999995
2016-09-27,33.37
2016-09-28,43.309999999999995
2016-09-29,62.48
2016-09-30,64.61
2016-10-01,29.37
2016-10-02,46.28
2016-10-03,44.5
2016-10-04,48.95
2016-10-05,89.0
2016-10-06,64.97
2016-10-07,40.94
2016-10-08,11.57
2016-10-09,34.71
2016-10-10,56.07
2016-10-11,75.65
2016-10-12,60.52
2016-10-13,65.86
2016-10-14,52.51
2016-10-15,37.38
2016-10-16,52.51
2016-10-17,54.29
2016-10-18,74.76
2016-10-19,70.31
2016-10-20,80.1
2016-10-21,25.81
2016-10-22,12.46
2016-10-23,35.6
2016-10-24,48.95
2016-10-25,53.4
2016-10-26,48.95
2016-10-27,58.74
2016-10-28,36.49
2016-10-29,48.06
2016-10-30,34.71
2016-10-31,44.5
2016-11-01,47.559999999999995
2016-11-02,65.6
2016-11-03,43.46
2016-11-04,34.44
2016-11-05,15.579999999999998
2016-11-06,19.68
2016-11-07,52.48
2016-11-08,31.159999999999997
2016-11-09,29.52
2016-11-10,54.12
2016-11-11,55.76
2016-11-12,25.419999999999998
2016-11-13,19.68
2016-11-14,49.199999999999996
2016-11-15,44.279999999999994
2016-11-16,62.31999999999999
2016-11-17,54.12
2016-11-18,33.62
2016-11-19,14.76
2016-11-20,14.76
2016-11-21,33.62
2016-11-22,50.019999999999996
2016-11-23,36.08
2016-11-24,39.36
2016-11-25,41.0
2016-11-26,13.94
2016-11-27,9.02
2016-11-28,45.099999999999994
2016-11-29,49.199999999999996
2016-11-30,82.0
2016-12-01,57.76
2016-12-02,58.52
2016-12-03,34.2
2016-12-04,36.480000000000004
2016-12-05,55.480000000000004
2016-12-06,31.16
2016-12-07,64.6
2016-12-08,57.76
2016-12-09,47.12
2016-12-10,25.080000000000002
2016-12-11,38.0
2016-12-12,39.52
2016-12-13,56.24
2016-12-14,57.0
2016-12-15,41.8
2016-12-16,47.88
2016-12-17,34.96
2016-12-18,30.4
2016-12-19,51.68
2016-12-20,35.72
2016-12-21,31.92
2016-12-22,37.24
2016-12-23,23.56
2016-12-24,31.92
2016-12-25,34.2
2016-12-26,9.88
2016-12-27,40.28
2016-12-28,54.72
2016-12-29,76.0
2016-12-30,32.68
2016-12-31,24.32
2017-01-01,10.89
2017-01-02,28.71
2017-01-03,99.0
2017-01-04,80.19
2017-01-05,85.14
2017-01-06,45.54
2017-01-07,30.69
2017-01-08,14.85
2017-01-09,34.65
2017-01-10,95.03999999999999
2017-01-11,38.61
2017-01-12,65.34
2017-01-13,48.51
2017-01-14,20.79
2017-01-15,24.75
2017-01-16,58.41
2017-01-17,60.39
2017-01-18,34.65
2017-01-19,38.61
2017-01-20,43.56
2017-01-21,30.69
2017-01-22,9.9
2017-01-23,61.38
2017-01-24,97.02
2017-01-25,56.43
2017-01-26,59.4
2017-01-27,39.6
2017-01-28,30.69
2017-01-29,25.74
2017-01-30,58.41
2017-01-31,71.28
2017-02-01,60.16
2017-02-02,87.42
2017-02-03,48.879999999999995
2017-02-04,64.86
2017-02-05,31.959999999999997
2017-02-06,45.12
2017-02-07,94.0
2017-02-08,80.83999999999999
2017-02-09,62.04
2017-02-10,6.58
2017-02-11,32.9
2017-02-12,24.439999999999998
2017-02-13,39.48
2017-02-14,33.839999999999996
2017-02-15,28.2
2017-02-16,40.419999999999995
2017-02-17,80.83999999999999
2017-02-18,64.86
2017-02-19,32.9
2017-02-20,42.3
2017-02-21,60.16
2017-02-22,53.58
2017-02-23,20.68
2017-02-24,28.2
2017-02-25,32.9
2017-02-26,15.979999999999999
2017-02-27,37.599999999999994
2017-02-28,70.5
2017-03-01,33.6
2017-03-02,47.879999999999995
2017-03-03,63.0
2017-03-04,27.72
2017-03-05,9.24
2017-03-06,43.68
2017-03-07,79.8
2017-03-08,47.04
2017-03-09,84.0
2017-03-10,47.879999999999995
2017-03-11,46.199999999999996
2017-03-12,13.44
2017-03-13,54.6
2017-03-14,58.8
2017-03-15,35.28
2017-03-16,55.44
2017-03-17,20.16
2017-03-18,19.32
2017-03-19,27.72
2017-03-20,54.6
2017-03-21,58.8
2017-03-22,63.0
2017-03-23,43.68
2017-03-24,36.12
2017-03-25,28.56
2017-03-26,32.76
2017-03-27,47.04
2017-03-28,38.64
2017-03-29,47.879999999999995
2017-03-30,43.68
2017-03-31,31.919999999999998
2017-04-01,24.96
2017-04-02,14.82
2017-04-03,32.76
2017-04-04,45.24
2017-04-05,57.72
2017-04-06,78.0
2017-04-07,38.22
2017-04-08,30.42
2017-04-09,21.060000000000002
2017-04-10,58.5
2017-04-11,71.76
2017-04-12,54.6
2017-04-13,51.480000000000004
2017-04-14,37.44
2017-04-15,21.060000000000002
2017-04-16,10.92
2017-04-17,71.76
2017-04-18,49.14
2017-04-19,32.76
2017-04-20,58.5
2017-04-21,51.480000000000004
2017-04-22,30.42
2017-04-23,50.7
2017-04-24,36.660000000000004
2017-04-25,53.04
2017-04-26,49.14
2017-04-27,32.76
2017-04-28,34.32
2017-04-29,35.1
2017-04-30,35.1
2017-05-01,30.72
2017-05-02,15.36
2017-05-03,48.0
2017-05-04,96.0
2017-05-05,41.28
2017-05-06,0.0
2017-05-07,29.759999999999998
2017-05-08,48.0
2017-05-09,48.0
2017-05-10,56.64
2017-05-11,65.28
2017-05-12,67.2
2017-05-13,30.72
2017-05-14,0.0
2017-05-15,51.839999999999996
2017-05-16,25.919999999999998
2017-05-17,43.199999999999996
2017-05-18,77.75999999999999
2017-05-19,45.12
2017-05-20,10.559999999999999
2017-05-21,10.559999999999999
2017-05-22,43.199999999999996
2017-05-23,74.88
2017-05-24,51.839999999999996
2017-05-25,52.8
2017-05-26,73.92
2017-05-27,10.559999999999999
2017-05-28,11.52
2017-05-29,30.72
2017-05-30,25.919999999999998
2017-05-31,24.96
2017-06-01,29.6
2017-06-02,41.6
2017-06-03,17.6
2017-06-04,12.8
2017-06-05,43.2
2017-06-06,49.6
2017-06-07,50.400000000000006
2017-06-08,36.800000000000004
2017-06-09,60.800000000000004
2017-06-10,17.6
2017-06-11,13.600000000000001
2017-06-12,80.0
2017-06-13,49.6
2017-06-14,60.800000000000004
2017-06-15,22.400000000000002
2017-06-16,37.6
2017-06-17,17.6
2017-06-18,31.200000000000003
2017-06-19,47.2
2017-06-20,34.4
2017-06-21,48.800000000000004
2017-06-22,39.2
2017-06-23,28.0
2017-06-24,34.4
2017-06-25,22.400000000000002
2017-06-26,36.800000000000004
2017-06-27,49.6
2017-06-28,66.4
2017-06-29,76.80000000000001
2017-06-30,55.2
2017-07-01,7.15
2017-07-02,14.3
2017-07-03,13.0
2017-07-04,0.0
2017-07-05,43.550000000000004
2017-07-06,53.300000000000004
2017-07-07,11.700000000000001
2017-07-08,20.150000000000002
2017-07-09,13.65
2017-07-10,65.0
2017-07-11,35.75
2017-07-12,29.25
2017-07-13,11.700000000000001
2017-07-14,29.900000000000002
2017-07-15,20.8
2017-07-16,7.15
2017-07-17,23.400000000000002
2017-07-18,29.25
2017-07-19,40.95
2017-07-20,35.1
2017-07-21,5.8500000000000005
2017-07-22,13.65
2017-07-23,7.15
2017-07-24,34.45
2017-07-25,29.25
2017-07-26,46.15
2017-07-27,52.65
2017-07-28,24.05
2017-07-29,13.65
2017-07-30,20.8
2017-07-31,11.700000000000001
2017-08-01,63.18000000000001
2017-08-02,56.7
2017-08-03,68.85000000000001
2017-08-04,61.56
2017-08-05,17.82
2017-08-06,35.64
2017-08-07,46.980000000000004
2017-08-08,81.0
2017-08-09,49.410000000000004
2017-08-10,30.78
2017-08-11,51.84
2017-08-12,17.01
2017-08-13,23.490000000000002
2017-08-14,45.36
2017-08-15,64.80000000000001
2017-08-16,79.38000000000001
2017-08-17,59.940000000000005
2017-08-18,50.220000000000006
2017-08-19,23.490000000000002
2017-08-20,46.17
2017-08-21,27.540000000000003
2017-08-22,54.27
2017-08-23,39.690000000000005
2017-08-24,48.6
2017-08-25,55.89
2017-08-26,22.68
2017-08-27,27.540000000000003
2017-08-28,53.46
2017-08-29,47.790000000000006
2017-08-30,48.6
2017-08-31,58.32000000000001
2017-09-01,18.2
2017-09-02,8.450000000000001
2017-09-03,29.25
2017-09-04,19.5
2017-09-05,30.55
2017-09-06,39.65
2017-09-07,47.45
2017-09-08,31.200000000000003
2017-09-09,16.25
2017-09-10,16.25
2017-09-11,24.05
2017-09-12,34.45
2017-09-13,34.45
2017-09-14,41.6
2017-09-15,31.85
2017-09-16,24.7
2017-09-17,24.05
2017-09-18,24.05
2017-09-19,61.1
2017-09-20,65.0
2017-09-21,41.6
2017-09-22,31.85
2017-09-23,20.8
2017-09-24,16.25
2017-09-25,48.1
2017-09-26,37.7
2017-09-27,37.7
2017-09-28,31.200000000000003
2017-09-29,35.75
2017-09-30,21.45
2017-10-01,16.56
2017-10-02,43.47
2017-10-03,58.65
2017-10-04,31.74
2017-10-05,21.389999999999997
2017-10-06,24.839999999999996
2017-10-07,12.419999999999998
2017-10-08,28.29
2017-10-09,31.049999999999997
2017-10-10,24.15
2017-10-11,20.7
2017-10-12,69.0
2017-10-13,14.489999999999998
2017-10-14,21.389999999999997
2017-10-15,16.56
2017-10-16,28.29
2017-10-17,53.129999999999995
2017-10-18,48.989999999999995
2017-10-19,32.43
2017-10-20,36.57
2017-10-21,52.44
2017-10-22,33.12
2017-10-23,24.15
2017-10-24,34.5
2017-10-25,42.089999999999996
2017-10-26,38.64
2017-10-27,22.08
2017-10-28,33.809999999999995
2017-10-29,20.7
2017-10-30,24.15
2017-10-31,24.839999999999996
2017-11-01,55.199999999999996
2017-11-02,62.099999999999994
2017-11-03,69.0
2017-11-04,42.779999999999994
2017-11-05,20.7
2017-11-06,17.25
2017-11-07,53.129999999999995
2017-11-08,67.61999999999999
2017-11-09,58.65
2017-11-10,37.26
2017-11-11,26.909999999999997
2017-11-12,21.389999999999997
2017-11-13,26.22
2017-11-14,22.08
2017-11-15,62.099999999999994
2017-11-16,26.909999999999997
2017-11-17,32.43
2017-11-18,21.389999999999997
2017-11-19,26.909999999999997
2017-11-20,13.799999999999999
2017-11-21,46.23
2017-11-22,29.669999999999998
2017-11-23,11.04
2017-11-24,25.529999999999998
2017-11-25,26.22
2017-11-26,15.87
2017-11-27,59.339999999999996
2017-11-28,68.30999999999999
2017-11-29,65.55
2017-11-30,40.019999999999996
2017-12-01,30.799999999999997
2017-12-02,26.599999999999998
2017-12-03,10.5
2017-12-04,51.8
2017-12-05,67.89999999999999
2017-12-06,56.0
2017-12-07,70.0
2017-12-08,39.9
2017-12-09,52.5
2017-12-10,36.4
2017-12-11,38.5
2017-12-12,46.9
2017-12-13,48.3
2017-12-14,62.3
2017-12-15,23.099999999999998
2017-12-16,21.7
2017-12-17,16.099999999999998
2017-12-18,58.8
2017-12-19,41.3
2017-12-20,70.0
2017-12-21,49.0
2017-12-22,30.799999999999997
2017-12-23,22.4
2017-12-24,11.899999999999999
2017-12-25,11.899999999999999
2017-12-26,37.099999999999994
2017-12-27,24.5
2017-12-28,30.099999999999998
2017-12-29,44.8
2017-12-30,31.499999999999996
2017-12-31,16.099999999999998
2018-01-01,19.200000000000003
2018-01-02,61.6
2018-01-03,36.0
2018-01-04,48.0
2018-01-05,36.800000000000004
2018-01-06,8.8
2018-01-07,8.8
2018-01-08,46.400000000000006
2018-01-09,46.400000000000006
2018-01-10,55.2
2018-01-11,51.2
2018-01-12,40.0
2018-01-13,28.0
2018-01-14,27.200000000000003
2018-01-15,28.8
2018-01-16,57.6
2018-01-17,42.400000000000006
2018-01-18,58.400000000000006
2018-01-19,60.0
2018-01-20,32.800000000000004
2018-01-21,27.200000000000003
2018-01-22,56.800000000000004
2018-01-23,34.4
2018-01-24,69.60000000000001
2018-01-25,39.2
2018-01-26,32.0
2018-01-27,23.200000000000003
2018-01-28,32.0
2018-01-29,64.0
2018-01-30,80.0
2018-01-31,64.8
2018-02-01,43.47
2018-02-02,26.909999999999997
2018-02-03,15.87
2018-02-04,10.35
2018-02-05,37.949999999999996
2018-02-06,55.88999999999999
2018-02-07,47.61
2018-02-08,26.22
2018-02-09,31.049999999999997
2018-02-10,31.049999999999997
2018-02-11,10.35
2018-02-12,56.58
2018-02-13,69.0
2018-02-14,31.049999999999997
2018-02-15,53.81999999999999
2018-02-16,62.78999999999999
2018-02-17,31.049999999999997
2018-02-18,20.7
2018-02-19,45.54
2018-02-20,35.19
2018-02-21,52.44
2018-02-22,38.64
2018-02-23,31.049999999999997
2018-02-24,15.87
2018-02-25,31.049999999999997
2018-02-26,60.029999999999994
2018-02-27,47.61
2018-02-28,47.61
2018-03-01,34.32
2018-03-02,26.400000000000002
2018-03-03,11.88
2018-03-04,11.88
2018-03-05,25.740000000000002
2018-03-06,22.44
2018-03-07,29.040000000000003
2018-03-08,42.24
2018-03-09,30.360000000000003
2018-03-10,19.14
2018-03-11,31.020000000000003
2018-03-12,29.040000000000003
2018-03-13,55.440000000000005
2018-03-14,19.14
2018-03-15,13.200000000000001
2018-03-16,27.060000000000002
2018-03-17,23.76
2018-03-18,19.8
2018-03-19,25.740000000000002
2018-03-20,35.64
2018-03-21,52.14
2018-03-22,66.0
2018-03-23,33.660000000000004
2018-03-24,27.720000000000002
2018-03-25,11.88
2018-03-26,36.96
2018-03-27,36.96
2018-03-28,23.76
2018-03-29,23.76
2018-03-30,18.48
2018-03-31,23.76
2018-04-01,22.1
2018-04-02,32.5
2018-04-03,30.55
2018-04-04,38.35
2018-04-05,31.85
2018-04-06,32.5
2018-04-07,24.7
2018-04-08,24.7
2018-04-09,24.05
2018-04-10,16.900000000000002
2018-04-11,24.7
2018-04-12,48.75
2018-04-13,28.6
2018-04-14,20.8
2018-04-15,16.25
2018-04-16,33.15
2018-04-17,65.0
2018-04-18,45.5
2018-04-19,42.25
2018-04-20,53.95
2018-04-21,25.35
2018-04-22,21.45
2018-04-23,54.6
2018-04-24,33.800000000000004
2018-04-25,37.7
2018-04-26,44.85
2018-04-27,39.0
2018-04-28,8.450000000000001
2018-04-29,25.35
2018-04-30,34.45
2018-05-01,42.160000000000004
2018-05-02,33.32
2018-05-03,34.0
2018-05-04,25.840000000000003
2018-05-05,21.080000000000002
2018-05-06,25.840000000000003
2018-05-07,21.080000000000002
2018-05-08,17.0
2018-05-09,59.160000000000004
2018-05-10,59.84
2018-05-11,30.6
2018-05-12,26.520000000000003
2018-05-13,31.96
2018-05-14,42.84
2018-05-15,25.16
2018-05-16,68.0
2018-05-17,34.0
2018-05-18,48.96
2018-05-19,30.6
2018-05-20,10.200000000000001
2018-05-21,55.760000000000005
2018-05-22,46.92
2018-05-23,43.52
2018-05-24,45.56
2018-05-25,36.720000000000006
2018-05-26,16.32
2018-05-27,10.88
2018-05-28,30.6
2018-05-29,34.68
2018-05-30,34.68
2018-05-31,56.440000000000005
2018-06-01,47.6
2018-06-02,12.920000000000002
2018-06-03,25.840000000000003
2018-06-04,43.52
2018-06-05,31.96
2018-06-06,58.480000000000004
2018-06-07,36.04
2018-06-08,14.96
2018-06-09,21.080000000000002
2018-06-10,17.0
2018-06-11,38.080000000000005
2018-06-12,53.720000000000006
2018-06-13,68.0
2018-06-14,51.00000000000001
2018-06-15,26.520000000000003
2018-06-16,34.68
2018-06-17,8.84
2018-06-18,44.2
2018-06-19,46.92
2018-06-20,44.2
2018-06-21,47.6
2018-06-22,49.64
2018-06-23,25.16
2018-06-24,17.0
2018-06-25,21.76
2018-06-26,29.240000000000002
2018-06-27,40.120000000000005
2018-06-28,29.92
2018-06-29,34.68
2018-06-30,25.840000000000003
2018-07-01,18.72
2018-07-02,28.08
2018-07-03,28.799999999999997
2018-07-04,18.0
2018-07-05,36.72
2018-07-06,22.32
2018-07-07,7.199999999999999
2018-07-08,14.399999999999999
2018-07-09,39.6
2018-07-10,33.12
2018-07-11,38.16
2018-07-12,45.36
2018-07-13,33.12
2018-07-14,29.52
2018-07-15,14.399999999999999
2018-07-16,18.72
2018-07-17,53.28
2018-07-18,38.879999999999995
2018-07-19,22.32
2018-07-20,46.08
2018-07-21,14.399999999999999
2018-07-22,21.599999999999998
2018-07-23,28.08
2018-07-24,46.8
2018-07-25,72.0
2018-07-26,44.64
2018-07-27,25.919999999999998
2018-07-28,7.199999999999999
2018-07-29,30.24
2018-07-30,31.68
2018-07-31,30.959999999999997
2018-08-01,33.37
2018-08-02,14.2
2018-08-03,46.15
2018-08-04,30.529999999999998
2018-08-05,26.27
2018-08-06,71.0
2018-08-07,62.48
2018-08-08,54.669999999999995
2018-08-09,44.73
2018-08-10,30.529999999999998
2018-08-11,21.299999999999997
2018-08-12,21.299999999999997
2018-08-13,33.37
2018-08-14,44.019999999999996
2018-08-15,48.989999999999995
2018-08-16,22.72
2018-08-17,41.18
2018-08-18,17.75
2018-08-19,17.75
2018-08-20,34.08
2018-08-21,29.11
2018-08-22,33.37
2018-08-23,48.989999999999995
2018-08-24,30.529999999999998
2018-08-25,26.27
2018-08-26,12.78
2018-08-27,25.56
2018-08-28,54.669999999999995
2018-08-29,43.309999999999995
2018-08-30,39.76
2018-08-31,26.27
2018-09-01,26.0
2018-09-02,0.0
2018-09-03,8.450000000000001
2018-09-04,58.5
2018-09-05,43.550000000000004
2018-09-06,14.3
2018-09-07,29.25
2018-09-08,0.0
2018-09-09,25.35
2018-09-10,50.7
2018-09-11,28.6
2018-09-12,21.45
2018-09-13,50.7
2018-09-14,44.2
2018-09-15,9.1
2018-09-16,8.450000000000001
2018-09-17,36.4
2018-09-18,43.550000000000004
2018-09-19,59.15
2018-09-20,36.4
2018-09-21,22.1
2018-09-22,17.55
2018-09-23,42.9
2018-09-24,29.25
2018-09-25,65.0
2018-09-26,58.5
2018-09-27,59.800000000000004
2018-09-28,59.800000000000004
2018-09-29,18.2
2018-09-30,8.450000000000001
2018-10-01,76.0
2018-10-02,71.44
2018-10-03,43.32
2018-10-04,67.64
2018-10-05,39.52
2018-10-06,34.96
2018-10-07,28.12
2018-10-08,38.76
2018-10-09,53.2
2018-10-10,53.2
2018-10-11,69.16
2018-10-12,46.36
2018-10-13,23.56
2018-10-14,17.48
2018-10-15,29.64
2018-10-16,72.96000000000001
2018-10-17,68.4
2018-10-18,64.6
2018-10-19,50.92
2018-10-20,17.48
2018-10-21,28.88
2018-10-22,39.52
2018-10-23,57.76
2018-10-24,60.8
2018-10-25,29.64
2018-10-26,56.24
2018-10-27,23.56
2018-10-28,34.96
2018-10-29,38.0
2018-10-30,58.52
2018-10-31,50.160000000000004
2018-11-01,31.049999999999997
2018-11-02,55.88999999999999
2018-11-03,17.939999999999998
2018-11-04,16.56
2018-11-05,17.939999999999998
2018-11-06,28.979999999999997
2018-11-07,43.47
2018-11-08,52.44
2018-11-09,55.199999999999996
2018-11-10,11.729999999999999
2018-11-11,17.25
2018-11-12,53.81999999999999
2018-11-13,53.81999999999999
2018-11-14,69.0
2018-11-15,58.65
2018-11-16,40.709999999999994
2018-11-17,41.4
2018-11-18,35.19
2018-11-19,45.54
2018-11-20,65.55
2018-11-21,16.56
2018-11-22,35.19
2018-11-23,27.599999999999998
2018-11-24,22.08
2018-11-25,22.77
2018-11-26,41.4
2018-11-27,56.58
2018-11-28,62.78999999999999
2018-11-29,62.78999999999999
2018-11-30,14.489999999999998
2018-12-01,26.23
2018-12-02,19.52
2018-12-03,43.92
2018-12-04,39.04
2018-12-05,38.43
2018-12-06,28.06
2018-12-07,11.59
2018-12-08,6.71
2018-12-09,26.23
2018-12-10,22.57
2018-12-11,17.08
2018-12-12,34.769999999999996
2018-12-13,11.59
2018-12-14,16.47
2018-12-15,14.03
2018-12-16,20.74
2018-12-17,26.23
2018-12-18,21.96
2018-12-19,23.18
2018-12-20,18.3
2018-12-21,18.91
2018-12-22,0.0
2018-12-23,0.0
2018-12-24,14.03
2018-12-25,7.93
2018-12-26,61.0
2018-12-27,50.019999999999996
2018-12-28,18.91
2018-12-29,6.71
2018-12-30,20.74
2018-12-31,0.0
2019-01-01,21.6
2019-01-02,28.0
2019-01-03,58.400000000000006
2019-01-04,27.200000000000003
2019-01-05,30.400000000000002
2019-01-06,9.600000000000001
2019-01-07,21.6
2019-01-08,47.2
2019-01-09,39.2
2019-01-10,51.2
2019-01-11,60.800000000000004
2019-01-12,10.4
2019-01-13,29.6
2019-01-14,67.2
2019-01-15,76.0
2019-01-16,29.6
2019-01-17,58.400000000000006
2019-01-18,47.2
2019-01-19,15.200000000000001
2019-01-20,32.800000000000004
2019-01-21,39.2
2019-01-22,79.2
2019-01-23,55.2
2019-01-24,79.2
2019-01-25,30.400000000000002
2019-01-26,15.200000000000001
2019-01-27,15.200000000000001
2019-01-28,37.6
2019-01-29,58.400000000000006
2019-01-30,80.0
2019-01-31,58.400000000000006
2019-02-01,69.56
2019-02-02,27.38
2019-02-03,48.839999999999996
2019-02-04,35.519999999999996
2019-02-05,59.2
2019-02-06,59.94
2019-02-07,58.46
2019-02-08,46.62
2019-02-09,27.38
2019-02-10,37.74
2019-02-11,31.08
2019-02-12,40.7
2019-02-13,37.0
2019-02-14,41.44
2019-02-15,38.48
2019-02-16,27.38
2019-02-17,22.2
2019-02-18,72.52
2019-02-19,51.06
2019-02-20,45.88
2019-02-21,55.5
2019-02-22,28.12
2019-02-23,37.74
2019-02-24,27.38
2019-02-25,66.6
2019-02-26,54.76
2019-02-27,35.519999999999996
2019-02-28,74.0
2019-03-01,21.46
2019-03-02,16.28
2019-03-03,28.86
2019-03-04,56.24
2019-03-05,48.839999999999996
2019-03-06,57.72
2019-03-07,52.54
2019-03-08,25.9
2019-03-09,25.9
2019-03-10,29.6
2019-03-11,39.22
2019-03-12,39.22
2019-03-13,32.56
2019-03-14,25.16
2019-03-15,54.76
2019-03-16,34.78
2019-03-17,30.34
2019-03-18,74.0
2019-03-19,35.519999999999996
2019-03-20,33.3
2019-03-21,28.86
2019-03-22,14.8
2019-03-23,12.58
2019-03-24,19.98
2019-03-25,33.3
2019-03-26,44.4
2019-03-27,56.24
2019-03-28,39.96
2019-03-29,14.8
2019-03-30,8.879999999999999
2019-03-31,21.46
2019-04-01,28.08
2019-04-02,28.799999999999997
2019-04-03,72.0
2019-04-04,36.0
2019-04-05,25.919999999999998
2019-04-06,26.64
2019-04-07,21.599999999999998
2019-04-08,32.4
2019-04-09,43.199999999999996
2019-04-10,43.199999999999996
2019-04-11,35.28
2019-04-12,18.72
2019-04-13,36.0
2019-04-14,34.56
2019-04-15,21.599999999999998
2019-04-16,54.72
2019-04-17,59.04
2019-04-18,51.839999999999996
2019-04-19,23.759999999999998
2019-04-20,18.0
2019-04-21,37.44
2019-04-22,41.76
2019-04-23,55.44
2019-04-24,51.12
2019-04-25,47.519999999999996
2019-04-26,25.2
2019-04-27,35.28
2019-04-28,12.959999999999999
2019-04-29,32.4
2019-04-30,48.96
2019-05-01,43.120000000000005
2019-05-02,25.76
2019-05-03,11.760000000000002
2019-05-04,20.720000000000002
2019-05-05,14.000000000000002
2019-05-06,25.76
2019-05-07,25.76
2019-05-08,40.32000000000001
2019-05-09,28.560000000000002
2019-05-10,24.080000000000002
2019-05-11,21.28
2019-05-12,14.000000000000002
2019-05-13,23.520000000000003
2019-05-14,17.360000000000003
2019-05-15,56.00000000000001
2019-05-16,26.320000000000004
2019-05-17,30.240000000000002
2019-05-18,14.560000000000002
2019-05-19,10.64
2019-05-20,29.120000000000005
2019-05-21,26.320000000000004
2019-05-22,35.28
2019-05-23,26.880000000000003
2019-05-24,18.48
2019-05-25,29.680000000000003
2019-05-26,0.0
2019-05-27,17.360000000000003
2019-05-28,14.560000000000002
2019-05-29,31.92
2019-05-30,35.28
2019-05-31,24.64
2019-06-01,13.489999999999998
2019-06-02,26.27
2019-06-03,71.0
2019-06-04,48.989999999999995
2019-06-05,37.629999999999995
2019-06-06,30.529999999999998
2019-06-07,26.979999999999997
2019-06-08,17.75
2019-06-09,26.979999999999997
2019-06-10,26.27
2019-06-11,34.08
2019-06-12,23.43
2019-06-13,41.18
2019-06-14,30.529999999999998
2019-06-15,9.23
2019-06-16,9.23
2019-06-17,38.339999999999996
2019-06-18,30.529999999999998
2019-06-19,34.08
2019-06-20,38.339999999999996
2019-06-21,58.93
2019-06-22,46.15
2019-06-23,0.0
2019-06-24,66.03
2019-06-25,58.22
2019-06-26,42.599999999999994
2019-06-27,26.979999999999997
2019-06-28,40.47
2019-06-29,18.46
2019-06-30,18.46
2019-07-01,35.5
2019-07-02,35.5
2019-07-03,24.849999999999998
2019-07-04,6.39
2019-07-05,12.07
2019-07-06,15.62
2019-07-07,14.91
2019-07-08,39.76
2019-07-09,22.009999999999998
2019-07-10,38.339999999999996
2019-07-11,35.5
2019-07-12,5.68
2019-07-13,0.0
2019-07-14,15.62
2019-07-15,26.979999999999997
2019-07-16,44.73
2019-07-17,37.629999999999995
2019-07-18,71.0
2019-07-19,17.04
2019-07-20,6.39
2019-07-21,15.62
2019-07-22,29.82
2019-07-23,24.14
2019-07-24,25.56
2019-07-25,22.72
2019-07-26,17.04
2019-07-27,19.88
2019-07-28,12.78
2019-07-29,22.009999999999998
2019-07-30,16.33
2019-07-31,41.18
2019-08-01,57.96
2019-08-02,43.68
2019-08-03,19.32
2019-08-04,14.28
2019-08-05,25.2
2019-08-06,84.0
2019-08-07,51.239999999999995
2019-08-08,37.8
2019-08-09,42.0
2019-08-10,0.0
2019-08-11,28.56
2019-08-12,57.96
2019-08-13,57.12
2019-08-14,75.6
2019-08-15,61.32
2019-08-16,25.2
2019-08-17,37.8
2019-08-18,28.56
2019-08-19,44.519999999999996
2019-08-20,60.48
2019-08-21,60.48
2019-08-22,65.52
2019-08-23,40.32
2019-08-24,23.52
2019-08-25,28.56
2019-08-26,55.44
2019-08-27,35.28
2019-08-28,31.919999999999998
2019-08-29,36.12
2019-08-30,42.839999999999996
2019-08-31,18.48
2019-09-01,15.399999999999999
2019-09-02,8.399999999999999
2019-09-03,27.299999999999997
2019-09-04,37.099999999999994
2019-09-05,22.4
2019-09-06,30.099999999999998
2019-09-07,23.799999999999997
2019-09-08,25.9
2019-09-09,35.0
2019-09-10,70.0
2019-09-11,52.5
2019-09-12,17.5
2019-09-13,28.0
2019-09-14,36.4
2019-09-15,20.299999999999997
2019-09-16,27.299999999999997
2019-09-17,32.199999999999996
2019-09-18,35.0
2019-09-19,23.099999999999998
2019-09-20,40.599999999999994
2019-09-21,23.799999999999997
2019-09-22,14.7
2019-09-23,44.099999999999994
2019-09-24,30.099999999999998
2019-09-25,55.3
2019-09-26,35.699999999999996
2019-09-27,36.4
2019-09-28,12.6
2019-09-29,6.3
2019-09-30,35.699999999999996
2019-10-01,47.57
2019-10-02,56.8
2019-10-03,64.61
2019-10-04,48.28
2019-10-05,44.019999999999996
2019-10-06,16.33
2019-10-07,30.529999999999998
2019-10-08,51.12
2019-10-09,31.24
2019-10-10,41.18
2019-10-11,45.44
2019-10-12,16.33
2019-10-13,40.47
2019-10-14,45.44
2019-10-15,71.0
2019-10-16,58.22
2019-10-17,31.24
2019-10-18,31.24
2019-10-19,16.33
2019-10-20,15.62
2019-10-21,22.72
2019-10-22,29.11
2019-10-23,33.37
2019-10-24,33.37
2019-10-25,34.79
2019-10-26,17.04
2019-10-27,12.07
2019-10-28,32.66
2019-10-29,36.92
2019-10-30,36.92
2019-10-31,30.529999999999998
2019-11-01,33.15
2019-11-02,11.700000000000001
2019-11-03,29.900000000000002
2019-11-04,38.35
2019-11-05,40.95
2019-11-06,55.9
2019-11-07,52.65
2019-11-08,44.2
2019-11-09,33.800000000000004
2019-11-10,28.6
2019-11-11,34.45
2019-11-12,42.25
2019-11-13,24.7
2019-11-14,30.55
2019-11-15,39.65
2019-11-16,11.05
2019-11-17,21.45
2019-11-18,65.0
2019-11-19,43.550000000000004
2019-11-20,35.1
2019-11-21,50.7
2019-11-22,38.35
2019-11-23,7.15
2019-11-24,14.3
2019-11-25,28.6
2019-11-26,29.25
2019-11-27,33.800000000000004
2019-11-28,14.3
2019-11-29,17.55
2019-11-30,14.3
2019-12-01,4.4
2019-12-02,25.85
2019-12-03,3.8500000000000005
2019-12-04,23.650000000000002
2019-12-05,42.900000000000006
2019-12-06,19.8
2019-12-07,0.0
2019-12-08,0.0
2019-12-09,15.950000000000001
2019-12-10,31.900000000000002
2019-12-11,55.00000000000001
2019-12-12,19.25
2019-12-13,35.75
2019-12-14,9.350000000000001
2019-12-15,0.0
2019-12-16,3.8500000000000005
2019-12-17,15.950000000000001
2019-12-18,8.25
2019-12-19,20.35
2019-12-20,17.05
2019-12-21,9.9
2019-12-22,19.25
2019-12-23,13.200000000000001
2019-12-24,18.700000000000003
2019-12-25,5.5
2019-12-26,13.750000000000002
2019-12-27,8.8
2019-12-28,18.700000000000003
2019-12-29,13.750000000000002
2019-12-30,17.05
2019-12-31,4.4
2020-01-01,12.6
2020-01-02,25.9
2020-01-03,25.2
2020-01-04,31.499999999999996
2020-01-05,27.299999999999997
2020-01-06,35.0
2020-01-07,45.5
2020-01-08,70.0
2020-01-09,28.0
2020-01-10,21.0
2020-01-11,35.699999999999996
2020-01-12,15.399999999999999
2020-01-13,37.8
2020-01-14,54.599999999999994
2020-01-15,49.699999999999996
2020-01-16,20.299999999999997
2020-01-17,52.5
2020-01-18,11.899999999999999
2020-01-19,7.699999999999999
2020-01-20,25.2
2020-01-21,27.299999999999997
2020-01-22,48.3
2020-01-23,37.099999999999994
2020-01-24,37.8
2020-01-25,23.799999999999997
2020-01-26,29.4
2020-01-27,19.599999999999998
2020-01-28,57.4
2020-01-29,23.799999999999997
2020-01-30,35.0
2020-01-31,31.499999999999996
2020-02-01,51.480000000000004
2020-02-02,32.76
2020-02-03,32.76
2020-02-04,60.06
2020-02-05,43.68
2020-02-06,43.68
2020-02-07,40.56
2020-02-08,18.72
2020-02-09,33.54
2020-02-10,77.22
2020-02-11,78.0
2020-02-12,78.0
2020-02-13,24.18
2020-02-14,24.96
2020-02-15,37.44
2020-02-16,23.400000000000002
2020-02-17,42.120000000000005
2020-02-18,30.42
2020-02-19,65.52
2020-02-20,61.620000000000005
2020-02-21,27.3
2020-02-22,9.36
2020-02-23,36.660000000000004
2020-02-24,39.0
2020-02-25,38.22
2020-02-26,41.34
2020-02-27,49.14
2020-02-28,58.5
2020-02-29,44.46
2020-03-01,23.68
2020-03-02,27.38
2020-03-03,50.32
2020-03-04,42.92
2020-03-05,63.64
2020-03-06,19.98
2020-03-07,37.74
2020-03-08,32.56
2020-03-09,23.68
2020-03-10,58.46
2020-03-11,54.76
2020-03-12,53.28
2020-03-13,42.92
2020-03-14,18.5
2020-03-15,45.14
2020-03-16,74.0
2020-03-17,34.78
2020-03-18,55.5
2020-03-19,59.2
2020-03-20,15.54
2020-03-21,34.78
2020-03-22,31.08
2020-03-23,58.46
2020-03-24,50.32
2020-03-25,62.16
2020-03-26,35.519999999999996
2020-03-27,59.2
2020-03-28,25.9
2020-03-29,21.46
2020-03-30,33.3
2020-03-31,51.8
2020-04-01,8.68
2020-04-02,34.1
2020-04-03,22.94
2020-04-04,6.2
2020-04-05,19.84
2020-04-06,27.9
2020-04-07,17.36
2020-04-08,42.78
2020-04-09,40.3
2020-04-10,62.0
2020-04-11,9.92
2020-04-12,9.92
2020-04-13,34.1
2020-04-14,36.58
2020-04-15,60.14
2020-04-16,46.5
2020-04-17,32.86
2020-04-18,9.3
2020-04-19,9.92
2020-04-20,30.38
2020-04-21,41.54
2020-04-22,47.12
2020-04-23,40.92
2020-04-24,21.7
2020-04-25,19.22
2020-04-26,13.02
2020-04-27,31.0
2020-04-28,55.8
2020-04-29,58.28
2020-04-30,21.7
