date,Verizon
2011-01-01,30.0
2011-01-02,32.0
2011-01-03,37.0
2011-01-04,35.0
2011-01-05,35.0
2011-01-06,38.0
2011-01-07,38.0
2011-01-08,47.0
2011-01-09,41.0
2011-01-10,47.0
2011-01-11,100.0
2011-01-12,60.0
2011-01-13,43.0
2011-01-14,38.0
2011-01-15,38.0
2011-01-16,38.0
2011-01-17,35.0
2011-01-18,33.0
2011-01-19,33.0
2011-01-20,32.0
2011-01-21,33.0
2011-01-22,32.0
2011-01-23,31.0
2011-01-24,34.0
2011-01-25,33.0
2011-01-26,32.0
2011-01-27,30.0
2011-01-28,32.0
2011-01-29,33.0
2011-01-30,31.0
2011-01-31,31.0
2011-02-01,56.7
2011-02-02,60.300000000000004
2011-02-03,90.0
2011-02-04,73.8
2011-02-05,63.9
2011-02-06,56.7
2011-02-07,64.8
2011-02-08,69.3
2011-02-09,74.7
2011-02-10,83.7
2011-02-11,78.3
2011-02-12,68.4
2011-02-13,64.8
2011-02-14,63.9
2011-02-15,59.4
2011-02-16,56.7
2011-02-17,56.7
2011-02-18,59.4
2011-02-19,58.5
2011-02-20,54.0
2011-02-21,54.9
2011-02-22,54.9
2011-02-23,53.1
2011-02-24,54.0
2011-02-25,56.7
2011-02-26,56.7
2011-02-27,51.300000000000004
2011-02-28,53.1
2011-03-01,70.84
2011-03-02,72.38
2011-03-03,72.38
2011-03-04,73.92
2011-03-05,72.38
2011-03-06,70.07000000000001
2011-03-07,71.61
2011-03-08,66.99
2011-03-09,65.45
2011-03-10,72.38
2011-03-11,70.84
2011-03-12,65.45
2011-03-13,59.29
2011-03-14,67.76
2011-03-15,70.07000000000001
2011-03-16,68.53
2011-03-17,70.84
2011-03-18,71.61
2011-03-19,69.3
2011-03-20,69.3
2011-03-21,77.0
2011-03-22,73.15
2011-03-23,67.76
2011-03-24,65.45
2011-03-25,69.3
2011-03-26,66.99
2011-03-27,66.22
2011-03-28,66.99
2011-03-29,67.76
2011-03-30,65.45
2011-03-31,65.45
2011-04-01,62.48
2011-04-02,62.48
2011-04-03,60.349999999999994
2011-04-04,58.93
2011-04-05,59.64
2011-04-06,61.769999999999996
2011-04-07,55.379999999999995
2011-04-08,60.349999999999994
2011-04-09,63.19
2011-04-10,54.669999999999995
2011-04-11,58.22
2011-04-12,60.349999999999994
2011-04-13,61.769999999999996
2011-04-14,61.059999999999995
2011-04-15,61.059999999999995
2011-04-16,61.769999999999996
2011-04-17,57.51
2011-04-18,58.22
2011-04-19,60.349999999999994
2011-04-20,58.93
2011-04-21,61.059999999999995
2011-04-22,61.059999999999995
2011-04-23,61.059999999999995
2011-04-24,52.54
2011-04-25,65.32
2011-04-26,65.32
2011-04-27,63.9
2011-04-28,71.0
2011-04-29,63.9
2011-04-30,64.61
2011-05-01,65.32
2011-05-02,63.9
2011-05-03,68.86999999999999
2011-05-04,67.45
2011-05-05,63.19
2011-05-06,63.9
2011-05-07,64.61
2011-05-08,59.64
2011-05-09,65.32
2011-05-10,64.61
2011-05-11,62.48
2011-05-12,61.769999999999996
2011-05-13,65.32
2011-05-14,71.0
2011-05-15,62.48
2011-05-16,66.03
2011-05-17,67.45
2011-05-18,65.32
2011-05-19,65.32
2011-05-20,70.28999999999999
2011-05-21,61.769999999999996
2011-05-22,63.19
2011-05-23,69.58
2011-05-24,65.32
2011-05-25,63.19
2011-05-26,66.74
2011-05-27,68.16
2011-05-28,67.45
2011-05-29,61.769999999999996
2011-05-30,62.48
2011-05-31,71.0
2011-06-01,68.4
2011-06-02,66.12
2011-06-03,65.36
2011-06-04,66.12
2011-06-05,60.04
2011-06-06,65.36
2011-06-07,66.88
2011-06-08,63.08
2011-06-09,66.12
2011-06-10,67.64
2011-06-11,66.12
2011-06-12,62.32
2011-06-13,67.64
2011-06-14,67.64
2011-06-15,69.92
2011-06-16,66.88
2011-06-17,69.92
2011-06-18,63.08
2011-06-19,60.04
2011-06-20,70.68
2011-06-21,66.12
2011-06-22,76.0
2011-06-23,69.92
2011-06-24,69.92
2011-06-25,67.64
2011-06-26,67.64
2011-06-27,69.16
2011-06-28,70.68
2011-06-29,68.4
2011-06-30,66.12
2011-07-01,66.22
2011-07-02,61.6
2011-07-03,55.44
2011-07-04,55.44
2011-07-05,66.22
2011-07-06,77.0
2011-07-07,69.3
2011-07-08,64.68
2011-07-09,63.14
2011-07-10,56.980000000000004
2011-07-11,63.910000000000004
2011-07-12,63.14
2011-07-13,63.14
2011-07-14,63.14
2011-07-15,61.6
2011-07-16,60.06
2011-07-17,54.67
2011-07-18,62.370000000000005
2011-07-19,59.29
2011-07-20,59.29
2011-07-21,57.75
2011-07-22,61.6
2011-07-23,59.29
2011-07-24,56.21
2011-07-25,64.68
2011-07-26,60.06
2011-07-27,62.370000000000005
2011-07-28,61.6
2011-07-29,64.68
2011-07-30,60.06
2011-07-31,58.52
2011-08-01,68.53
2011-08-02,65.45
2011-08-03,69.3
2011-08-04,68.53
2011-08-05,66.22
2011-08-06,62.370000000000005
2011-08-07,68.53
2011-08-08,77.0
2011-08-09,72.38
2011-08-10,67.76
2011-08-11,67.76
2011-08-12,70.07000000000001
2011-08-13,63.14
2011-08-14,64.68
2011-08-15,70.07000000000001
2011-08-16,67.76
2011-08-17,68.53
2011-08-18,66.22
2011-08-19,67.76
2011-08-20,64.68
2011-08-21,62.370000000000005
2011-08-22,66.22
2011-08-23,60.06
2011-08-24,61.6
2011-08-25,59.29
2011-08-26,58.52
2011-08-27,55.44
2011-08-28,54.67
2011-08-29,58.52
2011-08-30,62.370000000000005
2011-08-31,63.910000000000004
2011-09-01,68.82
2011-09-02,71.03999999999999
2011-09-03,69.56
2011-09-04,62.16
2011-09-05,66.6
2011-09-06,71.78
2011-09-07,71.78
2011-09-08,74.0
2011-09-09,71.78
2011-09-10,71.03999999999999
2011-09-11,65.12
2011-09-12,69.56
2011-09-13,65.86
2011-09-14,68.82
2011-09-15,71.03999999999999
2011-09-16,71.03999999999999
2011-09-17,71.03999999999999
2011-09-18,63.64
2011-09-19,66.6
2011-09-20,67.34
2011-09-21,66.6
2011-09-22,66.6
2011-09-23,65.86
2011-09-24,65.86
2011-09-25,62.9
2011-09-26,65.86
2011-09-27,66.6
2011-09-28,67.34
2011-09-29,65.12
2011-09-30,69.56
2011-10-01,63.2
2011-10-02,55.2
2011-10-03,58.400000000000006
2011-10-04,75.2
2011-10-05,80.0
2011-10-06,67.2
2011-10-07,79.2
2011-10-08,65.60000000000001
2011-10-09,60.0
2011-10-10,61.6
2011-10-11,63.2
2011-10-12,64.8
2011-10-13,66.4
2011-10-14,79.2
2011-10-15,75.2
2011-10-16,64.0
2011-10-17,66.4
2011-10-18,61.6
2011-10-19,64.8
2011-10-20,66.4
2011-10-21,64.8
2011-10-22,64.0
2011-10-23,55.2
2011-10-24,59.2
2011-10-25,60.0
2011-10-26,54.400000000000006
2011-10-27,59.2
2011-10-28,60.0
2011-10-29,62.400000000000006
2011-10-30,57.6
2011-10-31,60.800000000000004
2011-11-01,61.42
2011-11-02,59.2
2011-11-03,57.72
2011-11-04,60.68
2011-11-05,57.72
2011-11-06,54.019999999999996
2011-11-07,56.98
2011-11-08,56.98
2011-11-09,56.98
2011-11-10,56.98
2011-11-11,61.42
2011-11-12,57.72
2011-11-13,54.019999999999996
2011-11-14,56.98
2011-11-15,61.42
2011-11-16,58.46
2011-11-17,59.2
2011-11-18,59.94
2011-11-19,56.98
2011-11-20,56.24
2011-11-21,59.2
2011-11-22,57.72
2011-11-23,58.46
2011-11-24,59.2
2011-11-25,74.0
2011-11-26,63.64
2011-11-27,59.2
2011-11-28,64.38
2011-11-29,62.16
2011-11-30,58.46
2011-12-01,58.5
2011-12-02,63.0
2011-12-03,60.75
2011-12-04,58.5
2011-12-05,58.5
2011-12-06,59.25
2011-12-07,59.25
2011-12-08,58.5
2011-12-09,63.75
2011-12-10,58.5
2011-12-11,50.25
2011-12-12,57.75
2011-12-13,60.75
2011-12-14,62.25
2011-12-15,67.5
2011-12-16,63.75
2011-12-17,65.25
2011-12-18,58.5
2011-12-19,58.5
2011-12-20,62.25
2011-12-21,65.25
2011-12-22,63.75
2011-12-23,62.25
2011-12-24,57.0
2011-12-25,60.75
2011-12-26,72.0
2011-12-27,68.25
2011-12-28,69.75
2011-12-29,73.5
2011-12-30,75.0
2011-12-31,60.0
2012-01-01,59.400000000000006
2012-01-02,64.02
2012-01-03,66.0
2012-01-04,64.68
2012-01-05,62.7
2012-01-06,64.02
2012-01-07,60.06
2012-01-08,58.080000000000005
2012-01-09,60.06
2012-01-10,61.38
2012-01-11,58.74
2012-01-12,57.42
2012-01-13,61.38
2012-01-14,61.38
2012-01-15,60.06
2012-01-16,58.080000000000005
2012-01-17,58.080000000000005
2012-01-18,56.760000000000005
2012-01-19,56.760000000000005
2012-01-20,57.42
2012-01-21,56.760000000000005
2012-01-22,54.120000000000005
2012-01-23,54.78
2012-01-24,55.440000000000005
2012-01-25,56.760000000000005
2012-01-26,56.760000000000005
2012-01-27,58.74
2012-01-28,60.06
2012-01-29,52.14
2012-01-30,54.78
2012-01-31,56.1
2012-02-01,58.28
2012-02-02,57.04
2012-02-03,57.04
2012-02-04,58.28
2012-02-05,52.08
2012-02-06,55.18
2012-02-07,58.28
2012-02-08,56.42
2012-02-09,56.42
2012-02-10,57.04
2012-02-11,58.9
2012-02-12,52.7
2012-02-13,55.8
2012-02-14,55.18
2012-02-15,57.66
2012-02-16,57.04
2012-02-17,62.0
2012-02-18,58.9
2012-02-19,55.8
2012-02-20,55.8
2012-02-21,55.8
2012-02-22,58.28
2012-02-23,55.8
2012-02-24,57.66
2012-02-25,57.66
2012-02-26,51.46
2012-02-27,53.94
2012-02-28,55.18
2012-02-29,56.42
2012-03-01,56.42
2012-03-02,58.28
2012-03-03,57.66
2012-03-04,54.56
2012-03-05,55.18
2012-03-06,57.04
2012-03-07,57.66
2012-03-08,60.14
2012-03-09,61.38
2012-03-10,60.14
2012-03-11,57.04
2012-03-12,57.04
2012-03-13,57.04
2012-03-14,53.94
2012-03-15,56.42
2012-03-16,62.0
2012-03-17,58.9
2012-03-18,54.56
2012-03-19,58.28
2012-03-20,55.18
2012-03-21,56.42
2012-03-22,56.42
2012-03-23,55.8
2012-03-24,53.94
2012-03-25,50.22
2012-03-26,54.56
2012-03-27,55.18
2012-03-28,52.7
2012-03-29,50.839999999999996
2012-03-30,55.18
2012-03-31,50.22
2012-04-01,52.199999999999996
2012-04-02,55.67999999999999
2012-04-03,52.779999999999994
2012-04-04,52.199999999999996
2012-04-05,54.519999999999996
2012-04-06,55.099999999999994
2012-04-07,52.199999999999996
2012-04-08,45.82
2012-04-09,57.99999999999999
2012-04-10,55.099999999999994
2012-04-11,53.94
2012-04-12,54.519999999999996
2012-04-13,54.519999999999996
2012-04-14,53.94
2012-04-15,50.459999999999994
2012-04-16,54.519999999999996
2012-04-17,54.519999999999996
2012-04-18,55.099999999999994
2012-04-19,55.099999999999994
2012-04-20,56.26
2012-04-21,51.62
2012-04-22,52.779999999999994
2012-04-23,52.779999999999994
2012-04-24,51.62
2012-04-25,55.099999999999994
2012-04-26,53.94
2012-04-27,55.099999999999994
2012-04-28,53.94
2012-04-29,50.459999999999994
2012-04-30,56.839999999999996
2012-05-01,51.33
2012-05-02,48.379999999999995
2012-05-03,50.15
2012-05-04,50.15
2012-05-05,47.79
2012-05-06,46.61
2012-05-07,51.33
2012-05-08,52.51
2012-05-09,51.33
2012-05-10,53.099999999999994
2012-05-11,51.33
2012-05-12,51.33
2012-05-13,48.97
2012-05-14,53.099999999999994
2012-05-15,53.099999999999994
2012-05-16,53.69
2012-05-17,59.0
2012-05-18,54.279999999999994
2012-05-19,51.919999999999995
2012-05-20,49.559999999999995
2012-05-21,53.69
2012-05-22,54.279999999999994
2012-05-23,51.919999999999995
2012-05-24,51.33
2012-05-25,53.099999999999994
2012-05-26,50.739999999999995
2012-05-27,45.43
2012-05-28,47.79
2012-05-29,53.099999999999994
2012-05-30,54.87
2012-05-31,53.69
2012-06-01,58.96
2012-06-02,56.28
2012-06-03,53.6
2012-06-04,58.96
2012-06-05,55.61000000000001
2012-06-06,54.27
2012-06-07,55.61000000000001
2012-06-08,55.61000000000001
2012-06-09,53.6
2012-06-10,47.57
2012-06-11,56.95
2012-06-12,67.0
2012-06-13,67.0
2012-06-14,62.980000000000004
2012-06-15,60.970000000000006
2012-06-16,56.28
2012-06-17,54.27
2012-06-18,61.64
2012-06-19,58.290000000000006
2012-06-20,61.64
2012-06-21,56.28
2012-06-22,58.96
2012-06-23,54.940000000000005
2012-06-24,52.260000000000005
2012-06-25,58.96
2012-06-26,59.63
2012-06-27,58.96
2012-06-28,61.64
2012-06-29,64.32000000000001
2012-06-30,62.31
2012-07-01,60.970000000000006
2012-07-02,67.0
2012-07-03,61.64
2012-07-04,54.940000000000005
2012-07-05,64.32000000000001
2012-07-06,64.99000000000001
2012-07-07,60.300000000000004
2012-07-08,56.28
2012-07-09,62.31
2012-07-10,61.64
2012-07-11,63.650000000000006
2012-07-12,62.31
2012-07-13,65.66000000000001
2012-07-14,60.970000000000006
2012-07-15,54.940000000000005
2012-07-16,62.980000000000004
2012-07-17,56.95
2012-07-18,63.650000000000006
2012-07-19,61.64
2012-07-20,60.970000000000006
2012-07-21,56.28
2012-07-22,55.61000000000001
2012-07-23,59.63
2012-07-24,58.96
2012-07-25,58.290000000000006
2012-07-26,58.290000000000006
2012-07-27,60.300000000000004
2012-07-28,57.620000000000005
2012-07-29,52.93
2012-07-30,59.63
2012-07-31,59.63
2012-08-01,64.0
2012-08-02,58.24
2012-08-03,60.800000000000004
2012-08-04,56.32
2012-08-05,55.68
2012-08-06,61.44
2012-08-07,60.160000000000004
2012-08-08,59.52
2012-08-09,59.52
2012-08-10,62.72
2012-08-11,56.32
2012-08-12,52.480000000000004
2012-08-13,57.6
2012-08-14,61.44
2012-08-15,61.44
2012-08-16,60.160000000000004
2012-08-17,59.52
2012-08-18,58.24
2012-08-19,57.6
2012-08-20,59.52
2012-08-21,58.24
2012-08-22,56.96
2012-08-23,57.6
2012-08-24,56.96
2012-08-25,58.24
2012-08-26,52.480000000000004
2012-08-27,58.24
2012-08-28,56.96
2012-08-29,55.04
2012-08-30,55.68
2012-08-31,58.88
2012-09-01,39.96
2012-09-02,35.519999999999996
2012-09-03,37.74
2012-09-04,39.22
2012-09-05,39.22
2012-09-06,41.44
2012-09-07,39.96
2012-09-08,38.48
2012-09-09,37.74
2012-09-10,38.48
2012-09-11,40.7
2012-09-12,59.94
2012-09-13,66.6
2012-09-14,74.0
2012-09-15,55.5
2012-09-16,48.1
2012-09-17,48.839999999999996
2012-09-18,46.62
2012-09-19,46.62
2012-09-20,48.839999999999996
2012-09-21,60.68
2012-09-22,56.98
2012-09-23,48.839999999999996
2012-09-24,49.58
2012-09-25,47.36
2012-09-26,47.36
2012-09-27,45.88
2012-09-28,45.88
2012-09-29,47.36
2012-09-30,42.92
2012-10-01,65.0
2012-10-02,60.45
2012-10-03,58.5
2012-10-04,58.5
2012-10-05,59.800000000000004
2012-10-06,59.800000000000004
2012-10-07,59.15
2012-10-08,59.800000000000004
2012-10-09,57.2
2012-10-10,57.2
2012-10-11,57.85
2012-10-12,57.85
2012-10-13,59.15
2012-10-14,52.0
2012-10-15,59.800000000000004
2012-10-16,57.2
2012-10-17,56.550000000000004
2012-10-18,57.85
2012-10-19,59.800000000000004
2012-10-20,58.5
2012-10-21,51.35
2012-10-22,55.9
2012-10-23,53.95
2012-10-24,55.25
2012-10-25,57.85
2012-10-26,56.550000000000004
2012-10-27,55.25
2012-10-28,52.65
2012-10-29,53.300000000000004
2012-10-30,55.9
2012-10-31,57.85
2012-11-01,51.68000000000001
2012-11-02,51.68000000000001
2012-11-03,52.36000000000001
2012-11-04,48.96
2012-11-05,51.00000000000001
2012-11-06,46.24
2012-11-07,42.160000000000004
2012-11-08,51.00000000000001
2012-11-09,52.36000000000001
2012-11-10,49.64
2012-11-11,45.56
2012-11-12,48.96
2012-11-13,48.28
2012-11-14,48.96
2012-11-15,53.720000000000006
2012-11-16,55.080000000000005
2012-11-17,49.64
2012-11-18,48.28
2012-11-19,55.080000000000005
2012-11-20,53.720000000000006
2012-11-21,56.440000000000005
2012-11-22,53.720000000000006
2012-11-23,68.0
2012-11-24,58.480000000000004
2012-11-25,53.720000000000006
2012-11-26,59.160000000000004
2012-11-27,54.400000000000006
2012-11-28,50.32
2012-11-29,48.96
2012-11-30,52.36000000000001
2012-12-01,54.27
2012-12-02,51.59
2012-12-03,54.940000000000005
2012-12-04,53.6
2012-12-05,54.27
2012-12-06,50.92
2012-12-07,51.59
2012-12-08,52.260000000000005
2012-12-09,49.580000000000005
2012-12-10,51.59
2012-12-11,50.25
2012-12-12,51.59
2012-12-13,51.59
2012-12-14,52.93
2012-12-15,52.93
2012-12-16,52.260000000000005
2012-12-17,53.6
2012-12-18,52.93
2012-12-19,52.93
2012-12-20,54.27
2012-12-21,54.27
2012-12-22,54.940000000000005
2012-12-23,51.59
2012-12-24,49.580000000000005
2012-12-25,58.290000000000006
2012-12-26,67.0
2012-12-27,63.650000000000006
2012-12-28,60.970000000000006
2012-12-29,57.620000000000005
2012-12-30,51.59
2012-12-31,52.93
2013-01-01,48.97
2013-01-02,56.05
2013-01-03,56.64
2013-01-04,59.0
2013-01-05,50.739999999999995
2013-01-06,45.43
2013-01-07,50.15
2013-01-08,50.15
2013-01-09,49.559999999999995
2013-01-10,50.15
2013-01-11,50.739999999999995
2013-01-12,46.019999999999996
2013-01-13,43.66
2013-01-14,49.559999999999995
2013-01-15,46.61
2013-01-16,47.199999999999996
2013-01-17,46.019999999999996
2013-01-18,48.379999999999995
2013-01-19,48.97
2013-01-20,41.89
2013-01-21,44.25
2013-01-22,47.199999999999996
2013-01-23,44.25
2013-01-24,44.25
2013-01-25,46.61
2013-01-26,45.43
2013-01-27,44.25
2013-01-28,44.25
2013-01-29,45.43
2013-01-30,43.07
2013-01-31,46.61
2013-02-01,54.32000000000001
2013-02-02,50.96000000000001
2013-02-03,48.160000000000004
2013-02-04,49.84
2013-02-05,49.84
2013-02-06,48.720000000000006
2013-02-07,49.28
2013-02-08,50.96000000000001
2013-02-09,49.28
2013-02-10,49.28
2013-02-11,47.6
2013-02-12,52.080000000000005
2013-02-13,46.480000000000004
2013-02-14,48.720000000000006
2013-02-15,56.00000000000001
2013-02-16,50.400000000000006
2013-02-17,49.84
2013-02-18,52.080000000000005
2013-02-19,50.96000000000001
2013-02-20,50.96000000000001
2013-02-21,50.400000000000006
2013-02-22,49.84
2013-02-23,49.84
2013-02-24,44.24
2013-02-25,46.480000000000004
2013-02-26,49.28
2013-02-27,52.080000000000005
2013-02-28,50.96000000000001
2013-03-01,54.32000000000001
2013-03-02,52.64000000000001
2013-03-03,51.52
2013-03-04,49.28
2013-03-05,48.160000000000004
2013-03-06,48.720000000000006
2013-03-07,48.160000000000004
2013-03-08,49.84
2013-03-09,49.28
2013-03-10,48.160000000000004
2013-03-11,48.160000000000004
2013-03-12,49.84
2013-03-13,49.28
2013-03-14,50.400000000000006
2013-03-15,56.00000000000001
2013-03-16,51.52
2013-03-17,45.92
2013-03-18,50.400000000000006
2013-03-19,49.84
2013-03-20,48.160000000000004
2013-03-21,50.96000000000001
2013-03-22,51.52
2013-03-23,46.480000000000004
2013-03-24,44.24
2013-03-25,50.400000000000006
2013-03-26,50.96000000000001
2013-03-27,49.84
2013-03-28,50.96000000000001
2013-03-29,52.080000000000005
2013-03-30,48.720000000000006
2013-03-31,40.88
2013-04-01,53.46
2013-04-02,49.68000000000001
2013-04-03,52.38
2013-04-04,49.68000000000001
2013-04-05,51.300000000000004
2013-04-06,50.220000000000006
2013-04-07,45.900000000000006
2013-04-08,49.14
2013-04-09,46.980000000000004
2013-04-10,48.6
2013-04-11,49.68000000000001
2013-04-12,52.92
2013-04-13,52.92
2013-04-14,46.440000000000005
2013-04-15,49.14
2013-04-16,48.06
2013-04-17,49.14
2013-04-18,51.300000000000004
2013-04-19,48.6
2013-04-20,50.760000000000005
2013-04-21,47.52
2013-04-22,52.92
2013-04-23,50.220000000000006
2013-04-24,50.760000000000005
2013-04-25,54.0
2013-04-26,52.92
2013-04-27,50.760000000000005
2013-04-28,50.760000000000005
2013-04-29,52.38
2013-04-30,51.84
2013-05-01,51.919999999999995
2013-05-02,50.15
2013-05-03,54.279999999999994
2013-05-04,51.33
2013-05-05,48.97
2013-05-06,50.739999999999995
2013-05-07,53.69
2013-05-08,53.69
2013-05-09,51.919999999999995
2013-05-10,53.69
2013-05-11,52.51
2013-05-12,50.15
2013-05-13,56.05
2013-05-14,54.279999999999994
2013-05-15,53.099999999999994
2013-05-16,51.919999999999995
2013-05-17,54.279999999999994
2013-05-18,51.33
2013-05-19,49.559999999999995
2013-05-20,54.279999999999994
2013-05-21,53.69
2013-05-22,55.459999999999994
2013-05-23,59.0
2013-05-24,57.23
2013-05-25,56.05
2013-05-26,47.79
2013-05-27,47.79
2013-05-28,55.459999999999994
2013-05-29,56.64
2013-05-30,56.64
2013-05-31,57.82
2013-06-01,51.24
2013-06-02,49.41
2013-06-03,54.29
2013-06-04,52.46
2013-06-05,53.07
2013-06-06,61.0
2013-06-07,60.39
2013-06-08,51.85
2013-06-09,46.97
2013-06-10,55.51
2013-06-11,54.29
2013-06-12,50.019999999999996
2013-06-13,51.24
2013-06-14,54.29
2013-06-15,53.07
2013-06-16,48.19
2013-06-17,53.07
2013-06-18,56.12
2013-06-19,51.85
2013-06-20,51.85
2013-06-21,53.07
2013-06-22,50.629999999999995
2013-06-23,46.36
2013-06-24,53.07
2013-06-25,51.85
2013-06-26,53.07
2013-06-27,51.85
2013-06-28,52.46
2013-06-29,53.68
2013-06-30,50.629999999999995
2013-07-01,62.37
2013-07-02,62.37
2013-07-03,58.59
2013-07-04,51.03
2013-07-05,63.0
2013-07-06,56.07
2013-07-07,53.55
2013-07-08,58.59
2013-07-09,57.96
2013-07-10,58.59
2013-07-11,57.33
2013-07-12,58.59
2013-07-13,56.07
2013-07-14,47.88
2013-07-15,57.96
2013-07-16,57.96
2013-07-17,59.85
2013-07-18,56.7
2013-07-19,58.59
2013-07-20,55.44
2013-07-21,52.92
2013-07-22,56.7
2013-07-23,61.11
2013-07-24,59.22
2013-07-25,55.44
2013-07-26,57.96
2013-07-27,56.7
2013-07-28,52.92
2013-07-29,59.22
2013-07-30,59.85
2013-07-31,59.85
2013-08-01,56.64
2013-08-02,59.0
2013-08-03,53.099999999999994
2013-08-04,51.33
2013-08-05,54.279999999999994
2013-08-06,54.87
2013-08-07,55.459999999999994
2013-08-08,54.87
2013-08-09,54.279999999999994
2013-08-10,51.919999999999995
2013-08-11,49.559999999999995
2013-08-12,53.69
2013-08-13,53.099999999999994
2013-08-14,54.279999999999994
2013-08-15,53.099999999999994
2013-08-16,54.87
2013-08-17,50.739999999999995
2013-08-18,49.559999999999995
2013-08-19,51.919999999999995
2013-08-20,54.279999999999994
2013-08-21,53.099999999999994
2013-08-22,53.099999999999994
2013-08-23,51.33
2013-08-24,50.15
2013-08-25,47.79
2013-08-26,52.51
2013-08-27,48.97
2013-08-28,51.33
2013-08-29,50.15
2013-08-30,56.05
2013-08-31,53.099999999999994
2013-09-01,35.64
2013-09-02,40.260000000000005
2013-09-03,41.580000000000005
2013-09-04,40.260000000000005
2013-09-05,40.260000000000005
2013-09-06,40.260000000000005
2013-09-07,40.92
2013-09-08,37.620000000000005
2013-09-09,40.260000000000005
2013-09-10,46.86
2013-09-11,48.84
2013-09-12,46.86
2013-09-13,48.84
2013-09-14,44.88
2013-09-15,42.9
2013-09-16,42.24
2013-09-17,42.9
2013-09-18,42.24
2013-09-19,48.18
2013-09-20,66.0
2013-09-21,53.46
2013-09-22,46.2
2013-09-23,46.2
2013-09-24,43.56
2013-09-25,41.580000000000005
2013-09-26,40.92
2013-09-27,42.24
2013-09-28,43.56
2013-09-29,40.92
2013-09-30,44.22
2013-10-01,56.26
2013-10-02,55.099999999999994
2013-10-03,53.94
2013-10-04,56.26
2013-10-05,52.779999999999994
2013-10-06,52.779999999999994
2013-10-07,55.099999999999994
2013-10-08,53.36
2013-10-09,52.779999999999994
2013-10-10,53.36
2013-10-11,55.67999999999999
2013-10-12,54.519999999999996
2013-10-13,51.04
2013-10-14,53.36
2013-10-15,51.62
2013-10-16,51.62
2013-10-17,54.519999999999996
2013-10-18,53.94
2013-10-19,53.94
2013-10-20,49.3
2013-10-21,54.519999999999996
2013-10-22,57.99999999999999
2013-10-23,53.36
2013-10-24,51.62
2013-10-25,53.94
2013-10-26,51.62
2013-10-27,49.879999999999995
2013-10-28,54.519999999999996
2013-10-29,52.779999999999994
2013-10-30,50.459999999999994
2013-10-31,53.94
2013-11-01,48.13999999999999
2013-11-02,44.66
2013-11-03,40.599999999999994
2013-11-04,42.919999999999995
2013-11-05,40.599999999999994
2013-11-06,40.019999999999996
2013-11-07,40.599999999999994
2013-11-08,42.339999999999996
2013-11-09,40.019999999999996
2013-11-10,37.699999999999996
2013-11-11,38.86
2013-11-12,39.44
2013-11-13,39.44
2013-11-14,40.599999999999994
2013-11-15,43.5
2013-11-16,41.18
2013-11-17,37.12
2013-11-18,41.76
2013-11-19,40.599999999999994
2013-11-20,40.019999999999996
2013-11-21,40.019999999999996
2013-11-22,41.76
2013-11-23,41.76
2013-11-24,39.44
2013-11-25,42.339999999999996
2013-11-26,40.599999999999994
2013-11-27,43.5
2013-11-28,41.76
2013-11-29,57.99999999999999
2013-11-30,50.459999999999994
2013-12-01,46.8
2013-12-02,53.4
2013-12-03,51.0
2013-12-04,46.199999999999996
2013-12-05,46.199999999999996
2013-12-06,47.4
2013-12-07,45.6
2013-12-08,45.6
2013-12-09,45.0
2013-12-10,45.0
2013-12-11,44.4
2013-12-12,46.199999999999996
2013-12-13,46.8
2013-12-14,46.199999999999996
2013-12-15,46.199999999999996
2013-12-16,47.4
2013-12-17,45.0
2013-12-18,45.0
2013-12-19,46.199999999999996
2013-12-20,49.8
2013-12-21,49.199999999999996
2013-12-22,45.6
2013-12-23,49.8
2013-12-24,47.4
2013-12-25,49.8
2013-12-26,60.0
2013-12-27,57.0
2013-12-28,49.8
2013-12-29,48.0
2013-12-30,50.4
2013-12-31,48.0
2014-01-01,46.980000000000004
2014-01-02,54.0
2014-01-03,54.0
2014-01-04,51.84
2014-01-05,45.900000000000006
2014-01-06,47.52
2014-01-07,47.52
2014-01-08,48.06
2014-01-09,48.6
2014-01-10,49.14
2014-01-11,47.52
2014-01-12,44.82
2014-01-13,43.74
2014-01-14,47.52
2014-01-15,48.6
2014-01-16,46.980000000000004
2014-01-17,49.14
2014-01-18,47.52
2014-01-19,44.82
2014-01-20,45.900000000000006
2014-01-21,45.36
2014-01-22,44.82
2014-01-23,44.82
2014-01-24,44.82
2014-01-25,44.82
2014-01-26,39.96
2014-01-27,39.96
2014-01-28,42.120000000000005
2014-01-29,41.040000000000006
2014-01-30,43.74
2014-01-31,45.900000000000006
2014-02-01,47.040000000000006
2014-02-02,42.56
2014-02-03,44.800000000000004
2014-02-04,47.040000000000006
2014-02-05,47.6
2014-02-06,44.24
2014-02-07,47.6
2014-02-08,50.400000000000006
2014-02-09,43.68000000000001
2014-02-10,46.480000000000004
2014-02-11,47.040000000000006
2014-02-12,45.92
2014-02-13,52.080000000000005
2014-02-14,52.64000000000001
2014-02-15,56.00000000000001
2014-02-16,48.160000000000004
2014-02-17,51.52
2014-02-18,47.040000000000006
2014-02-19,48.160000000000004
2014-02-20,45.92
2014-02-21,48.160000000000004
2014-02-22,48.720000000000006
2014-02-23,44.24
2014-02-24,47.040000000000006
2014-02-25,47.040000000000006
2014-02-26,46.480000000000004
2014-02-27,48.160000000000004
2014-02-28,50.96000000000001
2014-03-01,54.0
2014-03-02,46.980000000000004
2014-03-03,49.68000000000001
2014-03-04,48.6
2014-03-05,48.6
2014-03-06,47.52
2014-03-07,48.06
2014-03-08,47.52
2014-03-09,44.82
2014-03-10,47.52
2014-03-11,46.440000000000005
2014-03-12,44.82
2014-03-13,46.440000000000005
2014-03-14,50.760000000000005
2014-03-15,48.6
2014-03-16,45.900000000000006
2014-03-17,47.52
2014-03-18,45.900000000000006
2014-03-19,46.980000000000004
2014-03-20,46.440000000000005
2014-03-21,48.6
2014-03-22,48.06
2014-03-23,45.900000000000006
2014-03-24,48.06
2014-03-25,48.06
2014-03-26,48.06
2014-03-27,45.36
2014-03-28,50.220000000000006
2014-03-29,49.14
2014-03-30,45.36
2014-03-31,48.6
2014-04-01,46.64
2014-04-02,47.7
2014-04-03,48.230000000000004
2014-04-04,48.760000000000005
2014-04-05,50.35
2014-04-06,43.46
2014-04-07,49.29
2014-04-08,47.7
2014-04-09,48.760000000000005
2014-04-10,47.7
2014-04-11,52.470000000000006
2014-04-12,48.760000000000005
2014-04-13,45.580000000000005
2014-04-14,47.7
2014-04-15,52.470000000000006
2014-04-16,50.35
2014-04-17,51.410000000000004
2014-04-18,51.940000000000005
2014-04-19,48.230000000000004
2014-04-20,41.870000000000005
2014-04-21,53.0
2014-04-22,48.760000000000005
2014-04-23,49.82
2014-04-24,48.230000000000004
2014-04-25,48.760000000000005
2014-04-26,49.29
2014-04-27,44.52
2014-04-28,51.410000000000004
2014-04-29,48.230000000000004
2014-04-30,49.82
2014-05-01,53.35
2014-05-02,53.900000000000006
2014-05-03,51.150000000000006
2014-05-04,47.300000000000004
2014-05-05,51.150000000000006
2014-05-06,48.95
2014-05-07,51.7
2014-05-08,50.050000000000004
2014-05-09,49.50000000000001
2014-05-10,48.400000000000006
2014-05-11,46.2
2014-05-12,50.050000000000004
2014-05-13,48.95
2014-05-14,48.95
2014-05-15,50.6
2014-05-16,55.00000000000001
2014-05-17,50.6
2014-05-18,48.400000000000006
2014-05-19,53.35
2014-05-20,48.95
2014-05-21,51.150000000000006
2014-05-22,49.50000000000001
2014-05-23,51.7
2014-05-24,47.85
2014-05-25,44.0
2014-05-26,46.2
2014-05-27,53.900000000000006
2014-05-28,53.900000000000006
2014-05-29,53.35
2014-05-30,54.45
2014-05-31,51.150000000000006
2014-06-01,47.79
2014-06-02,52.51
2014-06-03,53.099999999999994
2014-06-04,51.33
2014-06-05,50.739999999999995
2014-06-06,53.69
2014-06-07,49.559999999999995
2014-06-08,45.43
2014-06-09,50.739999999999995
2014-06-10,53.099999999999994
2014-06-11,51.33
2014-06-12,53.69
2014-06-13,55.459999999999994
2014-06-14,50.15
2014-06-15,46.019999999999996
2014-06-16,53.099999999999994
2014-06-17,51.33
2014-06-18,48.97
2014-06-19,53.69
2014-06-20,54.279999999999994
2014-06-21,49.559999999999995
2014-06-22,45.43
2014-06-23,51.33
2014-06-24,50.15
2014-06-25,49.559999999999995
2014-06-26,53.69
2014-06-27,59.0
2014-06-28,57.23
2014-06-29,46.61
2014-06-30,56.64
2014-07-01,59.0
2014-07-02,55.459999999999994
2014-07-03,56.05
2014-07-04,49.559999999999995
2014-07-05,46.61
2014-07-06,47.79
2014-07-07,56.05
2014-07-08,55.459999999999994
2014-07-09,53.099999999999994
2014-07-10,53.69
2014-07-11,54.279999999999994
2014-07-12,50.15
2014-07-13,48.379999999999995
2014-07-14,53.69
2014-07-15,57.23
2014-07-16,54.279999999999994
2014-07-17,53.69
2014-07-18,56.64
2014-07-19,51.919999999999995
2014-07-20,50.15
2014-07-21,56.64
2014-07-22,57.82
2014-07-23,55.459999999999994
2014-07-24,51.919999999999995
2014-07-25,54.279999999999994
2014-07-26,54.279999999999994
2014-07-27,51.33
2014-07-28,56.05
2014-07-29,55.459999999999994
2014-07-30,53.099999999999994
2014-07-31,56.05
2014-08-01,59.0
2014-08-02,54.279999999999994
2014-08-03,52.51
2014-08-04,56.64
2014-08-05,56.64
2014-08-06,56.05
2014-08-07,57.23
2014-08-08,57.23
2014-08-09,55.459999999999994
2014-08-10,51.33
2014-08-11,57.82
2014-08-12,56.64
2014-08-13,56.05
2014-08-14,54.279999999999994
2014-08-15,55.459999999999994
2014-08-16,54.87
2014-08-17,50.739999999999995
2014-08-18,56.64
2014-08-19,54.87
2014-08-20,54.279999999999994
2014-08-21,54.279999999999994
2014-08-22,57.23
2014-08-23,53.69
2014-08-24,50.739999999999995
2014-08-25,54.279999999999994
2014-08-26,53.099999999999994
2014-08-27,51.33
2014-08-28,54.87
2014-08-29,55.459999999999994
2014-08-30,54.279999999999994
2014-08-31,48.379999999999995
2014-09-01,32.68
2014-09-02,35.72
2014-09-03,35.72
2014-09-04,33.44
2014-09-05,35.72
2014-09-06,34.96
2014-09-07,33.44
2014-09-08,36.480000000000004
2014-09-09,47.88
2014-09-10,57.0
2014-09-11,52.44
2014-09-12,76.0
2014-09-13,50.160000000000004
2014-09-14,44.08
2014-09-15,46.36
2014-09-16,44.84
2014-09-17,41.8
2014-09-18,44.84
2014-09-19,59.28
2014-09-20,57.76
2014-09-21,57.76
2014-09-22,53.96
2014-09-23,52.44
2014-09-24,47.88
2014-09-25,45.6
2014-09-26,46.36
2014-09-27,47.88
2014-09-28,44.08
2014-09-29,47.88
2014-09-30,46.36
2014-10-01,65.0
2014-10-02,59.800000000000004
2014-10-03,61.75
2014-10-04,61.75
2014-10-05,61.75
2014-10-06,61.75
2014-10-07,59.800000000000004
2014-10-08,58.5
2014-10-09,54.6
2014-10-10,57.85
2014-10-11,57.2
2014-10-12,54.6
2014-10-13,57.85
2014-10-14,57.2
2014-10-15,60.45
2014-10-16,56.550000000000004
2014-10-17,59.15
2014-10-18,56.550000000000004
2014-10-19,53.300000000000004
2014-10-20,57.85
2014-10-21,59.800000000000004
2014-10-22,55.25
2014-10-23,55.25
2014-10-24,57.85
2014-10-25,56.550000000000004
2014-10-26,50.050000000000004
2014-10-27,54.6
2014-10-28,55.25
2014-10-29,53.300000000000004
2014-10-30,53.300000000000004
2014-10-31,54.6
2014-11-01,51.84
2014-11-02,48.64
2014-11-03,48.64
2014-11-04,46.72
2014-11-05,44.160000000000004
2014-11-06,46.08
2014-11-07,47.36
2014-11-08,45.44
2014-11-09,41.6
2014-11-10,45.44
2014-11-11,43.52
2014-11-12,43.52
2014-11-13,42.24
2014-11-14,46.72
2014-11-15,46.08
2014-11-16,42.24
2014-11-17,45.44
2014-11-18,43.52
2014-11-19,42.88
2014-11-20,42.24
2014-11-21,44.160000000000004
2014-11-22,44.160000000000004
2014-11-23,43.52
2014-11-24,45.44
2014-11-25,43.52
2014-11-26,49.28
2014-11-27,48.0
2014-11-28,64.0
2014-11-29,51.2
2014-11-30,48.0
2014-12-01,59.85
2014-12-02,53.55
2014-12-03,49.14
2014-12-04,45.99
2014-12-05,50.4
2014-12-06,50.4
2014-12-07,45.99
2014-12-08,47.25
2014-12-09,47.25
2014-12-10,46.62
2014-12-11,45.99
2014-12-12,47.25
2014-12-13,49.77
2014-12-14,48.51
2014-12-15,50.4
2014-12-16,50.4
2014-12-17,48.51
2014-12-18,46.62
2014-12-19,52.92
2014-12-20,52.29
2014-12-21,50.4
2014-12-22,51.660000000000004
2014-12-23,52.92
2014-12-24,49.77
2014-12-25,44.73
2014-12-26,63.0
2014-12-27,54.81
2014-12-28,49.14
2014-12-29,54.81
2014-12-30,51.660000000000004
2014-12-31,49.77
2015-01-01,48.06
2015-01-02,54.0
2015-01-03,50.220000000000006
2015-01-04,47.52
2015-01-05,51.84
2015-01-06,50.220000000000006
2015-01-07,48.06
2015-01-08,46.980000000000004
2015-01-09,48.06
2015-01-10,48.6
2015-01-11,45.900000000000006
2015-01-12,44.28
2015-01-13,46.980000000000004
2015-01-14,45.36
2015-01-15,45.900000000000006
2015-01-16,45.36
2015-01-17,47.52
2015-01-18,41.040000000000006
2015-01-19,45.36
2015-01-20,43.74
2015-01-21,41.580000000000005
2015-01-22,41.580000000000005
2015-01-23,44.28
2015-01-24,45.900000000000006
2015-01-25,39.96
2015-01-26,41.580000000000005
2015-01-27,40.5
2015-01-28,42.660000000000004
2015-01-29,42.120000000000005
2015-01-30,46.440000000000005
2015-01-31,47.52
2015-02-01,44.72
2015-02-02,45.760000000000005
2015-02-03,48.88
2015-02-04,46.800000000000004
2015-02-05,50.96
2015-02-06,52.0
2015-02-07,50.440000000000005
2015-02-08,46.28
2015-02-09,48.36
2015-02-10,48.88
2015-02-11,46.800000000000004
2015-02-12,46.28
2015-02-13,49.4
2015-02-14,49.92
2015-02-15,44.2
2015-02-16,47.84
2015-02-17,46.28
2015-02-18,45.760000000000005
2015-02-19,43.160000000000004
2015-02-20,47.32
2015-02-21,46.28
2015-02-22,42.64
2015-02-23,43.160000000000004
2015-02-24,45.24
2015-02-25,43.68
2015-02-26,45.760000000000005
2015-02-27,46.800000000000004
2015-02-28,48.36
2015-03-01,47.5
2015-03-02,50.0
2015-03-03,47.5
2015-03-04,46.5
2015-03-05,45.5
2015-03-06,47.0
2015-03-07,48.0
2015-03-08,45.5
2015-03-09,46.0
2015-03-10,47.0
2015-03-11,46.5
2015-03-12,45.0
2015-03-13,48.0
2015-03-14,47.5
2015-03-15,43.5
2015-03-16,47.0
2015-03-17,46.0
2015-03-18,46.0
2015-03-19,45.5
2015-03-20,48.5
2015-03-21,43.5
2015-03-22,44.5
2015-03-23,46.0
2015-03-24,45.0
2015-03-25,42.0
2015-03-26,46.5
2015-03-27,49.0
2015-03-28,45.5
2015-03-29,42.0
2015-03-30,46.0
2015-03-31,48.0
2015-04-01,48.96
2015-04-02,46.410000000000004
2015-04-03,49.47
2015-04-04,43.35
2015-04-05,39.27
2015-04-06,50.49
2015-04-07,46.92
2015-04-08,46.92
2015-04-09,45.9
2015-04-10,51.0
2015-04-11,48.96
2015-04-12,44.88
2015-04-13,47.94
2015-04-14,46.410000000000004
2015-04-15,47.43
2015-04-16,46.92
2015-04-17,49.47
2015-04-18,47.94
2015-04-19,44.37
2015-04-20,47.94
2015-04-21,47.94
2015-04-22,48.96
2015-04-23,46.92
2015-04-24,46.410000000000004
2015-04-25,46.410000000000004
2015-04-26,43.35
2015-04-27,45.39
2015-04-28,44.37
2015-04-29,43.86
2015-04-30,45.9
2015-05-01,44.0
2015-05-02,43.0
2015-05-03,39.5
2015-05-04,44.0
2015-05-05,41.0
2015-05-06,43.0
2015-05-07,42.5
2015-05-08,43.0
2015-05-09,43.0
2015-05-10,39.5
2015-05-11,45.0
2015-05-12,50.0
2015-05-13,46.5
2015-05-14,44.0
2015-05-15,44.5
2015-05-16,43.5
2015-05-17,42.0
2015-05-18,47.0
2015-05-19,44.5
2015-05-20,43.0
2015-05-21,45.5
2015-05-22,44.5
2015-05-23,43.5
2015-05-24,37.5
2015-05-25,40.0
2015-05-26,47.5
2015-05-27,47.0
2015-05-28,44.5
2015-05-29,46.5
2015-05-30,44.0
2015-05-31,43.0
2015-06-01,51.300000000000004
2015-06-02,51.84
2015-06-03,51.84
2015-06-04,51.300000000000004
2015-06-05,50.760000000000005
2015-06-06,47.52
2015-06-07,46.440000000000005
2015-06-08,51.300000000000004
2015-06-09,50.760000000000005
2015-06-10,52.92
2015-06-11,51.300000000000004
2015-06-12,52.92
2015-06-13,50.220000000000006
2015-06-14,48.06
2015-06-15,53.46
2015-06-16,52.92
2015-06-17,52.92
2015-06-18,51.300000000000004
2015-06-19,52.38
2015-06-20,48.06
2015-06-21,45.900000000000006
2015-06-22,53.46
2015-06-23,51.300000000000004
2015-06-24,54.0
2015-06-25,51.300000000000004
2015-06-26,49.14
2015-06-27,49.14
2015-06-28,47.52
2015-06-29,52.92
2015-06-30,52.92
2015-07-01,54.0
2015-07-02,51.300000000000004
2015-07-03,46.980000000000004
2015-07-04,43.2
2015-07-05,43.74
2015-07-06,51.84
2015-07-07,52.38
2015-07-08,50.760000000000005
2015-07-09,51.300000000000004
2015-07-10,49.68000000000001
2015-07-11,44.28
2015-07-12,44.28
2015-07-13,48.6
2015-07-14,50.760000000000005
2015-07-15,51.300000000000004
2015-07-16,48.6
2015-07-17,50.760000000000005
2015-07-18,49.14
2015-07-19,43.74
2015-07-20,50.760000000000005
2015-07-21,50.220000000000006
2015-07-22,47.52
2015-07-23,46.440000000000005
2015-07-24,49.68000000000001
2015-07-25,43.74
2015-07-26,44.82
2015-07-27,50.220000000000006
2015-07-28,51.300000000000004
2015-07-29,49.14
2015-07-30,48.6
2015-07-31,49.14
2015-08-01,50.459999999999994
2015-08-02,48.72
2015-08-03,53.36
2015-08-04,50.459999999999994
2015-08-05,52.199999999999996
2015-08-06,46.4
2015-08-07,51.04
2015-08-08,56.26
2015-08-09,52.199999999999996
2015-08-10,57.99999999999999
2015-08-11,54.519999999999996
2015-08-12,53.36
2015-08-13,53.94
2015-08-14,54.519999999999996
2015-08-15,50.459999999999994
2015-08-16,45.82
2015-08-17,48.72
2015-08-18,49.879999999999995
2015-08-19,48.13999999999999
2015-08-20,48.72
2015-08-21,49.879999999999995
2015-08-22,44.66
2015-08-23,45.239999999999995
2015-08-24,47.559999999999995
2015-08-25,45.239999999999995
2015-08-26,45.239999999999995
2015-08-27,46.4
2015-08-28,46.98
2015-08-29,46.98
2015-08-30,43.5
2015-08-31,49.879999999999995
2015-09-01,44.459999999999994
2015-09-02,44.459999999999994
2015-09-03,47.309999999999995
2015-09-04,46.739999999999995
2015-09-05,42.74999999999999
2015-09-06,40.47
2015-09-07,39.9
2015-09-08,45.599999999999994
2015-09-09,47.879999999999995
2015-09-10,50.16
2015-09-11,51.3
2015-09-12,56.99999999999999
2015-09-13,50.16
2015-09-14,47.309999999999995
2015-09-15,46.739999999999995
2015-09-16,44.459999999999994
2015-09-17,43.88999999999999
2015-09-18,45.599999999999994
2015-09-19,45.029999999999994
2015-09-20,45.599999999999994
2015-09-21,50.16
2015-09-22,47.309999999999995
2015-09-23,43.88999999999999
2015-09-24,45.599999999999994
2015-09-25,52.44
2015-09-26,51.87
2015-09-27,46.739999999999995
2015-09-28,49.019999999999996
2015-09-29,47.309999999999995
2015-09-30,49.019999999999996
2015-10-01,48.45
2015-10-02,48.96
2015-10-03,50.49
2015-10-04,48.96
2015-10-05,51.0
2015-10-06,44.88
2015-10-07,46.92
2015-10-08,45.9
2015-10-09,46.92
2015-10-10,46.92
2015-10-11,43.35
2015-10-12,46.92
2015-10-13,46.410000000000004
2015-10-14,44.88
2015-10-15,42.84
2015-10-16,46.92
2015-10-17,45.9
2015-10-18,44.37
2015-10-19,46.410000000000004
2015-10-20,43.86
2015-10-21,42.84
2015-10-22,41.82
2015-10-23,44.37
2015-10-24,43.86
2015-10-25,40.29
2015-10-26,42.84
2015-10-27,42.84
2015-10-28,43.86
2015-10-29,43.86
2015-10-30,44.88
2015-10-31,42.84
2015-11-01,38.0
2015-11-02,37.0
2015-11-03,37.0
2015-11-04,35.0
2015-11-05,36.0
2015-11-06,36.0
2015-11-07,35.5
2015-11-08,33.0
2015-11-09,34.5
2015-11-10,35.5
2015-11-11,33.5
2015-11-12,33.0
2015-11-13,37.0
2015-11-14,34.5
2015-11-15,32.0
2015-11-16,35.5
2015-11-17,33.5
2015-11-18,32.5
2015-11-19,33.5
2015-11-20,37.0
2015-11-21,37.5
2015-11-22,35.0
2015-11-23,34.5
2015-11-24,38.0
2015-11-25,39.5
2015-11-26,36.5
2015-11-27,50.0
2015-11-28,42.0
2015-11-29,36.5
2015-11-30,41.0
2015-12-01,37.230000000000004
2015-12-02,35.19
2015-12-03,34.17
2015-12-04,35.7
2015-12-05,34.68
2015-12-06,33.660000000000004
2015-12-07,33.660000000000004
2015-12-08,33.660000000000004
2015-12-09,32.13
2015-12-10,32.64
2015-12-11,35.19
2015-12-12,34.68
2015-12-13,32.13
2015-12-14,35.7
2015-12-15,35.19
2015-12-16,34.68
2015-12-17,34.17
2015-12-18,38.25
2015-12-19,38.76
2015-12-20,36.72
2015-12-21,37.230000000000004
2015-12-22,39.27
2015-12-23,38.25
2015-12-24,41.31
2015-12-25,33.660000000000004
2015-12-26,41.31
2015-12-27,41.31
2015-12-28,45.9
2015-12-29,51.0
2015-12-30,44.88
2015-12-31,45.39
2016-01-01,42.57
2016-01-02,40.42
2016-01-03,40.42
2016-01-04,43.0
2016-01-05,40.42
2016-01-06,38.269999999999996
2016-01-07,38.7
2016-01-08,36.98
2016-01-09,36.55
2016-01-10,34.4
2016-01-11,33.97
2016-01-12,33.97
2016-01-13,36.12
2016-01-14,33.54
2016-01-15,38.7
2016-01-16,39.99
2016-01-17,36.55
2016-01-18,35.26
2016-01-19,33.11
2016-01-20,34.4
2016-01-21,33.11
2016-01-22,35.26
2016-01-23,33.97
2016-01-24,32.68
2016-01-25,33.97
2016-01-26,35.26
2016-01-27,34.4
2016-01-28,35.26
2016-01-29,36.55
2016-01-30,36.12
2016-01-31,33.97
2016-02-01,39.56
2016-02-02,37.839999999999996
2016-02-03,36.98
2016-02-04,38.269999999999996
2016-02-05,39.99
2016-02-06,39.56
2016-02-07,36.12
2016-02-08,36.12
2016-02-09,36.55
2016-02-10,38.269999999999996
2016-02-11,39.99
2016-02-12,40.42
2016-02-13,42.14
2016-02-14,34.4
2016-02-15,37.839999999999996
2016-02-16,38.269999999999996
2016-02-17,40.85
2016-02-18,38.269999999999996
2016-02-19,39.99
2016-02-20,39.99
2016-02-21,39.13
2016-02-22,40.42
2016-02-23,43.0
2016-02-24,41.28
2016-02-25,39.56
2016-02-26,40.85
2016-02-27,39.56
2016-02-28,36.98
2016-02-29,38.269999999999996
2016-03-01,38.28
2016-03-02,38.28
2016-03-03,38.72
2016-03-04,39.160000000000004
2016-03-05,39.6
2016-03-06,36.96
2016-03-07,37.84
2016-03-08,39.6
2016-03-09,36.96
2016-03-10,37.4
2016-03-11,40.48
2016-03-12,43.56
2016-03-13,39.160000000000004
2016-03-14,37.84
2016-03-15,40.04
2016-03-16,38.28
2016-03-17,36.96
2016-03-18,42.24
2016-03-19,42.68
2016-03-20,37.4
2016-03-21,40.48
2016-03-22,40.92
2016-03-23,39.6
2016-03-24,39.6
2016-03-25,44.0
2016-03-26,41.8
2016-03-27,36.08
2016-03-28,43.12
2016-03-29,42.68
2016-03-30,40.04
2016-03-31,42.68
2016-04-01,42.75
2016-04-02,42.300000000000004
2016-04-03,38.25
2016-04-04,37.35
2016-04-05,36.9
2016-04-06,36.9
2016-04-07,36.0
2016-04-08,38.25
2016-04-09,37.35
2016-04-10,33.75
2016-04-11,37.35
2016-04-12,38.7
2016-04-13,45.0
2016-04-14,41.4
2016-04-15,37.800000000000004
2016-04-16,37.800000000000004
2016-04-17,34.2
2016-04-18,37.800000000000004
2016-04-19,36.0
2016-04-20,35.550000000000004
2016-04-21,33.75
2016-04-22,34.65
2016-04-23,34.65
2016-04-24,32.85
2016-04-25,36.45
2016-04-26,36.9
2016-04-27,34.65
2016-04-28,37.800000000000004
2016-04-29,37.800000000000004
2016-04-30,36.0
2016-05-01,38.269999999999996
2016-05-02,41.28
2016-05-03,39.99
2016-05-04,39.56
2016-05-05,40.42
2016-05-06,39.56
2016-05-07,37.839999999999996
2016-05-08,35.26
2016-05-09,40.42
2016-05-10,39.13
2016-05-11,38.269999999999996
2016-05-12,38.7
2016-05-13,40.85
2016-05-14,36.98
2016-05-15,35.69
2016-05-16,41.28
2016-05-17,40.85
2016-05-18,37.839999999999996
2016-05-19,37.41
2016-05-20,40.42
2016-05-21,40.85
2016-05-22,35.69
2016-05-23,39.99
2016-05-24,38.7
2016-05-25,37.41
2016-05-26,39.56
2016-05-27,43.0
2016-05-28,38.7
2016-05-29,36.98
2016-05-30,36.55
2016-05-31,39.99
2016-06-01,43.56
2016-06-02,40.92
2016-06-03,42.24
2016-06-04,37.4
2016-06-05,38.72
2016-06-06,41.8
2016-06-07,40.92
2016-06-08,37.84
2016-06-09,41.36
2016-06-10,40.92
2016-06-11,37.4
2016-06-12,36.52
2016-06-13,39.6
2016-06-14,44.0
2016-06-15,40.92
2016-06-16,40.48
2016-06-17,41.8
2016-06-18,38.72
2016-06-19,36.52
2016-06-20,42.24
2016-06-21,40.48
2016-06-22,40.92
2016-06-23,39.6
2016-06-24,39.6
2016-06-25,40.04
2016-06-26,36.52
2016-06-27,40.92
2016-06-28,41.8
2016-06-29,40.48
2016-06-30,41.8
2016-07-01,40.419999999999995
2016-07-02,38.54
2016-07-03,34.309999999999995
2016-07-04,35.25
2016-07-05,40.89
2016-07-06,44.18
2016-07-07,44.18
2016-07-08,41.36
2016-07-09,39.48
2016-07-10,38.07
2016-07-11,41.83
2016-07-12,41.36
2016-07-13,41.83
2016-07-14,41.83
2016-07-15,43.239999999999995
2016-07-16,40.89
2016-07-17,37.599999999999994
2016-07-18,43.239999999999995
2016-07-19,40.89
2016-07-20,39.949999999999996
2016-07-21,38.07
2016-07-22,40.89
2016-07-23,38.07
2016-07-24,39.01
2016-07-25,47.0
2016-07-26,40.89
2016-07-27,39.48
2016-07-28,39.48
2016-07-29,39.48
2016-07-30,40.419999999999995
2016-07-31,38.07
2016-08-01,44.550000000000004
2016-08-02,44.550000000000004
2016-08-03,44.550000000000004
2016-08-04,45.0
2016-08-05,42.75
2016-08-06,40.95
2016-08-07,36.0
2016-08-08,41.85
2016-08-09,40.5
2016-08-10,42.300000000000004
2016-08-11,40.95
2016-08-12,42.300000000000004
2016-08-13,39.6
2016-08-14,37.800000000000004
2016-08-15,41.4
2016-08-16,41.85
2016-08-17,39.6
2016-08-18,41.4
2016-08-19,44.1
2016-08-20,41.85
2016-08-21,40.050000000000004
2016-08-22,40.5
2016-08-23,40.050000000000004
2016-08-24,38.7
2016-08-25,39.15
2016-08-26,39.6
2016-08-27,40.95
2016-08-28,37.35
2016-08-29,40.5
2016-08-30,40.5
2016-08-31,38.25
2016-09-01,30.68
2016-09-02,33.28
2016-09-03,32.76
2016-09-04,27.560000000000002
2016-09-05,29.12
2016-09-06,30.16
2016-09-07,37.96
2016-09-08,45.760000000000005
2016-09-09,52.0
2016-09-10,41.08
2016-09-11,35.88
2016-09-12,37.44
2016-09-13,34.32
2016-09-14,35.36
2016-09-15,35.36
2016-09-16,44.72
2016-09-17,42.120000000000005
2016-09-18,40.04
2016-09-19,37.44
2016-09-20,36.4
2016-09-21,36.4
2016-09-22,35.88
2016-09-23,37.44
2016-09-24,35.88
2016-09-25,35.36
2016-09-26,35.36
2016-09-27,32.76
2016-09-28,34.32
2016-09-29,34.32
2016-09-30,36.4
2016-10-01,45.0
2016-10-02,41.4
2016-10-03,42.75
2016-10-04,40.95
2016-10-05,41.4
2016-10-06,41.4
2016-10-07,40.050000000000004
2016-10-08,43.65
2016-10-09,39.6
2016-10-10,40.050000000000004
2016-10-11,42.300000000000004
2016-10-12,43.2
2016-10-13,42.300000000000004
2016-10-14,41.85
2016-10-15,42.75
2016-10-16,39.15
2016-10-17,40.050000000000004
2016-10-18,39.15
2016-10-19,39.6
2016-10-20,39.6
2016-10-21,40.5
2016-10-22,42.75
2016-10-23,39.15
2016-10-24,39.6
2016-10-25,37.800000000000004
2016-10-26,36.9
2016-10-27,36.45
2016-10-28,37.800000000000004
2016-10-29,36.0
2016-10-30,34.65
2016-10-31,36.9
2016-11-01,26.1
2016-11-02,25.2
2016-11-03,23.85
2016-11-04,26.1
2016-11-05,26.55
2016-11-06,23.85
2016-11-07,24.3
2016-11-08,21.150000000000002
2016-11-09,17.55
2016-11-10,23.85
2016-11-11,25.2
2016-11-12,25.2
2016-11-13,23.85
2016-11-14,23.85
2016-11-15,25.2
2016-11-16,25.2
2016-11-17,24.3
2016-11-18,25.2
2016-11-19,27.45
2016-11-20,25.650000000000002
2016-11-21,27.0
2016-11-22,27.0
2016-11-23,29.7
2016-11-24,33.75
2016-11-25,45.0
2016-11-26,34.65
2016-11-27,31.5
2016-11-28,32.85
2016-11-29,29.25
2016-11-30,26.1
2016-12-01,38.25
2016-12-02,37.35
2016-12-03,39.15
2016-12-04,36.9
2016-12-05,35.550000000000004
2016-12-06,35.550000000000004
2016-12-07,36.45
2016-12-08,34.65
2016-12-09,36.0
2016-12-10,36.9
2016-12-11,35.550000000000004
2016-12-12,34.65
2016-12-13,34.65
2016-12-14,33.75
2016-12-15,35.1
2016-12-16,38.7
2016-12-17,40.5
2016-12-18,40.5
2016-12-19,40.95
2016-12-20,41.4
2016-12-21,40.5
2016-12-22,41.4
2016-12-23,43.2
2016-12-24,38.7
2016-12-25,34.65
2016-12-26,45.0
2016-12-27,40.5
2016-12-28,40.5
2016-12-29,38.25
2016-12-30,39.15
2016-12-31,36.0
2017-01-01,35.49
2017-01-02,39.0
2017-01-03,38.22
2017-01-04,37.83
2017-01-05,35.88
2017-01-06,35.49
2017-01-07,36.27
2017-01-08,34.32
2017-01-09,32.76
2017-01-10,35.1
2017-01-11,33.54
2017-01-12,32.76
2017-01-13,34.71
2017-01-14,35.49
2017-01-15,33.93
2017-01-16,35.1
2017-01-17,31.59
2017-01-18,32.76
2017-01-19,32.76
2017-01-20,31.98
2017-01-21,33.15
2017-01-22,31.200000000000003
2017-01-23,31.59
2017-01-24,33.93
2017-01-25,31.98
2017-01-26,31.59
2017-01-27,33.54
2017-01-28,33.93
2017-01-29,30.03
2017-01-30,30.810000000000002
2017-01-31,31.200000000000003
2017-02-01,18.0
2017-02-02,18.45
2017-02-03,19.35
2017-02-04,19.35
2017-02-05,17.55
2017-02-06,18.0
2017-02-07,18.0
2017-02-08,17.55
2017-02-09,18.0
2017-02-10,18.0
2017-02-11,18.900000000000002
2017-02-12,18.900000000000002
2017-02-13,45.0
2017-02-14,32.85
2017-02-15,30.150000000000002
2017-02-16,26.1
2017-02-17,25.2
2017-02-18,26.1
2017-02-19,22.95
2017-02-20,22.95
2017-02-21,21.6
2017-02-22,21.6
2017-02-23,22.05
2017-02-24,22.95
2017-02-25,23.400000000000002
2017-02-26,21.6
2017-02-27,20.7
2017-02-28,21.150000000000002
2017-03-01,39.2
2017-03-02,38.0
2017-03-03,39.2
2017-03-04,39.6
2017-03-05,36.800000000000004
2017-03-06,36.800000000000004
2017-03-07,35.6
2017-03-08,35.6
2017-03-09,34.800000000000004
2017-03-10,37.2
2017-03-11,38.0
2017-03-12,35.2
2017-03-13,34.4
2017-03-14,34.4
2017-03-15,36.0
2017-03-16,36.4
2017-03-17,35.2
2017-03-18,36.0
2017-03-19,33.6
2017-03-20,34.4
2017-03-21,35.2
2017-03-22,36.4
2017-03-23,34.800000000000004
2017-03-24,37.6
2017-03-25,35.2
2017-03-26,34.0
2017-03-27,34.4
2017-03-28,34.0
2017-03-29,36.0
2017-03-30,39.2
2017-03-31,40.0
2017-04-01,36.27
2017-04-02,32.76
2017-04-03,35.49
2017-04-04,34.32
2017-04-05,33.15
2017-04-06,34.32
2017-04-07,32.76
2017-04-08,33.93
2017-04-09,30.42
2017-04-10,32.370000000000005
2017-04-11,31.200000000000003
2017-04-12,31.98
2017-04-13,32.76
2017-04-14,34.71
2017-04-15,31.200000000000003
2017-04-16,27.69
2017-04-17,31.59
2017-04-18,32.76
2017-04-19,32.76
2017-04-20,34.32
2017-04-21,39.0
2017-04-22,36.660000000000004
2017-04-23,32.370000000000005
2017-04-24,32.76
2017-04-25,33.15
2017-04-26,33.93
2017-04-27,32.76
2017-04-28,33.93
2017-04-29,34.32
2017-04-30,32.370000000000005
2017-05-01,33.82
2017-05-02,33.06
2017-05-03,33.82
2017-05-04,32.3
2017-05-05,31.54
2017-05-06,33.82
2017-05-07,32.68
2017-05-08,36.480000000000004
2017-05-09,32.68
2017-05-10,31.92
2017-05-11,33.06
2017-05-12,34.2
2017-05-13,38.0
2017-05-14,31.16
2017-05-15,34.58
2017-05-16,33.44
2017-05-17,31.54
2017-05-18,31.54
2017-05-19,33.06
2017-05-20,33.82
2017-05-21,33.06
2017-05-22,33.82
2017-05-23,34.96
2017-05-24,33.06
2017-05-25,33.44
2017-05-26,34.2
2017-05-27,31.16
2017-05-28,30.02
2017-05-29,33.44
2017-05-30,33.06
2017-05-31,34.96
2017-06-01,36.800000000000004
2017-06-02,36.4
2017-06-03,36.0
2017-06-04,33.6
2017-06-05,36.4
2017-06-06,36.4
2017-06-07,34.0
2017-06-08,34.800000000000004
2017-06-09,36.800000000000004
2017-06-10,34.4
2017-06-11,34.0
2017-06-12,35.6
2017-06-13,34.800000000000004
2017-06-14,37.6
2017-06-15,38.800000000000004
2017-06-16,39.6
2017-06-17,34.800000000000004
2017-06-18,32.800000000000004
2017-06-19,38.800000000000004
2017-06-20,36.800000000000004
2017-06-21,36.800000000000004
2017-06-22,36.4
2017-06-23,38.0
2017-06-24,36.0
2017-06-25,34.0
2017-06-26,38.0
2017-06-27,37.6
2017-06-28,38.0
2017-06-29,37.6
2017-06-30,40.0
2017-07-01,31.6
2017-07-02,28.0
2017-07-03,32.0
2017-07-04,30.0
2017-07-05,32.0
2017-07-06,34.800000000000004
2017-07-07,32.0
2017-07-08,28.8
2017-07-09,28.0
2017-07-10,32.800000000000004
2017-07-11,32.0
2017-07-12,34.800000000000004
2017-07-13,40.0
2017-07-14,34.4
2017-07-15,31.200000000000003
2017-07-16,30.400000000000002
2017-07-17,32.4
2017-07-18,32.4
2017-07-19,32.0
2017-07-20,30.400000000000002
2017-07-21,32.800000000000004
2017-07-22,32.0
2017-07-23,32.4
2017-07-24,32.4
2017-07-25,31.6
2017-07-26,32.0
2017-07-27,31.6
2017-07-28,31.6
2017-07-29,33.6
2017-07-30,27.6
2017-07-31,33.2
2017-08-01,39.0
2017-08-02,38.61
2017-08-03,36.27
2017-08-04,39.0
2017-08-05,35.49
2017-08-06,33.54
2017-08-07,36.660000000000004
2017-08-08,37.44
2017-08-09,36.27
2017-08-10,37.050000000000004
2017-08-11,38.22
2017-08-12,35.88
2017-08-13,33.15
2017-08-14,35.49
2017-08-15,35.88
2017-08-16,35.88
2017-08-17,34.32
2017-08-18,35.49
2017-08-19,36.27
2017-08-20,32.370000000000005
2017-08-21,31.200000000000003
2017-08-22,38.61
2017-08-23,39.0
2017-08-24,35.49
2017-08-25,37.050000000000004
2017-08-26,36.660000000000004
2017-08-27,32.370000000000005
2017-08-28,34.71
2017-08-29,35.88
2017-08-30,31.98
2017-08-31,35.1
2017-09-01,31.6
2017-09-02,29.6
2017-09-03,27.6
2017-09-04,27.6
2017-09-05,28.400000000000002
2017-09-06,29.200000000000003
2017-09-07,28.400000000000002
2017-09-08,29.6
2017-09-09,28.8
2017-09-10,28.0
2017-09-11,29.6
2017-09-12,37.6
2017-09-13,39.6
2017-09-14,35.6
2017-09-15,40.0
2017-09-16,35.2
2017-09-17,32.800000000000004
2017-09-18,32.4
2017-09-19,31.6
2017-09-20,32.0
2017-09-21,31.200000000000003
2017-09-22,36.0
2017-09-23,34.4
2017-09-24,32.4
2017-09-25,30.8
2017-09-26,32.0
2017-09-27,30.400000000000002
2017-09-28,29.6
2017-09-29,32.4
2017-09-30,33.2
2017-10-01,29.23
2017-10-02,27.009999999999998
2017-10-03,27.38
2017-10-04,28.12
2017-10-05,26.64
2017-10-06,28.49
2017-10-07,27.38
2017-10-08,26.64
2017-10-09,28.49
2017-10-10,26.64
2017-10-11,26.64
2017-10-12,26.64
2017-10-13,28.49
2017-10-14,28.12
2017-10-15,27.38
2017-10-16,26.64
2017-10-17,27.38
2017-10-18,27.009999999999998
2017-10-19,27.38
2017-10-20,30.71
2017-10-21,28.49
2017-10-22,27.009999999999998
2017-10-23,28.12
2017-10-24,26.27
2017-10-25,27.75
2017-10-26,27.75
2017-10-27,37.0
2017-10-28,30.34
2017-10-29,27.38
2017-10-30,27.38
2017-10-31,26.64
2017-11-01,25.619999999999997
2017-11-02,24.36
2017-11-03,28.98
2017-11-04,28.56
2017-11-05,26.459999999999997
2017-11-06,26.459999999999997
2017-11-07,25.2
2017-11-08,23.52
2017-11-09,25.2
2017-11-10,27.3
2017-11-11,25.619999999999997
2017-11-12,24.779999999999998
2017-11-13,23.939999999999998
2017-11-14,23.099999999999998
2017-11-15,25.2
2017-11-16,26.459999999999997
2017-11-17,27.72
2017-11-18,26.88
2017-11-19,26.04
2017-11-20,26.88
2017-11-21,26.88
2017-11-22,29.4
2017-11-23,32.76
2017-11-24,42.0
2017-11-25,31.5
2017-11-26,27.72
2017-11-27,31.5
2017-11-28,26.04
2017-11-29,23.52
2017-11-30,25.2
2017-12-01,32.8
2017-12-02,33.62
2017-12-03,29.11
2017-12-04,29.11
2017-12-05,27.88
2017-12-06,28.29
2017-12-07,27.47
2017-12-08,27.88
2017-12-09,29.93
2017-12-10,28.29
2017-12-11,29.11
2017-12-12,27.47
2017-12-13,27.47
2017-12-14,29.11
2017-12-15,32.39
2017-12-16,33.21
2017-12-17,30.749999999999996
2017-12-18,31.569999999999997
2017-12-19,30.749999999999996
2017-12-20,29.93
2017-12-21,32.39
2017-12-22,34.44
2017-12-23,34.44
2017-12-24,31.159999999999997
2017-12-25,27.47
2017-12-26,41.0
2017-12-27,36.489999999999995
2017-12-28,35.26
2017-12-29,34.85
2017-12-30,31.979999999999997
2017-12-31,27.88
2018-01-01,31.849999999999998
2018-01-02,35.0
2018-01-03,34.3
2018-01-04,33.949999999999996
2018-01-05,35.0
2018-01-06,33.949999999999996
2018-01-07,33.25
2018-01-08,29.4
2018-01-09,29.749999999999996
2018-01-10,31.15
2018-01-11,29.049999999999997
2018-01-12,31.15
2018-01-13,33.599999999999994
2018-01-14,31.499999999999996
2018-01-15,30.099999999999998
2018-01-16,27.65
2018-01-17,28.0
2018-01-18,29.749999999999996
2018-01-19,32.199999999999996
2018-01-20,29.049999999999997
2018-01-21,27.299999999999997
2018-01-22,26.95
2018-01-23,28.7
2018-01-24,28.349999999999998
2018-01-25,28.349999999999998
2018-01-26,28.7
2018-01-27,30.45
2018-01-28,28.349999999999998
2018-01-29,29.4
2018-01-30,27.299999999999997
2018-01-31,29.4
2018-02-01,32.64
2018-02-02,33.660000000000004
2018-02-03,33.660000000000004
2018-02-04,30.26
2018-02-05,29.92
2018-02-06,31.28
2018-02-07,29.92
2018-02-08,30.6
2018-02-09,29.92
2018-02-10,33.32
2018-02-11,31.28
2018-02-12,30.26
2018-02-13,29.580000000000002
2018-02-14,28.900000000000002
2018-02-15,29.92
2018-02-16,31.96
2018-02-17,33.32
2018-02-18,31.28
2018-02-19,30.26
2018-02-20,29.92
2018-02-21,30.26
2018-02-22,31.96
2018-02-23,32.300000000000004
2018-02-24,34.0
2018-02-25,32.300000000000004
2018-02-26,30.94
2018-02-27,31.28
2018-02-28,31.96
2018-03-01,28.220000000000002
2018-03-02,31.96
2018-03-03,34.0
2018-03-04,28.900000000000002
2018-03-05,27.540000000000003
2018-03-06,27.200000000000003
2018-03-07,26.860000000000003
2018-03-08,27.200000000000003
2018-03-09,28.220000000000002
2018-03-10,29.240000000000002
2018-03-11,26.860000000000003
2018-03-12,27.540000000000003
2018-03-13,26.180000000000003
2018-03-14,26.860000000000003
2018-03-15,26.860000000000003
2018-03-16,28.220000000000002
2018-03-17,28.220000000000002
2018-03-18,27.200000000000003
2018-03-19,26.520000000000003
2018-03-20,26.520000000000003
2018-03-21,26.860000000000003
2018-03-22,26.180000000000003
2018-03-23,28.220000000000002
2018-03-24,27.880000000000003
2018-03-25,26.520000000000003
2018-03-26,27.880000000000003
2018-03-27,26.520000000000003
2018-03-28,25.500000000000004
2018-03-29,27.880000000000003
2018-03-30,29.240000000000002
2018-03-31,27.200000000000003
2018-04-01,21.44
2018-04-02,26.560000000000002
2018-04-03,24.96
2018-04-04,24.96
2018-04-05,25.28
2018-04-06,25.92
2018-04-07,26.240000000000002
2018-04-08,23.36
2018-04-09,24.64
2018-04-10,24.32
2018-04-11,24.64
2018-04-12,24.0
2018-04-13,32.0
2018-04-14,23.68
2018-04-15,23.68
2018-04-16,23.04
2018-04-17,24.96
2018-04-18,22.400000000000002
2018-04-19,24.32
2018-04-20,24.0
2018-04-21,24.0
2018-04-22,23.36
2018-04-23,23.04
2018-04-24,24.0
2018-04-25,23.68
2018-04-26,24.0
2018-04-27,22.72
2018-04-28,24.32
2018-04-29,23.36
2018-04-30,24.32
2018-05-01,32.64
2018-05-02,30.26
2018-05-03,28.900000000000002
2018-05-04,32.300000000000004
2018-05-05,30.94
2018-05-06,29.240000000000002
2018-05-07,30.26
2018-05-08,28.220000000000002
2018-05-09,30.26
2018-05-10,29.240000000000002
2018-05-11,34.0
2018-05-12,30.26
2018-05-13,29.92
2018-05-14,32.980000000000004
2018-05-15,30.94
2018-05-16,31.28
2018-05-17,30.6
2018-05-18,32.300000000000004
2018-05-19,30.94
2018-05-20,29.580000000000002
2018-05-21,30.6
2018-05-22,31.28
2018-05-23,30.26
2018-05-24,31.28
2018-05-25,30.6
2018-05-26,31.62
2018-05-27,28.560000000000002
2018-05-28,31.28
2018-05-29,30.6
2018-05-30,32.300000000000004
2018-05-31,34.0
2018-06-01,32.56
2018-06-02,29.6
2018-06-03,31.08
2018-06-04,31.08
2018-06-05,32.19
2018-06-06,31.82
2018-06-07,30.71
2018-06-08,33.3
2018-06-09,30.34
2018-06-10,28.86
2018-06-11,31.82
2018-06-12,32.93
2018-06-13,37.0
2018-06-14,32.93
2018-06-15,35.89
2018-06-16,32.19
2018-06-17,29.23
2018-06-18,34.04
2018-06-19,32.93
2018-06-20,32.56
2018-06-21,32.19
2018-06-22,32.93
2018-06-23,30.71
2018-06-24,31.82
2018-06-25,33.67
2018-06-26,32.56
2018-06-27,30.71
2018-06-28,34.04
2018-06-29,35.519999999999996
2018-06-30,31.45
2018-07-01,33.67
2018-07-02,35.519999999999996
2018-07-03,35.519999999999996
2018-07-04,30.71
2018-07-05,36.26
2018-07-06,36.26
2018-07-07,32.56
2018-07-08,31.45
2018-07-09,35.519999999999996
2018-07-10,35.519999999999996
2018-07-11,34.41
2018-07-12,36.26
2018-07-13,37.0
2018-07-14,32.56
2018-07-15,31.08
2018-07-16,34.78
2018-07-17,35.89
2018-07-18,35.15
2018-07-19,34.04
2018-07-20,34.04
2018-07-21,32.56
2018-07-22,31.82
2018-07-23,35.89
2018-07-24,36.26
2018-07-25,34.04
2018-07-26,33.67
2018-07-27,33.67
2018-07-28,32.56
2018-07-29,31.45
2018-07-30,35.15
2018-07-31,35.519999999999996
2018-08-01,36.1
2018-08-02,33.44
2018-08-03,34.96
2018-08-04,33.06
2018-08-05,30.78
2018-08-06,34.58
2018-08-07,34.2
2018-08-08,32.68
2018-08-09,33.82
2018-08-10,38.0
2018-08-11,35.34
2018-08-12,32.68
2018-08-13,35.34
2018-08-14,36.1
2018-08-15,36.1
2018-08-16,35.34
2018-08-17,34.96
2018-08-18,33.06
2018-08-19,31.92
2018-08-20,34.2
2018-08-21,34.2
2018-08-22,35.34
2018-08-23,35.34
2018-08-24,36.1
2018-08-25,35.34
2018-08-26,30.78
2018-08-27,34.96
2018-08-28,33.82
2018-08-29,31.92
2018-08-30,31.16
2018-08-31,34.96
2018-09-01,30.8
2018-09-02,27.200000000000003
2018-09-03,28.0
2018-09-04,29.6
2018-09-05,28.400000000000002
2018-09-06,29.200000000000003
2018-09-07,30.0
2018-09-08,27.6
2018-09-09,31.200000000000003
2018-09-10,29.6
2018-09-11,27.6
2018-09-12,32.4
2018-09-13,35.2
2018-09-14,39.2
2018-09-15,32.4
2018-09-16,33.2
2018-09-17,31.200000000000003
2018-09-18,30.8
2018-09-19,30.8
2018-09-20,30.0
2018-09-21,34.800000000000004
2018-09-22,36.0
2018-09-23,32.0
2018-09-24,32.4
2018-09-25,40.0
2018-09-26,31.6
2018-09-27,30.8
2018-09-28,33.2
2018-09-29,31.6
2018-09-30,30.0
2018-10-01,36.0
2018-10-02,35.64
2018-10-03,34.199999999999996
2018-10-04,33.839999999999996
2018-10-05,34.92
2018-10-06,33.48
2018-10-07,31.32
2018-10-08,33.12
2018-10-09,33.839999999999996
2018-10-10,33.12
2018-10-11,33.48
2018-10-12,33.48
2018-10-13,31.68
2018-10-14,31.68
2018-10-15,32.4
2018-10-16,30.959999999999997
2018-10-17,30.24
2018-10-18,31.68
2018-10-19,34.56
2018-10-20,31.32
2018-10-21,31.68
2018-10-22,31.32
2018-10-23,30.599999999999998
2018-10-24,29.52
2018-10-25,30.24
2018-10-26,32.04
2018-10-27,32.76
2018-10-28,30.24
2018-10-29,30.959999999999997
2018-10-30,30.599999999999998
2018-10-31,29.88
2018-11-01,18.45
2018-11-02,19.27
2018-11-03,19.27
2018-11-04,18.04
2018-11-05,17.63
2018-11-06,17.22
2018-11-07,15.579999999999998
2018-11-08,17.22
2018-11-09,18.86
2018-11-10,19.68
2018-11-11,18.04
2018-11-12,18.04
2018-11-13,16.81
2018-11-14,17.63
2018-11-15,18.45
2018-11-16,20.09
2018-11-17,20.91
2018-11-18,22.549999999999997
2018-11-19,20.91
2018-11-20,20.91
2018-11-21,22.549999999999997
2018-11-22,27.47
2018-11-23,41.0
2018-11-24,25.83
2018-11-25,22.139999999999997
2018-11-26,24.189999999999998
2018-11-27,21.32
2018-11-28,19.27
2018-11-29,18.45
2018-11-30,19.27
2018-12-01,29.64
2018-12-02,27.69
2018-12-03,28.080000000000002
2018-12-04,28.86
2018-12-05,26.91
2018-12-06,27.3
2018-12-07,29.25
2018-12-08,27.69
2018-12-09,25.740000000000002
2018-12-10,28.080000000000002
2018-12-11,28.470000000000002
2018-12-12,28.470000000000002
2018-12-13,28.080000000000002
2018-12-14,30.03
2018-12-15,31.59
2018-12-16,30.03
2018-12-17,28.86
2018-12-18,28.080000000000002
2018-12-19,28.86
2018-12-20,28.080000000000002
2018-12-21,30.42
2018-12-22,33.54
2018-12-23,31.59
2018-12-24,30.810000000000002
2018-12-25,26.52
2018-12-26,39.0
2018-12-27,36.660000000000004
2018-12-28,37.44
2018-12-29,31.98
2018-12-30,29.25
2018-12-31,30.42
2019-01-01,29.580000000000002
2019-01-02,33.660000000000004
2019-01-03,34.0
2019-01-04,32.64
2019-01-05,31.28
2019-01-06,27.880000000000003
2019-01-07,26.520000000000003
2019-01-08,27.540000000000003
2019-01-09,26.520000000000003
2019-01-10,27.200000000000003
2019-01-11,27.540000000000003
2019-01-12,28.220000000000002
2019-01-13,26.860000000000003
2019-01-14,26.860000000000003
2019-01-15,26.860000000000003
2019-01-16,28.900000000000002
2019-01-17,26.860000000000003
2019-01-18,29.580000000000002
2019-01-19,27.880000000000003
2019-01-20,26.180000000000003
2019-01-21,28.560000000000002
2019-01-22,26.180000000000003
2019-01-23,26.180000000000003
2019-01-24,25.840000000000003
2019-01-25,27.540000000000003
2019-01-26,27.880000000000003
2019-01-27,25.16
2019-01-28,25.500000000000004
2019-01-29,26.520000000000003
2019-01-30,25.500000000000004
2019-01-31,25.840000000000003
2019-02-01,29.37
2019-02-02,30.360000000000003
2019-02-03,26.07
2019-02-04,30.03
2019-02-05,30.360000000000003
2019-02-06,28.380000000000003
2019-02-07,27.060000000000002
2019-02-08,29.040000000000003
2019-02-09,32.01
2019-02-10,28.380000000000003
2019-02-11,26.73
2019-02-12,28.380000000000003
2019-02-13,28.380000000000003
2019-02-14,27.060000000000002
2019-02-15,30.360000000000003
2019-02-16,30.360000000000003
2019-02-17,26.73
2019-02-18,29.700000000000003
2019-02-19,26.73
2019-02-20,30.03
2019-02-21,31.35
2019-02-22,33.0
2019-02-23,31.68
2019-02-24,30.360000000000003
2019-02-25,28.380000000000003
2019-02-26,28.380000000000003
2019-02-27,32.34
2019-02-28,30.360000000000003
2019-03-01,31.96
2019-03-02,30.94
2019-03-03,27.880000000000003
2019-03-04,28.560000000000002
2019-03-05,28.220000000000002
2019-03-06,28.220000000000002
2019-03-07,28.900000000000002
2019-03-08,31.28
2019-03-09,32.980000000000004
2019-03-10,29.580000000000002
2019-03-11,29.240000000000002
2019-03-12,34.0
2019-03-13,28.900000000000002
2019-03-14,28.560000000000002
2019-03-15,30.26
2019-03-16,30.6
2019-03-17,27.540000000000003
2019-03-18,28.220000000000002
2019-03-19,28.560000000000002
2019-03-20,27.200000000000003
2019-03-21,27.200000000000003
2019-03-22,30.26
2019-03-23,29.580000000000002
2019-03-24,27.540000000000003
2019-03-25,27.540000000000003
2019-03-26,29.580000000000002
2019-03-27,28.560000000000002
2019-03-28,29.580000000000002
2019-03-29,31.28
2019-03-30,28.560000000000002
2019-03-31,27.540000000000003
2019-04-01,31.04
2019-04-02,30.72
2019-04-03,30.400000000000002
2019-04-04,30.72
2019-04-05,30.72
2019-04-06,30.080000000000002
2019-04-07,28.48
2019-04-08,28.16
2019-04-09,29.12
2019-04-10,29.76
2019-04-11,28.48
2019-04-12,29.76
2019-04-13,29.76
2019-04-14,28.48
2019-04-15,29.76
2019-04-16,29.44
2019-04-17,29.12
2019-04-18,29.44
2019-04-19,32.0
2019-04-20,30.080000000000002
2019-04-21,25.92
2019-04-22,32.0
2019-04-23,32.0
2019-04-24,29.76
2019-04-25,29.76
2019-04-26,29.76
2019-04-27,30.080000000000002
2019-04-28,29.76
2019-04-29,30.72
2019-04-30,30.080000000000002
2019-05-01,29.76
2019-05-02,27.2
2019-05-03,28.48
2019-05-04,28.8
2019-05-05,26.560000000000002
2019-05-06,27.84
2019-05-07,26.88
2019-05-08,27.2
2019-05-09,27.84
2019-05-10,28.16
2019-05-11,29.44
2019-05-12,26.560000000000002
2019-05-13,28.8
2019-05-14,29.12
2019-05-15,29.76
2019-05-16,27.84
2019-05-17,29.12
2019-05-18,28.16
2019-05-19,26.560000000000002
2019-05-20,28.16
2019-05-21,29.12
2019-05-22,27.84
2019-05-23,27.52
2019-05-24,29.12
2019-05-25,28.8
2019-05-26,25.6
2019-05-27,27.2
2019-05-28,29.12
2019-05-29,28.8
2019-05-30,29.44
2019-05-31,32.0
2019-06-01,34.199999999999996
2019-06-02,32.76
2019-06-03,31.68
2019-06-04,31.32
2019-06-05,33.12
2019-06-06,32.04
2019-06-07,34.56
2019-06-08,30.599999999999998
2019-06-09,29.88
2019-06-10,34.199999999999996
2019-06-11,33.48
2019-06-12,33.12
2019-06-13,31.68
2019-06-14,34.199999999999996
2019-06-15,31.68
2019-06-16,31.32
2019-06-17,36.0
2019-06-18,33.839999999999996
2019-06-19,33.12
2019-06-20,32.04
2019-06-21,32.04
2019-06-22,30.599999999999998
2019-06-23,28.799999999999997
2019-06-24,35.28
2019-06-25,35.28
2019-06-26,32.4
2019-06-27,32.04
2019-06-28,34.56
2019-06-29,34.56
2019-06-30,30.24
2019-07-01,35.28
2019-07-02,34.199999999999996
2019-07-03,36.0
2019-07-04,28.08
2019-07-05,35.64
2019-07-06,30.959999999999997
2019-07-07,29.52
2019-07-08,34.199999999999996
2019-07-09,34.199999999999996
2019-07-10,33.839999999999996
2019-07-11,33.12
2019-07-12,35.64
2019-07-13,32.76
2019-07-14,29.16
2019-07-15,35.28
2019-07-16,34.56
2019-07-17,33.12
2019-07-18,33.48
2019-07-19,33.12
2019-07-20,31.32
2019-07-21,30.24
2019-07-22,33.839999999999996
2019-07-23,34.92
2019-07-24,32.4
2019-07-25,33.839999999999996
2019-07-26,33.839999999999996
2019-07-27,30.959999999999997
2019-07-28,29.52
2019-07-29,34.199999999999996
2019-07-30,34.92
2019-07-31,34.199999999999996
2019-08-01,30.599999999999998
2019-08-02,36.0
2019-08-03,29.16
2019-08-04,26.64
2019-08-05,30.599999999999998
2019-08-06,30.24
2019-08-07,30.599999999999998
2019-08-08,30.24
2019-08-09,29.52
2019-08-10,29.88
2019-08-11,25.919999999999998
2019-08-12,30.599999999999998
2019-08-13,30.24
2019-08-14,29.16
2019-08-15,29.16
2019-08-16,29.16
2019-08-17,28.08
2019-08-18,27.0
2019-08-19,29.52
2019-08-20,29.88
2019-08-21,29.88
2019-08-22,29.16
2019-08-23,30.24
2019-08-24,30.24
2019-08-25,27.0
2019-08-26,28.799999999999997
2019-08-27,27.36
2019-08-28,28.799999999999997
2019-08-29,26.64
2019-08-30,29.16
2019-08-31,28.08
2019-09-01,25.9
2019-09-02,27.009999999999998
2019-09-03,28.12
2019-09-04,27.75
2019-09-05,28.49
2019-09-06,31.08
2019-09-07,28.12
2019-09-08,27.38
2019-09-09,27.38
2019-09-10,30.34
2019-09-11,33.67
2019-09-12,30.34
2019-09-13,34.78
2019-09-14,32.56
2019-09-15,29.6
2019-09-16,29.23
2019-09-17,30.34
2019-09-18,28.49
2019-09-19,28.12
2019-09-20,35.89
2019-09-21,37.0
2019-09-22,33.3
2019-09-23,34.04
2019-09-24,32.19
2019-09-25,30.71
2019-09-26,30.71
2019-09-27,31.45
2019-09-28,32.56
2019-09-29,31.08
2019-09-30,31.82
2019-10-01,33.599999999999994
2019-10-02,30.799999999999997
2019-10-03,31.849999999999998
2019-10-04,31.499999999999996
2019-10-05,30.799999999999997
2019-10-06,30.099999999999998
2019-10-07,29.4
2019-10-08,30.45
2019-10-09,30.099999999999998
2019-10-10,29.749999999999996
2019-10-11,30.799999999999997
2019-10-12,31.15
2019-10-13,28.349999999999998
2019-10-14,29.749999999999996
2019-10-15,31.499999999999996
2019-10-16,32.9
2019-10-17,35.0
2019-10-18,32.199999999999996
2019-10-19,29.4
2019-10-20,27.65
2019-10-21,28.0
2019-10-22,30.799999999999997
2019-10-23,30.099999999999998
2019-10-24,29.049999999999997
2019-10-25,29.4
2019-10-26,29.049999999999997
2019-10-27,27.299999999999997
2019-10-28,27.65
2019-10-29,27.65
2019-10-30,27.65
2019-10-31,26.599999999999998
2019-11-01,21.12
2019-11-02,21.56
2019-11-03,20.68
2019-11-04,20.68
2019-11-05,18.92
2019-11-06,19.8
2019-11-07,20.24
2019-11-08,21.12
2019-11-09,22.0
2019-11-10,19.8
2019-11-11,21.12
2019-11-12,40.48
2019-11-13,40.92
2019-11-14,32.56
2019-11-15,29.48
2019-11-16,31.68
2019-11-17,28.6
2019-11-18,25.96
2019-11-19,23.32
2019-11-20,22.88
2019-11-21,21.56
2019-11-22,23.32
2019-11-23,25.080000000000002
2019-11-24,23.32
2019-11-25,23.32
2019-11-26,23.76
2019-11-27,25.52
2019-11-28,29.48
2019-11-29,44.0
2019-11-30,29.48
2019-12-01,36.86
2019-12-02,38.0
2019-12-03,34.96
2019-12-04,30.4
2019-12-05,29.26
2019-12-06,29.26
2019-12-07,29.64
2019-12-08,27.740000000000002
2019-12-09,26.22
2019-12-10,27.36
2019-12-11,27.36
2019-12-12,27.740000000000002
2019-12-13,29.64
2019-12-14,30.02
2019-12-15,27.740000000000002
2019-12-16,27.36
2019-12-17,28.12
2019-12-18,29.26
2019-12-19,27.740000000000002
2019-12-20,30.78
2019-12-21,33.82
2019-12-22,28.88
2019-12-23,32.68
2019-12-24,31.92
2019-12-25,25.84
2019-12-26,37.62
2019-12-27,36.1
2019-12-28,31.92
2019-12-29,28.12
2019-12-30,30.78
2019-12-31,30.4
2020-01-01,28.8
2020-01-02,31.36
2020-01-03,32.0
2020-01-04,30.72
2020-01-05,29.44
2020-01-06,29.44
2020-01-07,28.48
2020-01-08,26.88
2020-01-09,27.2
2020-01-10,27.2
2020-01-11,27.2
2020-01-12,26.560000000000002
2020-01-13,26.560000000000002
2020-01-14,24.0
2020-01-15,25.92
2020-01-16,23.68
2020-01-17,27.52
2020-01-18,25.6
2020-01-19,24.64
2020-01-20,26.240000000000002
2020-01-21,25.6
2020-01-22,24.96
2020-01-23,24.96
2020-01-24,25.92
2020-01-25,26.240000000000002
2020-01-26,21.44
2020-01-27,23.68
2020-01-28,23.68
2020-01-29,25.6
2020-01-30,23.36
2020-01-31,28.8
2020-02-01,28.799999999999997
2020-02-02,25.2
2020-02-03,27.599999999999998
2020-02-04,27.0
2020-02-05,25.8
2020-02-06,26.7
2020-02-07,28.799999999999997
2020-02-08,29.7
2020-02-09,26.4
2020-02-10,26.4
2020-02-11,28.5
2020-02-12,27.9
2020-02-13,27.9
2020-02-14,29.4
2020-02-15,28.799999999999997
2020-02-16,27.0
2020-02-17,28.5
2020-02-18,27.0
2020-02-19,25.5
2020-02-20,24.599999999999998
2020-02-21,29.4
2020-02-22,27.9
2020-02-23,25.5
2020-02-24,26.7
2020-02-25,28.5
2020-02-26,28.5
2020-02-27,26.099999999999998
2020-02-28,30.0
2020-02-29,29.4
2020-03-01,26.97
2020-03-02,25.81
2020-03-03,27.839999999999996
2020-03-04,25.52
2020-03-05,26.68
2020-03-06,27.549999999999997
2020-03-07,28.13
2020-03-08,24.65
2020-03-09,24.939999999999998
2020-03-10,24.069999999999997
2020-03-11,24.65
2020-03-12,22.619999999999997
2020-03-13,24.069999999999997
2020-03-14,24.939999999999998
2020-03-15,25.81
2020-03-16,26.97
2020-03-17,26.389999999999997
2020-03-18,25.81
2020-03-19,27.259999999999998
2020-03-20,27.549999999999997
2020-03-21,25.81
2020-03-22,23.779999999999998
2020-03-23,28.419999999999998
2020-03-24,27.839999999999996
2020-03-25,26.099999999999998
2020-03-26,26.97
2020-03-27,28.999999999999996
2020-03-28,25.81
2020-03-29,21.459999999999997
2020-03-30,26.099999999999998
2020-03-31,26.68
2020-04-01,24.360000000000003
2020-04-02,24.080000000000002
2020-04-03,24.64
2020-04-04,23.240000000000002
2020-04-05,19.040000000000003
2020-04-06,23.520000000000003
2020-04-07,23.240000000000002
2020-04-08,22.12
2020-04-09,22.680000000000003
2020-04-10,24.92
2020-04-11,21.840000000000003
2020-04-12,17.080000000000002
2020-04-13,25.480000000000004
2020-04-14,24.360000000000003
2020-04-15,27.720000000000002
2020-04-16,28.000000000000004
2020-04-17,27.720000000000002
2020-04-18,26.320000000000004
2020-04-19,20.720000000000002
2020-04-20,24.64
2020-04-21,24.64
2020-04-22,24.92
2020-04-23,25.200000000000003
2020-04-24,25.76
2020-04-25,22.680000000000003
2020-04-26,20.720000000000002
2020-04-27,24.080000000000002
2020-04-28,26.040000000000003
2020-04-29,26.6
2020-04-30,25.480000000000004
