date,Abbott Laboratories
2011-01-01,12.420000000000002
2011-01-02,19.98
2011-01-03,18.36
2011-01-04,28.080000000000002
2011-01-05,30.240000000000002
2011-01-06,25.92
2011-01-07,31.32
2011-01-08,22.68
2011-01-09,9.72
2011-01-10,12.420000000000002
2011-01-11,34.56
2011-01-12,29.700000000000003
2011-01-13,27.540000000000003
2011-01-14,25.380000000000003
2011-01-15,16.200000000000003
2011-01-16,19.44
2011-01-17,18.36
2011-01-18,31.860000000000003
2011-01-19,24.3
2011-01-20,19.98
2011-01-21,30.240000000000002
2011-01-22,22.14
2011-01-23,15.66
2011-01-24,17.28
2011-01-25,19.44
2011-01-26,48.6
2011-01-27,54.0
2011-01-28,33.480000000000004
2011-01-29,28.080000000000002
2011-01-30,12.420000000000002
2011-01-31,25.380000000000003
2011-02-01,25.46
2011-02-02,14.44
2011-02-03,20.52
2011-02-04,36.480000000000004
2011-02-05,11.02
2011-02-06,19.0
2011-02-07,29.64
2011-02-08,38.0
2011-02-09,35.72
2011-02-10,30.02
2011-02-11,19.0
2011-02-12,11.78
2011-02-13,11.78
2011-02-14,15.2
2011-02-15,22.42
2011-02-16,17.86
2011-02-17,18.240000000000002
2011-02-18,14.06
2011-02-19,23.56
2011-02-20,17.48
2011-02-21,22.04
2011-02-22,20.9
2011-02-23,30.02
2011-02-24,14.82
2011-02-25,23.18
2011-02-26,11.78
2011-02-27,19.38
2011-02-28,17.48
2011-03-01,11.55
2011-03-02,21.45
2011-03-03,17.82
2011-03-04,24.42
2011-03-05,7.590000000000001
2011-03-06,7.590000000000001
2011-03-07,11.88
2011-03-08,9.57
2011-03-09,19.470000000000002
2011-03-10,11.88
2011-03-11,17.82
2011-03-12,12.21
2011-03-13,8.58
2011-03-14,24.42
2011-03-15,21.78
2011-03-16,13.860000000000001
2011-03-17,30.69
2011-03-18,6.2700000000000005
2011-03-19,7.92
2011-03-20,12.870000000000001
2011-03-21,17.490000000000002
2011-03-22,33.0
2011-03-23,5.94
2011-03-24,11.88
2011-03-25,12.21
2011-03-26,7.590000000000001
2011-03-27,7.590000000000001
2011-03-28,13.530000000000001
2011-03-29,13.530000000000001
2011-03-30,13.530000000000001
2011-03-31,13.530000000000001
2011-04-01,14.35
2011-04-02,12.299999999999999
2011-04-03,12.299999999999999
2011-04-04,18.04
2011-04-05,16.81
2011-04-06,20.91
2011-04-07,9.43
2011-04-08,11.889999999999999
2011-04-09,18.45
2011-04-10,13.94
2011-04-11,41.0
2011-04-12,22.549999999999997
2011-04-13,27.47
2011-04-14,6.97
2011-04-15,17.22
2011-04-16,9.02
2011-04-17,18.45
2011-04-18,18.45
2011-04-19,22.549999999999997
2011-04-20,15.989999999999998
2011-04-21,21.32
2011-04-22,22.959999999999997
2011-04-23,9.02
2011-04-24,9.84
2011-04-25,18.45
2011-04-26,20.09
2011-04-27,22.549999999999997
2011-04-28,18.04
2011-04-29,9.43
2011-04-30,9.02
2011-05-01,0.0
2011-05-02,24.03
2011-05-03,15.39
2011-05-04,16.740000000000002
2011-05-05,24.03
2011-05-06,12.15
2011-05-07,12.420000000000002
2011-05-08,14.040000000000001
2011-05-09,15.930000000000001
2011-05-10,27.0
2011-05-11,10.260000000000002
2011-05-12,20.520000000000003
2011-05-13,14.31
2011-05-14,13.5
2011-05-15,8.91
2011-05-16,27.0
2011-05-17,15.66
2011-05-18,15.66
2011-05-19,7.0200000000000005
2011-05-20,14.31
2011-05-21,18.09
2011-05-22,9.18
2011-05-23,6.75
2011-05-24,11.34
2011-05-25,13.5
2011-05-26,18.36
2011-05-27,14.850000000000001
2011-05-28,22.14
2011-05-29,15.120000000000001
2011-05-30,15.120000000000001
2011-05-31,20.790000000000003
2011-06-01,24.49
2011-06-02,19.84
2011-06-03,31.0
2011-06-04,13.33
2011-06-05,13.33
2011-06-06,30.07
2011-06-07,24.18
2011-06-08,19.84
2011-06-09,14.879999999999999
2011-06-10,20.77
2011-06-11,26.35
2011-06-12,13.33
2011-06-13,29.759999999999998
2011-06-14,19.53
2011-06-15,29.759999999999998
2011-06-16,20.15
2011-06-17,15.81
2011-06-18,26.35
2011-06-19,27.28
2011-06-20,24.18
2011-06-21,24.18
2011-06-22,19.53
2011-06-23,19.84
2011-06-24,10.23
2011-06-25,13.33
2011-06-26,26.66
2011-06-27,9.92
2011-06-28,19.53
2011-06-29,19.84
2011-06-30,30.38
2011-07-01,18.48
2011-07-02,0.0
2011-07-03,0.0
2011-07-04,0.0
2011-07-05,12.040000000000001
2011-07-06,14.000000000000002
2011-07-07,11.48
2011-07-08,11.48
2011-07-09,7.280000000000001
2011-07-10,7.5600000000000005
2011-07-11,22.400000000000002
2011-07-12,16.520000000000003
2011-07-13,28.000000000000004
2011-07-14,14.280000000000001
2011-07-15,17.64
2011-07-16,0.0
2011-07-17,0.0
2011-07-18,22.400000000000002
2011-07-19,11.200000000000001
2011-07-20,16.520000000000003
2011-07-21,11.200000000000001
2011-07-22,11.48
2011-07-23,14.000000000000002
2011-07-24,0.0
2011-07-25,5.32
2011-07-26,10.920000000000002
2011-07-27,10.920000000000002
2011-07-28,5.6000000000000005
2011-07-29,14.280000000000001
2011-07-30,7.280000000000001
2011-07-31,7.280000000000001
2011-08-01,22.42
2011-08-02,19.38
2011-08-03,13.68
2011-08-04,11.02
2011-08-05,11.78
2011-08-06,7.22
2011-08-07,7.22
2011-08-08,11.02
2011-08-09,7.98
2011-08-10,19.38
2011-08-11,11.4
2011-08-12,8.74
2011-08-13,0.0
2011-08-14,0.0
2011-08-15,19.38
2011-08-16,16.72
2011-08-17,22.42
2011-08-18,14.44
2011-08-19,11.78
2011-08-20,14.06
2011-08-21,21.28
2011-08-22,8.36
2011-08-23,10.64
2011-08-24,13.68
2011-08-25,13.68
2011-08-26,19.76
2011-08-27,13.68
2011-08-28,17.1
2011-08-29,38.0
2011-08-30,16.34
2011-08-31,5.32
2011-09-01,16.72
2011-09-02,7.22
2011-09-03,17.86
2011-09-04,14.06
2011-09-05,8.36
2011-09-06,18.240000000000002
2011-09-07,20.14
2011-09-08,13.68
2011-09-09,38.0
2011-09-10,12.92
2011-09-11,8.74
2011-09-12,27.36
2011-09-13,24.7
2011-09-14,15.58
2011-09-15,18.240000000000002
2011-09-16,21.28
2011-09-17,14.82
2011-09-18,25.46
2011-09-19,20.14
2011-09-20,15.58
2011-09-21,20.14
2011-09-22,26.98
2011-09-23,21.28
2011-09-24,8.74
2011-09-25,21.28
2011-09-26,17.48
2011-09-27,17.48
2011-09-28,22.42
2011-09-29,22.42
2011-09-30,14.44
2011-10-01,4.68
2011-10-02,9.36
2011-10-03,6.24
2011-10-04,9.36
2011-10-05,8.19
2011-10-06,9.75
2011-10-07,10.14
2011-10-08,7.0200000000000005
2011-10-09,7.0200000000000005
2011-10-10,10.92
2011-10-11,11.700000000000001
2011-10-12,4.68
2011-10-13,8.58
2011-10-14,5.46
2011-10-15,7.800000000000001
2011-10-16,9.36
2011-10-17,15.99
2011-10-18,16.77
2011-10-19,39.0
2011-10-20,33.93
2011-10-21,19.11
2011-10-22,4.68
2011-10-23,9.36
2011-10-24,12.870000000000001
2011-10-25,11.700000000000001
2011-10-26,12.48
2011-10-27,9.36
2011-10-28,7.41
2011-10-29,7.41
2011-10-30,4.68
2011-10-31,7.41
2011-11-01,13.34
2011-11-02,17.98
2011-11-03,15.95
2011-11-04,13.049999999999999
2011-11-05,20.299999999999997
2011-11-06,6.67
2011-11-07,17.689999999999998
2011-11-08,12.18
2011-11-09,28.999999999999996
2011-11-10,14.209999999999999
2011-11-11,15.079999999999998
2011-11-12,8.99
2011-11-13,6.67
2011-11-14,15.95
2011-11-15,20.88
2011-11-16,13.919999999999998
2011-11-17,21.169999999999998
2011-11-18,16.82
2011-11-19,6.67
2011-11-20,13.34
2011-11-21,19.43
2011-11-22,10.729999999999999
2011-11-23,28.13
2011-11-24,13.919999999999998
2011-11-25,13.34
2011-11-26,11.309999999999999
2011-11-27,6.38
2011-11-28,15.079999999999998
2011-11-29,12.469999999999999
2011-11-30,11.889999999999999
2011-12-01,7.25
2011-12-02,6.5
2011-12-03,5.75
2011-12-04,3.75
2011-12-05,8.25
2011-12-06,9.0
2011-12-07,7.25
2011-12-08,5.25
2011-12-09,16.0
2011-12-10,3.75
2011-12-11,3.75
2011-12-12,6.25
2011-12-13,13.75
2011-12-14,25.0
2011-12-15,6.25
2011-12-16,6.5
2011-12-17,4.0
2011-12-18,4.0
2011-12-19,6.5
2011-12-20,4.75
2011-12-21,6.5
2011-12-22,6.75
2011-12-23,3.75
2011-12-24,4.25
2011-12-25,4.75
2011-12-26,6.75
2011-12-27,8.25
2011-12-28,3.25
2011-12-29,5.5
2011-12-30,3.5
2011-12-31,7.75
2012-01-01,0.0
2012-01-02,8.16
2012-01-03,14.620000000000001
2012-01-04,9.520000000000001
2012-01-05,11.22
2012-01-06,14.620000000000001
2012-01-07,11.9
2012-01-08,9.520000000000001
2012-01-09,20.400000000000002
2012-01-10,10.88
2012-01-11,21.42
2012-01-12,9.520000000000001
2012-01-13,21.080000000000002
2012-01-14,8.84
2012-01-15,7.82
2012-01-16,9.860000000000001
2012-01-17,11.56
2012-01-18,18.360000000000003
2012-01-19,11.9
2012-01-20,12.24
2012-01-21,7.48
2012-01-22,5.44
2012-01-23,7.48
2012-01-24,15.3
2012-01-25,15.3
2012-01-26,34.0
2012-01-27,28.900000000000002
2012-01-28,11.56
2012-01-29,9.520000000000001
2012-01-30,17.0
2012-01-31,12.24
2012-02-01,12.6
2012-02-02,9.9
2012-02-03,11.1
2012-02-04,10.5
2012-02-05,5.1
2012-02-06,10.799999999999999
2012-02-07,11.1
2012-02-08,12.6
2012-02-09,30.0
2012-02-10,10.2
2012-02-11,10.2
2012-02-12,8.1
2012-02-13,11.1
2012-02-14,9.9
2012-02-15,10.799999999999999
2012-02-16,15.6
2012-02-17,19.2
2012-02-18,10.5
2012-02-19,5.3999999999999995
2012-02-20,18.9
2012-02-21,14.1
2012-02-22,8.4
2012-02-23,9.9
2012-02-24,15.299999999999999
2012-02-25,15.6
2012-02-26,6.8999999999999995
2012-02-27,9.6
2012-02-28,12.299999999999999
2012-02-29,18.0
2012-03-01,13.72
2012-03-02,19.32
2012-03-03,8.680000000000001
2012-03-04,8.96
2012-03-05,28.000000000000004
2012-03-06,10.920000000000002
2012-03-07,12.88
2012-03-08,13.160000000000002
2012-03-09,11.200000000000001
2012-03-10,15.96
2012-03-11,7.840000000000001
2012-03-12,13.160000000000002
2012-03-13,26.320000000000004
2012-03-14,26.6
2012-03-15,19.880000000000003
2012-03-16,18.48
2012-03-17,22.12
2012-03-18,8.4
2012-03-19,15.400000000000002
2012-03-20,21.560000000000002
2012-03-21,19.6
2012-03-22,13.160000000000002
2012-03-23,15.96
2012-03-24,8.120000000000001
2012-03-25,0.0
2012-03-26,17.360000000000003
2012-03-27,15.120000000000001
2012-03-28,19.32
2012-03-29,26.320000000000004
2012-03-30,17.360000000000003
2012-03-31,23.240000000000002
2012-04-01,21.7
2012-04-02,35.0
2012-04-03,17.15
2012-04-04,20.299999999999997
2012-04-05,14.7
2012-04-06,25.9
2012-04-07,7.699999999999999
2012-04-08,16.099999999999998
2012-04-09,21.0
2012-04-10,24.849999999999998
2012-04-11,17.15
2012-04-12,31.499999999999996
2012-04-13,15.049999999999999
2012-04-14,10.85
2012-04-15,7.35
2012-04-16,11.549999999999999
2012-04-17,22.4
2012-04-18,14.0
2012-04-19,23.099999999999998
2012-04-20,21.0
2012-04-21,14.35
2012-04-22,10.5
2012-04-23,17.15
2012-04-24,31.15
2012-04-25,22.75
2012-04-26,17.15
2012-04-27,17.849999999999998
2012-04-28,7.35
2012-04-29,14.35
2012-04-30,14.0
2012-05-01,7.92
2012-05-02,12.6
2012-05-03,6.4799999999999995
2012-05-04,12.6
2012-05-05,15.479999999999999
2012-05-06,14.399999999999999
2012-05-07,27.36
2012-05-08,36.0
2012-05-09,19.08
2012-05-10,18.0
2012-05-11,8.64
2012-05-12,6.4799999999999995
2012-05-13,10.799999999999999
2012-05-14,12.959999999999999
2012-05-15,19.08
2012-05-16,25.919999999999998
2012-05-17,21.599999999999998
2012-05-18,23.759999999999998
2012-05-19,9.719999999999999
2012-05-20,16.2
2012-05-21,7.92
2012-05-22,16.2
2012-05-23,18.0
2012-05-24,16.56
2012-05-25,17.64
2012-05-26,6.4799999999999995
2012-05-27,13.68
2012-05-28,9.36
2012-05-29,19.439999999999998
2012-05-30,11.16
2012-05-31,18.0
2012-06-01,21.78
2012-06-02,15.180000000000001
2012-06-03,7.590000000000001
2012-06-04,26.73
2012-06-05,14.850000000000001
2012-06-06,33.0
2012-06-07,18.48
2012-06-08,19.470000000000002
2012-06-09,7.92
2012-06-10,11.88
2012-06-11,5.94
2012-06-12,11.88
2012-06-13,12.21
2012-06-14,12.540000000000001
2012-06-15,19.470000000000002
2012-06-16,15.84
2012-06-17,24.42
2012-06-18,9.24
2012-06-19,18.48
2012-06-20,12.21
2012-06-21,21.78
2012-06-22,12.870000000000001
2012-06-23,7.92
2012-06-24,15.84
2012-06-25,21.45
2012-06-26,30.03
2012-06-27,15.180000000000001
2012-06-28,18.48
2012-06-29,9.57
2012-06-30,7.590000000000001
2012-07-01,20.15
2012-07-02,14.879999999999999
2012-07-03,15.81
2012-07-04,10.23
2012-07-05,20.77
2012-07-06,17.669999999999998
2012-07-07,7.75
2012-07-08,13.02
2012-07-09,18.6
2012-07-10,20.46
2012-07-11,20.77
2012-07-12,12.4
2012-07-13,15.19
2012-07-14,8.06
2012-07-15,11.78
2012-07-16,28.83
2012-07-17,24.49
2012-07-18,20.46
2012-07-19,31.0
2012-07-20,6.51
2012-07-21,7.75
2012-07-22,12.09
2012-07-23,22.63
2012-07-24,26.35
2012-07-25,26.66
2012-07-26,18.6
2012-07-27,10.85
2012-07-28,0.0
2012-07-29,7.75
2012-07-30,20.46
2012-07-31,16.12
2012-08-01,28.000000000000004
2012-08-02,12.040000000000001
2012-08-03,16.240000000000002
2012-08-04,15.96
2012-08-05,6.44
2012-08-06,23.8
2012-08-07,6.720000000000001
2012-08-08,25.76
2012-08-09,7.840000000000001
2012-08-10,12.32
2012-08-11,12.88
2012-08-12,6.44
2012-08-13,8.4
2012-08-14,20.160000000000004
2012-08-15,13.72
2012-08-16,13.72
2012-08-17,21.840000000000003
2012-08-18,12.88
2012-08-19,13.160000000000002
2012-08-20,17.080000000000002
2012-08-21,18.76
2012-08-22,10.360000000000001
2012-08-23,23.8
2012-08-24,14.280000000000001
2012-08-25,0.0
2012-08-26,8.4
2012-08-27,8.4
2012-08-28,13.160000000000002
2012-08-29,18.76
2012-08-30,20.44
2012-08-31,7.000000000000001
2012-09-01,7.82
2012-09-02,8.16
2012-09-03,0.0
2012-09-04,18.360000000000003
2012-09-05,16.32
2012-09-06,16.66
2012-09-07,14.96
2012-09-08,7.48
2012-09-09,18.700000000000003
2012-09-10,28.900000000000002
2012-09-11,22.44
2012-09-12,18.02
2012-09-13,12.24
2012-09-14,31.96
2012-09-15,7.82
2012-09-16,7.48
2012-09-17,22.44
2012-09-18,23.8
2012-09-19,22.44
2012-09-20,20.740000000000002
2012-09-21,19.040000000000003
2012-09-22,12.58
2012-09-23,14.96
2012-09-24,16.32
2012-09-25,11.9
2012-09-26,26.180000000000003
2012-09-27,10.200000000000001
2012-09-28,34.0
2012-09-29,15.3
2012-09-30,7.48
2012-10-01,26.279999999999998
2012-10-02,18.0
2012-10-03,15.479999999999999
2012-10-04,15.84
2012-10-05,16.2
2012-10-06,12.959999999999999
2012-10-07,6.4799999999999995
2012-10-08,15.479999999999999
2012-10-09,15.12
2012-10-10,20.52
2012-10-11,23.4
2012-10-12,10.799999999999999
2012-10-13,19.439999999999998
2012-10-14,12.6
2012-10-15,27.72
2012-10-16,12.6
2012-10-17,30.24
2012-10-18,36.0
2012-10-19,16.2
2012-10-20,12.959999999999999
2012-10-21,19.08
2012-10-22,12.6
2012-10-23,21.96
2012-10-24,7.56
2012-10-25,10.08
2012-10-26,13.32
2012-10-27,12.6
2012-10-28,6.12
2012-10-29,24.48
2012-10-30,20.16
2012-10-31,10.44
2012-11-01,15.510000000000002
2012-11-02,15.180000000000001
2012-11-03,6.6000000000000005
2012-11-04,10.89
2012-11-05,16.17
2012-11-06,21.12
2012-11-07,11.55
2012-11-08,12.870000000000001
2012-11-09,17.16
2012-11-10,17.16
2012-11-11,6.930000000000001
2012-11-12,33.0
2012-11-13,14.190000000000001
2012-11-14,16.5
2012-11-15,20.130000000000003
2012-11-16,11.22
2012-11-17,13.530000000000001
2012-11-18,10.89
2012-11-19,14.520000000000001
2012-11-20,14.520000000000001
2012-11-21,15.510000000000002
2012-11-22,16.17
2012-11-23,13.200000000000001
2012-11-24,13.200000000000001
2012-11-25,6.6000000000000005
2012-11-26,12.870000000000001
2012-11-27,11.88
2012-11-28,18.150000000000002
2012-11-29,29.040000000000003
2012-11-30,14.190000000000001
2012-12-01,19.25
2012-12-02,16.25
2012-12-03,14.0
2012-12-04,15.5
2012-12-05,14.0
2012-12-06,8.0
2012-12-07,20.25
2012-12-08,6.5
2012-12-09,6.5
2012-12-10,13.75
2012-12-11,10.25
2012-12-12,18.5
2012-12-13,23.0
2012-12-14,16.25
2012-12-15,10.0
2012-12-16,9.75
2012-12-17,25.0
2012-12-18,18.0
2012-12-19,20.25
2012-12-20,11.25
2012-12-21,11.75
2012-12-22,7.0
2012-12-23,7.25
2012-12-24,10.25
2012-12-25,7.75
2012-12-26,16.5
2012-12-27,14.5
2012-12-28,6.0
2012-12-29,11.0
2012-12-30,6.75
2012-12-31,8.75
2013-01-01,14.44
2013-01-02,38.0
2013-01-03,16.72
2013-01-04,13.3
2013-01-05,0.0
2013-01-06,11.02
2013-01-07,11.02
2013-01-08,11.78
2013-01-09,8.36
2013-01-10,3.8
2013-01-11,8.36
2013-01-12,6.46
2013-01-13,6.46
2013-01-14,7.98
2013-01-15,14.44
2013-01-16,4.18
2013-01-17,9.120000000000001
2013-01-18,8.36
2013-01-19,3.42
2013-01-20,8.74
2013-01-21,11.4
2013-01-22,13.3
2013-01-23,13.3
2013-01-24,10.64
2013-01-25,9.120000000000001
2013-01-26,4.94
2013-01-27,4.94
2013-01-28,3.8
2013-01-29,9.88
2013-01-30,9.5
2013-01-31,11.4
2013-02-01,21.39
2013-02-02,14.879999999999999
2013-02-03,11.16
2013-02-04,12.4
2013-02-05,16.12
2013-02-06,24.49
2013-02-07,31.0
2013-02-08,18.91
2013-02-09,17.36
2013-02-10,11.16
2013-02-11,23.87
2013-02-12,12.09
2013-02-13,14.26
2013-02-14,25.419999999999998
2013-02-15,19.84
2013-02-16,11.16
2013-02-17,15.19
2013-02-18,8.37
2013-02-19,20.15
2013-02-20,24.18
2013-02-21,12.09
2013-02-22,16.74
2013-02-23,18.6
2013-02-24,9.92
2013-02-25,17.98
2013-02-26,15.81
2013-02-27,26.35
2013-02-28,14.26
2013-03-01,12.600000000000001
2013-03-02,16.8
2013-03-03,9.520000000000001
2013-03-04,17.360000000000003
2013-03-05,13.72
2013-03-06,20.44
2013-03-07,19.32
2013-03-08,16.240000000000002
2013-03-09,12.88
2013-03-10,6.44
2013-03-11,22.400000000000002
2013-03-12,12.040000000000001
2013-03-13,13.72
2013-03-14,21.28
2013-03-15,21.840000000000003
2013-03-16,10.64
2013-03-17,14.840000000000002
2013-03-18,13.72
2013-03-19,20.44
2013-03-20,12.32
2013-03-21,14.000000000000002
2013-03-22,16.240000000000002
2013-03-23,17.080000000000002
2013-03-24,19.040000000000003
2013-03-25,15.400000000000002
2013-03-26,28.000000000000004
2013-03-27,14.280000000000001
2013-03-28,18.200000000000003
2013-03-29,13.440000000000001
2013-03-30,8.96
2013-03-31,14.000000000000002
2013-04-01,9.5
2013-04-02,24.0
2013-04-03,14.0
2013-04-04,13.25
2013-04-05,19.5
2013-04-06,17.5
2013-04-07,7.0
2013-04-08,11.0
2013-04-09,24.75
2013-04-10,11.0
2013-04-11,7.5
2013-04-12,13.5
2013-04-13,13.75
2013-04-14,0.0
2013-04-15,25.0
2013-04-16,19.0
2013-04-17,22.0
2013-04-18,11.0
2013-04-19,13.25
2013-04-20,7.0
2013-04-21,7.0
2013-04-22,17.0
2013-04-23,20.0
2013-04-24,18.5
2013-04-25,5.75
2013-04-26,13.75
2013-04-27,7.25
2013-04-28,21.0
2013-04-29,23.75
2013-04-30,7.5
2013-05-01,14.5
2013-05-02,17.25
2013-05-03,14.25
2013-05-04,18.25
2013-05-05,11.0
2013-05-06,13.5
2013-05-07,25.0
2013-05-08,11.5
2013-05-09,13.5
2013-05-10,10.25
2013-05-11,14.5
2013-05-12,7.5
2013-05-13,17.75
2013-05-14,17.5
2013-05-15,15.75
2013-05-16,13.75
2013-05-17,16.5
2013-05-18,7.5
2013-05-19,16.75
2013-05-20,17.25
2013-05-21,17.25
2013-05-22,15.5
2013-05-23,13.75
2013-05-24,20.75
2013-05-25,11.5
2013-05-26,10.75
2013-05-27,7.25
2013-05-28,11.75
2013-05-29,13.5
2013-05-30,9.0
2013-05-31,22.5
2013-06-01,14.5
2013-06-02,14.25
2013-06-03,7.75
2013-06-04,11.5
2013-06-05,21.25
2013-06-06,19.25
2013-06-07,14.0
2013-06-08,12.25
2013-06-09,14.5
2013-06-10,19.0
2013-06-11,19.0
2013-06-12,11.5
2013-06-13,11.5
2013-06-14,15.25
2013-06-15,7.5
2013-06-16,11.25
2013-06-17,9.75
2013-06-18,11.5
2013-06-19,14.5
2013-06-20,13.75
2013-06-21,16.25
2013-06-22,7.5
2013-06-23,11.25
2013-06-24,15.5
2013-06-25,21.25
2013-06-26,25.0
2013-06-27,9.75
2013-06-28,18.25
2013-06-29,17.0
2013-06-30,7.25
2013-07-01,4.75
2013-07-02,6.46
2013-07-03,4.94
2013-07-04,0.0
2013-07-05,9.69
2013-07-06,5.32
2013-07-07,6.08
2013-07-08,12.73
2013-07-09,8.36
2013-07-10,4.75
2013-07-11,10.83
2013-07-12,5.51
2013-07-13,3.99
2013-07-14,7.79
2013-07-15,7.41
2013-07-16,6.2700000000000005
2013-07-17,7.41
2013-07-18,9.69
2013-07-19,8.36
2013-07-20,7.79
2013-07-21,3.99
2013-07-22,12.540000000000001
2013-07-23,5.13
2013-07-24,5.32
2013-07-25,8.55
2013-07-26,7.79
2013-07-27,5.89
2013-07-28,3.99
2013-07-29,9.5
2013-07-30,19.0
2013-07-31,4.18
2013-08-01,18.27
2013-08-02,11.76
2013-08-03,13.02
2013-08-04,7.14
2013-08-05,18.27
2013-08-06,6.3
2013-08-07,12.6
2013-08-08,21.0
2013-08-09,18.9
2013-08-10,20.79
2013-08-11,0.0
2013-08-12,12.6
2013-08-13,5.46
2013-08-14,9.87
2013-08-15,14.28
2013-08-16,10.29
2013-08-17,7.77
2013-08-18,5.25
2013-08-19,6.93
2013-08-20,6.93
2013-08-21,16.8
2013-08-22,7.14
2013-08-23,11.549999999999999
2013-08-24,5.25
2013-08-25,5.25
2013-08-26,7.9799999999999995
2013-08-27,9.45
2013-08-28,10.92
2013-08-29,19.32
2013-08-30,11.549999999999999
2013-08-31,5.04
2013-09-01,12.719999999999999
2013-09-02,17.28
2013-09-03,14.639999999999999
2013-09-04,11.76
2013-09-05,12.719999999999999
2013-09-06,12.0
2013-09-07,15.36
2013-09-08,6.0
2013-09-09,21.36
2013-09-10,24.0
2013-09-11,8.16
2013-09-12,16.56
2013-09-13,12.0
2013-09-14,6.0
2013-09-15,7.92
2013-09-16,14.639999999999999
2013-09-17,11.52
2013-09-18,16.56
2013-09-19,19.919999999999998
2013-09-20,12.24
2013-09-21,6.24
2013-09-22,6.0
2013-09-23,20.16
2013-09-24,14.879999999999999
2013-09-25,18.48
2013-09-26,13.68
2013-09-27,10.799999999999999
2013-09-28,9.6
2013-09-29,12.24
2013-09-30,13.44
2013-10-01,16.0
2013-10-02,19.0
2013-10-03,10.5
2013-10-04,14.0
2013-10-05,11.25
2013-10-06,7.25
2013-10-07,17.5
2013-10-08,10.25
2013-10-09,15.0
2013-10-10,9.0
2013-10-11,9.5
2013-10-12,25.0
2013-10-13,11.25
2013-10-14,4.5
2013-10-15,10.25
2013-10-16,13.25
2013-10-17,12.0
2013-10-18,23.25
2013-10-19,7.5
2013-10-20,16.75
2013-10-21,17.5
2013-10-22,10.0
2013-10-23,13.25
2013-10-24,14.75
2013-10-25,7.75
2013-10-26,8.5
2013-10-27,5.5
2013-10-28,17.25
2013-10-29,11.5
2013-10-30,13.0
2013-10-31,10.5
2013-11-01,23.0
2013-11-02,11.040000000000001
2013-11-03,12.88
2013-11-04,15.870000000000001
2013-11-05,15.64
2013-11-06,15.64
2013-11-07,14.030000000000001
2013-11-08,14.72
2013-11-09,13.110000000000001
2013-11-10,19.32
2013-11-11,17.71
2013-11-12,11.96
2013-11-13,17.48
2013-11-14,15.870000000000001
2013-11-15,16.330000000000002
2013-11-16,16.1
2013-11-17,10.58
2013-11-18,10.120000000000001
2013-11-19,17.02
2013-11-20,18.86
2013-11-21,14.030000000000001
2013-11-22,12.42
2013-11-23,0.0
2013-11-24,6.44
2013-11-25,10.35
2013-11-26,12.190000000000001
2013-11-27,5.5200000000000005
2013-11-28,6.9
2013-11-29,9.43
2013-11-30,0.0
2013-12-01,5.13
2013-12-02,9.88
2013-12-03,17.1
2013-12-04,8.74
2013-12-05,16.15
2013-12-06,9.120000000000001
2013-12-07,5.32
2013-12-08,5.32
2013-12-09,8.74
2013-12-10,8.74
2013-12-11,11.97
2013-12-12,18.240000000000002
2013-12-13,19.0
2013-12-14,8.36
2013-12-15,5.7
2013-12-16,6.08
2013-12-17,9.120000000000001
2013-12-18,9.120000000000001
2013-12-19,14.25
2013-12-20,13.3
2013-12-21,8.74
2013-12-22,5.89
2013-12-23,5.13
2013-12-24,8.55
2013-12-25,7.03
2013-12-26,11.02
2013-12-27,5.13
2013-12-28,7.79
2013-12-29,5.7
2013-12-30,14.44
2013-12-31,10.07
2014-01-01,6.38
2014-01-02,13.86
2014-01-03,13.64
2014-01-04,14.74
2014-01-05,9.68
2014-01-06,12.98
2014-01-07,14.52
2014-01-08,16.72
2014-01-09,9.9
2014-01-10,10.12
2014-01-11,9.02
2014-01-12,9.02
2014-01-13,9.68
2014-01-14,11.22
2014-01-15,8.14
2014-01-16,16.28
2014-01-17,22.0
2014-01-18,12.1
2014-01-19,9.02
2014-01-20,12.76
2014-01-21,14.3
2014-01-22,11.22
2014-01-23,16.28
2014-01-24,13.2
2014-01-25,8.8
2014-01-26,8.8
2014-01-27,13.86
2014-01-28,11.66
2014-01-29,12.76
2014-01-30,17.82
2014-01-31,18.26
2014-02-01,9.43
2014-02-02,5.98
2014-02-03,14.950000000000001
2014-02-04,8.280000000000001
2014-02-05,12.88
2014-02-06,17.71
2014-02-07,22.540000000000003
2014-02-08,6.21
2014-02-09,10.35
2014-02-10,19.78
2014-02-11,6.67
2014-02-12,10.120000000000001
2014-02-13,13.57
2014-02-14,8.97
2014-02-15,12.88
2014-02-16,9.43
2014-02-17,23.0
2014-02-18,11.73
2014-02-19,13.57
2014-02-20,13.57
2014-02-21,13.110000000000001
2014-02-22,0.0
2014-02-23,9.43
2014-02-24,15.180000000000001
2014-02-25,16.560000000000002
2014-02-26,21.62
2014-02-27,17.02
2014-02-28,12.190000000000001
2014-03-01,13.42
2014-03-02,6.6
2014-03-03,12.32
2014-03-04,10.78
2014-03-05,12.76
2014-03-06,20.24
2014-03-07,17.16
2014-03-08,6.82
2014-03-09,13.64
2014-03-10,16.72
2014-03-11,12.98
2014-03-12,22.0
2014-03-13,18.7
2014-03-14,15.62
2014-03-15,7.04
2014-03-16,10.12
2014-03-17,16.5
2014-03-18,16.5
2014-03-19,11.0
2014-03-20,9.24
2014-03-21,8.8
2014-03-22,7.04
2014-03-23,16.94
2014-03-24,18.26
2014-03-25,14.52
2014-03-26,13.86
2014-03-27,14.96
2014-03-28,13.42
2014-03-29,9.9
2014-03-30,13.42
2014-03-31,14.74
2014-04-01,10.709999999999999
2014-04-02,10.92
2014-04-03,10.92
2014-04-04,15.12
2014-04-05,6.93
2014-04-06,6.93
2014-04-07,17.849999999999998
2014-04-08,18.06
2014-04-09,14.7
2014-04-10,9.24
2014-04-11,11.76
2014-04-12,11.969999999999999
2014-04-13,14.07
2014-04-14,13.65
2014-04-15,19.32
2014-04-16,16.59
2014-04-17,9.45
2014-04-18,10.08
2014-04-19,7.14
2014-04-20,7.56
2014-04-21,21.0
2014-04-22,9.03
2014-04-23,12.809999999999999
2014-04-24,11.34
2014-04-25,8.61
2014-04-26,14.28
2014-04-27,6.93
2014-04-28,10.92
2014-04-29,8.82
2014-04-30,10.709999999999999
2014-05-01,10.29
2014-05-02,10.92
2014-05-03,8.4
2014-05-04,11.34
2014-05-05,11.969999999999999
2014-05-06,8.82
2014-05-07,4.41
2014-05-08,7.56
2014-05-09,9.24
2014-05-10,11.549999999999999
2014-05-11,11.76
2014-05-12,21.0
2014-05-13,8.82
2014-05-14,14.91
2014-05-15,7.56
2014-05-16,13.86
2014-05-17,0.0
2014-05-18,7.77
2014-05-19,9.03
2014-05-20,15.33
2014-05-21,15.12
2014-05-22,13.02
2014-05-23,12.809999999999999
2014-05-24,6.93
2014-05-25,9.45
2014-05-26,12.809999999999999
2014-05-27,15.12
2014-05-28,14.91
2014-05-29,11.969999999999999
2014-05-30,13.229999999999999
2014-05-31,10.08
2014-06-01,19.200000000000003
2014-06-02,14.600000000000001
2014-06-03,16.8
2014-06-04,16.8
2014-06-05,7.4
2014-06-06,7.6000000000000005
2014-06-07,14.200000000000001
2014-06-08,9.600000000000001
2014-06-09,9.8
2014-06-10,14.8
2014-06-11,14.600000000000001
2014-06-12,19.8
2014-06-13,17.8
2014-06-14,9.600000000000001
2014-06-15,10.0
2014-06-16,15.0
2014-06-17,9.8
2014-06-18,17.400000000000002
2014-06-19,15.200000000000001
2014-06-20,7.800000000000001
2014-06-21,14.200000000000001
2014-06-22,9.600000000000001
2014-06-23,20.0
2014-06-24,18.400000000000002
2014-06-25,19.8
2014-06-26,11.200000000000001
2014-06-27,19.6
2014-06-28,14.200000000000001
2014-06-29,9.600000000000001
2014-06-30,17.400000000000002
2014-07-01,7.92
2014-07-02,7.26
2014-07-03,11.22
2014-07-04,6.82
2014-07-05,7.48
2014-07-06,6.82
2014-07-07,16.06
2014-07-08,13.86
2014-07-09,15.84
2014-07-10,9.02
2014-07-11,22.0
2014-07-12,16.5
2014-07-13,13.2
2014-07-14,14.08
2014-07-15,18.92
2014-07-16,17.82
2014-07-17,12.540000000000001
2014-07-18,14.08
2014-07-19,0.0
2014-07-20,9.02
2014-07-21,14.08
2014-07-22,15.62
2014-07-23,16.06
2014-07-24,15.84
2014-07-25,12.98
2014-07-26,6.6
2014-07-27,0.0
2014-07-28,13.2
2014-07-29,10.56
2014-07-30,7.04
2014-07-31,12.540000000000001
2014-08-01,7.739999999999999
2014-08-02,6.12
2014-08-03,6.3
2014-08-04,7.199999999999999
2014-08-05,8.1
2014-08-06,9.719999999999999
2014-08-07,15.12
2014-08-08,12.959999999999999
2014-08-09,12.42
2014-08-10,9.36
2014-08-11,7.92
2014-08-12,16.38
2014-08-13,8.1
2014-08-14,7.38
2014-08-15,7.739999999999999
2014-08-16,9.18
2014-08-17,8.28
2014-08-18,6.4799999999999995
2014-08-19,9.719999999999999
2014-08-20,4.859999999999999
2014-08-21,11.52
2014-08-22,9.9
2014-08-23,18.0
2014-08-24,9.0
2014-08-25,12.6
2014-08-26,11.879999999999999
2014-08-27,11.16
2014-08-28,9.54
2014-08-29,10.08
2014-08-30,11.879999999999999
2014-08-31,6.12
2014-09-01,8.1
2014-09-02,4.5
2014-09-03,13.5
2014-09-04,7.56
2014-09-05,9.36
2014-09-06,16.74
2014-09-07,0.0
2014-09-08,11.34
2014-09-09,6.66
2014-09-10,7.38
2014-09-11,18.0
2014-09-12,9.36
2014-09-13,8.64
2014-09-14,0.0
2014-09-15,12.059999999999999
2014-09-16,5.9399999999999995
2014-09-17,9.0
2014-09-18,5.9399999999999995
2014-09-19,7.02
2014-09-20,13.68
2014-09-21,8.459999999999999
2014-09-22,13.5
2014-09-23,8.82
2014-09-24,12.059999999999999
2014-09-25,9.18
2014-09-26,12.78
2014-09-27,11.879999999999999
2014-09-28,5.76
2014-09-29,7.56
2014-09-30,8.82
2014-10-01,12.1
2014-10-02,16.06
2014-10-03,12.540000000000001
2014-10-04,11.66
2014-10-05,7.7
2014-10-06,12.1
2014-10-07,13.86
2014-10-08,22.0
2014-10-09,8.14
2014-10-10,9.46
2014-10-11,7.7
2014-10-12,10.34
2014-10-13,12.1
2014-10-14,19.580000000000002
2014-10-15,11.88
2014-10-16,12.1
2014-10-17,9.46
2014-10-18,15.84
2014-10-19,15.4
2014-10-20,14.08
2014-10-21,7.92
2014-10-22,15.62
2014-10-23,12.1
2014-10-24,0.0
2014-10-25,11.66
2014-10-26,15.4
2014-10-27,17.82
2014-10-28,7.92
2014-10-29,17.6
2014-10-30,14.96
2014-10-31,6.38
2014-11-01,16.919999999999998
2014-11-02,13.32
2014-11-03,12.6
2014-11-04,9.719999999999999
2014-11-05,16.2
2014-11-06,12.24
2014-11-07,8.64
2014-11-08,10.62
2014-11-09,7.92
2014-11-10,8.459999999999999
2014-11-11,11.16
2014-11-12,6.3
2014-11-13,16.56
2014-11-14,10.62
2014-11-15,5.22
2014-11-16,5.22
2014-11-17,8.1
2014-11-18,7.38
2014-11-19,12.959999999999999
2014-11-20,9.719999999999999
2014-11-21,10.799999999999999
2014-11-22,5.22
2014-11-23,5.22
2014-11-24,12.42
2014-11-25,12.78
2014-11-26,18.0
2014-11-27,5.3999999999999995
2014-11-28,5.04
2014-11-29,5.22
2014-11-30,5.04
2014-12-01,8.4
2014-12-02,7.840000000000001
2014-12-03,10.360000000000001
2014-12-04,5.74
2014-12-05,7.140000000000001
2014-12-06,4.340000000000001
2014-12-07,4.340000000000001
2014-12-08,4.62
2014-12-09,8.540000000000001
2014-12-10,14.000000000000002
2014-12-11,7.140000000000001
2014-12-12,7.420000000000001
2014-12-13,9.24
2014-12-14,9.24
2014-12-15,3.6400000000000006
2014-12-16,7.280000000000001
2014-12-17,3.6400000000000006
2014-12-18,7.700000000000001
2014-12-19,7.98
2014-12-20,4.760000000000001
2014-12-21,4.9
2014-12-22,4.0600000000000005
2014-12-23,8.120000000000001
2014-12-24,4.62
2014-12-25,0.0
2014-12-26,4.62
2014-12-27,4.760000000000001
2014-12-28,4.62
2014-12-29,5.880000000000001
2014-12-30,3.9200000000000004
2014-12-31,7.000000000000001
2015-01-01,5.9399999999999995
2015-01-02,4.859999999999999
2015-01-03,0.0
2015-01-04,5.22
2015-01-05,0.0
2015-01-06,8.64
2015-01-07,6.4799999999999995
2015-01-08,17.46
2015-01-09,6.66
2015-01-10,10.799999999999999
2015-01-11,10.62
2015-01-12,12.78
2015-01-13,8.64
2015-01-14,4.32
2015-01-15,12.959999999999999
2015-01-16,18.0
2015-01-17,10.98
2015-01-18,5.3999999999999995
2015-01-19,9.18
2015-01-20,14.94
2015-01-21,6.4799999999999995
2015-01-22,4.32
2015-01-23,8.82
2015-01-24,7.92
2015-01-25,5.3999999999999995
2015-01-26,4.14
2015-01-27,14.76
2015-01-28,10.62
2015-01-29,12.78
2015-01-30,8.64
2015-01-31,5.22
2015-02-01,5.51
2015-02-02,8.93
2015-02-03,11.97
2015-02-04,11.78
2015-02-05,15.96
2015-02-06,10.64
2015-02-07,5.7
2015-02-08,7.41
2015-02-09,10.83
2015-02-10,19.0
2015-02-11,10.45
2015-02-12,17.67
2015-02-13,7.79
2015-02-14,11.4
2015-02-15,8.74
2015-02-16,4.75
2015-02-17,10.45
2015-02-18,7.6
2015-02-19,12.16
2015-02-20,9.31
2015-02-21,7.41
2015-02-22,11.21
2015-02-23,8.74
2015-02-24,7.41
2015-02-25,10.45
2015-02-26,13.68
2015-02-27,9.120000000000001
2015-02-28,5.51
2015-03-01,4.800000000000001
2015-03-02,10.200000000000001
2015-03-03,12.8
2015-03-04,11.4
2015-03-05,16.8
2015-03-06,4.0
2015-03-07,5.0
2015-03-08,10.0
2015-03-09,6.6000000000000005
2015-03-10,6.4
2015-03-11,4.0
2015-03-12,12.0
2015-03-13,11.0
2015-03-14,15.200000000000001
2015-03-15,5.0
2015-03-16,4.0
2015-03-17,6.0
2015-03-18,10.600000000000001
2015-03-19,10.600000000000001
2015-03-20,8.0
2015-03-21,5.0
2015-03-22,7.6000000000000005
2015-03-23,9.200000000000001
2015-03-24,14.600000000000001
2015-03-25,20.0
2015-03-26,8.0
2015-03-27,4.2
2015-03-28,5.6000000000000005
2015-03-29,5.4
2015-03-30,10.8
2015-03-31,8.0
2015-04-01,14.790000000000001
2015-04-02,6.800000000000001
2015-04-03,0.0
2015-04-04,5.61
2015-04-05,5.95
2015-04-06,5.95
2015-04-07,11.56
2015-04-08,10.030000000000001
2015-04-09,13.090000000000002
2015-04-10,12.07
2015-04-11,5.78
2015-04-12,7.65
2015-04-13,15.13
2015-04-14,6.970000000000001
2015-04-15,6.460000000000001
2015-04-16,6.460000000000001
2015-04-17,6.800000000000001
2015-04-18,5.78
2015-04-19,5.61
2015-04-20,7.140000000000001
2015-04-21,8.67
2015-04-22,14.450000000000001
2015-04-23,5.95
2015-04-24,7.65
2015-04-25,17.0
2015-04-26,11.22
2015-04-27,7.140000000000001
2015-04-28,8.67
2015-04-29,6.460000000000001
2015-04-30,10.370000000000001
2015-05-01,13.2
2015-05-02,5.55
2015-05-03,5.55
2015-05-04,4.2
2015-05-05,8.25
2015-05-06,6.3
2015-05-07,4.2
2015-05-08,4.5
2015-05-09,5.7
2015-05-10,0.0
2015-05-11,8.7
2015-05-12,12.45
2015-05-13,4.35
2015-05-14,15.0
2015-05-15,8.85
2015-05-16,8.549999999999999
2015-05-17,5.7
2015-05-18,8.549999999999999
2015-05-19,15.0
2015-05-20,6.45
2015-05-21,4.5
2015-05-22,11.7
2015-05-23,0.0
2015-05-24,6.1499999999999995
2015-05-25,5.55
2015-05-26,10.799999999999999
2015-05-27,8.549999999999999
2015-05-28,8.7
2015-05-29,4.5
2015-05-30,11.25
2015-05-31,8.549999999999999
2015-06-01,13.090000000000002
2015-06-02,10.370000000000001
2015-06-03,10.540000000000001
2015-06-04,0.0
2015-06-05,17.0
2015-06-06,0.0
2015-06-07,6.970000000000001
2015-06-08,16.150000000000002
2015-06-09,10.540000000000001
2015-06-10,10.88
2015-06-11,8.16
2015-06-12,14.110000000000001
2015-06-13,0.0
2015-06-14,0.0
2015-06-15,10.71
2015-06-16,13.260000000000002
2015-06-17,5.2700000000000005
2015-06-18,10.71
2015-06-19,5.61
2015-06-20,13.600000000000001
2015-06-21,0.0
2015-06-22,8.16
2015-06-23,7.99
2015-06-24,10.71
2015-06-25,0.0
2015-06-26,11.22
2015-06-27,6.800000000000001
2015-06-28,0.0
2015-06-29,16.150000000000002
2015-06-30,0.0
2015-07-01,6.65
2015-07-02,18.43
2015-07-03,5.32
2015-07-04,6.08
2015-07-05,19.0
2015-07-06,6.65
2015-07-07,6.65
2015-07-08,13.11
2015-07-09,4.37
2015-07-10,16.15
2015-07-11,5.7
2015-07-12,5.7
2015-07-13,8.74
2015-07-14,10.83
2015-07-15,17.48
2015-07-16,6.65
2015-07-17,4.5600000000000005
2015-07-18,0.0
2015-07-19,6.08
2015-07-20,9.120000000000001
2015-07-21,11.02
2015-07-22,8.74
2015-07-23,13.3
2015-07-24,11.4
2015-07-25,0.0
2015-07-26,0.0
2015-07-27,4.37
2015-07-28,4.37
2015-07-29,8.74
2015-07-30,17.67
2015-07-31,16.15
2015-08-01,7.7
2015-08-02,7.7
2015-08-03,12.1
2015-08-04,13.86
2015-08-05,6.16
2015-08-06,18.26
2015-08-07,15.84
2015-08-08,10.12
2015-08-09,18.26
2015-08-10,6.16
2015-08-11,15.84
2015-08-12,14.08
2015-08-13,16.28
2015-08-14,6.16
2015-08-15,7.48
2015-08-16,0.0
2015-08-17,15.84
2015-08-18,9.9
2015-08-19,8.8
2015-08-20,11.88
2015-08-21,9.02
2015-08-22,0.0
2015-08-23,14.96
2015-08-24,11.66
2015-08-25,11.66
2015-08-26,15.4
2015-08-27,17.6
2015-08-28,12.1
2015-08-29,7.48
2015-08-30,22.0
2015-08-31,14.96
2015-09-01,16.06
2015-09-02,5.28
2015-09-03,14.52
2015-09-04,5.72
2015-09-05,7.04
2015-09-06,11.0
2015-09-07,6.6
2015-09-08,15.84
2015-09-09,20.9
2015-09-10,19.36
2015-09-11,5.28
2015-09-12,6.82
2015-09-13,6.82
2015-09-14,14.08
2015-09-15,17.38
2015-09-16,8.8
2015-09-17,10.56
2015-09-18,9.02
2015-09-19,0.0
2015-09-20,6.82
2015-09-21,13.86
2015-09-22,10.34
2015-09-23,15.84
2015-09-24,7.04
2015-09-25,22.0
2015-09-26,7.04
2015-09-27,10.12
2015-09-28,6.82
2015-09-29,18.7
2015-09-30,8.58
2015-10-01,16.91
2015-10-02,11.21
2015-10-03,9.120000000000001
2015-10-04,11.97
2015-10-05,9.31
2015-10-06,10.83
2015-10-07,10.83
2015-10-08,14.06
2015-10-09,7.22
2015-10-10,8.36
2015-10-11,9.31
2015-10-12,11.78
2015-10-13,9.120000000000001
2015-10-14,18.05
2015-10-15,13.68
2015-10-16,19.0
2015-10-17,12.35
2015-10-18,0.0
2015-10-19,4.5600000000000005
2015-10-20,11.02
2015-10-21,9.120000000000001
2015-10-22,15.2
2015-10-23,6.2700000000000005
2015-10-24,5.89
2015-10-25,8.74
2015-10-26,16.53
2015-10-27,11.78
2015-10-28,11.78
2015-10-29,7.41
2015-10-30,4.75
2015-10-31,11.97
2015-11-01,8.5
2015-11-02,4.08
2015-11-03,7.99
2015-11-04,5.44
2015-11-05,6.800000000000001
2015-11-06,6.970000000000001
2015-11-07,5.2700000000000005
2015-11-08,5.2700000000000005
2015-11-09,6.800000000000001
2015-11-10,12.07
2015-11-11,6.29
2015-11-12,11.22
2015-11-13,8.67
2015-11-14,8.84
2015-11-15,7.99
2015-11-16,10.88
2015-11-17,7.99
2015-11-18,12.24
2015-11-19,8.16
2015-11-20,7.140000000000001
2015-11-21,5.2700000000000005
2015-11-22,5.2700000000000005
2015-11-23,6.970000000000001
2015-11-24,17.0
2015-11-25,13.770000000000001
2015-11-26,7.3100000000000005
2015-11-27,7.48
2015-11-28,5.2700000000000005
2015-11-29,5.2700000000000005
2015-11-30,3.91
2015-12-01,7.420000000000001
2015-12-02,3.08
2015-12-03,8.260000000000002
2015-12-04,6.300000000000001
2015-12-05,0.0
2015-12-06,0.0
2015-12-07,4.62
2015-12-08,9.100000000000001
2015-12-09,5.040000000000001
2015-12-10,4.62
2015-12-11,9.66
2015-12-12,4.0600000000000005
2015-12-13,6.580000000000001
2015-12-14,8.260000000000002
2015-12-15,7.280000000000001
2015-12-16,4.760000000000001
2015-12-17,4.9
2015-12-18,14.000000000000002
2015-12-19,4.340000000000001
2015-12-20,4.340000000000001
2015-12-21,4.62
2015-12-22,9.38
2015-12-23,0.0
2015-12-24,8.4
2015-12-25,4.9
2015-12-26,4.340000000000001
2015-12-27,0.0
2015-12-28,8.82
2015-12-29,4.760000000000001
2015-12-30,3.6400000000000006
2015-12-31,5.6000000000000005
2016-01-01,10.049999999999999
2016-01-02,3.4499999999999997
2016-01-03,0.0
2016-01-04,4.35
2016-01-05,7.8
2016-01-06,3.9
2016-01-07,2.85
2016-01-08,6.8999999999999995
2016-01-09,3.4499999999999997
2016-01-10,6.3
2016-01-11,6.6
2016-01-12,9.45
2016-01-13,5.7
2016-01-14,2.6999999999999997
2016-01-15,7.35
2016-01-16,0.0
2016-01-17,3.3
2016-01-18,15.0
2016-01-19,2.85
2016-01-20,4.8
2016-01-21,6.75
2016-01-22,4.35
2016-01-23,5.55
2016-01-24,0.0
2016-01-25,8.4
2016-01-26,2.85
2016-01-27,3.75
2016-01-28,7.6499999999999995
2016-01-29,5.85
2016-01-30,6.8999999999999995
2016-01-31,4.5
2016-02-01,4.590000000000001
2016-02-02,15.13
2016-02-03,17.0
2016-02-04,9.350000000000001
2016-02-05,7.99
2016-02-06,3.74
2016-02-07,0.0
2016-02-08,0.0
2016-02-09,10.71
2016-02-10,4.590000000000001
2016-02-11,7.82
2016-02-12,4.930000000000001
2016-02-13,7.48
2016-02-14,0.0
2016-02-15,6.460000000000001
2016-02-16,5.95
2016-02-17,12.41
2016-02-18,12.24
2016-02-19,6.29
2016-02-20,3.74
2016-02-21,7.3100000000000005
2016-02-22,4.590000000000001
2016-02-23,6.12
2016-02-24,9.01
2016-02-25,6.12
2016-02-26,6.29
2016-02-27,3.74
2016-02-28,3.74
2016-02-29,4.42
2016-03-01,14.04
2016-03-02,8.28
2016-03-03,14.399999999999999
2016-03-04,6.12
2016-03-05,7.199999999999999
2016-03-06,4.32
2016-03-07,5.9399999999999995
2016-03-08,10.799999999999999
2016-03-09,5.9399999999999995
2016-03-10,7.199999999999999
2016-03-11,3.78
2016-03-12,0.0
2016-03-13,8.459999999999999
2016-03-14,18.0
2016-03-15,16.74
2016-03-16,14.58
2016-03-17,9.9
2016-03-18,6.4799999999999995
2016-03-19,10.98
2016-03-20,8.64
2016-03-21,9.18
2016-03-22,10.98
2016-03-23,8.64
2016-03-24,12.6
2016-03-25,3.96
2016-03-26,13.32
2016-03-27,7.02
2016-03-28,7.56
2016-03-29,10.98
2016-03-30,12.959999999999999
2016-03-31,3.5999999999999996
2016-04-01,3.36
2016-04-02,0.0
2016-04-03,2.52
2016-04-04,5.04
2016-04-05,4.41
2016-04-06,7.56
2016-04-07,2.1
2016-04-08,3.78
2016-04-09,3.9899999999999998
2016-04-10,2.52
2016-04-11,8.61
2016-04-12,4.41
2016-04-13,4.41
2016-04-14,4.41
2016-04-15,2.94
2016-04-16,0.0
2016-04-17,3.9899999999999998
2016-04-18,5.88
2016-04-19,6.51
2016-04-20,4.41
2016-04-21,7.9799999999999995
2016-04-22,5.67
2016-04-23,5.46
2016-04-24,3.9899999999999998
2016-04-25,2.94
2016-04-26,3.57
2016-04-27,4.41
2016-04-28,21.0
2016-04-29,5.25
2016-04-30,3.9899999999999998
2016-05-01,6.72
2016-05-02,8.32
2016-05-03,5.6000000000000005
2016-05-04,5.44
2016-05-05,5.76
2016-05-06,8.8
2016-05-07,7.04
2016-05-08,5.28
2016-05-09,4.32
2016-05-10,9.76
2016-05-11,7.2
2016-05-12,16.0
2016-05-13,5.92
2016-05-14,7.2
2016-05-15,7.04
2016-05-16,7.2
2016-05-17,4.16
2016-05-18,2.88
2016-05-19,7.2
2016-05-20,0.0
2016-05-21,5.28
2016-05-22,7.2
2016-05-23,5.76
2016-05-24,5.76
2016-05-25,4.32
2016-05-26,7.5200000000000005
2016-05-27,6.24
2016-05-28,7.2
2016-05-29,0.0
2016-05-30,10.24
2016-05-31,8.8
2016-06-01,4.32
2016-06-02,4.96
2016-06-03,6.72
2016-06-04,7.68
2016-06-05,3.84
2016-06-06,7.5200000000000005
2016-06-07,3.2
2016-06-08,14.72
2016-06-09,6.72
2016-06-10,3.52
2016-06-11,5.92
2016-06-12,7.84
2016-06-13,13.120000000000001
2016-06-14,9.76
2016-06-15,7.68
2016-06-16,7.84
2016-06-17,5.12
2016-06-18,0.0
2016-06-19,4.16
2016-06-20,8.16
2016-06-21,8.8
2016-06-22,6.72
2016-06-23,6.72
2016-06-24,16.0
2016-06-25,8.0
2016-06-26,8.16
2016-06-27,9.76
2016-06-28,11.52
2016-06-29,3.36
2016-06-30,5.76
2016-07-01,9.520000000000001
2016-07-02,3.5700000000000003
2016-07-03,3.74
2016-07-04,3.5700000000000003
2016-07-05,12.750000000000002
2016-07-06,6.12
2016-07-07,10.71
2016-07-08,6.12
2016-07-09,3.5700000000000003
2016-07-10,3.5700000000000003
2016-07-11,17.0
2016-07-12,4.590000000000001
2016-07-13,6.29
2016-07-14,2.89
2016-07-15,6.29
2016-07-16,3.5700000000000003
2016-07-17,7.140000000000001
2016-07-18,12.24
2016-07-19,9.180000000000001
2016-07-20,12.24
2016-07-21,6.12
2016-07-22,7.82
2016-07-23,0.0
2016-07-24,7.140000000000001
2016-07-25,7.48
2016-07-26,4.590000000000001
2016-07-27,4.590000000000001
2016-07-28,9.01
2016-07-29,6.12
2016-07-30,3.5700000000000003
2016-07-31,5.2700000000000005
2016-08-01,15.52
2016-08-02,9.120000000000001
2016-08-03,9.28
2016-08-04,16.0
2016-08-05,5.6000000000000005
2016-08-06,4.8
2016-08-07,4.8
2016-08-08,5.28
2016-08-09,8.0
2016-08-10,12.16
2016-08-11,10.4
2016-08-12,9.92
2016-08-13,4.8
2016-08-14,4.8
2016-08-15,6.88
2016-08-16,12.48
2016-08-17,11.040000000000001
2016-08-18,10.56
2016-08-19,4.32
2016-08-20,4.96
2016-08-21,7.36
2016-08-22,12.32
2016-08-23,4.16
2016-08-24,8.0
2016-08-25,6.4
2016-08-26,11.84
2016-08-27,0.0
2016-08-28,8.96
2016-08-29,7.5200000000000005
2016-08-30,7.5200000000000005
2016-08-31,7.5200000000000005
2016-09-01,7.140000000000001
2016-09-02,8.260000000000002
2016-09-03,5.460000000000001
2016-09-04,7.420000000000001
2016-09-05,10.22
2016-09-06,12.88
2016-09-07,7.280000000000001
2016-09-08,6.0200000000000005
2016-09-09,4.62
2016-09-10,5.32
2016-09-11,5.040000000000001
2016-09-12,5.880000000000001
2016-09-13,7.280000000000001
2016-09-14,5.880000000000001
2016-09-15,4.9
2016-09-16,6.16
2016-09-17,3.5000000000000004
2016-09-18,3.3600000000000003
2016-09-19,8.680000000000001
2016-09-20,8.82
2016-09-21,4.48
2016-09-22,7.000000000000001
2016-09-23,4.0600000000000005
2016-09-24,7.280000000000001
2016-09-25,14.000000000000002
2016-09-26,7.280000000000001
2016-09-27,3.9200000000000004
2016-09-28,6.86
2016-09-29,5.880000000000001
2016-09-30,6.16
2016-10-01,8.16
2016-10-02,4.0
2016-10-03,8.48
2016-10-04,7.84
2016-10-05,12.32
2016-10-06,6.72
2016-10-07,3.52
2016-10-08,4.0
2016-10-09,5.92
2016-10-10,12.0
2016-10-11,16.0
2016-10-12,6.88
2016-10-13,6.88
2016-10-14,3.52
2016-10-15,10.4
2016-10-16,5.92
2016-10-17,13.6
2016-10-18,5.12
2016-10-19,8.0
2016-10-20,11.36
2016-10-21,5.28
2016-10-22,7.04
2016-10-23,4.16
2016-10-24,6.72
2016-10-25,6.72
2016-10-26,9.92
2016-10-27,8.32
2016-10-28,7.04
2016-10-29,4.16
2016-10-30,8.0
2016-10-31,14.56
2016-11-01,13.280000000000001
2016-11-02,10.56
2016-11-03,9.44
2016-11-04,11.040000000000001
2016-11-05,5.12
2016-11-06,7.5200000000000005
2016-11-07,6.88
2016-11-08,8.0
2016-11-09,5.6000000000000005
2016-11-10,10.08
2016-11-11,8.8
2016-11-12,10.24
2016-11-13,7.5200000000000005
2016-11-14,9.76
2016-11-15,9.76
2016-11-16,9.76
2016-11-17,12.8
2016-11-18,4.48
2016-11-19,7.68
2016-11-20,7.36
2016-11-21,10.08
2016-11-22,8.64
2016-11-23,9.120000000000001
2016-11-24,6.72
2016-11-25,4.64
2016-11-26,0.0
2016-11-27,4.8
2016-11-28,3.84
2016-11-29,7.84
2016-11-30,16.0
2016-12-01,10.22
2016-12-02,13.160000000000002
2016-12-03,3.08
2016-12-04,2.8000000000000003
2016-12-05,5.74
2016-12-06,6.0200000000000005
2016-12-07,2.5200000000000005
2016-12-08,3.7800000000000002
2016-12-09,5.32
2016-12-10,3.08
2016-12-11,2.9400000000000004
2016-12-12,9.940000000000001
2016-12-13,3.7800000000000002
2016-12-14,2.5200000000000005
2016-12-15,5.180000000000001
2016-12-16,2.66
2016-12-17,6.300000000000001
2016-12-18,3.08
2016-12-19,6.720000000000001
2016-12-20,2.8000000000000003
2016-12-21,2.8000000000000003
2016-12-22,7.140000000000001
2016-12-23,2.9400000000000004
2016-12-24,0.0
2016-12-25,3.5000000000000004
2016-12-26,0.0
2016-12-27,5.6000000000000005
2016-12-28,8.540000000000001
2016-12-29,14.000000000000002
2016-12-30,2.9400000000000004
2016-12-31,6.0200000000000005
2017-01-01,0.0
2017-01-02,10.600000000000001
2017-01-03,10.0
2017-01-04,7.0
2017-01-05,20.0
2017-01-06,12.8
2017-01-07,8.200000000000001
2017-01-08,6.4
2017-01-09,19.200000000000003
2017-01-10,8.200000000000001
2017-01-11,12.4
2017-01-12,14.600000000000001
2017-01-13,8.4
2017-01-14,11.4
2017-01-15,9.600000000000001
2017-01-16,8.6
2017-01-17,10.8
2017-01-18,6.2
2017-01-19,9.600000000000001
2017-01-20,6.800000000000001
2017-01-21,4.800000000000001
2017-01-22,6.2
2017-01-23,9.200000000000001
2017-01-24,8.0
2017-01-25,11.0
2017-01-26,6.800000000000001
2017-01-27,16.8
2017-01-28,0.0
2017-01-29,14.600000000000001
2017-01-30,8.0
2017-01-31,10.600000000000001
2017-02-01,11.4
2017-02-02,7.05
2017-02-03,6.0
2017-02-04,5.7
2017-02-05,6.1499999999999995
2017-02-06,7.8
2017-02-07,9.15
2017-02-08,3.4499999999999997
2017-02-09,3.4499999999999997
2017-02-10,14.399999999999999
2017-02-11,5.7
2017-02-12,8.4
2017-02-13,6.75
2017-02-14,10.5
2017-02-15,9.6
2017-02-16,9.299999999999999
2017-02-17,9.299999999999999
2017-02-18,4.05
2017-02-19,5.7
2017-02-20,10.95
2017-02-21,10.5
2017-02-22,15.0
2017-02-23,6.8999999999999995
2017-02-24,4.8
2017-02-25,4.2
2017-02-26,6.0
2017-02-27,4.35
2017-02-28,7.6499999999999995
2017-03-01,7.140000000000001
2017-03-02,8.84
2017-03-03,17.0
2017-03-04,5.44
2017-03-05,5.44
2017-03-06,15.81
2017-03-07,8.5
2017-03-08,9.180000000000001
2017-03-09,11.9
2017-03-10,12.41
2017-03-11,8.16
2017-03-12,12.750000000000002
2017-03-13,10.030000000000001
2017-03-14,9.180000000000001
2017-03-15,6.800000000000001
2017-03-16,9.350000000000001
2017-03-17,14.450000000000001
2017-03-18,5.61
2017-03-19,5.44
2017-03-20,9.180000000000001
2017-03-21,10.71
2017-03-22,16.830000000000002
2017-03-23,7.65
2017-03-24,7.82
2017-03-25,5.61
2017-03-26,11.05
2017-03-27,16.830000000000002
2017-03-28,9.180000000000001
2017-03-29,4.590000000000001
2017-03-30,9.350000000000001
2017-03-31,12.750000000000002
2017-04-01,4.5
2017-04-02,8.85
2017-04-03,5.3999999999999995
2017-04-04,9.75
2017-04-05,11.1
2017-04-06,3.75
2017-04-07,8.85
2017-04-08,4.5
2017-04-09,6.8999999999999995
2017-04-10,15.0
2017-04-11,10.049999999999999
2017-04-12,13.35
2017-04-13,13.95
2017-04-14,6.1499999999999995
2017-04-15,4.6499999999999995
2017-04-16,4.8
2017-04-17,7.5
2017-04-18,8.549999999999999
2017-04-19,8.549999999999999
2017-04-20,11.1
2017-04-21,7.6499999999999995
2017-04-22,7.6499999999999995
2017-04-23,7.5
2017-04-24,8.549999999999999
2017-04-25,9.15
2017-04-26,10.95
2017-04-27,3.5999999999999996
2017-04-28,5.1
2017-04-29,4.5
2017-04-30,4.5
2017-05-01,6.75
2017-05-02,6.8999999999999995
2017-05-03,6.8999999999999995
2017-05-04,12.75
2017-05-05,10.799999999999999
2017-05-06,8.7
2017-05-07,8.549999999999999
2017-05-08,3.4499999999999997
2017-05-09,9.299999999999999
2017-05-10,4.6499999999999995
2017-05-11,4.8
2017-05-12,9.15
2017-05-13,7.35
2017-05-14,4.5
2017-05-15,11.4
2017-05-16,15.0
2017-05-17,5.7
2017-05-18,3.75
2017-05-19,6.6
2017-05-20,9.299999999999999
2017-05-21,7.6499999999999995
2017-05-22,4.95
2017-05-23,9.6
2017-05-24,10.049999999999999
2017-05-25,12.6
2017-05-26,8.1
2017-05-27,4.8
2017-05-28,12.0
2017-05-29,9.0
2017-05-30,13.049999999999999
2017-05-31,4.8
2017-06-01,5.61
2017-06-02,11.05
2017-06-03,5.2700000000000005
2017-06-04,0.0
2017-06-05,8.33
2017-06-06,9.690000000000001
2017-06-07,5.61
2017-06-08,17.0
2017-06-09,10.200000000000001
2017-06-10,7.82
2017-06-11,5.2700000000000005
2017-06-12,9.860000000000001
2017-06-13,10.370000000000001
2017-06-14,12.58
2017-06-15,15.13
2017-06-16,11.05
2017-06-17,7.65
2017-06-18,6.970000000000001
2017-06-19,10.540000000000001
2017-06-20,10.71
2017-06-21,13.430000000000001
2017-06-22,9.690000000000001
2017-06-23,8.33
2017-06-24,4.930000000000001
2017-06-25,5.1000000000000005
2017-06-26,11.39
2017-06-27,8.67
2017-06-28,4.42
2017-06-29,16.66
2017-06-30,17.0
2017-07-01,7.03
2017-07-02,5.32
2017-07-03,7.22
2017-07-04,5.32
2017-07-05,7.79
2017-07-06,7.41
2017-07-07,10.45
2017-07-08,10.07
2017-07-09,5.13
2017-07-10,11.78
2017-07-11,7.41
2017-07-12,14.63
2017-07-13,8.93
2017-07-14,8.93
2017-07-15,5.13
2017-07-16,5.32
2017-07-17,5.89
2017-07-18,8.93
2017-07-19,16.34
2017-07-20,19.0
2017-07-21,11.97
2017-07-22,10.26
2017-07-23,6.84
2017-07-24,15.96
2017-07-25,4.37
2017-07-26,11.59
2017-07-27,8.74
2017-07-28,13.3
2017-07-29,10.26
2017-07-30,7.79
2017-07-31,16.15
2017-08-01,13.92
2017-08-02,3.84
2017-08-03,12.0
2017-08-04,0.0
2017-08-05,11.84
2017-08-06,0.0
2017-08-07,7.68
2017-08-08,11.52
2017-08-09,8.0
2017-08-10,12.48
2017-08-11,8.32
2017-08-12,7.04
2017-08-13,4.8
2017-08-14,4.0
2017-08-15,8.0
2017-08-16,10.08
2017-08-17,6.08
2017-08-18,4.16
2017-08-19,14.24
2017-08-20,4.8
2017-08-21,3.84
2017-08-22,16.0
2017-08-23,8.0
2017-08-24,9.92
2017-08-25,12.32
2017-08-26,0.0
2017-08-27,4.48
2017-08-28,8.0
2017-08-29,5.76
2017-08-30,15.84
2017-08-31,4.0
2017-09-01,3.42
2017-09-02,3.78
2017-09-03,7.92
2017-09-04,3.78
2017-09-05,9.54
2017-09-06,9.18
2017-09-07,6.3
2017-09-08,10.799999999999999
2017-09-09,0.0
2017-09-10,5.58
2017-09-11,7.56
2017-09-12,7.38
2017-09-13,5.3999999999999995
2017-09-14,7.56
2017-09-15,6.66
2017-09-16,3.96
2017-09-17,9.54
2017-09-18,10.799999999999999
2017-09-19,14.219999999999999
2017-09-20,10.799999999999999
2017-09-21,10.799999999999999
2017-09-22,7.739999999999999
2017-09-23,0.0
2017-09-24,3.78
2017-09-25,6.4799999999999995
2017-09-26,5.3999999999999995
2017-09-27,9.719999999999999
2017-09-28,18.0
2017-09-29,13.32
2017-09-30,3.96
2017-10-01,9.36
2017-10-02,8.82
2017-10-03,18.0
2017-10-04,7.92
2017-10-05,13.139999999999999
2017-10-06,17.28
2017-10-07,4.68
2017-10-08,9.18
2017-10-09,9.719999999999999
2017-10-10,9.54
2017-10-11,14.219999999999999
2017-10-12,6.4799999999999995
2017-10-13,10.62
2017-10-14,4.68
2017-10-15,4.68
2017-10-16,9.0
2017-10-17,7.92
2017-10-18,7.92
2017-10-19,7.92
2017-10-20,10.98
2017-10-21,4.859999999999999
2017-10-22,6.84
2017-10-23,9.719999999999999
2017-10-24,10.26
2017-10-25,9.0
2017-10-26,11.7
2017-10-27,10.08
2017-10-28,4.859999999999999
2017-10-29,0.0
2017-10-30,7.56
2017-10-31,7.92
2017-11-01,10.27
2017-11-02,8.71
2017-11-03,12.48
2017-11-04,7.930000000000001
2017-11-05,3.9000000000000004
2017-11-06,9.620000000000001
2017-11-07,6.5
2017-11-08,5.46
2017-11-09,3.25
2017-11-10,3.5100000000000002
2017-11-11,3.9000000000000004
2017-11-12,9.620000000000001
2017-11-13,9.75
2017-11-14,6.5
2017-11-15,13.0
2017-11-16,8.71
2017-11-17,7.930000000000001
2017-11-18,0.0
2017-11-19,9.88
2017-11-20,10.01
2017-11-21,4.55
2017-11-22,6.11
2017-11-23,6.11
2017-11-24,3.77
2017-11-25,3.77
2017-11-26,5.2
2017-11-27,4.16
2017-11-28,6.37
2017-11-29,5.33
2017-11-30,9.75
2017-12-01,11.700000000000001
2017-12-02,5.2
2017-12-03,6.76
2017-12-04,4.29
2017-12-05,8.450000000000001
2017-12-06,11.57
2017-12-07,13.0
2017-12-08,8.84
2017-12-09,5.33
2017-12-10,3.5100000000000002
2017-12-11,8.58
2017-12-12,4.29
2017-12-13,5.8500000000000005
2017-12-14,10.27
2017-12-15,6.11
2017-12-16,3.64
2017-12-17,3.5100000000000002
2017-12-18,2.99
2017-12-19,5.98
2017-12-20,0.0
2017-12-21,3.25
2017-12-22,5.07
2017-12-23,3.64
2017-12-24,3.9000000000000004
2017-12-25,4.03
2017-12-26,7.0200000000000005
2017-12-27,6.5
2017-12-28,9.88
2017-12-29,3.38
2017-12-30,3.5100000000000002
2017-12-31,3.5100000000000002
2018-01-01,12.540000000000001
2018-01-02,9.120000000000001
2018-01-03,10.64
2018-01-04,15.96
2018-01-05,19.0
2018-01-06,8.17
2018-01-07,11.97
2018-01-08,8.55
2018-01-09,10.07
2018-01-10,17.48
2018-01-11,8.74
2018-01-12,10.45
2018-01-13,6.08
2018-01-14,14.06
2018-01-15,13.68
2018-01-16,10.26
2018-01-17,15.39
2018-01-18,17.29
2018-01-19,10.45
2018-01-20,16.34
2018-01-21,9.88
2018-01-22,10.07
2018-01-23,16.91
2018-01-24,11.97
2018-01-25,15.58
2018-01-26,5.32
2018-01-27,12.35
2018-01-28,10.07
2018-01-29,7.6
2018-01-30,13.49
2018-01-31,15.2
2018-02-01,17.67
2018-02-02,18.05
2018-02-03,9.5
2018-02-04,15.39
2018-02-05,11.97
2018-02-06,12.16
2018-02-07,19.0
2018-02-08,15.77
2018-02-09,10.64
2018-02-10,6.2700000000000005
2018-02-11,9.31
2018-02-12,17.29
2018-02-13,7.03
2018-02-14,7.03
2018-02-15,16.15
2018-02-16,14.44
2018-02-17,8.36
2018-02-18,16.91
2018-02-19,13.68
2018-02-20,12.35
2018-02-21,17.48
2018-02-22,5.13
2018-02-23,7.98
2018-02-24,9.31
2018-02-25,12.540000000000001
2018-02-26,15.77
2018-02-27,10.45
2018-02-28,12.16
2018-03-01,8.64
2018-03-02,8.48
2018-03-03,4.0
2018-03-04,12.16
2018-03-05,8.96
2018-03-06,13.44
2018-03-07,7.84
2018-03-08,10.24
2018-03-09,8.16
2018-03-10,16.0
2018-03-11,9.92
2018-03-12,6.88
2018-03-13,4.48
2018-03-14,10.08
2018-03-15,8.0
2018-03-16,5.92
2018-03-17,4.16
2018-03-18,12.32
2018-03-19,10.24
2018-03-20,7.84
2018-03-21,8.48
2018-03-22,13.76
2018-03-23,11.84
2018-03-24,4.16
2018-03-25,8.16
2018-03-26,10.4
2018-03-27,8.16
2018-03-28,8.16
2018-03-29,7.04
2018-03-30,10.08
2018-03-31,4.16
2018-04-01,4.16
2018-04-02,3.52
2018-04-03,9.92
2018-04-04,8.96
2018-04-05,11.36
2018-04-06,6.88
2018-04-07,0.0
2018-04-08,5.92
2018-04-09,6.5600000000000005
2018-04-10,13.120000000000001
2018-04-11,14.56
2018-04-12,6.72
2018-04-13,6.88
2018-04-14,4.0
2018-04-15,4.0
2018-04-16,10.72
2018-04-17,6.5600000000000005
2018-04-18,4.96
2018-04-19,13.44
2018-04-20,5.76
2018-04-21,6.88
2018-04-22,12.32
2018-04-23,7.68
2018-04-24,7.68
2018-04-25,12.0
2018-04-26,7.84
2018-04-27,16.0
2018-04-28,6.24
2018-04-29,5.44
2018-04-30,13.280000000000001
2018-05-01,15.52
2018-05-02,14.4
2018-05-03,10.88
2018-05-04,3.68
2018-05-05,8.8
2018-05-06,4.48
2018-05-07,8.32
2018-05-08,12.0
2018-05-09,8.32
2018-05-10,12.16
2018-05-11,9.92
2018-05-12,4.48
2018-05-13,6.72
2018-05-14,16.0
2018-05-15,8.48
2018-05-16,11.040000000000001
2018-05-17,9.120000000000001
2018-05-18,5.76
2018-05-19,4.48
2018-05-20,4.48
2018-05-21,5.6000000000000005
2018-05-22,6.08
2018-05-23,7.5200000000000005
2018-05-24,5.76
2018-05-25,5.92
2018-05-26,4.64
2018-05-27,4.64
2018-05-28,4.32
2018-05-29,4.96
2018-05-30,3.68
2018-05-31,7.5200000000000005
2018-06-01,16.0
2018-06-02,13.6
2018-06-03,13.6
2018-06-04,15.040000000000001
2018-06-05,12.0
2018-06-06,15.200000000000001
2018-06-07,12.16
2018-06-08,6.88
2018-06-09,8.0
2018-06-10,5.44
2018-06-11,12.96
2018-06-12,15.36
2018-06-13,8.64
2018-06-14,12.0
2018-06-15,11.040000000000001
2018-06-16,5.44
2018-06-17,7.36
2018-06-18,7.68
2018-06-19,9.120000000000001
2018-06-20,13.76
2018-06-21,11.68
2018-06-22,11.040000000000001
2018-06-23,8.96
2018-06-24,5.44
2018-06-25,15.36
2018-06-26,12.32
2018-06-27,13.76
2018-06-28,7.84
2018-06-29,6.4
2018-06-30,8.96
2018-07-01,3.3600000000000003
2018-07-02,4.2
2018-07-03,4.340000000000001
2018-07-04,0.0
2018-07-05,6.0200000000000005
2018-07-06,8.4
2018-07-07,0.0
2018-07-08,3.22
2018-07-09,5.460000000000001
2018-07-10,2.66
2018-07-11,6.580000000000001
2018-07-12,5.74
2018-07-13,2.9400000000000004
2018-07-14,9.66
2018-07-15,3.22
2018-07-16,7.140000000000001
2018-07-17,11.340000000000002
2018-07-18,8.680000000000001
2018-07-19,4.340000000000001
2018-07-20,2.9400000000000004
2018-07-21,3.22
2018-07-22,3.22
2018-07-23,14.000000000000002
2018-07-24,0.0
2018-07-25,5.6000000000000005
2018-07-26,10.080000000000002
2018-07-27,5.880000000000001
2018-07-28,3.22
2018-07-29,3.3600000000000003
2018-07-30,2.8000000000000003
2018-07-31,11.06
2018-08-01,10.799999999999999
2018-08-02,6.6
2018-08-03,5.55
2018-08-04,9.45
2018-08-05,6.3
2018-08-06,4.05
2018-08-07,9.299999999999999
2018-08-08,14.85
2018-08-09,13.65
2018-08-10,6.8999999999999995
2018-08-11,6.3
2018-08-12,7.05
2018-08-13,8.25
2018-08-14,8.1
2018-08-15,12.299999999999999
2018-08-16,8.25
2018-08-17,6.8999999999999995
2018-08-18,4.8
2018-08-19,4.8
2018-08-20,13.799999999999999
2018-08-21,10.799999999999999
2018-08-22,15.0
2018-08-23,4.2
2018-08-24,6.8999999999999995
2018-08-25,4.8
2018-08-26,9.6
2018-08-27,6.75
2018-08-28,10.65
2018-08-29,10.65
2018-08-30,5.3999999999999995
2018-08-31,12.299999999999999
2018-09-01,2.55
2018-09-02,2.6999999999999997
2018-09-03,2.55
2018-09-04,8.7
2018-09-05,5.3999999999999995
2018-09-06,4.2
2018-09-07,2.25
2018-09-08,3.75
2018-09-09,4.95
2018-09-10,7.5
2018-09-11,4.2
2018-09-12,4.2
2018-09-13,4.35
2018-09-14,0.0
2018-09-15,2.55
2018-09-16,5.1
2018-09-17,2.1
2018-09-18,15.0
2018-09-19,7.8
2018-09-20,7.6499999999999995
2018-09-21,2.25
2018-09-22,0.0
2018-09-23,2.55
2018-09-24,6.45
2018-09-25,5.3999999999999995
2018-09-26,9.75
2018-09-27,5.55
2018-09-28,4.5
2018-09-29,2.6999999999999997
2018-09-30,2.55
2018-10-01,9.15
2018-10-02,12.75
2018-10-03,11.1
2018-10-04,11.1
2018-10-05,11.4
2018-10-06,6.75
2018-10-07,0.0
2018-10-08,5.7
2018-10-09,10.95
2018-10-10,9.15
2018-10-11,3.75
2018-10-12,3.9
2018-10-13,4.5
2018-10-14,4.5
2018-10-15,5.55
2018-10-16,15.0
2018-10-17,9.299999999999999
2018-10-18,5.7
2018-10-19,9.75
2018-10-20,6.6
2018-10-21,6.6
2018-10-22,9.299999999999999
2018-10-23,9.299999999999999
2018-10-24,5.3999999999999995
2018-10-25,5.7
2018-10-26,11.7
2018-10-27,9.0
2018-10-28,8.85
2018-10-29,11.1
2018-10-30,11.25
2018-10-31,7.8
2018-11-01,3.7800000000000002
2018-11-02,2.5200000000000005
2018-11-03,4.340000000000001
2018-11-04,5.460000000000001
2018-11-05,3.3600000000000003
2018-11-06,14.000000000000002
2018-11-07,4.2
2018-11-08,7.000000000000001
2018-11-09,8.540000000000001
2018-11-10,0.0
2018-11-11,2.8000000000000003
2018-11-12,7.280000000000001
2018-11-13,4.760000000000001
2018-11-14,7.280000000000001
2018-11-15,8.260000000000002
2018-11-16,4.9
2018-11-17,5.74
2018-11-18,4.340000000000001
2018-11-19,3.6400000000000006
2018-11-20,4.9
2018-11-21,5.32
2018-11-22,0.0
2018-11-23,0.0
2018-11-24,2.66
2018-11-25,2.8000000000000003
2018-11-26,5.6000000000000005
2018-11-27,4.62
2018-11-28,7.000000000000001
2018-11-29,7.140000000000001
2018-11-30,4.62
2018-12-01,6.6
2018-12-02,3.9
2018-12-03,6.6
2018-12-04,10.049999999999999
2018-12-05,11.25
2018-12-06,7.949999999999999
2018-12-07,10.5
2018-12-08,4.05
2018-12-09,4.05
2018-12-10,5.7
2018-12-11,10.35
2018-12-12,8.1
2018-12-13,10.35
2018-12-14,8.4
2018-12-15,7.05
2018-12-16,4.2
2018-12-17,7.949999999999999
2018-12-18,15.0
2018-12-19,5.3999999999999995
2018-12-20,7.199999999999999
2018-12-21,10.049999999999999
2018-12-22,4.35
2018-12-23,4.35
2018-12-24,0.0
2018-12-25,9.6
2018-12-26,6.0
2018-12-27,5.7
2018-12-28,7.5
2018-12-29,8.25
2018-12-30,4.05
2018-12-31,11.549999999999999
2019-01-01,9.31
2019-01-02,3.99
2019-01-03,7.79
2019-01-04,10.45
2019-01-05,6.65
2019-01-06,8.74
2019-01-07,7.6
2019-01-08,5.51
2019-01-09,11.4
2019-01-10,6.2700000000000005
2019-01-11,8.93
2019-01-12,4.37
2019-01-13,4.37
2019-01-14,9.31
2019-01-15,8.55
2019-01-16,8.55
2019-01-17,4.94
2019-01-18,12.540000000000001
2019-01-19,4.37
2019-01-20,3.99
2019-01-21,6.2700000000000005
2019-01-22,8.55
2019-01-23,8.55
2019-01-24,9.69
2019-01-25,19.0
2019-01-26,5.89
2019-01-27,8.93
2019-01-28,9.120000000000001
2019-01-29,6.08
2019-01-30,12.16
2019-01-31,9.31
2019-02-01,10.5
2019-02-02,4.2
2019-02-03,6.75
2019-02-04,3.4499999999999997
2019-02-05,15.0
2019-02-06,8.1
2019-02-07,10.2
2019-02-08,8.85
2019-02-09,4.2
2019-02-10,5.3999999999999995
2019-02-11,5.55
2019-02-12,3.4499999999999997
2019-02-13,8.1
2019-02-14,8.25
2019-02-15,10.95
2019-02-16,6.8999999999999995
2019-02-17,4.2
2019-02-18,6.1499999999999995
2019-02-19,8.7
2019-02-20,9.299999999999999
2019-02-21,9.299999999999999
2019-02-22,8.25
2019-02-23,12.15
2019-02-24,6.1499999999999995
2019-02-25,6.75
2019-02-26,10.35
2019-02-27,7.949999999999999
2019-02-28,4.6499999999999995
2019-03-01,4.0
2019-03-02,6.88
2019-03-03,6.88
2019-03-04,7.04
2019-03-05,7.04
2019-03-06,6.72
2019-03-07,7.2
2019-03-08,6.5600000000000005
2019-03-09,7.2
2019-03-10,5.76
2019-03-11,5.6000000000000005
2019-03-12,5.6000000000000005
2019-03-13,6.4
2019-03-14,6.4
2019-03-15,5.6000000000000005
2019-03-16,4.32
2019-03-17,4.48
2019-03-18,9.92
2019-03-19,7.2
2019-03-20,3.36
2019-03-21,4.8
2019-03-22,4.96
2019-03-23,2.88
2019-03-24,4.0
2019-03-25,7.36
2019-03-26,16.0
2019-03-27,6.72
2019-03-28,10.56
2019-03-29,3.68
2019-03-30,2.88
2019-03-31,2.88
2019-04-01,8.16
2019-04-02,9.44
2019-04-03,13.120000000000001
2019-04-04,5.92
2019-04-05,6.08
2019-04-06,6.5600000000000005
2019-04-07,4.32
2019-04-08,10.56
2019-04-09,13.120000000000001
2019-04-10,8.32
2019-04-11,11.84
2019-04-12,9.120000000000001
2019-04-13,7.36
2019-04-14,5.76
2019-04-15,16.0
2019-04-16,9.6
2019-04-17,14.88
2019-04-18,12.32
2019-04-19,5.76
2019-04-20,8.96
2019-04-21,4.64
2019-04-22,6.24
2019-04-23,9.76
2019-04-24,14.72
2019-04-25,10.72
2019-04-26,10.88
2019-04-27,6.5600000000000005
2019-04-28,4.32
2019-04-29,4.8
2019-04-30,8.16
2019-05-01,2.5200000000000005
2019-05-02,6.0200000000000005
2019-05-03,2.8000000000000003
2019-05-04,14.000000000000002
2019-05-05,1.9600000000000002
2019-05-06,5.6000000000000005
2019-05-07,1.6800000000000002
2019-05-08,3.3600000000000003
2019-05-09,9.100000000000001
2019-05-10,2.9400000000000004
2019-05-11,4.2
2019-05-12,6.300000000000001
2019-05-13,7.000000000000001
2019-05-14,5.180000000000001
2019-05-15,2.24
2019-05-16,3.9200000000000004
2019-05-17,4.62
2019-05-18,4.2
2019-05-19,5.180000000000001
2019-05-20,3.3600000000000003
2019-05-21,4.48
2019-05-22,4.0600000000000005
2019-05-23,3.5000000000000004
2019-05-24,2.9400000000000004
2019-05-25,2.1
2019-05-26,3.22
2019-05-27,1.9600000000000002
2019-05-28,3.5000000000000004
2019-05-29,3.9200000000000004
2019-05-30,3.9200000000000004
2019-05-31,4.0600000000000005
2019-06-01,3.9
2019-06-02,7.5
2019-06-03,12.9
2019-06-04,5.3999999999999995
2019-06-05,11.85
2019-06-06,7.6499999999999995
2019-06-07,3.3
2019-06-08,3.9
2019-06-09,3.9
2019-06-10,4.8
2019-06-11,13.049999999999999
2019-06-12,15.0
2019-06-13,9.75
2019-06-14,7.6499999999999995
2019-06-15,3.9
2019-06-16,7.6499999999999995
2019-06-17,8.25
2019-06-18,12.0
2019-06-19,8.1
2019-06-20,9.9
2019-06-21,3.3
2019-06-22,3.9
2019-06-23,6.0
2019-06-24,8.85
2019-06-25,13.35
2019-06-26,13.2
2019-06-27,6.6
2019-06-28,5.85
2019-06-29,5.85
2019-06-30,3.9
2019-07-01,13.92
2019-07-02,12.48
2019-07-03,9.44
2019-07-04,5.28
2019-07-05,7.04
2019-07-06,7.84
2019-07-07,12.16
2019-07-08,15.200000000000001
2019-07-09,12.32
2019-07-10,15.52
2019-07-11,7.68
2019-07-12,15.84
2019-07-13,8.16
2019-07-14,10.88
2019-07-15,6.08
2019-07-16,10.56
2019-07-17,16.0
2019-07-18,12.32
2019-07-19,8.0
2019-07-20,8.0
2019-07-21,5.28
2019-07-22,15.52
2019-07-23,6.08
2019-07-24,6.4
2019-07-25,11.200000000000001
2019-07-26,9.76
2019-07-27,11.040000000000001
2019-07-28,8.32
2019-07-29,9.44
2019-07-30,9.44
2019-07-31,12.48
2019-08-01,7.68
2019-08-02,6.08
2019-08-03,4.48
2019-08-04,10.24
2019-08-05,3.84
2019-08-06,8.96
2019-08-07,11.68
2019-08-08,9.76
2019-08-09,6.5600000000000005
2019-08-10,8.8
2019-08-11,4.32
2019-08-12,11.36
2019-08-13,12.48
2019-08-14,6.08
2019-08-15,7.5200000000000005
2019-08-16,7.5200000000000005
2019-08-17,8.64
2019-08-18,4.32
2019-08-19,12.16
2019-08-20,9.120000000000001
2019-08-21,16.0
2019-08-22,9.92
2019-08-23,7.36
2019-08-24,8.8
2019-08-25,10.72
2019-08-26,10.88
2019-08-27,9.6
2019-08-28,13.280000000000001
2019-08-29,7.2
2019-08-30,4.8
2019-08-31,4.16
2019-09-01,4.2
2019-09-02,11.760000000000002
2019-09-03,11.620000000000001
2019-09-04,8.120000000000001
2019-09-05,7.000000000000001
2019-09-06,6.86
2019-09-07,5.460000000000001
2019-09-08,8.120000000000001
2019-09-09,6.86
2019-09-10,7.98
2019-09-11,5.74
2019-09-12,10.360000000000001
2019-09-13,8.680000000000001
2019-09-14,4.2
2019-09-15,4.0600000000000005
2019-09-16,11.340000000000002
2019-09-17,6.86
2019-09-18,12.040000000000001
2019-09-19,14.000000000000002
2019-09-20,9.38
2019-09-21,4.0600000000000005
2019-09-22,8.120000000000001
2019-09-23,5.6000000000000005
2019-09-24,8.120000000000001
2019-09-25,10.500000000000002
2019-09-26,9.520000000000001
2019-09-27,6.0200000000000005
2019-09-28,6.44
2019-09-29,7.000000000000001
2019-09-30,12.88
2019-10-01,6.580000000000001
2019-10-02,9.24
2019-10-03,9.38
2019-10-04,11.620000000000001
2019-10-05,5.040000000000001
2019-10-06,3.3600000000000003
2019-10-07,6.580000000000001
2019-10-08,8.540000000000001
2019-10-09,7.700000000000001
2019-10-10,3.7800000000000002
2019-10-11,6.720000000000001
2019-10-12,3.3600000000000003
2019-10-13,6.720000000000001
2019-10-14,7.140000000000001
2019-10-15,8.4
2019-10-16,8.4
2019-10-17,4.760000000000001
2019-10-18,5.74
2019-10-19,3.3600000000000003
2019-10-20,3.22
2019-10-21,4.48
2019-10-22,9.8
2019-10-23,3.6400000000000006
2019-10-24,5.6000000000000005
2019-10-25,5.74
2019-10-26,14.000000000000002
2019-10-27,3.3600000000000003
2019-10-28,6.300000000000001
2019-10-29,11.200000000000001
2019-10-30,6.44
2019-10-31,4.62
2019-11-01,7.59
2019-11-02,4.4
2019-11-03,0.0
2019-11-04,3.63
2019-11-05,7.26
2019-11-06,5.61
2019-11-07,8.8
2019-11-08,6.05
2019-11-09,2.86
2019-11-10,2.75
2019-11-11,7.26
2019-11-12,3.52
2019-11-13,5.61
2019-11-14,4.73
2019-11-15,4.73
2019-11-16,5.61
2019-11-17,3.63
2019-11-18,5.5
2019-11-19,2.42
2019-11-20,5.61
2019-11-21,11.0
2019-11-22,4.07
2019-11-23,2.75
2019-11-24,2.86
2019-11-25,7.26
2019-11-26,2.53
2019-11-27,5.17
2019-11-28,8.47
2019-11-29,2.64
2019-11-30,2.75
2019-12-01,2.6
2019-12-02,5.1000000000000005
2019-12-03,6.800000000000001
2019-12-04,5.800000000000001
2019-12-05,7.7
2019-12-06,6.2
2019-12-07,4.6000000000000005
2019-12-08,2.7
2019-12-09,5.9
2019-12-10,4.7
2019-12-11,4.6000000000000005
2019-12-12,8.5
2019-12-13,3.9000000000000004
2019-12-14,2.7
2019-12-15,2.7
2019-12-16,4.6000000000000005
2019-12-17,3.5
2019-12-18,2.4000000000000004
2019-12-19,6.0
2019-12-20,5.0
2019-12-21,7.6000000000000005
2019-12-22,2.9000000000000004
2019-12-23,6.1000000000000005
2019-12-24,5.6000000000000005
2019-12-25,3.1
2019-12-26,4.5
2019-12-27,2.6
2019-12-28,5.6000000000000005
2019-12-29,0.0
2019-12-30,10.0
2019-12-31,3.9000000000000004
2020-01-01,6.11
2020-01-02,7.15
2020-01-03,2.6
2020-01-04,4.29
2020-01-05,4.68
2020-01-06,5.07
2020-01-07,8.58
2020-01-08,8.450000000000001
2020-01-09,4.16
2020-01-10,3.38
2020-01-11,4.29
2020-01-12,7.0200000000000005
2020-01-13,10.4
2020-01-14,3.25
2020-01-15,7.930000000000001
2020-01-16,4.03
2020-01-17,5.07
2020-01-18,8.58
2020-01-19,8.450000000000001
2020-01-20,3.5100000000000002
2020-01-21,8.32
2020-01-22,7.41
2020-01-23,6.63
2020-01-24,5.8500000000000005
2020-01-25,4.8100000000000005
2020-01-26,3.5100000000000002
2020-01-27,8.58
2020-01-28,13.0
2020-01-29,4.94
2020-01-30,4.16
2020-01-31,6.63
2020-02-01,3.25
2020-02-02,4.29
2020-02-03,5.07
2020-02-04,10.14
2020-02-05,8.32
2020-02-06,7.41
2020-02-07,8.58
2020-02-08,4.29
2020-02-09,10.01
2020-02-10,7.28
2020-02-11,11.83
2020-02-12,7.28
2020-02-13,9.75
2020-02-14,6.76
2020-02-15,8.19
2020-02-16,6.5
2020-02-17,5.8500000000000005
2020-02-18,4.55
2020-02-19,7.15
2020-02-20,8.97
2020-02-21,6.37
2020-02-22,3.12
2020-02-23,3.25
2020-02-24,9.88
2020-02-25,4.03
2020-02-26,13.0
2020-02-27,7.930000000000001
2020-02-28,9.1
2020-02-29,7.28
2020-03-01,1.0
2020-03-02,3.0
2020-03-03,2.0
2020-03-04,3.0
2020-03-05,3.0
2020-03-06,2.0
2020-03-07,4.0
2020-03-08,1.0
2020-03-09,2.0
2020-03-10,2.0
2020-03-11,3.0
2020-03-12,4.0
2020-03-13,4.0
2020-03-14,2.0
2020-03-15,3.0
2020-03-16,3.0
2020-03-17,3.0
2020-03-18,4.0
2020-03-19,8.0
2020-03-20,5.0
2020-03-21,6.0
2020-03-22,4.0
2020-03-23,6.0
2020-03-24,3.0
2020-03-25,2.0
2020-03-26,8.0
2020-03-27,9.0
2020-03-28,85.0
2020-03-29,82.0
2020-03-30,100.0
2020-03-31,67.0
2020-04-01,73.0
2020-04-02,43.8
2020-04-03,36.5
2020-04-04,21.169999999999998
2020-04-05,27.74
2020-04-06,33.58
2020-04-07,29.93
2020-04-08,24.82
2020-04-09,26.28
2020-04-10,20.439999999999998
2020-04-11,10.219999999999999
2020-04-12,5.109999999999999
2020-04-13,17.52
2020-04-14,29.93
2020-04-15,25.55
2020-04-16,33.58
2020-04-17,16.79
2020-04-18,13.14
2020-04-19,8.03
2020-04-20,19.71
2020-04-21,16.06
2020-04-22,13.87
2020-04-23,16.79
2020-04-24,13.87
2020-04-25,8.03
2020-04-26,5.109999999999999
2020-04-27,13.87
2020-04-28,13.87
2020-04-29,15.33
2020-04-30,13.14
