date,Adobe
2011-01-01,74.69
2011-01-02,82.45
2011-01-03,85.36
2011-01-04,93.12
2011-01-05,92.14999999999999
2011-01-06,89.24
2011-01-07,90.21
2011-01-08,81.48
2011-01-09,81.48
2011-01-10,87.3
2011-01-11,90.21
2011-01-12,89.24
2011-01-13,96.03
2011-01-14,86.33
2011-01-15,79.53999999999999
2011-01-16,82.45
2011-01-17,86.33
2011-01-18,90.21
2011-01-19,95.06
2011-01-20,96.03
2011-01-21,95.06
2011-01-22,79.53999999999999
2011-01-23,84.39
2011-01-24,88.27
2011-01-25,97.0
2011-01-26,96.03
2011-01-27,94.09
2011-01-28,92.14999999999999
2011-01-29,85.36
2011-01-30,83.42
2011-01-31,94.09
2011-02-01,90.21
2011-02-02,87.3
2011-02-03,89.24
2011-02-04,88.27
2011-02-05,79.53999999999999
2011-02-06,86.33
2011-02-07,82.45
2011-02-08,89.24
2011-02-09,97.0
2011-02-10,96.03
2011-02-11,84.39
2011-02-12,83.42
2011-02-13,82.45
2011-02-14,87.3
2011-02-15,92.14999999999999
2011-02-16,91.17999999999999
2011-02-17,91.17999999999999
2011-02-18,95.06
2011-02-19,90.21
2011-02-20,79.53999999999999
2011-02-21,85.36
2011-02-22,92.14999999999999
2011-02-23,89.24
2011-02-24,95.06
2011-02-25,89.24
2011-02-26,82.45
2011-02-27,86.33
2011-02-28,90.21
2011-03-01,97.0
2011-03-02,100.0
2011-03-03,98.0
2011-03-04,93.0
2011-03-05,96.0
2011-03-06,91.0
2011-03-07,96.0
2011-03-08,96.0
2011-03-09,97.0
2011-03-10,98.0
2011-03-11,88.0
2011-03-12,80.0
2011-03-13,73.0
2011-03-14,91.0
2011-03-15,96.0
2011-03-16,100.0
2011-03-17,90.0
2011-03-18,85.0
2011-03-19,84.0
2011-03-20,77.0
2011-03-21,92.0
2011-03-22,96.0
2011-03-23,96.0
2011-03-24,92.0
2011-03-25,94.0
2011-03-26,84.0
2011-03-27,83.0
2011-03-28,95.0
2011-03-29,91.0
2011-03-30,98.0
2011-03-31,91.0
2011-04-01,83.52
2011-04-02,83.52
2011-04-03,73.92
2011-04-04,87.36
2011-04-05,91.2
2011-04-06,92.16
2011-04-07,89.28
2011-04-08,83.52
2011-04-09,74.88
2011-04-10,72.0
2011-04-11,94.08
2011-04-12,91.2
2011-04-13,92.16
2011-04-14,94.08
2011-04-15,80.64
2011-04-16,81.6
2011-04-17,82.56
2011-04-18,91.2
2011-04-19,90.24
2011-04-20,89.28
2011-04-21,82.56
2011-04-22,83.52
2011-04-23,72.0
2011-04-24,77.75999999999999
2011-04-25,85.44
2011-04-26,96.0
2011-04-27,88.32
2011-04-28,87.36
2011-04-29,82.56
2011-04-30,73.92
2011-05-01,79.17
2011-05-02,77.35000000000001
2011-05-03,86.45
2011-05-04,87.36
2011-05-05,88.27
2011-05-06,88.27
2011-05-07,76.44
2011-05-08,74.62
2011-05-09,88.27
2011-05-10,91.0
2011-05-11,88.27
2011-05-12,85.54
2011-05-13,89.18
2011-05-14,73.71000000000001
2011-05-15,84.63000000000001
2011-05-16,88.27
2011-05-17,91.0
2011-05-18,86.45
2011-05-19,87.36
2011-05-20,80.99000000000001
2011-05-21,74.62
2011-05-22,73.71000000000001
2011-05-23,78.26
2011-05-24,86.45
2011-05-25,81.9
2011-05-26,78.26
2011-05-27,82.81
2011-05-28,83.72
2011-05-29,69.16
2011-05-30,68.25
2011-05-31,85.54
2011-06-01,82.8
2011-06-02,83.7
2011-06-03,76.5
2011-06-04,68.4
2011-06-05,72.0
2011-06-06,77.4
2011-06-07,85.5
2011-06-08,82.8
2011-06-09,82.8
2011-06-10,80.10000000000001
2011-06-11,70.2
2011-06-12,72.0
2011-06-13,81.9
2011-06-14,88.2
2011-06-15,85.5
2011-06-16,90.0
2011-06-17,85.5
2011-06-18,70.2
2011-06-19,72.0
2011-06-20,83.7
2011-06-21,89.10000000000001
2011-06-22,85.5
2011-06-23,88.2
2011-06-24,81.0
2011-06-25,63.9
2011-06-26,66.60000000000001
2011-06-27,85.5
2011-06-28,90.0
2011-06-29,81.9
2011-06-30,86.4
2011-07-01,78.26
2011-07-02,62.78
2011-07-03,61.92
2011-07-04,67.94
2011-07-05,73.96
2011-07-06,79.98
2011-07-07,86.0
2011-07-08,70.52
2011-07-09,61.92
2011-07-10,61.06
2011-07-11,73.1
2011-07-12,79.12
2011-07-13,70.52
2011-07-14,75.67999999999999
2011-07-15,70.52
2011-07-16,61.92
2011-07-17,61.06
2011-07-18,73.96
2011-07-19,76.53999999999999
2011-07-20,78.26
2011-07-21,78.26
2011-07-22,77.4
2011-07-23,59.339999999999996
2011-07-24,61.06
2011-07-25,73.1
2011-07-26,76.53999999999999
2011-07-27,76.53999999999999
2011-07-28,74.82
2011-07-29,75.67999999999999
2011-07-30,57.62
2011-07-31,55.04
2011-08-01,85.56
2011-08-02,90.21000000000001
2011-08-03,93.0
2011-08-04,84.63000000000001
2011-08-05,79.98
2011-08-06,67.89
2011-08-07,72.54
2011-08-08,85.56
2011-08-09,90.21000000000001
2011-08-10,89.28
2011-08-11,86.49000000000001
2011-08-12,79.98
2011-08-13,77.19
2011-08-14,75.33
2011-08-15,85.56
2011-08-16,92.07000000000001
2011-08-17,93.0
2011-08-18,91.14
2011-08-19,88.35000000000001
2011-08-20,73.47
2011-08-21,73.47
2011-08-22,89.28
2011-08-23,83.7
2011-08-24,92.07000000000001
2011-08-25,89.28
2011-08-26,79.05
2011-08-27,74.4
2011-08-28,73.47
2011-08-29,87.42
2011-08-30,88.35000000000001
2011-08-31,91.14
2011-09-01,88.0
2011-09-02,76.56
2011-09-03,66.88
2011-09-04,65.12
2011-09-05,73.92
2011-09-06,77.44
2011-09-07,80.96
2011-09-08,80.08
2011-09-09,77.44
2011-09-10,68.64
2011-09-11,68.64
2011-09-12,78.32000000000001
2011-09-13,80.96
2011-09-14,80.96
2011-09-15,79.2
2011-09-16,81.84
2011-09-17,65.12
2011-09-18,65.12
2011-09-19,76.56
2011-09-20,80.08
2011-09-21,81.84
2011-09-22,85.36
2011-09-23,80.08
2011-09-24,65.12
2011-09-25,69.52
2011-09-26,75.68
2011-09-27,82.72
2011-09-28,85.36
2011-09-29,80.96
2011-09-30,73.92
2011-10-01,64.5
2011-10-02,67.94
2011-10-03,77.4
2011-10-04,79.98
2011-10-05,79.12
2011-10-06,74.82
2011-10-07,75.67999999999999
2011-10-08,66.22
2011-10-09,67.08
2011-10-10,74.82
2011-10-11,86.0
2011-10-12,84.28
2011-10-13,80.84
2011-10-14,79.12
2011-10-15,67.08
2011-10-16,66.22
2011-10-17,77.4
2011-10-18,77.4
2011-10-19,83.42
2011-10-20,78.26
2011-10-21,76.53999999999999
2011-10-22,66.22
2011-10-23,64.5
2011-10-24,73.96
2011-10-25,75.67999999999999
2011-10-26,77.4
2011-10-27,79.98
2011-10-28,75.67999999999999
2011-10-29,64.5
2011-10-30,62.78
2011-10-31,70.52
2011-11-01,68.8
2011-11-02,72.24
2011-11-03,76.53999999999999
2011-11-04,69.66
2011-11-05,61.92
2011-11-06,61.06
2011-11-07,67.94
2011-11-08,75.67999999999999
2011-11-09,85.14
2011-11-10,74.82
2011-11-11,67.08
2011-11-12,67.08
2011-11-13,62.78
2011-11-14,74.82
2011-11-15,70.52
2011-11-16,73.1
2011-11-17,76.53999999999999
2011-11-18,77.4
2011-11-19,65.36
2011-11-20,63.64
2011-11-21,67.08
2011-11-22,73.1
2011-11-23,72.24
2011-11-24,58.48
2011-11-25,60.199999999999996
2011-11-26,61.06
2011-11-27,62.78
2011-11-28,71.38
2011-11-29,86.0
2011-11-30,85.14
2011-12-01,90.0
2011-12-02,84.60000000000001
2011-12-03,75.60000000000001
2011-12-04,80.10000000000001
2011-12-05,83.7
2011-12-06,86.4
2011-12-07,89.10000000000001
2011-12-08,81.0
2011-12-09,78.3
2011-12-10,73.8
2011-12-11,70.2
2011-12-12,80.10000000000001
2011-12-13,81.9
2011-12-14,79.2
2011-12-15,80.10000000000001
2011-12-16,70.2
2011-12-17,72.0
2011-12-18,63.9
2011-12-19,72.9
2011-12-20,77.4
2011-12-21,81.0
2011-12-22,69.3
2011-12-23,70.2
2011-12-24,68.4
2011-12-25,85.5
2011-12-26,84.60000000000001
2011-12-27,80.10000000000001
2011-12-28,83.7
2011-12-29,81.9
2011-12-30,80.10000000000001
2011-12-31,64.8
2012-01-01,62.1
2012-01-02,74.7
2012-01-03,80.10000000000001
2012-01-04,81.0
2012-01-05,84.60000000000001
2012-01-06,83.7
2012-01-07,72.0
2012-01-08,72.0
2012-01-09,80.10000000000001
2012-01-10,82.8
2012-01-11,86.4
2012-01-12,90.0
2012-01-13,87.3
2012-01-14,77.4
2012-01-15,72.0
2012-01-16,75.60000000000001
2012-01-17,81.9
2012-01-18,84.60000000000001
2012-01-19,85.5
2012-01-20,83.7
2012-01-21,74.7
2012-01-22,73.8
2012-01-23,72.0
2012-01-24,83.7
2012-01-25,79.2
2012-01-26,83.7
2012-01-27,80.10000000000001
2012-01-28,65.7
2012-01-29,70.2
2012-01-30,76.5
2012-01-31,83.7
2012-02-01,84.28
2012-02-02,83.42
2012-02-03,79.12
2012-02-04,71.38
2012-02-05,70.52
2012-02-06,72.24
2012-02-07,84.28
2012-02-08,79.98
2012-02-09,80.84
2012-02-10,76.53999999999999
2012-02-11,67.94
2012-02-12,61.06
2012-02-13,70.52
2012-02-14,81.7
2012-02-15,79.12
2012-02-16,81.7
2012-02-17,75.67999999999999
2012-02-18,73.1
2012-02-19,67.08
2012-02-20,76.53999999999999
2012-02-21,81.7
2012-02-22,80.84
2012-02-23,82.56
2012-02-24,76.53999999999999
2012-02-25,70.52
2012-02-26,68.8
2012-02-27,76.53999999999999
2012-02-28,84.28
2012-02-29,86.0
2012-03-01,83.42
2012-03-02,83.42
2012-03-03,75.67999999999999
2012-03-04,70.52
2012-03-05,79.98
2012-03-06,86.0
2012-03-07,79.98
2012-03-08,81.7
2012-03-09,77.4
2012-03-10,68.8
2012-03-11,61.06
2012-03-12,73.1
2012-03-13,79.12
2012-03-14,77.4
2012-03-15,79.98
2012-03-16,71.38
2012-03-17,66.22
2012-03-18,61.06
2012-03-19,71.38
2012-03-20,76.53999999999999
2012-03-21,74.82
2012-03-22,84.28
2012-03-23,70.52
2012-03-24,63.64
2012-03-25,63.64
2012-03-26,72.24
2012-03-27,78.26
2012-03-28,79.12
2012-03-29,74.82
2012-03-30,69.66
2012-03-31,61.92
2012-04-01,64.78
2012-04-02,73.8
2012-04-03,77.08
2012-04-04,73.8
2012-04-05,73.8
2012-04-06,75.44
2012-04-07,62.31999999999999
2012-04-08,59.86
2012-04-09,72.16
2012-04-10,72.16
2012-04-11,74.61999999999999
2012-04-12,75.44
2012-04-13,69.7
2012-04-14,69.7
2012-04-15,64.78
2012-04-16,70.52
2012-04-17,74.61999999999999
2012-04-18,74.61999999999999
2012-04-19,69.7
2012-04-20,73.8
2012-04-21,59.04
2012-04-22,61.49999999999999
2012-04-23,82.0
2012-04-24,77.89999999999999
2012-04-25,76.25999999999999
2012-04-26,72.97999999999999
2012-04-27,65.6
2012-04-28,58.22
2012-04-29,54.94
2012-04-30,69.7
2012-05-01,74.4
2012-05-02,76.80000000000001
2012-05-03,70.4
2012-05-04,71.2
2012-05-05,64.0
2012-05-06,59.2
2012-05-07,79.2
2012-05-08,78.4
2012-05-09,76.0
2012-05-10,76.0
2012-05-11,80.0
2012-05-12,65.60000000000001
2012-05-13,60.800000000000004
2012-05-14,78.4
2012-05-15,76.80000000000001
2012-05-16,77.60000000000001
2012-05-17,77.60000000000001
2012-05-18,71.2
2012-05-19,64.8
2012-05-20,64.0
2012-05-21,69.60000000000001
2012-05-22,76.0
2012-05-23,73.60000000000001
2012-05-24,75.2
2012-05-25,69.60000000000001
2012-05-26,55.2
2012-05-27,60.0
2012-05-28,59.2
2012-05-29,73.60000000000001
2012-05-30,74.4
2012-05-31,75.2
2012-06-01,67.24
2012-06-02,54.12
2012-06-03,54.94
2012-06-04,65.6
2012-06-05,70.52
2012-06-06,71.33999999999999
2012-06-07,74.61999999999999
2012-06-08,68.06
2012-06-09,57.4
2012-06-10,54.94
2012-06-11,68.06
2012-06-12,72.97999999999999
2012-06-13,75.44
2012-06-14,81.17999999999999
2012-06-15,75.44
2012-06-16,66.42
2012-06-17,66.42
2012-06-18,74.61999999999999
2012-06-19,82.0
2012-06-20,77.08
2012-06-21,78.72
2012-06-22,74.61999999999999
2012-06-23,69.7
2012-06-24,67.24
2012-06-25,73.8
2012-06-26,79.53999999999999
2012-06-27,81.17999999999999
2012-06-28,77.89999999999999
2012-06-29,68.88
2012-06-30,61.49999999999999
2012-07-01,57.4
2012-07-02,70.52
2012-07-03,67.24
2012-07-04,57.4
2012-07-05,70.52
2012-07-06,67.24
2012-07-07,63.13999999999999
2012-07-08,59.86
2012-07-09,72.16
2012-07-10,71.33999999999999
2012-07-11,81.17999999999999
2012-07-12,76.25999999999999
2012-07-13,71.33999999999999
2012-07-14,60.68
2012-07-15,63.13999999999999
2012-07-16,68.88
2012-07-17,77.08
2012-07-18,82.0
2012-07-19,73.8
2012-07-20,70.52
2012-07-21,60.68
2012-07-22,59.04
2012-07-23,72.16
2012-07-24,76.25999999999999
2012-07-25,75.44
2012-07-26,76.25999999999999
2012-07-27,71.33999999999999
2012-07-28,63.13999999999999
2012-07-29,59.86
2012-07-30,77.08
2012-07-31,77.08
2012-08-01,77.4
2012-08-02,75.67999999999999
2012-08-03,73.96
2012-08-04,58.48
2012-08-05,65.36
2012-08-06,68.8
2012-08-07,74.82
2012-08-08,75.67999999999999
2012-08-09,75.67999999999999
2012-08-10,74.82
2012-08-11,61.06
2012-08-12,60.199999999999996
2012-08-13,73.1
2012-08-14,79.98
2012-08-15,84.28
2012-08-16,81.7
2012-08-17,72.24
2012-08-18,64.5
2012-08-19,65.36
2012-08-20,77.4
2012-08-21,82.56
2012-08-22,85.14
2012-08-23,85.14
2012-08-24,78.26
2012-08-25,64.5
2012-08-26,61.92
2012-08-27,77.4
2012-08-28,86.0
2012-08-29,77.4
2012-08-30,82.56
2012-08-31,79.12
2012-09-01,61.56
2012-09-02,61.56
2012-09-03,67.23
2012-09-04,72.9
2012-09-05,80.19000000000001
2012-09-06,81.0
2012-09-07,73.71000000000001
2012-09-08,64.80000000000001
2012-09-09,63.99
2012-09-10,79.38000000000001
2012-09-11,76.14
2012-09-12,81.0
2012-09-13,73.71000000000001
2012-09-14,71.28
2012-09-15,60.75000000000001
2012-09-16,59.13
2012-09-17,71.28
2012-09-18,75.33
2012-09-19,80.19000000000001
2012-09-20,76.14
2012-09-21,72.09
2012-09-22,66.42
2012-09-23,56.7
2012-09-24,75.33
2012-09-25,75.33
2012-09-26,78.57000000000001
2012-09-27,75.33
2012-09-28,72.09
2012-09-29,59.13
2012-09-30,59.940000000000005
2012-10-01,64.6
2012-10-02,76.0
2012-10-03,72.2
2012-10-04,68.4
2012-10-05,67.64
2012-10-06,56.24
2012-10-07,55.480000000000004
2012-10-08,67.64
2012-10-09,73.72
2012-10-10,72.2
2012-10-11,72.96000000000001
2012-10-12,62.32
2012-10-13,55.480000000000004
2012-10-14,53.96
2012-10-15,69.16
2012-10-16,69.16
2012-10-17,66.12
2012-10-18,70.68
2012-10-19,65.36
2012-10-20,54.72
2012-10-21,54.72
2012-10-22,66.88
2012-10-23,65.36
2012-10-24,65.36
2012-10-25,65.36
2012-10-26,60.8
2012-10-27,50.160000000000004
2012-10-28,50.92
2012-10-29,62.32
2012-10-30,60.04
2012-10-31,63.84
2012-11-01,67.34
2012-11-02,61.42
2012-11-03,54.76
2012-11-04,54.019999999999996
2012-11-05,61.42
2012-11-06,62.9
2012-11-07,57.72
2012-11-08,67.34
2012-11-09,68.08
2012-11-10,59.94
2012-11-11,58.46
2012-11-12,68.08
2012-11-13,71.03999999999999
2012-11-14,71.78
2012-11-15,71.78
2012-11-16,68.08
2012-11-17,56.98
2012-11-18,56.98
2012-11-19,62.16
2012-11-20,68.82
2012-11-21,63.64
2012-11-22,54.76
2012-11-23,57.72
2012-11-24,59.94
2012-11-25,56.24
2012-11-26,66.6
2012-11-27,68.82
2012-11-28,74.0
2012-11-29,71.78
2012-11-30,70.3
2012-12-01,61.42
2012-12-02,62.9
2012-12-03,68.82
2012-12-04,71.78
2012-12-05,68.08
2012-12-06,74.0
2012-12-07,73.26
2012-12-08,59.2
2012-12-09,55.5
2012-12-10,67.34
2012-12-11,71.78
2012-12-12,71.03999999999999
2012-12-13,72.52
2012-12-14,62.9
2012-12-15,56.98
2012-12-16,57.72
2012-12-17,68.82
2012-12-18,67.34
2012-12-19,68.08
2012-12-20,68.08
2012-12-21,58.46
2012-12-22,54.76
2012-12-23,53.28
2012-12-24,51.8
2012-12-25,68.08
2012-12-26,72.52
2012-12-27,69.56
2012-12-28,67.34
2012-12-29,63.64
2012-12-30,63.64
2012-12-31,61.42
2013-01-01,51.66
2013-01-02,64.78
2013-01-03,69.7
2013-01-04,69.7
2013-01-05,52.48
2013-01-06,56.58
2013-01-07,76.25999999999999
2013-01-08,81.17999999999999
2013-01-09,77.89999999999999
2013-01-10,82.0
2013-01-11,72.97999999999999
2013-01-12,63.959999999999994
2013-01-13,61.49999999999999
2013-01-14,68.06
2013-01-15,77.89999999999999
2013-01-16,70.52
2013-01-17,70.52
2013-01-18,74.61999999999999
2013-01-19,59.86
2013-01-20,61.49999999999999
2013-01-21,65.6
2013-01-22,62.31999999999999
2013-01-23,69.7
2013-01-24,70.52
2013-01-25,68.88
2013-01-26,61.49999999999999
2013-01-27,57.4
2013-01-28,63.959999999999994
2013-01-29,67.24
2013-01-30,76.25999999999999
2013-01-31,72.16
2013-02-01,76.5
2013-02-02,64.6
2013-02-03,63.75
2013-02-04,68.0
2013-02-05,76.5
2013-02-06,73.1
2013-02-07,73.1
2013-02-08,80.75
2013-02-09,68.0
2013-02-10,69.7
2013-02-11,70.55
2013-02-12,79.05
2013-02-13,81.6
2013-02-14,79.05
2013-02-15,73.1
2013-02-16,67.14999999999999
2013-02-17,62.9
2013-02-18,73.1
2013-02-19,77.35
2013-02-20,76.5
2013-02-21,76.5
2013-02-22,73.1
2013-02-23,73.95
2013-02-24,68.0
2013-02-25,77.35
2013-02-26,84.14999999999999
2013-02-27,85.0
2013-02-28,81.6
2013-03-01,81.0
2013-03-02,70.47
2013-03-03,71.28
2013-03-04,75.33
2013-03-05,75.33
2013-03-06,78.57000000000001
2013-03-07,76.95
2013-03-08,72.9
2013-03-09,67.23
2013-03-10,62.370000000000005
2013-03-11,69.66000000000001
2013-03-12,76.14
2013-03-13,78.57000000000001
2013-03-14,72.9
2013-03-15,68.85000000000001
2013-03-16,59.13
2013-03-17,65.61
2013-03-18,68.85000000000001
2013-03-19,77.76
2013-03-20,75.33
2013-03-21,72.09
2013-03-22,71.28
2013-03-23,59.940000000000005
2013-03-24,58.32000000000001
2013-03-25,71.28
2013-03-26,75.33
2013-03-27,68.04
2013-03-28,69.66000000000001
2013-03-29,68.85000000000001
2013-03-30,53.46
2013-03-31,55.080000000000005
2013-04-01,65.36
2013-04-02,67.64
2013-04-03,69.16
2013-04-04,68.4
2013-04-05,63.08
2013-04-06,54.72
2013-04-07,56.24
2013-04-08,66.12
2013-04-09,72.96000000000001
2013-04-10,76.0
2013-04-11,72.96000000000001
2013-04-12,70.68
2013-04-13,59.28
2013-04-14,65.36
2013-04-15,69.92
2013-04-16,73.72
2013-04-17,72.2
2013-04-18,67.64
2013-04-19,65.36
2013-04-20,57.0
2013-04-21,59.28
2013-04-22,69.92
2013-04-23,67.64
2013-04-24,66.88
2013-04-25,66.88
2013-04-26,61.56
2013-04-27,50.160000000000004
2013-04-28,57.0
2013-04-29,67.64
2013-04-30,65.36
2013-05-01,65.45
2013-05-02,60.06
2013-05-03,63.14
2013-05-04,56.21
2013-05-05,50.050000000000004
2013-05-06,68.53
2013-05-07,77.0
2013-05-08,70.07000000000001
2013-05-09,67.76
2013-05-10,72.38
2013-05-11,53.13
2013-05-12,56.980000000000004
2013-05-13,67.76
2013-05-14,72.38
2013-05-15,72.38
2013-05-16,73.92
2013-05-17,65.45
2013-05-18,49.28
2013-05-19,55.44
2013-05-20,63.910000000000004
2013-05-21,62.370000000000005
2013-05-22,66.99
2013-05-23,60.06
2013-05-24,63.910000000000004
2013-05-25,53.9
2013-05-26,48.51
2013-05-27,47.74
2013-05-28,60.06
2013-05-29,67.76
2013-05-30,65.45
2013-05-31,66.22
2013-06-01,51.099999999999994
2013-06-02,46.9
2013-06-03,65.1
2013-06-04,65.1
2013-06-05,68.6
2013-06-06,65.1
2013-06-07,59.49999999999999
2013-06-08,51.099999999999994
2013-06-09,48.3
2013-06-10,62.3
2013-06-11,69.3
2013-06-12,68.6
2013-06-13,65.8
2013-06-14,60.9
2013-06-15,51.8
2013-06-16,48.3
2013-06-17,63.699999999999996
2013-06-18,70.0
2013-06-19,65.1
2013-06-20,66.5
2013-06-21,60.9
2013-06-22,48.3
2013-06-23,49.699999999999996
2013-06-24,62.99999999999999
2013-06-25,64.39999999999999
2013-06-26,65.1
2013-06-27,65.8
2013-06-28,55.3
2013-06-29,53.199999999999996
2013-06-30,51.8
2013-07-01,65.32
2013-07-02,61.769999999999996
2013-07-03,58.93
2013-07-04,48.28
2013-07-05,50.41
2013-07-06,44.73
2013-07-07,48.28
2013-07-08,58.93
2013-07-09,63.9
2013-07-10,71.0
2013-07-11,68.16
2013-07-12,61.769999999999996
2013-07-13,52.54
2013-07-14,45.44
2013-07-15,65.32
2013-07-16,65.32
2013-07-17,69.58
2013-07-18,63.19
2013-07-19,58.93
2013-07-20,45.44
2013-07-21,40.47
2013-07-22,58.22
2013-07-23,67.45
2013-07-24,68.16
2013-07-25,59.64
2013-07-26,57.51
2013-07-27,49.699999999999996
2013-07-28,47.57
2013-07-29,58.93
2013-07-30,65.32
2013-07-31,66.74
2013-08-01,63.9
2013-08-02,59.64
2013-08-03,53.25
2013-08-04,48.989999999999995
2013-08-05,58.93
2013-08-06,64.61
2013-08-07,65.32
2013-08-08,66.74
2013-08-09,56.8
2013-08-10,47.57
2013-08-11,48.28
2013-08-12,59.64
2013-08-13,61.769999999999996
2013-08-14,66.03
2013-08-15,61.059999999999995
2013-08-16,61.769999999999996
2013-08-17,47.57
2013-08-18,46.86
2013-08-19,59.64
2013-08-20,63.19
2013-08-21,66.74
2013-08-22,66.03
2013-08-23,58.93
2013-08-24,51.12
2013-08-25,51.83
2013-08-26,58.93
2013-08-27,68.16
2013-08-28,66.74
2013-08-29,71.0
2013-08-30,60.349999999999994
2013-08-31,46.86
2013-09-01,49.699999999999996
2013-09-02,49.699999999999996
2013-09-03,62.99999999999999
2013-09-04,65.8
2013-09-05,67.89999999999999
2013-09-06,62.3
2013-09-07,51.099999999999994
2013-09-08,51.099999999999994
2013-09-09,62.3
2013-09-10,65.8
2013-09-11,70.0
2013-09-12,67.89999999999999
2013-09-13,63.699999999999996
2013-09-14,49.699999999999996
2013-09-15,51.8
2013-09-16,65.1
2013-09-17,65.1
2013-09-18,67.19999999999999
2013-09-19,60.9
2013-09-20,60.9
2013-09-21,46.9
2013-09-22,49.0
2013-09-23,58.8
2013-09-24,62.99999999999999
2013-09-25,62.99999999999999
2013-09-26,62.99999999999999
2013-09-27,60.9
2013-09-28,45.5
2013-09-29,47.599999999999994
2013-09-30,58.099999999999994
2013-10-01,58.46
2013-10-02,60.68
2013-10-03,64.38
2013-10-04,74.0
2013-10-05,59.94
2013-10-06,56.24
2013-10-07,62.9
2013-10-08,63.64
2013-10-09,67.34
2013-10-10,68.08
2013-10-11,61.42
2013-10-12,49.58
2013-10-13,49.58
2013-10-14,59.94
2013-10-15,66.6
2013-10-16,59.2
2013-10-17,65.12
2013-10-18,58.46
2013-10-19,46.62
2013-10-20,49.58
2013-10-21,62.16
2013-10-22,65.86
2013-10-23,67.34
2013-10-24,63.64
2013-10-25,59.2
2013-10-26,49.58
2013-10-27,48.839999999999996
2013-10-28,62.16
2013-10-29,65.12
2013-10-30,64.38
2013-10-31,59.94
2013-11-01,60.72
2013-11-02,51.74999999999999
2013-11-03,47.61
2013-11-04,61.41
2013-11-05,66.92999999999999
2013-11-06,57.959999999999994
2013-11-07,62.78999999999999
2013-11-08,60.72
2013-11-09,46.919999999999995
2013-11-10,48.989999999999995
2013-11-11,57.269999999999996
2013-11-12,62.099999999999994
2013-11-13,62.099999999999994
2013-11-14,63.48
2013-11-15,64.17
2013-11-16,55.199999999999996
2013-11-17,48.3
2013-11-18,62.78999999999999
2013-11-19,64.17
2013-11-20,66.92999999999999
2013-11-21,66.92999999999999
2013-11-22,69.0
2013-11-23,50.37
2013-11-24,50.37
2013-11-25,55.199999999999996
2013-11-26,59.339999999999996
2013-11-27,57.269999999999996
2013-11-28,43.47
2013-11-29,49.67999999999999
2013-11-30,52.44
2013-12-01,45.56
2013-12-02,64.32000000000001
2013-12-03,67.0
2013-12-04,64.99000000000001
2013-12-05,63.650000000000006
2013-12-06,61.64
2013-12-07,55.61000000000001
2013-12-08,52.260000000000005
2013-12-09,61.64
2013-12-10,63.650000000000006
2013-12-11,64.99000000000001
2013-12-12,61.64
2013-12-13,61.64
2013-12-14,48.24
2013-12-15,50.92
2013-12-16,58.96
2013-12-17,59.63
2013-12-18,61.64
2013-12-19,58.290000000000006
2013-12-20,57.620000000000005
2013-12-21,50.25
2013-12-22,47.57
2013-12-23,52.260000000000005
2013-12-24,47.57
2013-12-25,52.93
2013-12-26,56.95
2013-12-27,58.290000000000006
2013-12-28,50.25
2013-12-29,50.92
2013-12-30,54.940000000000005
2013-12-31,56.28
2014-01-01,43.07
2014-01-02,53.29
2014-01-03,56.94
2014-01-04,44.53
2014-01-05,46.72
2014-01-06,56.21
2014-01-07,59.129999999999995
2014-01-08,63.51
2014-01-09,64.24
2014-01-10,59.129999999999995
2014-01-11,50.37
2014-01-12,48.91
2014-01-13,60.589999999999996
2014-01-14,66.42999999999999
2014-01-15,66.42999999999999
2014-01-16,70.08
2014-01-17,73.0
2014-01-18,55.48
2014-01-19,54.019999999999996
2014-01-20,60.589999999999996
2014-01-21,70.81
2014-01-22,70.81
2014-01-23,69.35
2014-01-24,65.7
2014-01-25,54.019999999999996
2014-01-26,51.1
2014-01-27,62.78
2014-01-28,64.97
2014-01-29,63.51
2014-01-30,63.51
2014-01-31,63.51
2014-02-01,46.08
2014-02-02,42.48
2014-02-03,47.519999999999996
2014-02-04,55.44
2014-02-05,72.0
2014-02-06,64.8
2014-02-07,56.16
2014-02-08,46.08
2014-02-09,45.36
2014-02-10,54.72
2014-02-11,56.16
2014-02-12,52.559999999999995
2014-02-13,51.839999999999996
2014-02-14,46.8
2014-02-15,37.44
2014-02-16,41.04
2014-02-17,46.8
2014-02-18,51.839999999999996
2014-02-19,52.559999999999995
2014-02-20,48.96
2014-02-21,52.559999999999995
2014-02-22,41.04
2014-02-23,42.48
2014-02-24,48.96
2014-02-25,51.12
2014-02-26,54.0
2014-02-27,50.4
2014-02-28,48.96
2014-03-01,49.4
2014-03-02,52.0
2014-03-03,56.550000000000004
2014-03-04,61.75
2014-03-05,60.45
2014-03-06,64.35000000000001
2014-03-07,57.85
2014-03-08,47.45
2014-03-09,45.5
2014-03-10,61.1
2014-03-11,61.75
2014-03-12,65.0
2014-03-13,61.75
2014-03-14,58.5
2014-03-15,46.800000000000004
2014-03-16,46.800000000000004
2014-03-17,58.5
2014-03-18,61.1
2014-03-19,60.45
2014-03-20,60.45
2014-03-21,57.85
2014-03-22,42.25
2014-03-23,46.15
2014-03-24,59.15
2014-03-25,61.75
2014-03-26,63.7
2014-03-27,61.75
2014-03-28,59.800000000000004
2014-03-29,47.45
2014-03-30,47.45
2014-03-31,54.6
2014-04-01,52.800000000000004
2014-04-02,57.42
2014-04-03,53.46
2014-04-04,50.82
2014-04-05,40.260000000000005
2014-04-06,40.260000000000005
2014-04-07,51.480000000000004
2014-04-08,58.080000000000005
2014-04-09,59.400000000000006
2014-04-10,59.400000000000006
2014-04-11,58.080000000000005
2014-04-12,46.86
2014-04-13,49.5
2014-04-14,58.080000000000005
2014-04-15,57.42
2014-04-16,55.440000000000005
2014-04-17,53.46
2014-04-18,50.82
2014-04-19,40.92
2014-04-20,40.260000000000005
2014-04-21,52.14
2014-04-22,53.46
2014-04-23,58.74
2014-04-24,52.800000000000004
2014-04-25,54.120000000000005
2014-04-26,40.260000000000005
2014-04-27,40.92
2014-04-28,54.120000000000005
2014-04-29,66.0
2014-04-30,60.06
2014-05-01,55.8
2014-05-02,54.56
2014-05-03,41.54
2014-05-04,42.78
2014-05-05,52.08
2014-05-06,57.66
2014-05-07,55.18
2014-05-08,59.519999999999996
2014-05-09,48.98
2014-05-10,41.54
2014-05-11,38.44
2014-05-12,52.08
2014-05-13,57.66
2014-05-14,57.66
2014-05-15,62.0
2014-05-16,53.32
2014-05-17,39.68
2014-05-18,40.3
2014-05-19,51.46
2014-05-20,56.42
2014-05-21,58.28
2014-05-22,52.08
2014-05-23,48.98
2014-05-24,37.2
2014-05-25,36.58
2014-05-26,42.16
2014-05-27,51.46
2014-05-28,52.08
2014-05-29,56.42
2014-05-30,48.98
2014-05-31,39.06
2014-06-01,39.69
2014-06-02,51.03
2014-06-03,54.81
2014-06-04,52.92
2014-06-05,52.29
2014-06-06,49.14
2014-06-07,38.43
2014-06-08,35.28
2014-06-09,52.29
2014-06-10,51.660000000000004
2014-06-11,55.44
2014-06-12,56.7
2014-06-13,52.29
2014-06-14,38.43
2014-06-15,38.43
2014-06-16,50.4
2014-06-17,55.44
2014-06-18,63.0
2014-06-19,61.11
2014-06-20,54.81
2014-06-21,40.95
2014-06-22,41.58
2014-06-23,51.660000000000004
2014-06-24,56.07
2014-06-25,58.59
2014-06-26,51.03
2014-06-27,52.29
2014-06-28,37.17
2014-06-29,39.06
2014-06-30,54.18
2014-07-01,53.94
2014-07-02,53.94
2014-07-03,52.7
2014-07-04,35.96
2014-07-05,33.48
2014-07-06,36.58
2014-07-07,52.7
2014-07-08,53.94
2014-07-09,62.0
2014-07-10,55.18
2014-07-11,51.46
2014-07-12,45.88
2014-07-13,40.92
2014-07-14,55.18
2014-07-15,57.66
2014-07-16,59.519999999999996
2014-07-17,57.04
2014-07-18,49.6
2014-07-19,39.68
2014-07-20,44.64
2014-07-21,55.8
2014-07-22,59.519999999999996
2014-07-23,55.18
2014-07-24,51.46
2014-07-25,53.94
2014-07-26,39.06
2014-07-27,39.06
2014-07-28,48.98
2014-07-29,55.18
2014-07-30,53.32
2014-07-31,54.56
2014-08-01,45.5
2014-08-02,36.4
2014-08-03,38.35
2014-08-04,47.45
2014-08-05,51.35
2014-08-06,55.25
2014-08-07,50.7
2014-08-08,46.15
2014-08-09,37.7
2014-08-10,38.35
2014-08-11,51.35
2014-08-12,52.0
2014-08-13,54.6
2014-08-14,54.6
2014-08-15,51.35
2014-08-16,39.65
2014-08-17,40.300000000000004
2014-08-18,54.6
2014-08-19,60.45
2014-08-20,58.5
2014-08-21,56.550000000000004
2014-08-22,55.9
2014-08-23,36.4
2014-08-24,44.85
2014-08-25,57.2
2014-08-26,65.0
2014-08-27,62.400000000000006
2014-08-28,61.75
2014-08-29,51.35
2014-08-30,39.65
2014-08-31,39.65
2014-09-01,44.89
2014-09-02,59.63
2014-09-03,64.99000000000001
2014-09-04,58.96
2014-09-05,59.63
2014-09-06,46.230000000000004
2014-09-07,47.57
2014-09-08,56.28
2014-09-09,61.64
2014-09-10,62.980000000000004
2014-09-11,59.63
2014-09-12,58.96
2014-09-13,42.88
2014-09-14,46.230000000000004
2014-09-15,56.95
2014-09-16,67.0
2014-09-17,58.96
2014-09-18,59.63
2014-09-19,56.28
2014-09-20,44.89
2014-09-21,44.220000000000006
2014-09-22,58.96
2014-09-23,55.61000000000001
2014-09-24,58.290000000000006
2014-09-25,61.64
2014-09-26,57.620000000000005
2014-09-27,42.21
2014-09-28,42.21
2014-09-29,58.290000000000006
2014-09-30,60.970000000000006
2014-10-01,56.28
2014-10-02,57.620000000000005
2014-10-03,50.92
2014-10-04,36.85
2014-10-05,36.85
2014-10-06,53.6
2014-10-07,55.61000000000001
2014-10-08,56.95
2014-10-09,54.27
2014-10-10,52.260000000000005
2014-10-11,36.18
2014-10-12,39.53
2014-10-13,54.27
2014-10-14,56.95
2014-10-15,53.6
2014-10-16,56.28
2014-10-17,56.28
2014-10-18,41.54
2014-10-19,42.21
2014-10-20,56.95
2014-10-21,54.27
2014-10-22,52.260000000000005
2014-10-23,52.260000000000005
2014-10-24,52.93
2014-10-25,57.620000000000005
2014-10-26,63.650000000000006
2014-10-27,67.0
2014-10-28,65.66000000000001
2014-10-29,65.66000000000001
2014-10-30,60.970000000000006
2014-10-31,52.260000000000005
2014-11-01,44.53
2014-11-02,45.14
2014-11-03,59.17
2014-11-04,61.0
2014-11-05,60.39
2014-11-06,56.73
2014-11-07,53.68
2014-11-08,42.089999999999996
2014-11-09,42.089999999999996
2014-11-10,53.68
2014-11-11,52.46
2014-11-12,56.12
2014-11-13,54.29
2014-11-14,49.41
2014-11-15,40.26
2014-11-16,40.26
2014-11-17,51.85
2014-11-18,53.68
2014-11-19,56.73
2014-11-20,51.85
2014-11-21,50.019999999999996
2014-11-22,43.31
2014-11-23,39.65
2014-11-24,47.58
2014-11-25,48.8
2014-11-26,51.85
2014-11-27,35.38
2014-11-28,35.38
2014-11-29,39.04
2014-11-30,39.65
2014-12-01,49.4
2014-12-02,48.1
2014-12-03,50.7
2014-12-04,50.050000000000004
2014-12-05,49.4
2014-12-06,35.1
2014-12-07,37.050000000000004
2014-12-08,43.550000000000004
2014-12-09,46.800000000000004
2014-12-10,53.300000000000004
2014-12-11,55.25
2014-12-12,64.35000000000001
2014-12-13,60.45
2014-12-14,59.800000000000004
2014-12-15,65.0
2014-12-16,65.0
2014-12-17,57.2
2014-12-18,58.5
2014-12-19,52.65
2014-12-20,40.300000000000004
2014-12-21,40.95
2014-12-22,48.75
2014-12-23,51.35
2014-12-24,42.9
2014-12-25,39.0
2014-12-26,42.9
2014-12-27,37.7
2014-12-28,35.75
2014-12-29,46.15
2014-12-30,48.75
2014-12-31,45.5
2015-01-01,35.910000000000004
2015-01-02,40.95
2015-01-03,42.21
2015-01-04,41.58
2015-01-05,51.03
2015-01-06,54.18
2015-01-07,55.44
2015-01-08,51.660000000000004
2015-01-09,49.77
2015-01-10,40.95
2015-01-11,38.43
2015-01-12,49.14
2015-01-13,55.44
2015-01-14,59.22
2015-01-15,56.07
2015-01-16,51.660000000000004
2015-01-17,39.69
2015-01-18,40.32
2015-01-19,51.660000000000004
2015-01-20,56.7
2015-01-21,54.81
2015-01-22,56.7
2015-01-23,52.29
2015-01-24,42.84
2015-01-25,40.95
2015-01-26,55.44
2015-01-27,52.92
2015-01-28,55.44
2015-01-29,63.0
2015-01-30,56.7
2015-01-31,42.84
2015-02-01,42.0
2015-02-02,49.8
2015-02-03,55.199999999999996
2015-02-04,55.199999999999996
2015-02-05,55.8
2015-02-06,60.0
2015-02-07,46.8
2015-02-08,41.4
2015-02-09,54.6
2015-02-10,54.0
2015-02-11,51.6
2015-02-12,55.8
2015-02-13,49.199999999999996
2015-02-14,37.8
2015-02-15,36.0
2015-02-16,44.4
2015-02-17,51.0
2015-02-18,52.199999999999996
2015-02-19,49.8
2015-02-20,46.199999999999996
2015-02-21,37.8
2015-02-22,38.4
2015-02-23,47.4
2015-02-24,50.4
2015-02-25,49.8
2015-02-26,52.199999999999996
2015-02-27,49.8
2015-02-28,39.0
2015-03-01,39.0
2015-03-02,47.4
2015-03-03,51.0
2015-03-04,52.199999999999996
2015-03-05,50.4
2015-03-06,48.6
2015-03-07,39.6
2015-03-08,37.8
2015-03-09,47.4
2015-03-10,52.199999999999996
2015-03-11,49.8
2015-03-12,51.6
2015-03-13,46.8
2015-03-14,38.4
2015-03-15,37.199999999999996
2015-03-16,52.8
2015-03-17,55.199999999999996
2015-03-18,50.4
2015-03-19,52.199999999999996
2015-03-20,51.0
2015-03-21,46.199999999999996
2015-03-22,51.6
2015-03-23,58.199999999999996
2015-03-24,60.0
2015-03-25,57.0
2015-03-26,58.199999999999996
2015-03-27,52.199999999999996
2015-03-28,39.6
2015-03-29,41.4
2015-03-30,55.8
2015-03-31,51.0
2015-04-01,49.879999999999995
2015-04-02,52.199999999999996
2015-04-03,48.72
2015-04-04,36.54
2015-04-05,33.059999999999995
2015-04-06,49.879999999999995
2015-04-07,51.04
2015-04-08,55.099999999999994
2015-04-09,55.67999999999999
2015-04-10,52.199999999999996
2015-04-11,37.12
2015-04-12,41.18
2015-04-13,52.199999999999996
2015-04-14,57.99999999999999
2015-04-15,55.67999999999999
2015-04-16,54.519999999999996
2015-04-17,49.3
2015-04-18,39.44
2015-04-19,34.8
2015-04-20,50.459999999999994
2015-04-21,56.26
2015-04-22,54.519999999999996
2015-04-23,55.67999999999999
2015-04-24,47.559999999999995
2015-04-25,35.96
2015-04-26,36.54
2015-04-27,48.13999999999999
2015-04-28,51.62
2015-04-29,51.62
2015-04-30,49.879999999999995
2015-05-01,42.660000000000004
2015-05-02,30.240000000000002
2015-05-03,34.02
2015-05-04,45.900000000000006
2015-05-05,45.900000000000006
2015-05-06,45.36
2015-05-07,47.52
2015-05-08,44.28
2015-05-09,31.32
2015-05-10,28.62
2015-05-11,45.36
2015-05-12,48.6
2015-05-13,48.6
2015-05-14,45.900000000000006
2015-05-15,43.2
2015-05-16,34.56
2015-05-17,35.1
2015-05-18,47.52
2015-05-19,48.6
2015-05-20,50.220000000000006
2015-05-21,47.52
2015-05-22,45.36
2015-05-23,30.240000000000002
2015-05-24,27.540000000000003
2015-05-25,34.56
2015-05-26,42.120000000000005
2015-05-27,51.300000000000004
2015-05-28,54.0
2015-05-29,51.84
2015-05-30,34.02
2015-05-31,35.64
2015-06-01,54.519999999999996
2015-06-02,57.419999999999995
2015-06-03,57.419999999999995
2015-06-04,53.94
2015-06-05,48.13999999999999
2015-06-06,36.54
2015-06-07,35.96
2015-06-08,50.459999999999994
2015-06-09,53.36
2015-06-10,57.419999999999995
2015-06-11,53.36
2015-06-12,48.13999999999999
2015-06-13,34.22
2015-06-14,34.8
2015-06-15,49.879999999999995
2015-06-16,57.99999999999999
2015-06-17,57.99999999999999
2015-06-18,55.67999999999999
2015-06-19,51.62
2015-06-20,37.699999999999996
2015-06-21,29.58
2015-06-22,48.72
2015-06-23,54.519999999999996
2015-06-24,57.419999999999995
2015-06-25,52.199999999999996
2015-06-26,47.559999999999995
2015-06-27,37.12
2015-06-28,35.379999999999995
2015-06-29,48.13999999999999
2015-06-30,56.26
2015-07-01,36.4
2015-07-02,33.599999999999994
2015-07-03,23.799999999999997
2015-07-04,20.299999999999997
2015-07-05,23.099999999999998
2015-07-06,28.7
2015-07-07,30.099999999999998
2015-07-08,36.4
2015-07-09,33.599999999999994
2015-07-10,30.099999999999998
2015-07-11,23.799999999999997
2015-07-12,24.5
2015-07-13,32.9
2015-07-14,70.0
2015-07-15,50.4
2015-07-16,40.599999999999994
2015-07-17,32.9
2015-07-18,26.599999999999998
2015-07-19,25.2
2015-07-20,31.499999999999996
2015-07-21,30.799999999999997
2015-07-22,30.799999999999997
2015-07-23,30.799999999999997
2015-07-24,26.599999999999998
2015-07-25,19.599999999999998
2015-07-26,20.299999999999997
2015-07-27,27.299999999999997
2015-07-28,29.4
2015-07-29,30.799999999999997
2015-07-30,28.7
2015-07-31,28.0
2015-08-01,35.4
2015-08-02,34.809999999999995
2015-08-03,47.79
2015-08-04,50.15
2015-08-05,49.559999999999995
2015-08-06,48.97
2015-08-07,47.79
2015-08-08,33.04
2015-08-09,34.809999999999995
2015-08-10,47.79
2015-08-11,53.099999999999994
2015-08-12,54.279999999999994
2015-08-13,56.64
2015-08-14,51.33
2015-08-15,36.58
2015-08-16,38.94
2015-08-17,51.33
2015-08-18,59.0
2015-08-19,51.919999999999995
2015-08-20,52.51
2015-08-21,50.15
2015-08-22,33.629999999999995
2015-08-23,37.76
2015-08-24,50.739999999999995
2015-08-25,53.69
2015-08-26,49.559999999999995
2015-08-27,53.69
2015-08-28,51.33
2015-08-29,37.169999999999995
2015-08-30,34.22
2015-08-31,49.559999999999995
2015-09-01,56.42999999999999
2015-09-02,56.42999999999999
2015-09-03,54.72
2015-09-04,48.449999999999996
2015-09-05,35.339999999999996
2015-09-06,35.91
2015-09-07,37.05
2015-09-08,53.58
2015-09-09,56.99999999999999
2015-09-10,55.85999999999999
2015-09-11,46.169999999999995
2015-09-12,33.629999999999995
2015-09-13,35.339999999999996
2015-09-14,53.01
2015-09-15,52.44
2015-09-16,51.87
2015-09-17,50.73
2015-09-18,46.739999999999995
2015-09-19,31.919999999999998
2015-09-20,31.919999999999998
2015-09-21,51.3
2015-09-22,53.58
2015-09-23,55.28999999999999
2015-09-24,53.01
2015-09-25,46.739999999999995
2015-09-26,35.339999999999996
2015-09-27,33.629999999999995
2015-09-28,49.019999999999996
2015-09-29,53.58
2015-09-30,51.87
2015-10-01,48.95
2015-10-02,52.800000000000004
2015-10-03,36.85
2015-10-04,36.300000000000004
2015-10-05,53.35
2015-10-06,55.00000000000001
2015-10-07,55.00000000000001
2015-10-08,52.25000000000001
2015-10-09,45.650000000000006
2015-10-10,32.45
2015-10-11,34.1
2015-10-12,46.75000000000001
2015-10-13,47.85
2015-10-14,53.900000000000006
2015-10-15,48.95
2015-10-16,47.300000000000004
2015-10-17,38.5
2015-10-18,35.2
2015-10-19,52.800000000000004
2015-10-20,53.900000000000006
2015-10-21,53.35
2015-10-22,55.00000000000001
2015-10-23,47.300000000000004
2015-10-24,37.400000000000006
2015-10-25,34.650000000000006
2015-10-26,45.1
2015-10-27,51.150000000000006
2015-10-28,47.85
2015-10-29,52.25000000000001
2015-10-30,44.550000000000004
2015-10-31,34.1
2015-11-01,34.84
2015-11-02,49.4
2015-11-03,49.4
2015-11-04,50.96
2015-11-05,48.36
2015-11-06,47.32
2015-11-07,35.88
2015-11-08,32.76
2015-11-09,46.28
2015-11-10,49.92
2015-11-11,45.760000000000005
2015-11-12,52.0
2015-11-13,45.760000000000005
2015-11-14,33.28
2015-11-15,34.84
2015-11-16,48.36
2015-11-17,49.92
2015-11-18,49.4
2015-11-19,46.800000000000004
2015-11-20,43.160000000000004
2015-11-21,31.200000000000003
2015-11-22,30.68
2015-11-23,43.160000000000004
2015-11-24,44.72
2015-11-25,40.04
2015-11-26,28.6
2015-11-27,31.200000000000003
2015-11-28,31.200000000000003
2015-11-29,34.84
2015-11-30,44.72
2015-12-01,47.53
2015-12-02,48.51
2015-12-03,42.63
2015-12-04,40.18
2015-12-05,31.36
2015-12-06,27.439999999999998
2015-12-07,41.16
2015-12-08,48.51
2015-12-09,48.51
2015-12-10,49.0
2015-12-11,42.63
2015-12-12,34.3
2015-12-13,29.89
2015-12-14,47.04
2015-12-15,45.08
2015-12-16,44.589999999999996
2015-12-17,46.06
2015-12-18,38.22
2015-12-19,29.4
2015-12-20,28.419999999999998
2015-12-21,40.67
2015-12-22,46.55
2015-12-23,34.79
2015-12-24,32.339999999999996
2015-12-25,28.419999999999998
2015-12-26,29.4
2015-12-27,35.28
2015-12-28,36.75
2015-12-29,45.08
2015-12-30,45.08
2015-12-31,35.769999999999996
2016-01-01,21.93
2016-01-02,26.23
2016-01-03,26.66
2016-01-04,36.98
2016-01-05,38.7
2016-01-06,38.269999999999996
2016-01-07,39.56
2016-01-08,37.41
2016-01-09,26.66
2016-01-10,24.509999999999998
2016-01-11,35.26
2016-01-12,38.7
2016-01-13,39.56
2016-01-14,40.42
2016-01-15,37.41
2016-01-16,25.8
2016-01-17,26.66
2016-01-18,33.97
2016-01-19,38.7
2016-01-20,40.42
2016-01-21,39.99
2016-01-22,36.12
2016-01-23,26.66
2016-01-24,29.24
2016-01-25,38.269999999999996
2016-01-26,39.56
2016-01-27,41.28
2016-01-28,43.0
2016-01-29,38.269999999999996
2016-01-30,27.52
2016-01-31,27.09
2016-02-01,38.72
2016-02-02,40.48
2016-02-03,43.12
2016-02-04,44.0
2016-02-05,37.84
2016-02-06,28.16
2016-02-07,28.6
2016-02-08,36.52
2016-02-09,44.0
2016-02-10,41.36
2016-02-11,40.04
2016-02-12,38.72
2016-02-13,26.84
2016-02-14,26.4
2016-02-15,36.96
2016-02-16,40.04
2016-02-17,42.68
2016-02-18,40.92
2016-02-19,36.52
2016-02-20,26.4
2016-02-21,27.28
2016-02-22,41.36
2016-02-23,40.92
2016-02-24,40.04
2016-02-25,40.92
2016-02-26,36.52
2016-02-27,26.4
2016-02-28,25.96
2016-02-29,35.64
2016-03-01,38.22
2016-03-02,37.379999999999995
2016-03-03,39.48
2016-03-04,35.699999999999996
2016-03-05,26.459999999999997
2016-03-06,27.3
2016-03-07,36.96
2016-03-08,39.059999999999995
2016-03-09,39.059999999999995
2016-03-10,41.16
2016-03-11,38.64
2016-03-12,27.72
2016-03-13,26.459999999999997
2016-03-14,38.22
2016-03-15,40.74
2016-03-16,38.22
2016-03-17,37.379999999999995
2016-03-18,36.96
2016-03-19,27.72
2016-03-20,26.04
2016-03-21,39.48
2016-03-22,41.16
2016-03-23,38.22
2016-03-24,40.74
2016-03-25,33.18
2016-03-26,26.459999999999997
2016-03-27,26.04
2016-03-28,39.059999999999995
2016-03-29,38.64
2016-03-30,42.0
2016-03-31,38.64
2016-04-01,30.24
2016-04-02,28.14
2016-04-03,23.52
2016-04-04,34.86
2016-04-05,36.96
2016-04-06,33.18
2016-04-07,34.44
2016-04-08,42.0
2016-04-09,35.28
2016-04-10,28.14
2016-04-11,37.379999999999995
2016-04-12,36.54
2016-04-13,35.28
2016-04-14,37.8
2016-04-15,31.08
2016-04-16,23.52
2016-04-17,23.939999999999998
2016-04-18,34.86
2016-04-19,35.699999999999996
2016-04-20,33.6
2016-04-21,33.18
2016-04-22,29.82
2016-04-23,21.0
2016-04-24,22.259999999999998
2016-04-25,32.76
2016-04-26,34.44
2016-04-27,35.28
2016-04-28,36.54
2016-04-29,32.339999999999996
2016-04-30,22.68
2016-05-01,24.189999999999998
2016-05-02,34.03
2016-05-03,35.669999999999995
2016-05-04,36.489999999999995
2016-05-05,36.08
2016-05-06,33.62
2016-05-07,20.91
2016-05-08,22.959999999999997
2016-05-09,35.669999999999995
2016-05-10,34.85
2016-05-11,39.36
2016-05-12,36.08
2016-05-13,33.21
2016-05-14,21.73
2016-05-15,26.24
2016-05-16,35.26
2016-05-17,35.669999999999995
2016-05-18,36.9
2016-05-19,41.0
2016-05-20,37.72
2016-05-21,27.47
2016-05-22,28.29
2016-05-23,38.129999999999995
2016-05-24,36.489999999999995
2016-05-25,39.769999999999996
2016-05-26,37.309999999999995
2016-05-27,31.569999999999997
2016-05-28,22.549999999999997
2016-05-29,20.5
2016-05-30,23.779999999999998
2016-05-31,35.26
2016-06-01,40.32
2016-06-02,38.64
2016-06-03,35.28
2016-06-04,25.619999999999997
2016-06-05,28.14
2016-06-06,31.919999999999998
2016-06-07,42.0
2016-06-08,34.019999999999996
2016-06-09,34.44
2016-06-10,34.019999999999996
2016-06-11,23.939999999999998
2016-06-12,20.16
2016-06-13,35.699999999999996
2016-06-14,38.64
2016-06-15,34.44
2016-06-16,34.019999999999996
2016-06-17,31.5
2016-06-18,23.099999999999998
2016-06-19,23.099999999999998
2016-06-20,33.18
2016-06-21,38.22
2016-06-22,42.0
2016-06-23,36.54
2016-06-24,34.86
2016-06-25,26.459999999999997
2016-06-26,26.04
2016-06-27,37.379999999999995
2016-06-28,38.64
2016-06-29,40.32
2016-06-30,38.64
2016-07-01,30.599999999999998
2016-07-02,22.68
2016-07-03,19.08
2016-07-04,21.599999999999998
2016-07-05,33.12
2016-07-06,33.839999999999996
2016-07-07,32.76
2016-07-08,29.52
2016-07-09,21.96
2016-07-10,21.24
2016-07-11,32.4
2016-07-12,34.56
2016-07-13,34.199999999999996
2016-07-14,33.839999999999996
2016-07-15,31.32
2016-07-16,20.16
2016-07-17,22.32
2016-07-18,33.12
2016-07-19,33.839999999999996
2016-07-20,36.0
2016-07-21,32.04
2016-07-22,30.959999999999997
2016-07-23,19.8
2016-07-24,21.96
2016-07-25,33.839999999999996
2016-07-26,36.0
2016-07-27,34.199999999999996
2016-07-28,33.48
2016-07-29,29.88
2016-07-30,23.04
2016-07-31,23.759999999999998
2016-08-01,34.800000000000004
2016-08-02,35.6
2016-08-03,35.2
2016-08-04,34.4
2016-08-05,34.0
2016-08-06,20.400000000000002
2016-08-07,22.0
2016-08-08,33.2
2016-08-09,37.2
2016-08-10,34.800000000000004
2016-08-11,36.800000000000004
2016-08-12,33.2
2016-08-13,21.200000000000003
2016-08-14,23.200000000000003
2016-08-15,33.2
2016-08-16,37.2
2016-08-17,35.2
2016-08-18,36.0
2016-08-19,34.800000000000004
2016-08-20,20.400000000000002
2016-08-21,22.400000000000002
2016-08-22,40.0
2016-08-23,39.6
2016-08-24,36.4
2016-08-25,39.2
2016-08-26,33.2
2016-08-27,22.8
2016-08-28,24.8
2016-08-29,36.4
2016-08-30,37.6
2016-08-31,37.2
2016-09-01,38.7
2016-09-02,34.4
2016-09-03,21.93
2016-09-04,21.5
2016-09-05,23.22
2016-09-06,39.13
2016-09-07,40.85
2016-09-08,39.99
2016-09-09,34.83
2016-09-10,22.36
2016-09-11,23.22
2016-09-12,35.69
2016-09-13,39.56
2016-09-14,38.269999999999996
2016-09-15,39.56
2016-09-16,33.97
2016-09-17,25.8
2016-09-18,27.95
2016-09-19,38.7
2016-09-20,39.99
2016-09-21,43.0
2016-09-22,41.71
2016-09-23,36.98
2016-09-24,27.09
2016-09-25,26.66
2016-09-26,39.13
2016-09-27,39.56
2016-09-28,40.85
2016-09-29,39.99
2016-09-30,33.97
2016-10-01,22.259999999999998
2016-10-02,22.259999999999998
2016-10-03,33.6
2016-10-04,35.28
2016-10-05,34.019999999999996
2016-10-06,31.919999999999998
2016-10-07,28.14
2016-10-08,19.74
2016-10-09,22.259999999999998
2016-10-10,30.66
2016-10-11,32.339999999999996
2016-10-12,36.96
2016-10-13,35.28
2016-10-14,34.44
2016-10-15,21.84
2016-10-16,23.099999999999998
2016-10-17,34.44
2016-10-18,38.22
2016-10-19,35.699999999999996
2016-10-20,35.699999999999996
2016-10-21,32.76
2016-10-22,20.58
2016-10-23,22.68
2016-10-24,34.44
2016-10-25,37.8
2016-10-26,42.0
2016-10-27,39.48
2016-10-28,34.44
2016-10-29,23.52
2016-10-30,25.2
2016-10-31,37.379999999999995
2016-11-01,40.74
2016-11-02,42.0
2016-11-03,39.9
2016-11-04,39.9
2016-11-05,25.619999999999997
2016-11-06,24.36
2016-11-07,39.059999999999995
2016-11-08,35.28
2016-11-09,26.88
2016-11-10,37.8
2016-11-11,32.76
2016-11-12,25.619999999999997
2016-11-13,25.2
2016-11-14,35.699999999999996
2016-11-15,39.9
2016-11-16,38.22
2016-11-17,36.96
2016-11-18,36.12
2016-11-19,24.779999999999998
2016-11-20,24.36
2016-11-21,36.96
2016-11-22,36.96
2016-11-23,29.4
2016-11-24,18.9
2016-11-25,21.84
2016-11-26,23.52
2016-11-27,24.779999999999998
2016-11-28,35.699999999999996
2016-11-29,37.8
2016-11-30,38.22
2016-12-01,39.0
2016-12-02,35.1
2016-12-03,25.740000000000002
2016-12-04,23.400000000000002
2016-12-05,34.32
2016-12-06,37.83
2016-12-07,36.27
2016-12-08,37.050000000000004
2016-12-09,35.88
2016-12-10,23.01
2016-12-11,23.01
2016-12-12,33.93
2016-12-13,35.49
2016-12-14,34.71
2016-12-15,32.76
2016-12-16,31.98
2016-12-17,21.84
2016-12-18,23.79
2016-12-19,35.88
2016-12-20,32.76
2016-12-21,33.54
2016-12-22,32.370000000000005
2016-12-23,24.96
2016-12-24,19.11
2016-12-25,20.28
2016-12-26,22.62
2016-12-27,28.080000000000002
2016-12-28,26.91
2016-12-29,25.35
2016-12-30,24.18
2016-12-31,21.84
2017-01-01,18.92
2017-01-02,25.52
2017-01-03,35.2
2017-01-04,37.84
2017-01-05,39.160000000000004
2017-01-06,35.64
2017-01-07,24.64
2017-01-08,24.64
2017-01-09,37.4
2017-01-10,40.92
2017-01-11,43.56
2017-01-12,41.36
2017-01-13,41.8
2017-01-14,25.52
2017-01-15,23.76
2017-01-16,33.88
2017-01-17,37.84
2017-01-18,41.8
2017-01-19,42.68
2017-01-20,36.96
2017-01-21,26.84
2017-01-22,26.4
2017-01-23,39.160000000000004
2017-01-24,41.8
2017-01-25,44.0
2017-01-26,40.92
2017-01-27,39.160000000000004
2017-01-28,24.64
2017-01-29,24.64
2017-01-30,40.48
2017-01-31,41.8
2017-02-01,41.4
2017-02-02,37.800000000000004
2017-02-03,37.800000000000004
2017-02-04,26.1
2017-02-05,23.85
2017-02-06,35.1
2017-02-07,42.75
2017-02-08,41.4
2017-02-09,40.050000000000004
2017-02-10,35.1
2017-02-11,25.650000000000002
2017-02-12,25.2
2017-02-13,37.35
2017-02-14,39.15
2017-02-15,40.95
2017-02-16,40.5
2017-02-17,36.45
2017-02-18,25.650000000000002
2017-02-19,24.75
2017-02-20,35.1
2017-02-21,39.6
2017-02-22,41.4
2017-02-23,41.85
2017-02-24,38.7
2017-02-25,25.2
2017-02-26,25.650000000000002
2017-02-27,40.95
2017-02-28,45.0
2017-03-01,45.12
2017-03-02,48.0
2017-03-03,44.16
2017-03-04,30.72
2017-03-05,30.72
2017-03-06,42.239999999999995
2017-03-07,45.12
2017-03-08,44.64
2017-03-09,47.519999999999996
2017-03-10,41.76
2017-03-11,28.799999999999997
2017-03-12,30.24
2017-03-13,42.239999999999995
2017-03-14,47.04
2017-03-15,46.08
2017-03-16,46.08
2017-03-17,41.76
2017-03-18,27.36
2017-03-19,28.32
2017-03-20,43.68
2017-03-21,48.0
2017-03-22,47.519999999999996
2017-03-23,45.12
2017-03-24,39.839999999999996
2017-03-25,28.32
2017-03-26,29.759999999999998
2017-03-27,44.16
2017-03-28,44.64
2017-03-29,44.16
2017-03-30,47.04
2017-03-31,43.68
2017-04-01,25.3
2017-04-02,27.6
2017-04-03,40.02
2017-04-04,44.620000000000005
2017-04-05,46.0
2017-04-06,41.4
2017-04-07,38.18
2017-04-08,28.060000000000002
2017-04-09,28.52
2017-04-10,40.02
2017-04-11,42.78
2017-04-12,42.32
2017-04-13,44.160000000000004
2017-04-14,34.96
2017-04-15,25.3
2017-04-16,24.84
2017-04-17,39.56
2017-04-18,42.78
2017-04-19,44.620000000000005
2017-04-20,43.7
2017-04-21,39.1
2017-04-22,26.68
2017-04-23,27.6
2017-04-24,40.02
2017-04-25,44.620000000000005
2017-04-26,43.24
2017-04-27,42.32
2017-04-28,37.260000000000005
2017-04-29,25.76
2017-04-30,28.060000000000002
2017-05-01,38.72
2017-05-02,39.6
2017-05-03,44.0
2017-05-04,40.48
2017-05-05,33.88
2017-05-06,25.52
2017-05-07,24.2
2017-05-08,37.84
2017-05-09,40.04
2017-05-10,39.6
2017-05-11,39.160000000000004
2017-05-12,36.08
2017-05-13,25.96
2017-05-14,24.2
2017-05-15,39.160000000000004
2017-05-16,38.72
2017-05-17,38.28
2017-05-18,33.0
2017-05-19,33.0
2017-05-20,21.12
2017-05-21,21.12
2017-05-22,34.76
2017-05-23,37.4
2017-05-24,37.4
2017-05-25,35.2
2017-05-26,31.24
2017-05-27,18.92
2017-05-28,19.36
2017-05-29,21.56
2017-05-30,35.2
2017-05-31,35.2
2017-06-01,36.4
2017-06-02,36.4
2017-06-03,22.400000000000002
2017-06-04,23.200000000000003
2017-06-05,36.800000000000004
2017-06-06,40.0
2017-06-07,38.800000000000004
2017-06-08,35.2
2017-06-09,34.800000000000004
2017-06-10,20.400000000000002
2017-06-11,25.200000000000003
2017-06-12,38.0
2017-06-13,38.0
2017-06-14,37.6
2017-06-15,37.6
2017-06-16,33.6
2017-06-17,22.8
2017-06-18,22.400000000000002
2017-06-19,34.800000000000004
2017-06-20,39.2
2017-06-21,37.6
2017-06-22,38.0
2017-06-23,31.200000000000003
2017-06-24,21.6
2017-06-25,22.400000000000002
2017-06-26,36.800000000000004
2017-06-27,38.400000000000006
2017-06-28,37.6
2017-06-29,34.800000000000004
2017-06-30,32.4
2017-07-01,19.0
2017-07-02,18.62
2017-07-03,25.84
2017-07-04,20.9
2017-07-05,30.4
2017-07-06,33.06
2017-07-07,30.02
2017-07-08,19.38
2017-07-09,19.38
2017-07-10,31.54
2017-07-11,35.72
2017-07-12,34.96
2017-07-13,33.06
2017-07-14,28.12
2017-07-15,17.86
2017-07-16,19.0
2017-07-17,31.16
2017-07-18,32.3
2017-07-19,33.82
2017-07-20,30.78
2017-07-21,29.26
2017-07-22,18.240000000000002
2017-07-23,17.86
2017-07-24,33.44
2017-07-25,35.72
2017-07-26,38.0
2017-07-27,34.58
2017-07-28,32.3
2017-07-29,20.9
2017-07-30,20.14
2017-07-31,33.06
2017-08-01,38.28
2017-08-02,41.36
2017-08-03,38.28
2017-08-04,31.68
2017-08-05,21.56
2017-08-06,23.32
2017-08-07,36.96
2017-08-08,39.6
2017-08-09,39.160000000000004
2017-08-10,37.84
2017-08-11,34.32
2017-08-12,23.76
2017-08-13,25.080000000000002
2017-08-14,37.4
2017-08-15,39.6
2017-08-16,40.04
2017-08-17,38.72
2017-08-18,35.2
2017-08-19,20.68
2017-08-20,22.44
2017-08-21,30.8
2017-08-22,42.68
2017-08-23,44.0
2017-08-24,40.04
2017-08-25,36.08
2017-08-26,24.2
2017-08-27,31.68
2017-08-28,42.68
2017-08-29,43.12
2017-08-30,43.12
2017-08-31,43.56
2017-09-01,36.12
2017-09-02,22.68
2017-09-03,24.36
2017-09-04,25.2
2017-09-05,37.379999999999995
2017-09-06,39.059999999999995
2017-09-07,39.059999999999995
2017-09-08,34.86
2017-09-09,23.939999999999998
2017-09-10,25.619999999999997
2017-09-11,39.059999999999995
2017-09-12,40.32
2017-09-13,42.0
2017-09-14,39.9
2017-09-15,37.379999999999995
2017-09-16,23.52
2017-09-17,24.779999999999998
2017-09-18,36.96
2017-09-19,40.74
2017-09-20,42.0
2017-09-21,39.9
2017-09-22,36.96
2017-09-23,23.52
2017-09-24,21.84
2017-09-25,37.379999999999995
2017-09-26,39.9
2017-09-27,40.74
2017-09-28,41.16
2017-09-29,34.86
2017-09-30,22.68
2017-10-01,19.8
2017-10-02,32.56
2017-10-03,36.96
2017-10-04,35.2
2017-10-05,35.2
2017-10-06,30.36
2017-10-07,21.12
2017-10-08,22.88
2017-10-09,31.68
2017-10-10,34.32
2017-10-11,35.64
2017-10-12,36.52
2017-10-13,31.68
2017-10-14,20.24
2017-10-15,21.12
2017-10-16,35.64
2017-10-17,39.6
2017-10-18,43.12
2017-10-19,44.0
2017-10-20,36.52
2017-10-21,22.0
2017-10-22,25.080000000000002
2017-10-23,35.64
2017-10-24,39.160000000000004
2017-10-25,42.24
2017-10-26,36.52
2017-10-27,33.0
2017-10-28,21.12
2017-10-29,20.24
2017-10-30,33.44
2017-10-31,36.08
2017-11-01,37.8
2017-11-02,39.059999999999995
2017-11-03,34.86
2017-11-04,21.84
2017-11-05,24.779999999999998
2017-11-06,37.379999999999995
2017-11-07,37.8
2017-11-08,39.48
2017-11-09,39.059999999999995
2017-11-10,35.28
2017-11-11,21.419999999999998
2017-11-12,23.939999999999998
2017-11-13,36.54
2017-11-14,41.58
2017-11-15,40.32
2017-11-16,42.0
2017-11-17,35.699999999999996
2017-11-18,24.36
2017-11-19,24.36
2017-11-20,36.54
2017-11-21,37.8
2017-11-22,31.08
2017-11-23,18.06
2017-11-24,21.419999999999998
2017-11-25,23.099999999999998
2017-11-26,23.52
2017-11-27,37.379999999999995
2017-11-28,39.9
2017-11-29,39.9
2017-11-30,39.059999999999995
2017-12-01,31.08
2017-12-02,21.46
2017-12-03,23.31
2017-12-04,34.04
2017-12-05,37.0
2017-12-06,35.89
2017-12-07,36.63
2017-12-08,32.19
2017-12-09,20.72
2017-12-10,20.35
2017-12-11,32.56
2017-12-12,35.89
2017-12-13,34.41
2017-12-14,33.67
2017-12-15,31.08
2017-12-16,19.61
2017-12-17,18.87
2017-12-18,31.82
2017-12-19,31.82
2017-12-20,31.08
2017-12-21,31.82
2017-12-22,25.16
2017-12-23,16.65
2017-12-24,15.91
2017-12-25,16.65
2017-12-26,23.68
2017-12-27,27.38
2017-12-28,23.31
2017-12-29,25.16
2017-12-30,18.13
2017-12-31,18.87
2018-01-01,18.06
2018-01-02,33.11
2018-01-03,36.12
2018-01-04,35.69
2018-01-05,35.69
2018-01-06,25.37
2018-01-07,23.22
2018-01-08,33.54
2018-01-09,40.42
2018-01-10,40.42
2018-01-11,38.7
2018-01-12,36.55
2018-01-13,24.08
2018-01-14,22.79
2018-01-15,30.96
2018-01-16,38.7
2018-01-17,39.99
2018-01-18,39.99
2018-01-19,38.269999999999996
2018-01-20,24.509999999999998
2018-01-21,23.22
2018-01-22,38.269999999999996
2018-01-23,43.0
2018-01-24,43.0
2018-01-25,41.28
2018-01-26,37.41
2018-01-27,23.65
2018-01-28,25.37
2018-01-29,39.13
2018-01-30,40.42
2018-01-31,41.28
2018-02-01,39.9
2018-02-02,37.8
2018-02-03,26.459999999999997
2018-02-04,25.2
2018-02-05,35.699999999999996
2018-02-06,40.74
2018-02-07,41.16
2018-02-08,42.0
2018-02-09,37.8
2018-02-10,23.52
2018-02-11,26.04
2018-02-12,36.96
2018-02-13,40.74
2018-02-14,36.54
2018-02-15,38.64
2018-02-16,34.86
2018-02-17,24.36
2018-02-18,21.0
2018-02-19,31.919999999999998
2018-02-20,39.9
2018-02-21,38.64
2018-02-22,39.48
2018-02-23,36.12
2018-02-24,23.939999999999998
2018-02-25,23.099999999999998
2018-02-26,38.64
2018-02-27,40.32
2018-02-28,40.74
2018-03-01,37.309999999999995
2018-03-02,36.489999999999995
2018-03-03,23.369999999999997
2018-03-04,23.779999999999998
2018-03-05,37.72
2018-03-06,38.129999999999995
2018-03-07,39.769999999999996
2018-03-08,38.129999999999995
2018-03-09,35.669999999999995
2018-03-10,21.73
2018-03-11,20.5
2018-03-12,36.08
2018-03-13,38.54
2018-03-14,38.54
2018-03-15,37.309999999999995
2018-03-16,35.26
2018-03-17,20.5
2018-03-18,21.32
2018-03-19,37.309999999999995
2018-03-20,39.36
2018-03-21,36.489999999999995
2018-03-22,38.129999999999995
2018-03-23,33.21
2018-03-24,21.73
2018-03-25,21.73
2018-03-26,38.54
2018-03-27,40.589999999999996
2018-03-28,41.0
2018-03-29,38.949999999999996
2018-03-30,30.34
2018-03-31,20.91
2018-04-01,20.8
2018-04-02,35.6
2018-04-03,38.400000000000006
2018-04-04,38.800000000000004
2018-04-05,39.2
2018-04-06,32.800000000000004
2018-04-07,21.6
2018-04-08,24.8
2018-04-09,36.800000000000004
2018-04-10,37.6
2018-04-11,40.0
2018-04-12,40.0
2018-04-13,34.800000000000004
2018-04-14,21.6
2018-04-15,22.8
2018-04-16,35.6
2018-04-17,39.2
2018-04-18,37.2
2018-04-19,37.6
2018-04-20,30.8
2018-04-21,18.8
2018-04-22,21.6
2018-04-23,35.2
2018-04-24,35.2
2018-04-25,37.6
2018-04-26,34.800000000000004
2018-04-27,33.2
2018-04-28,19.6
2018-04-29,20.0
2018-04-30,36.0
2018-05-01,37.6
2018-05-02,36.0
2018-05-03,37.2
2018-05-04,35.2
2018-05-05,21.200000000000003
2018-05-06,22.400000000000002
2018-05-07,35.6
2018-05-08,40.0
2018-05-09,38.800000000000004
2018-05-10,38.0
2018-05-11,35.2
2018-05-12,20.0
2018-05-13,19.200000000000003
2018-05-14,38.400000000000006
2018-05-15,39.2
2018-05-16,37.6
2018-05-17,39.6
2018-05-18,34.800000000000004
2018-05-19,18.0
2018-05-20,21.6
2018-05-21,37.2
2018-05-22,40.0
2018-05-23,38.0
2018-05-24,36.800000000000004
2018-05-25,32.4
2018-05-26,16.400000000000002
2018-05-27,19.200000000000003
2018-05-28,21.200000000000003
2018-05-29,35.2
2018-05-30,36.0
2018-05-31,38.400000000000006
2018-06-01,32.19
2018-06-02,19.61
2018-06-03,21.83
2018-06-04,34.78
2018-06-05,33.67
2018-06-06,37.0
2018-06-07,34.41
2018-06-08,30.34
2018-06-09,18.5
2018-06-10,19.98
2018-06-11,32.56
2018-06-12,34.41
2018-06-13,34.04
2018-06-14,34.04
2018-06-15,31.08
2018-06-16,18.87
2018-06-17,18.13
2018-06-18,32.19
2018-06-19,32.93
2018-06-20,33.67
2018-06-21,31.82
2018-06-22,28.49
2018-06-23,19.24
2018-06-24,16.65
2018-06-25,31.45
2018-06-26,32.56
2018-06-27,32.93
2018-06-28,32.93
2018-06-29,29.6
2018-06-30,18.5
2018-07-01,18.360000000000003
2018-07-02,29.240000000000002
2018-07-03,29.92
2018-07-04,19.720000000000002
2018-07-05,26.520000000000003
2018-07-06,25.16
2018-07-07,17.0
2018-07-08,16.66
2018-07-09,29.240000000000002
2018-07-10,32.300000000000004
2018-07-11,31.62
2018-07-12,32.64
2018-07-13,29.92
2018-07-14,17.68
2018-07-15,18.360000000000003
2018-07-16,32.980000000000004
2018-07-17,34.0
2018-07-18,30.6
2018-07-19,33.660000000000004
2018-07-20,30.6
2018-07-21,17.34
2018-07-22,17.68
2018-07-23,31.28
2018-07-24,32.64
2018-07-25,32.300000000000004
2018-07-26,32.980000000000004
2018-07-27,28.560000000000002
2018-07-28,17.0
2018-07-29,18.02
2018-07-30,33.32
2018-07-31,31.96
2018-08-01,33.15
2018-08-02,33.54
2018-08-03,27.3
2018-08-04,16.38
2018-08-05,17.16
2018-08-06,29.64
2018-08-07,32.370000000000005
2018-08-08,33.15
2018-08-09,31.200000000000003
2018-08-10,29.25
2018-08-11,19.11
2018-08-12,17.94
2018-08-13,32.76
2018-08-14,34.32
2018-08-15,34.32
2018-08-16,34.71
2018-08-17,30.810000000000002
2018-08-18,17.16
2018-08-19,19.5
2018-08-20,31.59
2018-08-21,37.44
2018-08-22,35.49
2018-08-23,36.660000000000004
2018-08-24,34.71
2018-08-25,19.89
2018-08-26,20.28
2018-08-27,35.1
2018-08-28,39.0
2018-08-29,36.660000000000004
2018-08-30,35.88
2018-08-31,33.54
2018-09-01,16.8
2018-09-02,15.600000000000001
2018-09-03,17.6
2018-09-04,30.8
2018-09-05,33.6
2018-09-06,34.0
2018-09-07,28.0
2018-09-08,18.400000000000002
2018-09-09,18.8
2018-09-10,31.6
2018-09-11,34.0
2018-09-12,32.4
2018-09-13,33.6
2018-09-14,29.6
2018-09-15,18.8
2018-09-16,16.8
2018-09-17,30.8
2018-09-18,33.6
2018-09-19,34.0
2018-09-20,40.0
2018-09-21,31.200000000000003
2018-09-22,18.400000000000002
2018-09-23,18.8
2018-09-24,33.6
2018-09-25,35.2
2018-09-26,33.6
2018-09-27,32.800000000000004
2018-09-28,30.0
2018-09-29,16.0
2018-09-30,15.600000000000001
2018-10-01,34.44
2018-10-02,36.08
2018-10-03,35.669999999999995
2018-10-04,38.54
2018-10-05,32.39
2018-10-06,18.86
2018-10-07,18.86
2018-10-08,30.749999999999996
2018-10-09,37.309999999999995
2018-10-10,35.669999999999995
2018-10-11,35.669999999999995
2018-10-12,33.62
2018-10-13,17.22
2018-10-14,19.68
2018-10-15,41.0
2018-10-16,41.0
2018-10-17,37.72
2018-10-18,36.9
2018-10-19,29.11
2018-10-20,18.04
2018-10-21,18.04
2018-10-22,35.26
2018-10-23,34.85
2018-10-24,36.489999999999995
2018-10-25,36.9
2018-10-26,30.749999999999996
2018-10-27,17.63
2018-10-28,19.68
2018-10-29,35.26
2018-10-30,35.26
2018-10-31,35.26
2018-11-01,33.67
2018-11-02,31.45
2018-11-03,18.5
2018-11-04,18.5
2018-11-05,30.34
2018-11-06,32.56
2018-11-07,30.34
2018-11-08,33.67
2018-11-09,33.67
2018-11-10,18.5
2018-11-11,18.13
2018-11-12,29.23
2018-11-13,35.89
2018-11-14,37.0
2018-11-15,34.04
2018-11-16,29.97
2018-11-17,17.02
2018-11-18,19.24
2018-11-19,30.71
2018-11-20,32.19
2018-11-21,25.53
2018-11-22,13.32
2018-11-23,15.91
2018-11-24,17.39
2018-11-25,18.87
2018-11-26,32.19
2018-11-27,36.63
2018-11-28,37.0
2018-11-29,35.519999999999996
2018-11-30,31.45
2018-12-01,17.5
2018-12-02,16.45
2018-12-03,30.099999999999998
2018-12-04,34.65
2018-12-05,33.599999999999994
2018-12-06,34.3
2018-12-07,30.799999999999997
2018-12-08,18.9
2018-12-09,17.849999999999998
2018-12-10,31.15
2018-12-11,32.55
2018-12-12,31.849999999999998
2018-12-13,35.0
2018-12-14,28.7
2018-12-15,17.15
2018-12-16,15.399999999999999
2018-12-17,29.4
2018-12-18,30.799999999999997
2018-12-19,32.199999999999996
2018-12-20,27.65
2018-12-21,25.2
2018-12-22,14.35
2018-12-23,13.299999999999999
2018-12-24,14.0
2018-12-25,12.6
2018-12-26,20.65
2018-12-27,23.799999999999997
2018-12-28,23.799999999999997
2018-12-29,16.45
2018-12-30,14.0
2018-12-31,17.849999999999998
2019-01-01,16.0
2019-01-02,30.0
2019-01-03,33.2
2019-01-04,32.0
2019-01-05,17.2
2019-01-06,18.8
2019-01-07,32.800000000000004
2019-01-08,34.4
2019-01-09,40.0
2019-01-10,38.0
2019-01-11,34.0
2019-01-12,19.6
2019-01-13,21.200000000000003
2019-01-14,35.2
2019-01-15,39.2
2019-01-16,37.6
2019-01-17,40.0
2019-01-18,35.2
2019-01-19,21.6
2019-01-20,19.200000000000003
2019-01-21,28.400000000000002
2019-01-22,34.0
2019-01-23,37.6
2019-01-24,39.2
2019-01-25,35.2
2019-01-26,22.400000000000002
2019-01-27,22.0
2019-01-28,36.0
2019-01-29,34.800000000000004
2019-01-30,36.4
2019-01-31,36.4
2019-02-01,30.8
2019-02-02,19.200000000000003
2019-02-03,17.2
2019-02-04,28.400000000000002
2019-02-05,40.0
2019-02-06,33.2
2019-02-07,35.6
2019-02-08,28.0
2019-02-09,20.0
2019-02-10,21.200000000000003
2019-02-11,30.8
2019-02-12,32.4
2019-02-13,33.6
2019-02-14,34.800000000000004
2019-02-15,28.8
2019-02-16,17.2
2019-02-17,17.2
2019-02-18,25.6
2019-02-19,34.0
2019-02-20,31.6
2019-02-21,32.4
2019-02-22,31.200000000000003
2019-02-23,21.200000000000003
2019-02-24,17.6
2019-02-25,32.0
2019-02-26,32.0
2019-02-27,32.800000000000004
2019-02-28,32.0
2019-03-01,33.54
2019-03-02,24.96
2019-03-03,19.89
2019-03-04,34.71
2019-03-05,34.71
2019-03-06,34.71
2019-03-07,38.22
2019-03-08,31.200000000000003
2019-03-09,17.94
2019-03-10,18.330000000000002
2019-03-11,34.71
2019-03-12,38.22
2019-03-13,36.27
2019-03-14,37.44
2019-03-15,31.200000000000003
2019-03-16,18.330000000000002
2019-03-17,17.16
2019-03-18,34.71
2019-03-19,34.71
2019-03-20,34.71
2019-03-21,35.1
2019-03-22,30.810000000000002
2019-03-23,18.72
2019-03-24,17.16
2019-03-25,33.15
2019-03-26,37.050000000000004
2019-03-27,39.0
2019-03-28,33.93
2019-03-29,34.71
2019-03-30,18.330000000000002
2019-03-31,17.94
2019-04-01,34.800000000000004
2019-04-02,36.4
2019-04-03,36.0
2019-04-04,36.4
2019-04-05,31.6
2019-04-06,17.6
2019-04-07,26.400000000000002
2019-04-08,33.6
2019-04-09,38.800000000000004
2019-04-10,38.0
2019-04-11,38.400000000000006
2019-04-12,33.2
2019-04-13,18.0
2019-04-14,20.0
2019-04-15,33.6
2019-04-16,36.4
2019-04-17,36.0
2019-04-18,35.2
2019-04-19,28.0
2019-04-20,18.0
2019-04-21,16.400000000000002
2019-04-22,38.800000000000004
2019-04-23,37.6
2019-04-24,40.0
2019-04-25,37.2
2019-04-26,37.6
2019-04-27,17.6
2019-04-28,18.400000000000002
2019-04-29,34.0
2019-04-30,37.2
2019-05-01,33.82
2019-05-02,33.82
2019-05-03,30.4
2019-05-04,15.58
2019-05-05,17.1
2019-05-06,31.16
2019-05-07,31.16
2019-05-08,31.92
2019-05-09,34.96
2019-05-10,26.22
2019-05-11,16.34
2019-05-12,15.96
2019-05-13,31.92
2019-05-14,38.0
2019-05-15,34.96
2019-05-16,36.1
2019-05-17,30.02
2019-05-18,15.96
2019-05-19,15.2
2019-05-20,31.16
2019-05-21,35.34
2019-05-22,34.2
2019-05-23,32.3
2019-05-24,27.740000000000002
2019-05-25,15.2
2019-05-26,15.2
2019-05-27,18.240000000000002
2019-05-28,32.3
2019-05-29,31.92
2019-05-30,33.06
2019-05-31,31.54
2019-06-01,14.76
2019-06-02,18.0
2019-06-03,36.0
2019-06-04,34.92
2019-06-05,33.839999999999996
2019-06-06,33.12
2019-06-07,27.72
2019-06-08,17.28
2019-06-09,16.2
2019-06-10,29.88
2019-06-11,34.92
2019-06-12,34.199999999999996
2019-06-13,34.56
2019-06-14,28.08
2019-06-15,15.479999999999999
2019-06-16,18.0
2019-06-17,28.08
2019-06-18,33.12
2019-06-19,32.04
2019-06-20,30.959999999999997
2019-06-21,28.439999999999998
2019-06-22,18.0
2019-06-23,14.399999999999999
2019-06-24,28.439999999999998
2019-06-25,28.799999999999997
2019-06-26,29.52
2019-06-27,30.959999999999997
2019-06-28,27.72
2019-06-29,16.56
2019-06-30,12.959999999999999
2019-07-01,22.44
2019-07-02,26.180000000000003
2019-07-03,25.500000000000004
2019-07-04,14.620000000000001
2019-07-05,17.68
2019-07-06,13.260000000000002
2019-07-07,13.260000000000002
2019-07-08,27.200000000000003
2019-07-09,34.0
2019-07-10,28.560000000000002
2019-07-11,27.200000000000003
2019-07-12,26.520000000000003
2019-07-13,13.940000000000001
2019-07-14,13.260000000000002
2019-07-15,27.200000000000003
2019-07-16,29.240000000000002
2019-07-17,27.200000000000003
2019-07-18,26.860000000000003
2019-07-19,22.44
2019-07-20,14.280000000000001
2019-07-21,15.64
2019-07-22,25.840000000000003
2019-07-23,28.220000000000002
2019-07-24,26.860000000000003
2019-07-25,29.92
2019-07-26,22.44
2019-07-27,14.280000000000001
2019-07-28,13.600000000000001
2019-07-29,23.46
2019-07-30,26.520000000000003
2019-07-31,28.220000000000002
2019-08-01,28.86
2019-08-02,26.91
2019-08-03,15.21
2019-08-04,15.600000000000001
2019-08-05,27.69
2019-08-06,30.810000000000002
2019-08-07,29.25
2019-08-08,32.76
2019-08-09,32.370000000000005
2019-08-10,17.94
2019-08-11,17.16
2019-08-12,30.03
2019-08-13,36.27
2019-08-14,36.660000000000004
2019-08-15,32.370000000000005
2019-08-16,31.59
2019-08-17,19.11
2019-08-18,19.11
2019-08-19,34.32
2019-08-20,35.1
2019-08-21,37.44
2019-08-22,36.27
2019-08-23,33.15
2019-08-24,17.94
2019-08-25,16.77
2019-08-26,35.49
2019-08-27,39.0
2019-08-28,37.44
2019-08-29,35.49
2019-08-30,33.93
2019-08-31,18.330000000000002
2019-09-01,17.22
2019-09-02,21.0
2019-09-03,36.54
2019-09-04,40.74
2019-09-05,41.58
2019-09-06,37.8
2019-09-07,20.16
2019-09-08,19.74
2019-09-09,36.54
2019-09-10,40.74
2019-09-11,39.059999999999995
2019-09-12,38.64
2019-09-13,34.86
2019-09-14,19.74
2019-09-15,21.419999999999998
2019-09-16,36.54
2019-09-17,42.0
2019-09-18,40.32
2019-09-19,37.8
2019-09-20,35.28
2019-09-21,21.0
2019-09-22,18.48
2019-09-23,34.019999999999996
2019-09-24,36.54
2019-09-25,38.22
2019-09-26,39.48
2019-09-27,36.54
2019-09-28,18.9
2019-09-29,19.74
2019-09-30,36.96
2019-10-01,39.9
2019-10-02,36.96
2019-10-03,36.54
2019-10-04,36.54
2019-10-05,21.419999999999998
2019-10-06,17.22
2019-10-07,36.54
2019-10-08,41.58
2019-10-09,39.9
2019-10-10,40.32
2019-10-11,32.339999999999996
2019-10-12,20.16
2019-10-13,18.9
2019-10-14,33.18
2019-10-15,39.9
2019-10-16,37.8
2019-10-17,39.9
2019-10-18,34.019999999999996
2019-10-19,18.48
2019-10-20,18.06
2019-10-21,36.96
2019-10-22,42.0
2019-10-23,40.74
2019-10-24,34.86
2019-10-25,34.019999999999996
2019-10-26,15.959999999999999
2019-10-27,20.16
2019-10-28,37.8
2019-10-29,38.64
2019-10-30,37.379999999999995
2019-10-31,32.339999999999996
2019-11-01,29.6
2019-11-02,16.65
2019-11-03,15.17
2019-11-04,37.0
2019-11-05,36.26
2019-11-06,35.15
2019-11-07,33.67
2019-11-08,30.71
2019-11-09,15.91
2019-11-10,16.28
2019-11-11,28.49
2019-11-12,32.19
2019-11-13,33.67
2019-11-14,32.56
2019-11-15,31.82
2019-11-16,17.39
2019-11-17,16.28
2019-11-18,32.19
2019-11-19,34.04
2019-11-20,35.15
2019-11-21,31.82
2019-11-22,29.23
2019-11-23,17.02
2019-11-24,15.54
2019-11-25,29.23
2019-11-26,29.97
2019-11-27,22.94
2019-11-28,14.43
2019-11-29,15.54
2019-11-30,14.43
2019-12-01,16.66
2019-12-02,30.94
2019-12-03,32.64
2019-12-04,34.0
2019-12-05,31.28
2019-12-06,29.92
2019-12-07,17.0
2019-12-08,15.3
2019-12-09,28.560000000000002
2019-12-10,33.660000000000004
2019-12-11,32.300000000000004
2019-12-12,31.96
2019-12-13,30.94
2019-12-14,15.3
2019-12-15,15.98
2019-12-16,28.900000000000002
2019-12-17,29.580000000000002
2019-12-18,29.580000000000002
2019-12-19,29.580000000000002
2019-12-20,23.12
2019-12-21,14.620000000000001
2019-12-22,12.24
2019-12-23,18.02
2019-12-24,14.96
2019-12-25,12.58
2019-12-26,19.720000000000002
2019-12-27,20.740000000000002
2019-12-28,14.620000000000001
2019-12-29,14.96
2019-12-30,22.78
2019-12-31,20.400000000000002
2020-01-01,15.600000000000001
2020-01-02,28.8
2020-01-03,32.4
2020-01-04,19.6
2020-01-05,18.0
2020-01-06,33.6
2020-01-07,38.0
2020-01-08,36.4
2020-01-09,39.2
2020-01-10,35.6
2020-01-11,18.400000000000002
2020-01-12,18.8
2020-01-13,38.0
2020-01-14,39.6
2020-01-15,39.6
2020-01-16,40.0
2020-01-17,36.4
2020-01-18,20.400000000000002
2020-01-19,18.400000000000002
2020-01-20,27.6
2020-01-21,38.400000000000006
2020-01-22,38.400000000000006
2020-01-23,38.400000000000006
2020-01-24,37.2
2020-01-25,22.0
2020-01-26,19.200000000000003
2020-01-27,35.6
2020-01-28,38.800000000000004
2020-01-29,37.2
2020-01-30,38.400000000000006
2020-01-31,34.800000000000004
2020-02-01,19.68
2020-02-02,16.4
2020-02-03,31.159999999999997
2020-02-04,35.669999999999995
2020-02-05,35.669999999999995
2020-02-06,35.26
2020-02-07,33.21
2020-02-08,20.5
2020-02-09,20.09
2020-02-10,35.669999999999995
2020-02-11,37.309999999999995
2020-02-12,41.0
2020-02-13,36.08
2020-02-14,30.749999999999996
2020-02-15,20.91
2020-02-16,18.04
2020-02-17,29.52
2020-02-18,39.769999999999996
2020-02-19,39.769999999999996
2020-02-20,35.26
2020-02-21,34.44
2020-02-22,20.09
2020-02-23,21.32
2020-02-24,34.03
2020-02-25,38.129999999999995
2020-02-26,37.309999999999995
2020-02-27,36.489999999999995
2020-02-28,34.85
2020-02-29,19.27
2020-03-01,18.06
2020-03-02,34.44
2020-03-03,39.059999999999995
2020-03-04,33.6
2020-03-05,34.44
2020-03-06,31.5
2020-03-07,15.959999999999999
2020-03-08,16.8
2020-03-09,30.66
2020-03-10,32.339999999999996
2020-03-11,31.08
2020-03-12,29.4
2020-03-13,27.72
2020-03-14,18.48
2020-03-15,17.64
2020-03-16,29.82
2020-03-17,34.019999999999996
2020-03-18,36.96
2020-03-19,37.8
2020-03-20,33.18
2020-03-21,24.36
2020-03-22,21.84
2020-03-23,37.8
2020-03-24,39.9
2020-03-25,37.379999999999995
2020-03-26,37.379999999999995
2020-03-27,37.379999999999995
2020-03-28,23.52
2020-03-29,21.419999999999998
2020-03-30,39.48
2020-03-31,42.0
2020-04-01,45.0
2020-04-02,45.0
2020-04-03,40.95
2020-04-04,26.1
2020-04-05,23.400000000000002
2020-04-06,41.85
2020-04-07,42.300000000000004
2020-04-08,45.0
2020-04-09,44.1
2020-04-10,38.7
2020-04-11,22.5
2020-04-12,24.3
2020-04-13,40.5
2020-04-14,44.550000000000004
2020-04-15,42.75
2020-04-16,44.1
2020-04-17,39.6
2020-04-18,27.45
2020-04-19,26.1
2020-04-20,40.95
2020-04-21,43.2
2020-04-22,43.65
2020-04-23,41.4
2020-04-24,38.7
2020-04-25,25.650000000000002
2020-04-26,25.2
2020-04-27,39.6
2020-04-28,41.85
2020-04-29,40.050000000000004
2020-04-30,39.15
