date,Amazon
2011-01-01,30.94
2011-01-02,34.0
2011-01-03,30.26
2011-01-04,29.580000000000002
2011-01-05,28.560000000000002
2011-01-06,28.900000000000002
2011-01-07,28.560000000000002
2011-01-08,30.6
2011-01-09,31.96
2011-01-10,29.580000000000002
2011-01-11,29.580000000000002
2011-01-12,28.900000000000002
2011-01-13,27.880000000000003
2011-01-14,27.880000000000003
2011-01-15,31.62
2011-01-16,31.96
2011-01-17,30.6
2011-01-18,28.900000000000002
2011-01-19,30.26
2011-01-20,29.580000000000002
2011-01-21,28.560000000000002
2011-01-22,30.6
2011-01-23,32.300000000000004
2011-01-24,28.900000000000002
2011-01-25,27.200000000000003
2011-01-26,27.200000000000003
2011-01-27,27.540000000000003
2011-01-28,26.520000000000003
2011-01-29,29.580000000000002
2011-01-30,30.94
2011-01-31,26.860000000000003
2011-02-01,27.9
2011-02-02,28.21
2011-02-03,26.35
2011-02-04,26.35
2011-02-05,30.07
2011-02-06,30.69
2011-02-07,29.14
2011-02-08,28.52
2011-02-09,26.35
2011-02-10,26.35
2011-02-11,26.35
2011-02-12,29.759999999999998
2011-02-13,31.0
2011-02-14,25.419999999999998
2011-02-15,26.35
2011-02-16,26.66
2011-02-17,25.419999999999998
2011-02-18,25.11
2011-02-19,29.759999999999998
2011-02-20,29.759999999999998
2011-02-21,28.52
2011-02-22,27.9
2011-02-23,27.28
2011-02-24,25.73
2011-02-25,26.35
2011-02-26,29.14
2011-02-27,30.07
2011-02-28,26.04
2011-03-01,24.599999999999998
2011-03-02,23.4
2011-03-03,24.0
2011-03-04,25.2
2011-03-05,27.9
2011-03-06,28.2
2011-03-07,25.8
2011-03-08,26.099999999999998
2011-03-09,24.599999999999998
2011-03-10,24.9
2011-03-11,23.4
2011-03-12,23.099999999999998
2011-03-13,21.0
2011-03-14,21.9
2011-03-15,22.8
2011-03-16,24.3
2011-03-17,23.099999999999998
2011-03-18,23.099999999999998
2011-03-19,26.099999999999998
2011-03-20,27.0
2011-03-21,24.599999999999998
2011-03-22,27.599999999999998
2011-03-23,26.7
2011-03-24,24.599999999999998
2011-03-25,24.599999999999998
2011-03-26,28.5
2011-03-27,30.0
2011-03-28,25.5
2011-03-29,27.9
2011-03-30,26.7
2011-03-31,25.8
2011-04-01,26.4
2011-04-02,27.9
2011-04-03,30.0
2011-04-04,27.3
2011-04-05,25.8
2011-04-06,24.9
2011-04-07,25.2
2011-04-08,26.099999999999998
2011-04-09,28.2
2011-04-10,29.099999999999998
2011-04-11,25.5
2011-04-12,25.8
2011-04-13,25.5
2011-04-14,25.5
2011-04-15,25.2
2011-04-16,27.3
2011-04-17,28.5
2011-04-18,27.0
2011-04-19,26.099999999999998
2011-04-20,25.5
2011-04-21,25.2
2011-04-22,26.7
2011-04-23,27.599999999999998
2011-04-24,28.5
2011-04-25,27.0
2011-04-26,27.599999999999998
2011-04-27,25.2
2011-04-28,24.599999999999998
2011-04-29,24.599999999999998
2011-04-30,27.0
2011-05-01,28.21
2011-05-02,25.419999999999998
2011-05-03,27.59
2011-05-04,27.28
2011-05-05,27.28
2011-05-06,25.11
2011-05-07,28.21
2011-05-08,30.07
2011-05-09,27.28
2011-05-10,27.28
2011-05-11,26.35
2011-05-12,26.04
2011-05-13,26.35
2011-05-14,29.45
2011-05-15,31.0
2011-05-16,27.28
2011-05-17,28.21
2011-05-18,26.97
2011-05-19,26.66
2011-05-20,26.35
2011-05-21,27.59
2011-05-22,29.14
2011-05-23,29.45
2011-05-24,28.21
2011-05-25,26.04
2011-05-26,26.04
2011-05-27,26.66
2011-05-28,29.759999999999998
2011-05-29,29.45
2011-05-30,30.69
2011-05-31,28.83
2011-06-01,28.380000000000003
2011-06-02,27.060000000000002
2011-06-03,27.060000000000002
2011-06-04,29.37
2011-06-05,30.360000000000003
2011-06-06,27.060000000000002
2011-06-07,27.720000000000002
2011-06-08,27.39
2011-06-09,29.700000000000003
2011-06-10,30.360000000000003
2011-06-11,31.68
2011-06-12,33.0
2011-06-13,28.71
2011-06-14,29.37
2011-06-15,27.720000000000002
2011-06-16,27.720000000000002
2011-06-17,28.05
2011-06-18,30.69
2011-06-19,32.01
2011-06-20,28.05
2011-06-21,28.380000000000003
2011-06-22,28.05
2011-06-23,27.39
2011-06-24,27.39
2011-06-25,30.03
2011-06-26,30.03
2011-06-27,29.37
2011-06-28,29.040000000000003
2011-06-29,27.720000000000002
2011-06-30,28.380000000000003
2011-07-01,28.560000000000002
2011-07-02,29.240000000000002
2011-07-03,30.26
2011-07-04,30.94
2011-07-05,28.220000000000002
2011-07-06,28.900000000000002
2011-07-07,28.900000000000002
2011-07-08,28.220000000000002
2011-07-09,31.28
2011-07-10,32.64
2011-07-11,29.240000000000002
2011-07-12,30.26
2011-07-13,30.26
2011-07-14,28.900000000000002
2011-07-15,27.880000000000003
2011-07-16,31.28
2011-07-17,32.300000000000004
2011-07-18,29.240000000000002
2011-07-19,28.560000000000002
2011-07-20,29.580000000000002
2011-07-21,29.580000000000002
2011-07-22,29.580000000000002
2011-07-23,31.62
2011-07-24,34.0
2011-07-25,30.26
2011-07-26,29.92
2011-07-27,30.26
2011-07-28,29.240000000000002
2011-07-29,29.92
2011-07-30,32.300000000000004
2011-07-31,34.0
2011-08-01,30.34
2011-08-02,31.45
2011-08-03,30.34
2011-08-04,29.97
2011-08-05,30.34
2011-08-06,32.19
2011-08-07,34.78
2011-08-08,31.08
2011-08-09,31.08
2011-08-10,31.45
2011-08-11,30.34
2011-08-12,29.97
2011-08-13,32.93
2011-08-14,35.519999999999996
2011-08-15,32.56
2011-08-16,32.19
2011-08-17,33.3
2011-08-18,31.45
2011-08-19,31.08
2011-08-20,35.89
2011-08-21,37.0
2011-08-22,34.78
2011-08-23,34.04
2011-08-24,32.93
2011-08-25,32.19
2011-08-26,30.71
2011-08-27,32.19
2011-08-28,33.67
2011-08-29,32.56
2011-08-30,34.04
2011-08-31,33.3
2011-09-01,29.23
2011-09-02,29.23
2011-09-03,29.97
2011-09-04,31.45
2011-09-05,32.56
2011-09-06,28.86
2011-09-07,28.49
2011-09-08,27.009999999999998
2011-09-09,27.009999999999998
2011-09-10,29.23
2011-09-11,29.6
2011-09-12,28.12
2011-09-13,27.009999999999998
2011-09-14,27.009999999999998
2011-09-15,26.27
2011-09-16,28.12
2011-09-17,29.97
2011-09-18,29.97
2011-09-19,27.75
2011-09-20,27.38
2011-09-21,27.009999999999998
2011-09-22,25.9
2011-09-23,25.9
2011-09-24,29.6
2011-09-25,29.6
2011-09-26,28.86
2011-09-27,28.49
2011-09-28,37.0
2011-09-29,32.93
2011-09-30,30.34
2011-10-01,36.0
2011-10-02,35.28
2011-10-03,31.68
2011-10-04,31.68
2011-10-05,30.24
2011-10-06,28.799999999999997
2011-10-07,30.24
2011-10-08,32.04
2011-10-09,33.12
2011-10-10,30.959999999999997
2011-10-11,28.439999999999998
2011-10-12,28.799999999999997
2011-10-13,29.16
2011-10-14,29.52
2011-10-15,32.4
2011-10-16,32.76
2011-10-17,30.599999999999998
2011-10-18,30.24
2011-10-19,30.959999999999997
2011-10-20,30.599999999999998
2011-10-21,29.88
2011-10-22,32.76
2011-10-23,34.199999999999996
2011-10-24,30.599999999999998
2011-10-25,31.68
2011-10-26,32.04
2011-10-27,29.52
2011-10-28,29.52
2011-10-29,32.04
2011-10-30,33.48
2011-10-31,29.16
2011-11-01,19.32
2011-11-02,20.240000000000002
2011-11-03,20.240000000000002
2011-11-04,20.240000000000002
2011-11-05,23.0
2011-11-06,23.46
2011-11-07,21.16
2011-11-08,20.7
2011-11-09,19.78
2011-11-10,21.16
2011-11-11,21.62
2011-11-12,23.92
2011-11-13,24.84
2011-11-14,23.0
2011-11-15,23.46
2011-11-16,23.46
2011-11-17,23.46
2011-11-18,23.0
2011-11-19,27.14
2011-11-20,28.98
2011-11-21,26.220000000000002
2011-11-22,26.68
2011-11-23,27.14
2011-11-24,30.82
2011-11-25,46.0
2011-11-26,37.260000000000005
2011-11-27,39.1
2011-11-28,43.24
2011-11-29,33.58
2011-11-30,28.52
2011-12-01,42.339999999999996
2011-12-02,42.919999999999995
2011-12-03,49.879999999999995
2011-12-04,49.3
2011-12-05,44.08
2011-12-06,46.4
2011-12-07,45.239999999999995
2011-12-08,44.66
2011-12-09,46.98
2011-12-10,52.779999999999994
2011-12-11,54.519999999999996
2011-12-12,50.459999999999994
2011-12-13,48.13999999999999
2011-12-14,49.3
2011-12-15,50.459999999999994
2011-12-16,48.72
2011-12-17,54.519999999999996
2011-12-18,55.67999999999999
2011-12-19,51.04
2011-12-20,48.13999999999999
2011-12-21,45.82
2011-12-22,44.66
2011-12-23,40.019999999999996
2011-12-24,42.339999999999996
2011-12-25,54.519999999999996
2011-12-26,57.99999999999999
2011-12-27,50.459999999999994
2011-12-28,46.4
2011-12-29,45.239999999999995
2011-12-30,42.919999999999995
2011-12-31,42.919999999999995
2012-01-01,42.75
2012-01-02,45.0
2012-01-03,41.4
2012-01-04,39.15
2012-01-05,39.6
2012-01-06,38.7
2012-01-07,43.2
2012-01-08,44.1
2012-01-09,39.6
2012-01-10,38.7
2012-01-11,39.15
2012-01-12,37.35
2012-01-13,37.800000000000004
2012-01-14,39.15
2012-01-15,41.85
2012-01-16,39.6
2012-01-17,37.800000000000004
2012-01-18,38.25
2012-01-19,36.9
2012-01-20,36.9
2012-01-21,40.5
2012-01-22,40.050000000000004
2012-01-23,36.9
2012-01-24,36.9
2012-01-25,36.0
2012-01-26,34.65
2012-01-27,34.2
2012-01-28,37.800000000000004
2012-01-29,40.95
2012-01-30,36.0
2012-01-31,36.0
2012-02-01,36.489999999999995
2012-02-02,35.669999999999995
2012-02-03,35.669999999999995
2012-02-04,41.0
2012-02-05,39.769999999999996
2012-02-06,35.669999999999995
2012-02-07,37.309999999999995
2012-02-08,37.309999999999995
2012-02-09,36.08
2012-02-10,35.669999999999995
2012-02-11,41.0
2012-02-12,39.36
2012-02-13,34.44
2012-02-14,33.62
2012-02-15,34.03
2012-02-16,34.85
2012-02-17,34.44
2012-02-18,39.36
2012-02-19,40.589999999999996
2012-02-20,39.36
2012-02-21,36.489999999999995
2012-02-22,36.489999999999995
2012-02-23,35.26
2012-02-24,36.08
2012-02-25,39.36
2012-02-26,41.0
2012-02-27,34.85
2012-02-28,34.85
2012-02-29,34.85
2012-03-01,34.44
2012-03-02,36.54
2012-03-03,41.16
2012-03-04,42.0
2012-03-05,36.96
2012-03-06,35.699999999999996
2012-03-07,34.44
2012-03-08,33.18
2012-03-09,33.18
2012-03-10,37.8
2012-03-11,40.74
2012-03-12,35.28
2012-03-13,34.86
2012-03-14,33.6
2012-03-15,33.6
2012-03-16,34.44
2012-03-17,38.64
2012-03-18,39.9
2012-03-19,35.699999999999996
2012-03-20,37.8
2012-03-21,35.28
2012-03-22,34.44
2012-03-23,32.76
2012-03-24,36.96
2012-03-25,39.48
2012-03-26,35.28
2012-03-27,33.6
2012-03-28,32.76
2012-03-29,31.5
2012-03-30,31.919999999999998
2012-03-31,34.019999999999996
2012-04-01,37.24
2012-04-02,31.92
2012-04-03,31.54
2012-04-04,31.16
2012-04-05,31.16
2012-04-06,31.16
2012-04-07,34.96
2012-04-08,34.58
2012-04-09,31.16
2012-04-10,30.4
2012-04-11,31.16
2012-04-12,30.78
2012-04-13,31.16
2012-04-14,34.58
2012-04-15,36.480000000000004
2012-04-16,31.16
2012-04-17,31.54
2012-04-18,31.92
2012-04-19,31.16
2012-04-20,30.4
2012-04-21,34.58
2012-04-22,38.0
2012-04-23,33.06
2012-04-24,32.3
2012-04-25,31.16
2012-04-26,31.16
2012-04-27,31.16
2012-04-28,35.34
2012-04-29,38.0
2012-04-30,32.68
2012-05-01,34.0
2012-05-02,34.800000000000004
2012-05-03,34.800000000000004
2012-05-04,33.6
2012-05-05,37.2
2012-05-06,39.2
2012-05-07,36.0
2012-05-08,35.6
2012-05-09,35.2
2012-05-10,34.800000000000004
2012-05-11,32.800000000000004
2012-05-12,37.2
2012-05-13,40.0
2012-05-14,37.2
2012-05-15,34.4
2012-05-16,35.6
2012-05-17,34.0
2012-05-18,32.800000000000004
2012-05-19,36.0
2012-05-20,38.800000000000004
2012-05-21,34.800000000000004
2012-05-22,34.4
2012-05-23,33.6
2012-05-24,33.6
2012-05-25,34.800000000000004
2012-05-26,35.6
2012-05-27,36.800000000000004
2012-05-28,38.400000000000006
2012-05-29,34.800000000000004
2012-05-30,34.4
2012-05-31,33.2
2012-06-01,34.03
2012-06-02,38.54
2012-06-03,40.589999999999996
2012-06-04,36.08
2012-06-05,35.26
2012-06-06,33.62
2012-06-07,34.44
2012-06-08,35.26
2012-06-09,38.129999999999995
2012-06-10,41.0
2012-06-11,38.129999999999995
2012-06-12,38.54
2012-06-13,36.489999999999995
2012-06-14,36.08
2012-06-15,35.26
2012-06-16,38.949999999999996
2012-06-17,40.589999999999996
2012-06-18,36.489999999999995
2012-06-19,37.72
2012-06-20,36.489999999999995
2012-06-21,35.669999999999995
2012-06-22,35.669999999999995
2012-06-23,38.129999999999995
2012-06-24,40.589999999999996
2012-06-25,36.489999999999995
2012-06-26,36.9
2012-06-27,35.669999999999995
2012-06-28,35.669999999999995
2012-06-29,34.03
2012-06-30,38.129999999999995
2012-07-01,41.71
2012-07-02,36.12
2012-07-03,36.12
2012-07-04,39.13
2012-07-05,36.55
2012-07-06,37.41
2012-07-07,41.28
2012-07-08,43.0
2012-07-09,36.98
2012-07-10,37.41
2012-07-11,36.55
2012-07-12,36.55
2012-07-13,36.98
2012-07-14,40.42
2012-07-15,41.71
2012-07-16,38.7
2012-07-17,39.56
2012-07-18,37.41
2012-07-19,36.55
2012-07-20,36.55
2012-07-21,39.13
2012-07-22,42.57
2012-07-23,38.7
2012-07-24,36.98
2012-07-25,35.69
2012-07-26,36.55
2012-07-27,35.26
2012-07-28,37.41
2012-07-29,41.28
2012-07-30,37.41
2012-07-31,36.98
2012-08-01,36.96
2012-08-02,35.64
2012-08-03,36.52
2012-08-04,39.160000000000004
2012-08-05,42.24
2012-08-06,37.4
2012-08-07,36.96
2012-08-08,37.4
2012-08-09,36.96
2012-08-10,36.08
2012-08-11,39.160000000000004
2012-08-12,39.160000000000004
2012-08-13,37.4
2012-08-14,38.72
2012-08-15,38.72
2012-08-16,37.4
2012-08-17,37.4
2012-08-18,42.68
2012-08-19,44.0
2012-08-20,39.160000000000004
2012-08-21,40.92
2012-08-22,40.04
2012-08-23,38.72
2012-08-24,39.160000000000004
2012-08-25,40.92
2012-08-26,41.8
2012-08-27,40.04
2012-08-28,40.04
2012-08-29,40.04
2012-08-30,38.28
2012-08-31,36.96
2012-09-01,42.300000000000004
2012-09-02,42.75
2012-09-03,45.0
2012-09-04,41.4
2012-09-05,40.95
2012-09-06,42.300000000000004
2012-09-07,38.25
2012-09-08,41.4
2012-09-09,45.0
2012-09-10,39.6
2012-09-11,38.25
2012-09-12,38.25
2012-09-13,38.25
2012-09-14,37.800000000000004
2012-09-15,44.1
2012-09-16,43.65
2012-09-17,39.6
2012-09-18,40.5
2012-09-19,37.800000000000004
2012-09-20,36.9
2012-09-21,37.35
2012-09-22,40.95
2012-09-23,44.550000000000004
2012-09-24,40.5
2012-09-25,38.25
2012-09-26,38.7
2012-09-27,37.35
2012-09-28,37.800000000000004
2012-09-29,41.4
2012-09-30,42.75
2012-10-01,37.84
2012-10-02,37.84
2012-10-03,36.08
2012-10-04,35.64
2012-10-05,36.52
2012-10-06,40.48
2012-10-07,43.12
2012-10-08,39.6
2012-10-09,38.28
2012-10-10,37.84
2012-10-11,36.08
2012-10-12,36.52
2012-10-13,41.36
2012-10-14,43.56
2012-10-15,40.04
2012-10-16,39.160000000000004
2012-10-17,36.52
2012-10-18,37.84
2012-10-19,38.28
2012-10-20,42.24
2012-10-21,44.0
2012-10-22,40.92
2012-10-23,38.72
2012-10-24,39.160000000000004
2012-10-25,37.84
2012-10-26,36.52
2012-10-27,39.160000000000004
2012-10-28,40.92
2012-10-29,35.64
2012-10-30,35.2
2012-10-31,34.76
2012-11-01,22.8
2012-11-02,23.4
2012-11-03,25.8
2012-11-04,28.799999999999997
2012-11-05,25.8
2012-11-06,22.8
2012-11-07,21.0
2012-11-08,25.8
2012-11-09,25.2
2012-11-10,28.799999999999997
2012-11-11,30.599999999999998
2012-11-12,28.799999999999997
2012-11-13,27.599999999999998
2012-11-14,27.0
2012-11-15,28.2
2012-11-16,27.599999999999998
2012-11-17,32.4
2012-11-18,34.8
2012-11-19,33.0
2012-11-20,32.4
2012-11-21,33.6
2012-11-22,41.4
2012-11-23,60.0
2012-11-24,48.6
2012-11-25,48.0
2012-11-26,58.8
2012-11-27,45.6
2012-11-28,35.4
2012-11-29,33.6
2012-11-30,34.8
2012-12-01,60.72
2012-12-02,62.099999999999994
2012-12-03,55.88999999999999
2012-12-04,53.81999999999999
2012-12-05,55.199999999999996
2012-12-06,55.199999999999996
2012-12-07,56.58
2012-12-08,63.48
2012-12-09,66.24
2012-12-10,60.72
2012-12-11,60.029999999999994
2012-12-12,58.65
2012-12-13,57.269999999999996
2012-12-14,55.88999999999999
2012-12-15,64.86
2012-12-16,66.92999999999999
2012-12-17,60.72
2012-12-18,60.029999999999994
2012-12-19,57.269999999999996
2012-12-20,53.81999999999999
2012-12-21,52.44
2012-12-22,55.88999999999999
2012-12-23,52.44
2012-12-24,51.74999999999999
2012-12-25,64.86
2012-12-26,69.0
2012-12-27,58.65
2012-12-28,55.199999999999996
2012-12-29,56.58
2012-12-30,55.199999999999996
2012-12-31,50.37
2013-01-01,52.92
2013-01-02,49.68000000000001
2013-01-03,51.300000000000004
2013-01-04,48.6
2013-01-05,54.0
2013-01-06,54.0
2013-01-07,47.52
2013-01-08,46.980000000000004
2013-01-09,45.900000000000006
2013-01-10,45.900000000000006
2013-01-11,45.36
2013-01-12,50.760000000000005
2013-01-13,50.760000000000005
2013-01-14,46.980000000000004
2013-01-15,45.36
2013-01-16,44.28
2013-01-17,43.74
2013-01-18,42.120000000000005
2013-01-19,47.52
2013-01-20,49.14
2013-01-21,46.980000000000004
2013-01-22,43.74
2013-01-23,42.120000000000005
2013-01-24,41.040000000000006
2013-01-25,42.660000000000004
2013-01-26,48.06
2013-01-27,50.220000000000006
2013-01-28,43.74
2013-01-29,42.120000000000005
2013-01-30,41.040000000000006
2013-01-31,42.660000000000004
2013-02-01,39.839999999999996
2013-02-02,45.6
2013-02-03,45.6
2013-02-04,38.4
2013-02-05,39.839999999999996
2013-02-06,40.32
2013-02-07,40.8
2013-02-08,38.879999999999995
2013-02-09,45.12
2013-02-10,48.0
2013-02-11,41.76
2013-02-12,40.8
2013-02-13,38.4
2013-02-14,36.96
2013-02-15,39.36
2013-02-16,44.16
2013-02-17,46.559999999999995
2013-02-18,43.199999999999996
2013-02-19,40.32
2013-02-20,40.32
2013-02-21,37.92
2013-02-22,39.36
2013-02-23,45.12
2013-02-24,46.08
2013-02-25,39.839999999999996
2013-02-26,40.8
2013-02-27,41.28
2013-02-28,39.839999999999996
2013-03-01,42.14
2013-03-02,46.55
2013-03-03,49.0
2013-03-04,42.14
2013-03-05,40.67
2013-03-06,40.67
2013-03-07,41.65
2013-03-08,41.16
2013-03-09,46.55
2013-03-10,49.0
2013-03-11,43.61
2013-03-12,42.63
2013-03-13,41.16
2013-03-14,39.69
2013-03-15,40.67
2013-03-16,44.1
2013-03-17,48.51
2013-03-18,42.63
2013-03-19,42.63
2013-03-20,40.18
2013-03-21,40.67
2013-03-22,40.18
2013-03-23,45.57
2013-03-24,48.51
2013-03-25,42.14
2013-03-26,41.65
2013-03-27,40.67
2013-03-28,40.18
2013-03-29,41.16
2013-03-30,44.589999999999996
2013-03-31,45.08
2013-04-01,41.28
2013-04-02,41.28
2013-04-03,41.28
2013-04-04,40.8
2013-04-05,40.8
2013-04-06,45.12
2013-04-07,47.04
2013-04-08,40.8
2013-04-09,39.839999999999996
2013-04-10,38.879999999999995
2013-04-11,39.36
2013-04-12,39.36
2013-04-13,45.6
2013-04-14,48.0
2013-04-15,39.36
2013-04-16,39.36
2013-04-17,40.32
2013-04-18,38.4
2013-04-19,36.96
2013-04-20,43.68
2013-04-21,48.0
2013-04-22,42.72
2013-04-23,40.32
2013-04-24,41.28
2013-04-25,39.839999999999996
2013-04-26,38.4
2013-04-27,43.199999999999996
2013-04-28,47.519999999999996
2013-04-29,42.239999999999995
2013-04-30,41.28
2013-05-01,42.0
2013-05-02,42.5
2013-05-03,41.5
2013-05-04,47.0
2013-05-05,50.0
2013-05-06,45.5
2013-05-07,44.0
2013-05-08,43.0
2013-05-09,42.5
2013-05-10,42.0
2013-05-11,46.0
2013-05-12,48.5
2013-05-13,43.5
2013-05-14,42.0
2013-05-15,43.0
2013-05-16,41.0
2013-05-17,42.0
2013-05-18,46.0
2013-05-19,48.0
2013-05-20,43.5
2013-05-21,42.0
2013-05-22,41.5
2013-05-23,41.5
2013-05-24,43.0
2013-05-25,46.5
2013-05-26,46.5
2013-05-27,50.0
2013-05-28,44.5
2013-05-29,44.5
2013-05-30,42.0
2013-05-31,42.0
2013-06-01,46.92
2013-06-02,49.980000000000004
2013-06-03,45.9
2013-06-04,44.88
2013-06-05,45.39
2013-06-06,44.88
2013-06-07,45.39
2013-06-08,48.96
2013-06-09,50.49
2013-06-10,47.43
2013-06-11,47.94
2013-06-12,46.410000000000004
2013-06-13,45.39
2013-06-14,44.37
2013-06-15,48.45
2013-06-16,51.0
2013-06-17,46.92
2013-06-18,46.92
2013-06-19,44.88
2013-06-20,43.35
2013-06-21,42.33
2013-06-22,47.94
2013-06-23,49.980000000000004
2013-06-24,45.39
2013-06-25,46.410000000000004
2013-06-26,43.35
2013-06-27,43.86
2013-06-28,43.86
2013-06-29,47.94
2013-06-30,51.0
2013-07-01,47.17
2013-07-02,46.64
2013-07-03,46.64
2013-07-04,48.760000000000005
2013-07-05,46.64
2013-07-06,50.35
2013-07-07,52.470000000000006
2013-07-08,47.7
2013-07-09,47.7
2013-07-10,47.17
2013-07-11,46.11
2013-07-12,45.580000000000005
2013-07-13,49.82
2013-07-14,50.35
2013-07-15,47.7
2013-07-16,46.64
2013-07-17,47.17
2013-07-18,45.580000000000005
2013-07-19,46.11
2013-07-20,50.35
2013-07-21,52.470000000000006
2013-07-22,49.29
2013-07-23,47.7
2013-07-24,47.17
2013-07-25,48.230000000000004
2013-07-26,47.17
2013-07-27,50.88
2013-07-28,53.0
2013-07-29,51.940000000000005
2013-07-30,50.88
2013-07-31,49.29
2013-08-01,47.6
2013-08-02,47.040000000000006
2013-08-03,51.52
2013-08-04,52.64000000000001
2013-08-05,49.28
2013-08-06,50.96000000000001
2013-08-07,48.160000000000004
2013-08-08,47.040000000000006
2013-08-09,47.040000000000006
2013-08-10,50.400000000000006
2013-08-11,53.760000000000005
2013-08-12,48.720000000000006
2013-08-13,47.6
2013-08-14,48.720000000000006
2013-08-15,46.480000000000004
2013-08-16,47.040000000000006
2013-08-17,52.080000000000005
2013-08-18,55.440000000000005
2013-08-19,56.00000000000001
2013-08-20,48.720000000000006
2013-08-21,48.720000000000006
2013-08-22,48.160000000000004
2013-08-23,46.480000000000004
2013-08-24,50.400000000000006
2013-08-25,53.760000000000005
2013-08-26,47.6
2013-08-27,49.28
2013-08-28,47.040000000000006
2013-08-29,47.040000000000006
2013-08-30,46.480000000000004
2013-08-31,49.84
2013-09-01,49.92
2013-09-02,52.0
2013-09-03,46.28
2013-09-04,44.2
2013-09-05,44.72
2013-09-06,42.64
2013-09-07,47.84
2013-09-08,48.36
2013-09-09,43.160000000000004
2013-09-10,42.120000000000005
2013-09-11,42.120000000000005
2013-09-12,42.120000000000005
2013-09-13,41.08
2013-09-14,45.760000000000005
2013-09-15,47.32
2013-09-16,42.64
2013-09-17,43.68
2013-09-18,41.6
2013-09-19,39.52
2013-09-20,41.08
2013-09-21,44.72
2013-09-22,47.84
2013-09-23,41.6
2013-09-24,40.56
2013-09-25,40.04
2013-09-26,39.0
2013-09-27,39.0
2013-09-28,43.68
2013-09-29,45.760000000000005
2013-09-30,41.08
2013-10-01,42.5
2013-10-02,41.5
2013-10-03,41.5
2013-10-04,41.0
2013-10-05,46.5
2013-10-06,48.5
2013-10-07,43.5
2013-10-08,42.5
2013-10-09,42.0
2013-10-10,42.5
2013-10-11,41.5
2013-10-12,45.5
2013-10-13,47.5
2013-10-14,44.5
2013-10-15,43.0
2013-10-16,43.0
2013-10-17,42.0
2013-10-18,41.0
2013-10-19,47.0
2013-10-20,49.0
2013-10-21,45.5
2013-10-22,45.5
2013-10-23,45.0
2013-10-24,43.0
2013-10-25,43.0
2013-10-26,46.0
2013-10-27,50.0
2013-10-28,44.5
2013-10-29,43.0
2013-10-30,41.5
2013-10-31,39.5
2013-11-01,25.2
2013-11-02,28.799999999999997
2013-11-03,30.0
2013-11-04,27.599999999999998
2013-11-05,26.4
2013-11-06,26.4
2013-11-07,25.2
2013-11-08,25.8
2013-11-09,30.0
2013-11-10,31.2
2013-11-11,30.0
2013-11-12,28.799999999999997
2013-11-13,28.799999999999997
2013-11-14,27.599999999999998
2013-11-15,28.2
2013-11-16,32.4
2013-11-17,33.0
2013-11-18,30.0
2013-11-19,29.4
2013-11-20,29.4
2013-11-21,28.799999999999997
2013-11-22,30.599999999999998
2013-11-23,34.199999999999996
2013-11-24,37.199999999999996
2013-11-25,32.4
2013-11-26,32.4
2013-11-27,34.199999999999996
2013-11-28,39.6
2013-11-29,60.0
2013-11-30,48.6
2013-12-01,52.800000000000004
2013-12-02,80.0
2013-12-03,60.800000000000004
2013-12-04,48.0
2013-12-05,46.400000000000006
2013-12-06,45.6
2013-12-07,52.0
2013-12-08,52.800000000000004
2013-12-09,47.2
2013-12-10,48.0
2013-12-11,47.2
2013-12-12,47.2
2013-12-13,47.2
2013-12-14,55.2
2013-12-15,56.800000000000004
2013-12-16,52.0
2013-12-17,49.6
2013-12-18,48.0
2013-12-19,46.400000000000006
2013-12-20,45.6
2013-12-21,48.0
2013-12-22,44.800000000000004
2013-12-23,41.6
2013-12-24,41.6
2013-12-25,52.0
2013-12-26,54.400000000000006
2013-12-27,47.2
2013-12-28,45.6
2013-12-29,44.800000000000004
2013-12-30,40.800000000000004
2013-12-31,39.2
2014-01-01,51.7
2014-01-02,52.800000000000004
2014-01-03,52.800000000000004
2014-01-04,54.45
2014-01-05,55.00000000000001
2014-01-06,48.95
2014-01-07,48.95
2014-01-08,48.400000000000006
2014-01-09,48.400000000000006
2014-01-10,46.2
2014-01-11,51.150000000000006
2014-01-12,51.7
2014-01-13,47.300000000000004
2014-01-14,45.650000000000006
2014-01-15,45.650000000000006
2014-01-16,44.550000000000004
2014-01-17,44.0
2014-01-18,47.85
2014-01-19,51.7
2014-01-20,47.300000000000004
2014-01-21,45.1
2014-01-22,45.1
2014-01-23,43.45
2014-01-24,42.35
2014-01-25,49.50000000000001
2014-01-26,48.95
2014-01-27,42.900000000000006
2014-01-28,43.45
2014-01-29,41.800000000000004
2014-01-30,42.35
2014-01-31,40.150000000000006
2014-02-01,47.5
2014-02-02,46.0
2014-02-03,40.5
2014-02-04,42.5
2014-02-05,43.0
2014-02-06,40.0
2014-02-07,40.5
2014-02-08,46.5
2014-02-09,49.0
2014-02-10,43.5
2014-02-11,42.5
2014-02-12,42.5
2014-02-13,43.0
2014-02-14,39.5
2014-02-15,47.5
2014-02-16,50.0
2014-02-17,46.0
2014-02-18,42.0
2014-02-19,41.0
2014-02-20,40.5
2014-02-21,40.5
2014-02-22,46.5
2014-02-23,49.5
2014-02-24,43.0
2014-02-25,41.5
2014-02-26,42.0
2014-02-27,42.0
2014-02-28,41.0
2014-03-01,47.5
2014-03-02,49.5
2014-03-03,42.5
2014-03-04,42.0
2014-03-05,42.5
2014-03-06,42.0
2014-03-07,41.5
2014-03-08,45.5
2014-03-09,49.0
2014-03-10,42.5
2014-03-11,42.5
2014-03-12,41.5
2014-03-13,43.5
2014-03-14,42.5
2014-03-15,45.5
2014-03-16,50.0
2014-03-17,42.5
2014-03-18,41.5
2014-03-19,42.0
2014-03-20,40.0
2014-03-21,39.5
2014-03-22,46.5
2014-03-23,49.5
2014-03-24,42.5
2014-03-25,43.5
2014-03-26,41.5
2014-03-27,41.0
2014-03-28,40.5
2014-03-29,45.5
2014-03-30,49.0
2014-03-31,41.5
2014-04-01,41.16
2014-04-02,44.1
2014-04-03,42.63
2014-04-04,41.16
2014-04-05,45.57
2014-04-06,49.0
2014-04-07,42.14
2014-04-08,42.14
2014-04-09,40.67
2014-04-10,41.16
2014-04-11,41.16
2014-04-12,44.1
2014-04-13,45.57
2014-04-14,42.14
2014-04-15,40.18
2014-04-16,41.65
2014-04-17,40.67
2014-04-18,41.16
2014-04-19,43.61
2014-04-20,45.57
2014-04-21,41.16
2014-04-22,41.16
2014-04-23,41.65
2014-04-24,40.67
2014-04-25,40.67
2014-04-26,44.589999999999996
2014-04-27,46.55
2014-04-28,41.16
2014-04-29,41.16
2014-04-30,41.16
2014-05-01,42.14
2014-05-02,41.65
2014-05-03,47.04
2014-05-04,49.0
2014-05-05,44.1
2014-05-06,44.589999999999996
2014-05-07,43.61
2014-05-08,42.14
2014-05-09,41.16
2014-05-10,45.08
2014-05-11,46.55
2014-05-12,42.63
2014-05-13,42.14
2014-05-14,42.63
2014-05-15,42.14
2014-05-16,41.16
2014-05-17,45.08
2014-05-18,48.019999999999996
2014-05-19,43.61
2014-05-20,42.63
2014-05-21,41.65
2014-05-22,42.14
2014-05-23,42.63
2014-05-24,45.08
2014-05-25,46.06
2014-05-26,48.51
2014-05-27,44.1
2014-05-28,44.1
2014-05-29,42.63
2014-05-30,41.65
2014-05-31,46.55
2014-06-01,49.29
2014-06-02,43.46
2014-06-03,43.99
2014-06-04,43.99
2014-06-05,44.52
2014-06-06,42.93
2014-06-07,45.580000000000005
2014-06-08,48.230000000000004
2014-06-09,44.52
2014-06-10,45.580000000000005
2014-06-11,44.52
2014-06-12,46.11
2014-06-13,45.580000000000005
2014-06-14,47.7
2014-06-15,49.82
2014-06-16,45.050000000000004
2014-06-17,46.64
2014-06-18,53.0
2014-06-19,52.470000000000006
2014-06-20,46.64
2014-06-21,47.17
2014-06-22,49.29
2014-06-23,46.11
2014-06-24,45.050000000000004
2014-06-25,43.99
2014-06-26,41.34
2014-06-27,42.400000000000006
2014-06-28,45.050000000000004
2014-06-29,47.7
2014-06-30,45.050000000000004
2014-07-01,43.46
2014-07-02,44.52
2014-07-03,43.99
2014-07-04,45.050000000000004
2014-07-05,43.99
2014-07-06,50.35
2014-07-07,48.760000000000005
2014-07-08,47.17
2014-07-09,44.52
2014-07-10,44.52
2014-07-11,45.580000000000005
2014-07-12,46.64
2014-07-13,49.29
2014-07-14,47.17
2014-07-15,46.11
2014-07-16,46.64
2014-07-17,45.050000000000004
2014-07-18,45.050000000000004
2014-07-19,49.82
2014-07-20,53.0
2014-07-21,49.29
2014-07-22,48.760000000000005
2014-07-23,47.7
2014-07-24,46.11
2014-07-25,47.17
2014-07-26,49.82
2014-07-27,53.0
2014-07-28,50.35
2014-07-29,49.82
2014-07-30,48.230000000000004
2014-07-31,47.7
2014-08-01,45.36000000000001
2014-08-02,50.96000000000001
2014-08-03,52.080000000000005
2014-08-04,47.040000000000006
2014-08-05,47.040000000000006
2014-08-06,47.6
2014-08-07,47.6
2014-08-08,46.480000000000004
2014-08-09,49.28
2014-08-10,50.96000000000001
2014-08-11,48.160000000000004
2014-08-12,47.040000000000006
2014-08-13,49.84
2014-08-14,46.480000000000004
2014-08-15,47.040000000000006
2014-08-16,49.28
2014-08-17,56.00000000000001
2014-08-18,50.96000000000001
2014-08-19,47.040000000000006
2014-08-20,49.28
2014-08-21,48.160000000000004
2014-08-22,47.6
2014-08-23,52.64000000000001
2014-08-24,52.080000000000005
2014-08-25,50.400000000000006
2014-08-26,52.080000000000005
2014-08-27,50.96000000000001
2014-08-28,47.6
2014-08-29,48.160000000000004
2014-08-30,51.52
2014-08-31,52.64000000000001
2014-09-01,53.0
2014-09-02,46.11
2014-09-03,46.11
2014-09-04,45.050000000000004
2014-09-05,44.52
2014-09-06,49.82
2014-09-07,49.82
2014-09-08,46.64
2014-09-09,46.11
2014-09-10,46.11
2014-09-11,42.93
2014-09-12,43.99
2014-09-13,48.760000000000005
2014-09-14,50.35
2014-09-15,47.7
2014-09-16,46.11
2014-09-17,43.99
2014-09-18,43.46
2014-09-19,45.050000000000004
2014-09-20,49.29
2014-09-21,49.82
2014-09-22,46.64
2014-09-23,45.050000000000004
2014-09-24,43.99
2014-09-25,43.99
2014-09-26,44.52
2014-09-27,48.760000000000005
2014-09-28,50.35
2014-09-29,46.11
2014-09-30,45.580000000000005
2014-10-01,44.82
2014-10-02,44.82
2014-10-03,43.2
2014-10-04,49.68000000000001
2014-10-05,50.760000000000005
2014-10-06,45.900000000000006
2014-10-07,45.36
2014-10-08,44.82
2014-10-09,44.28
2014-10-10,45.36
2014-10-11,48.06
2014-10-12,51.300000000000004
2014-10-13,47.52
2014-10-14,46.440000000000005
2014-10-15,45.900000000000006
2014-10-16,45.36
2014-10-17,44.82
2014-10-18,49.14
2014-10-19,54.0
2014-10-20,49.14
2014-10-21,46.980000000000004
2014-10-22,46.440000000000005
2014-10-23,46.440000000000005
2014-10-24,45.36
2014-10-25,48.6
2014-10-26,52.38
2014-10-27,49.68000000000001
2014-10-28,46.980000000000004
2014-10-29,44.82
2014-10-30,42.660000000000004
2014-10-31,39.96
2014-11-01,32.34
2014-11-02,34.980000000000004
2014-11-03,31.020000000000003
2014-11-04,30.360000000000003
2014-11-05,29.700000000000003
2014-11-06,31.68
2014-11-07,31.68
2014-11-08,35.64
2014-11-09,36.96
2014-11-10,33.0
2014-11-11,33.660000000000004
2014-11-12,33.660000000000004
2014-11-13,31.68
2014-11-14,32.34
2014-11-15,36.96
2014-11-16,40.260000000000005
2014-11-17,34.980000000000004
2014-11-18,35.64
2014-11-19,35.64
2014-11-20,34.980000000000004
2014-11-21,34.980000000000004
2014-11-22,39.6
2014-11-23,41.580000000000005
2014-11-24,36.96
2014-11-25,35.64
2014-11-26,38.28
2014-11-27,48.18
2014-11-28,66.0
2014-11-29,53.46
2014-11-30,52.800000000000004
2014-12-01,80.0
2014-12-02,61.6
2014-12-03,51.2
2014-12-04,48.800000000000004
2014-12-05,49.6
2014-12-06,56.800000000000004
2014-12-07,59.2
2014-12-08,56.0
2014-12-09,53.6
2014-12-10,52.0
2014-12-11,52.0
2014-12-12,52.800000000000004
2014-12-13,60.800000000000004
2014-12-14,62.400000000000006
2014-12-15,58.400000000000006
2014-12-16,57.6
2014-12-17,56.0
2014-12-18,55.2
2014-12-19,56.0
2014-12-20,59.2
2014-12-21,56.800000000000004
2014-12-22,52.800000000000004
2014-12-23,48.0
2014-12-24,44.0
2014-12-25,54.400000000000006
2014-12-26,57.6
2014-12-27,56.800000000000004
2014-12-28,52.0
2014-12-29,48.800000000000004
2014-12-30,47.2
2014-12-31,44.0
2015-01-01,53.099999999999994
2015-01-02,56.05
2015-01-03,59.0
2015-01-04,58.41
2015-01-05,51.919999999999995
2015-01-06,50.739999999999995
2015-01-07,48.379999999999995
2015-01-08,48.379999999999995
2015-01-09,48.379999999999995
2015-01-10,53.69
2015-01-11,54.87
2015-01-12,50.15
2015-01-13,49.559999999999995
2015-01-14,47.79
2015-01-15,47.79
2015-01-16,46.61
2015-01-17,51.919999999999995
2015-01-18,55.459999999999994
2015-01-19,48.97
2015-01-20,47.79
2015-01-21,46.019999999999996
2015-01-22,46.019999999999996
2015-01-23,46.019999999999996
2015-01-24,53.69
2015-01-25,54.87
2015-01-26,46.019999999999996
2015-01-27,46.019999999999996
2015-01-28,45.43
2015-01-29,45.43
2015-01-30,44.839999999999996
2015-01-31,50.739999999999995
2015-02-01,53.760000000000005
2015-02-02,46.480000000000004
2015-02-03,49.28
2015-02-04,48.720000000000006
2015-02-05,48.160000000000004
2015-02-06,48.720000000000006
2015-02-07,54.32000000000001
2015-02-08,56.00000000000001
2015-02-09,49.84
2015-02-10,50.400000000000006
2015-02-11,48.720000000000006
2015-02-12,47.6
2015-02-13,47.040000000000006
2015-02-14,50.400000000000006
2015-02-15,54.88
2015-02-16,52.080000000000005
2015-02-17,48.720000000000006
2015-02-18,48.720000000000006
2015-02-19,47.040000000000006
2015-02-20,47.6
2015-02-21,54.88
2015-02-22,55.440000000000005
2015-02-23,46.480000000000004
2015-02-24,47.6
2015-02-25,47.6
2015-02-26,47.6
2015-02-27,46.480000000000004
2015-02-28,52.64000000000001
2015-03-01,54.0
2015-03-02,48.06
2015-03-03,46.980000000000004
2015-03-04,45.36
2015-03-05,46.440000000000005
2015-03-06,45.36
2015-03-07,50.220000000000006
2015-03-08,51.300000000000004
2015-03-09,47.52
2015-03-10,46.440000000000005
2015-03-11,45.36
2015-03-12,44.82
2015-03-13,44.82
2015-03-14,49.68000000000001
2015-03-15,51.300000000000004
2015-03-16,45.36
2015-03-17,44.82
2015-03-18,45.900000000000006
2015-03-19,45.900000000000006
2015-03-20,45.36
2015-03-21,49.68000000000001
2015-03-22,52.92
2015-03-23,45.900000000000006
2015-03-24,45.900000000000006
2015-03-25,49.68000000000001
2015-03-26,45.900000000000006
2015-03-27,44.28
2015-03-28,50.220000000000006
2015-03-29,51.84
2015-03-30,46.980000000000004
2015-03-31,48.06
2015-04-01,52.0
2015-04-02,46.28
2015-04-03,45.24
2015-04-04,46.28
2015-04-05,48.36
2015-04-06,46.28
2015-04-07,44.2
2015-04-08,44.2
2015-04-09,44.2
2015-04-10,43.160000000000004
2015-04-11,47.84
2015-04-12,49.92
2015-04-13,45.24
2015-04-14,43.68
2015-04-15,43.68
2015-04-16,43.68
2015-04-17,43.160000000000004
2015-04-18,47.84
2015-04-19,50.96
2015-04-20,45.24
2015-04-21,45.24
2015-04-22,45.24
2015-04-23,44.2
2015-04-24,43.68
2015-04-25,47.32
2015-04-26,49.4
2015-04-27,45.760000000000005
2015-04-28,44.2
2015-04-29,44.2
2015-04-30,41.6
2015-05-01,44.550000000000004
2015-05-02,47.300000000000004
2015-05-03,48.400000000000006
2015-05-04,47.85
2015-05-05,47.300000000000004
2015-05-06,48.400000000000006
2015-05-07,47.85
2015-05-08,46.2
2015-05-09,49.50000000000001
2015-05-10,51.7
2015-05-11,51.150000000000006
2015-05-12,47.300000000000004
2015-05-13,46.2
2015-05-14,45.650000000000006
2015-05-15,46.2
2015-05-16,50.6
2015-05-17,53.35
2015-05-18,48.95
2015-05-19,48.95
2015-05-20,47.300000000000004
2015-05-21,46.2
2015-05-22,46.2
2015-05-23,48.400000000000006
2015-05-24,50.6
2015-05-25,54.45
2015-05-26,48.400000000000006
2015-05-27,47.300000000000004
2015-05-28,49.50000000000001
2015-05-29,48.400000000000006
2015-05-30,52.25000000000001
2015-05-31,55.00000000000001
2015-06-01,51.04
2015-06-02,51.04
2015-06-03,50.459999999999994
2015-06-04,49.879999999999995
2015-06-05,48.72
2015-06-06,52.199999999999996
2015-06-07,55.099999999999994
2015-06-08,52.199999999999996
2015-06-09,51.04
2015-06-10,51.04
2015-06-11,49.879999999999995
2015-06-12,49.3
2015-06-13,52.199999999999996
2015-06-14,55.099999999999994
2015-06-15,52.779999999999994
2015-06-16,53.94
2015-06-17,52.199999999999996
2015-06-18,50.459999999999994
2015-06-19,49.879999999999995
2015-06-20,52.199999999999996
2015-06-21,53.36
2015-06-22,51.62
2015-06-23,53.36
2015-06-24,52.199999999999996
2015-06-25,53.36
2015-06-26,51.04
2015-06-27,55.099999999999994
2015-06-28,57.99999999999999
2015-06-29,53.94
2015-06-30,53.36
2015-07-01,25.740000000000002
2015-07-02,25.080000000000002
2015-07-03,24.42
2015-07-04,25.080000000000002
2015-07-05,27.060000000000002
2015-07-06,27.060000000000002
2015-07-07,27.720000000000002
2015-07-08,27.720000000000002
2015-07-09,27.060000000000002
2015-07-10,26.400000000000002
2015-07-11,27.060000000000002
2015-07-12,29.700000000000003
2015-07-13,29.040000000000003
2015-07-14,33.0
2015-07-15,66.0
2015-07-16,34.980000000000004
2015-07-17,27.720000000000002
2015-07-18,27.720000000000002
2015-07-19,29.040000000000003
2015-07-20,27.060000000000002
2015-07-21,27.060000000000002
2015-07-22,26.400000000000002
2015-07-23,26.400000000000002
2015-07-24,25.740000000000002
2015-07-25,27.720000000000002
2015-07-26,29.040000000000003
2015-07-27,27.060000000000002
2015-07-28,27.060000000000002
2015-07-29,26.400000000000002
2015-07-30,26.400000000000002
2015-07-31,25.080000000000002
2015-08-01,56.550000000000004
2015-08-02,60.45
2015-08-03,59.800000000000004
2015-08-04,57.85
2015-08-05,57.2
2015-08-06,55.25
2015-08-07,55.25
2015-08-08,59.800000000000004
2015-08-09,62.400000000000006
2015-08-10,61.1
2015-08-11,59.800000000000004
2015-08-12,56.550000000000004
2015-08-13,57.2
2015-08-14,55.9
2015-08-15,59.15
2015-08-16,64.35000000000001
2015-08-17,65.0
2015-08-18,63.050000000000004
2015-08-19,59.800000000000004
2015-08-20,57.2
2015-08-21,56.550000000000004
2015-08-22,61.75
2015-08-23,65.0
2015-08-24,60.45
2015-08-25,61.75
2015-08-26,59.800000000000004
2015-08-27,59.800000000000004
2015-08-28,57.85
2015-08-29,63.7
2015-08-30,63.7
2015-08-31,58.5
2015-09-01,53.69
2015-09-02,54.279999999999994
2015-09-03,52.51
2015-09-04,51.919999999999995
2015-09-05,54.87
2015-09-06,59.0
2015-09-07,57.23
2015-09-08,52.51
2015-09-09,48.97
2015-09-10,48.97
2015-09-11,48.379999999999995
2015-09-12,53.099999999999994
2015-09-13,54.87
2015-09-14,50.15
2015-09-15,48.97
2015-09-16,51.33
2015-09-17,50.739999999999995
2015-09-18,48.97
2015-09-19,52.51
2015-09-20,57.23
2015-09-21,51.919999999999995
2015-09-22,49.559999999999995
2015-09-23,51.33
2015-09-24,48.97
2015-09-25,52.51
2015-09-26,57.23
2015-09-27,56.64
2015-09-28,50.15
2015-09-29,50.15
2015-09-30,51.33
2015-10-01,50.4
2015-10-02,50.4
2015-10-03,57.0
2015-10-04,60.0
2015-10-05,52.8
2015-10-06,52.8
2015-10-07,52.8
2015-10-08,52.199999999999996
2015-10-09,50.4
2015-10-10,55.199999999999996
2015-10-11,58.199999999999996
2015-10-12,53.4
2015-10-13,52.8
2015-10-14,50.4
2015-10-15,52.199999999999996
2015-10-16,51.0
2015-10-17,55.199999999999996
2015-10-18,57.599999999999994
2015-10-19,53.4
2015-10-20,52.8
2015-10-21,53.4
2015-10-22,52.199999999999996
2015-10-23,51.0
2015-10-24,54.6
2015-10-25,60.0
2015-10-26,55.199999999999996
2015-10-27,54.6
2015-10-28,51.0
2015-10-29,51.0
2015-10-30,48.6
2015-10-31,50.4
2015-11-01,37.24
2015-11-02,34.2
2015-11-03,35.72
2015-11-04,33.44
2015-11-05,34.2
2015-11-06,34.2
2015-11-07,37.24
2015-11-08,39.52
2015-11-09,36.480000000000004
2015-11-10,34.96
2015-11-11,36.480000000000004
2015-11-12,34.96
2015-11-13,34.2
2015-11-14,36.480000000000004
2015-11-15,39.52
2015-11-16,37.24
2015-11-17,35.72
2015-11-18,38.0
2015-11-19,38.76
2015-11-20,38.76
2015-11-21,44.08
2015-11-22,47.12
2015-11-23,43.32
2015-11-24,42.56
2015-11-25,44.08
2015-11-26,54.72
2015-11-27,76.0
2015-11-28,63.08
2015-11-29,59.28
2015-11-30,76.0
2015-12-01,89.0
2015-12-02,72.09
2015-12-03,67.64
2015-12-04,71.2
2015-12-05,79.21000000000001
2015-12-06,80.99
2015-12-07,74.76
2015-12-08,74.76
2015-12-09,72.09
2015-12-10,73.87
2015-12-11,74.76
2015-12-12,81.88
2015-12-13,86.33
2015-12-14,82.77
2015-12-15,77.43
2015-12-16,77.43
2015-12-17,76.54
2015-12-18,79.21000000000001
2015-12-19,85.44
2015-12-20,80.99
2015-12-21,79.21000000000001
2015-12-22,74.76
2015-12-23,67.64
2015-12-24,63.19
2015-12-25,78.32000000000001
2015-12-26,86.33
2015-12-27,76.54
2015-12-28,74.76
2015-12-29,70.31
2015-12-30,65.86
2015-12-31,61.410000000000004
2016-01-01,50.400000000000006
2016-01-02,53.760000000000005
2016-01-03,56.00000000000001
2016-01-04,50.400000000000006
2016-01-05,48.160000000000004
2016-01-06,48.160000000000004
2016-01-07,44.24
2016-01-08,43.120000000000005
2016-01-09,50.400000000000006
2016-01-10,47.6
2016-01-11,44.800000000000004
2016-01-12,43.120000000000005
2016-01-13,42.56
2016-01-14,40.88
2016-01-15,45.36000000000001
2016-01-16,49.28
2016-01-17,49.84
2016-01-18,49.84
2016-01-19,44.800000000000004
2016-01-20,42.56
2016-01-21,42.00000000000001
2016-01-22,41.440000000000005
2016-01-23,45.92
2016-01-24,47.6
2016-01-25,44.24
2016-01-26,42.56
2016-01-27,43.120000000000005
2016-01-28,44.24
2016-01-29,42.00000000000001
2016-01-30,44.800000000000004
2016-01-31,48.160000000000004
2016-02-01,47.32
2016-02-02,45.24
2016-02-03,47.84
2016-02-04,45.24
2016-02-05,46.28
2016-02-06,51.480000000000004
2016-02-07,49.4
2016-02-08,44.72
2016-02-09,46.28
2016-02-10,47.84
2016-02-11,46.28
2016-02-12,45.24
2016-02-13,50.96
2016-02-14,50.440000000000005
2016-02-15,48.88
2016-02-16,45.760000000000005
2016-02-17,44.72
2016-02-18,44.2
2016-02-19,46.28
2016-02-20,49.4
2016-02-21,52.0
2016-02-22,46.28
2016-02-23,45.24
2016-02-24,44.2
2016-02-25,44.2
2016-02-26,43.160000000000004
2016-02-27,49.4
2016-02-28,50.96
2016-02-29,44.2
2016-03-01,41.82
2016-03-02,41.31
2016-03-03,44.37
2016-03-04,42.84
2016-03-05,49.47
2016-03-06,48.96
2016-03-07,44.88
2016-03-08,42.84
2016-03-09,42.84
2016-03-10,44.88
2016-03-11,41.31
2016-03-12,47.43
2016-03-13,51.0
2016-03-14,44.88
2016-03-15,41.82
2016-03-16,43.35
2016-03-17,40.8
2016-03-18,41.31
2016-03-19,46.410000000000004
2016-03-20,49.47
2016-03-21,46.92
2016-03-22,46.410000000000004
2016-03-23,43.35
2016-03-24,43.86
2016-03-25,44.88
2016-03-26,46.410000000000004
2016-03-27,46.410000000000004
2016-03-28,44.88
2016-03-29,43.86
2016-03-30,43.86
2016-03-31,43.35
2016-04-01,42.33
2016-04-02,46.410000000000004
2016-04-03,51.0
2016-04-04,42.84
2016-04-05,43.35
2016-04-06,42.33
2016-04-07,41.31
2016-04-08,41.82
2016-04-09,46.410000000000004
2016-04-10,49.47
2016-04-11,43.86
2016-04-12,43.35
2016-04-13,41.82
2016-04-14,40.29
2016-04-15,41.82
2016-04-16,44.37
2016-04-17,47.43
2016-04-18,44.37
2016-04-19,42.33
2016-04-20,41.82
2016-04-21,40.8
2016-04-22,40.8
2016-04-23,45.39
2016-04-24,47.94
2016-04-25,43.35
2016-04-26,42.84
2016-04-27,41.31
2016-04-28,42.84
2016-04-29,41.31
2016-04-30,45.39
2016-05-01,50.96
2016-05-02,45.760000000000005
2016-05-03,44.72
2016-05-04,44.72
2016-05-05,43.68
2016-05-06,43.160000000000004
2016-05-07,44.72
2016-05-08,46.800000000000004
2016-05-09,44.2
2016-05-10,45.760000000000005
2016-05-11,44.72
2016-05-12,43.68
2016-05-13,44.2
2016-05-14,47.84
2016-05-15,52.0
2016-05-16,46.800000000000004
2016-05-17,45.24
2016-05-18,45.24
2016-05-19,44.2
2016-05-20,42.120000000000005
2016-05-21,46.800000000000004
2016-05-22,51.480000000000004
2016-05-23,46.28
2016-05-24,45.760000000000005
2016-05-25,43.68
2016-05-26,43.160000000000004
2016-05-27,42.64
2016-05-28,45.24
2016-05-29,46.800000000000004
2016-05-30,49.92
2016-05-31,45.760000000000005
2016-06-01,49.50000000000001
2016-06-02,50.6
2016-06-03,48.400000000000006
2016-06-04,51.150000000000006
2016-06-05,55.00000000000001
2016-06-06,51.150000000000006
2016-06-07,51.150000000000006
2016-06-08,49.50000000000001
2016-06-09,49.50000000000001
2016-06-10,47.85
2016-06-11,50.6
2016-06-12,53.35
2016-06-13,50.6
2016-06-14,52.25000000000001
2016-06-15,52.800000000000004
2016-06-16,51.150000000000006
2016-06-17,48.95
2016-06-18,51.7
2016-06-19,53.35
2016-06-20,50.6
2016-06-21,53.35
2016-06-22,52.25000000000001
2016-06-23,50.050000000000004
2016-06-24,46.75000000000001
2016-06-25,50.050000000000004
2016-06-26,54.45
2016-06-27,51.7
2016-06-28,52.25000000000001
2016-06-29,51.150000000000006
2016-06-30,51.7
2016-07-01,29.58
2016-07-02,28.419999999999998
2016-07-03,28.999999999999996
2016-07-04,31.319999999999997
2016-07-05,30.159999999999997
2016-07-06,30.159999999999997
2016-07-07,28.999999999999996
2016-07-08,28.419999999999998
2016-07-09,31.319999999999997
2016-07-10,33.059999999999995
2016-07-11,34.22
2016-07-12,57.99999999999999
2016-07-13,38.86
2016-07-14,29.58
2016-07-15,29.58
2016-07-16,31.319999999999997
2016-07-17,31.319999999999997
2016-07-18,30.159999999999997
2016-07-19,30.74
2016-07-20,28.999999999999996
2016-07-21,28.419999999999998
2016-07-22,27.839999999999996
2016-07-23,29.58
2016-07-24,31.319999999999997
2016-07-25,30.74
2016-07-26,30.159999999999997
2016-07-27,30.159999999999997
2016-07-28,28.999999999999996
2016-07-29,28.419999999999998
2016-07-30,33.64
2016-07-31,32.48
2016-08-01,54.87
2016-08-02,53.69
2016-08-03,54.279999999999994
2016-08-04,53.69
2016-08-05,50.739999999999995
2016-08-06,51.33
2016-08-07,54.87
2016-08-08,53.69
2016-08-09,52.51
2016-08-10,51.919999999999995
2016-08-11,51.919999999999995
2016-08-12,49.559999999999995
2016-08-13,51.919999999999995
2016-08-14,56.05
2016-08-15,53.099999999999994
2016-08-16,53.099999999999994
2016-08-17,52.51
2016-08-18,52.51
2016-08-19,51.33
2016-08-20,53.69
2016-08-21,57.23
2016-08-22,55.459999999999994
2016-08-23,57.23
2016-08-24,54.87
2016-08-25,54.279999999999994
2016-08-26,55.459999999999994
2016-08-27,59.0
2016-08-28,59.0
2016-08-29,57.23
2016-08-30,55.459999999999994
2016-08-31,53.69
2016-09-01,45.900000000000006
2016-09-02,45.36
2016-09-03,49.14
2016-09-04,50.220000000000006
2016-09-05,54.0
2016-09-06,46.980000000000004
2016-09-07,46.980000000000004
2016-09-08,45.900000000000006
2016-09-09,43.74
2016-09-10,46.440000000000005
2016-09-11,46.440000000000005
2016-09-12,45.36
2016-09-13,44.28
2016-09-14,44.82
2016-09-15,44.28
2016-09-16,44.82
2016-09-17,48.06
2016-09-18,49.14
2016-09-19,45.900000000000006
2016-09-20,44.28
2016-09-21,43.74
2016-09-22,43.2
2016-09-23,42.120000000000005
2016-09-24,46.980000000000004
2016-09-25,48.06
2016-09-26,44.28
2016-09-27,42.660000000000004
2016-09-28,45.36
2016-09-29,43.74
2016-09-30,43.2
2016-10-01,50.6
2016-10-02,51.150000000000006
2016-10-03,47.85
2016-10-04,46.2
2016-10-05,45.650000000000006
2016-10-06,44.0
2016-10-07,43.45
2016-10-08,47.300000000000004
2016-10-09,50.050000000000004
2016-10-10,46.2
2016-10-11,46.75000000000001
2016-10-12,48.95
2016-10-13,48.400000000000006
2016-10-14,46.2
2016-10-15,50.6
2016-10-16,52.800000000000004
2016-10-17,51.150000000000006
2016-10-18,48.95
2016-10-19,48.400000000000006
2016-10-20,47.300000000000004
2016-10-21,49.50000000000001
2016-10-22,51.7
2016-10-23,55.00000000000001
2016-10-24,50.6
2016-10-25,51.7
2016-10-26,48.95
2016-10-27,47.300000000000004
2016-10-28,46.75000000000001
2016-10-29,46.75000000000001
2016-10-30,49.50000000000001
2016-10-31,44.550000000000004
2016-11-01,28.560000000000002
2016-11-02,28.560000000000002
2016-11-03,27.880000000000003
2016-11-04,29.240000000000002
2016-11-05,30.6
2016-11-06,33.32
2016-11-07,29.92
2016-11-08,26.520000000000003
2016-11-09,19.720000000000002
2016-11-10,29.240000000000002
2016-11-11,33.32
2016-11-12,34.0
2016-11-13,34.68
2016-11-14,32.64
2016-11-15,32.64
2016-11-16,32.64
2016-11-17,33.32
2016-11-18,34.68
2016-11-19,38.080000000000005
2016-11-20,40.800000000000004
2016-11-21,37.400000000000006
2016-11-22,36.720000000000006
2016-11-23,38.760000000000005
2016-11-24,44.88
2016-11-25,65.28
2016-11-26,55.760000000000005
2016-11-27,51.00000000000001
2016-11-28,68.0
2016-11-29,51.68000000000001
2016-11-30,40.800000000000004
2016-12-01,63.13999999999999
2016-12-02,64.78
2016-12-03,70.52
2016-12-04,71.33999999999999
2016-12-05,69.7
2016-12-06,71.33999999999999
2016-12-07,67.24
2016-12-08,67.24
2016-12-09,65.6
2016-12-10,71.33999999999999
2016-12-11,76.25999999999999
2016-12-12,72.16
2016-12-13,69.7
2016-12-14,71.33999999999999
2016-12-15,71.33999999999999
2016-12-16,73.8
2016-12-17,82.0
2016-12-18,81.17999999999999
2016-12-19,76.25999999999999
2016-12-20,74.61999999999999
2016-12-21,72.16
2016-12-22,68.06
2016-12-23,62.31999999999999
2016-12-24,57.4
2016-12-25,72.16
2016-12-26,77.08
2016-12-27,69.7
2016-12-28,63.959999999999994
2016-12-29,63.13999999999999
2016-12-30,60.68
2016-12-31,56.58
2017-01-01,52.92
2017-01-02,63.0
2017-01-03,59.22
2017-01-04,55.44
2017-01-05,54.81
2017-01-06,54.18
2017-01-07,58.59
2017-01-08,61.74
2017-01-09,56.07
2017-01-10,52.92
2017-01-11,52.29
2017-01-12,52.92
2017-01-13,53.55
2017-01-14,57.96
2017-01-15,57.33
2017-01-16,56.07
2017-01-17,52.29
2017-01-18,52.29
2017-01-19,48.51
2017-01-20,47.25
2017-01-21,51.03
2017-01-22,53.55
2017-01-23,51.03
2017-01-24,49.77
2017-01-25,48.51
2017-01-26,47.25
2017-01-27,47.88
2017-01-28,51.660000000000004
2017-01-29,53.55
2017-01-30,49.14
2017-01-31,49.14
2017-02-01,47.040000000000006
2017-02-02,44.24
2017-02-03,47.040000000000006
2017-02-04,52.64000000000001
2017-02-05,49.84
2017-02-06,44.800000000000004
2017-02-07,47.040000000000006
2017-02-08,45.36000000000001
2017-02-09,45.92
2017-02-10,45.92
2017-02-11,49.84
2017-02-12,52.080000000000005
2017-02-13,45.36000000000001
2017-02-14,43.120000000000005
2017-02-15,44.24
2017-02-16,43.120000000000005
2017-02-17,43.120000000000005
2017-02-18,47.040000000000006
2017-02-19,48.720000000000006
2017-02-20,48.720000000000006
2017-02-21,45.92
2017-02-22,47.6
2017-02-23,47.040000000000006
2017-02-24,45.92
2017-02-25,51.52
2017-02-26,52.080000000000005
2017-02-27,45.36000000000001
2017-02-28,56.00000000000001
2017-03-01,50.16
2017-03-02,49.019999999999996
2017-03-03,50.16
2017-03-04,53.01
2017-03-05,56.99999999999999
2017-03-06,50.73
2017-03-07,50.73
2017-03-08,50.16
2017-03-09,49.589999999999996
2017-03-10,49.019999999999996
2017-03-11,52.44
2017-03-12,55.85999999999999
2017-03-13,49.589999999999996
2017-03-14,50.16
2017-03-15,49.589999999999996
2017-03-16,47.879999999999995
2017-03-17,45.599999999999994
2017-03-18,51.87
2017-03-19,54.72
2017-03-20,50.73
2017-03-21,50.16
2017-03-22,48.449999999999996
2017-03-23,47.309999999999995
2017-03-24,48.449999999999996
2017-03-25,51.87
2017-03-26,55.85999999999999
2017-03-27,51.87
2017-03-28,49.589999999999996
2017-03-29,49.019999999999996
2017-03-30,50.16
2017-03-31,49.019999999999996
2017-04-01,51.919999999999995
2017-04-02,54.279999999999994
2017-04-03,50.15
2017-04-04,49.559999999999995
2017-04-05,48.97
2017-04-06,49.559999999999995
2017-04-07,47.79
2017-04-08,52.51
2017-04-09,53.69
2017-04-10,50.739999999999995
2017-04-11,49.559999999999995
2017-04-12,47.79
2017-04-13,46.61
2017-04-14,47.79
2017-04-15,48.379999999999995
2017-04-16,48.97
2017-04-17,47.79
2017-04-18,47.79
2017-04-19,48.379999999999995
2017-04-20,49.559999999999995
2017-04-21,48.97
2017-04-22,52.51
2017-04-23,53.69
2017-04-24,51.33
2017-04-25,51.33
2017-04-26,53.099999999999994
2017-04-27,51.919999999999995
2017-04-28,50.739999999999995
2017-04-29,53.69
2017-04-30,59.0
2017-05-01,57.599999999999994
2017-05-02,54.0
2017-05-03,56.4
2017-05-04,55.8
2017-05-05,54.0
2017-05-06,57.0
2017-05-07,60.0
2017-05-08,57.599999999999994
2017-05-09,57.0
2017-05-10,55.8
2017-05-11,55.199999999999996
2017-05-12,52.8
2017-05-13,57.0
2017-05-14,58.8
2017-05-15,56.4
2017-05-16,53.4
2017-05-17,54.0
2017-05-18,51.0
2017-05-19,51.6
2017-05-20,54.6
2017-05-21,58.8
2017-05-22,56.4
2017-05-23,52.199999999999996
2017-05-24,52.199999999999996
2017-05-25,54.0
2017-05-26,52.199999999999996
2017-05-27,54.0
2017-05-28,57.0
2017-05-29,58.8
2017-05-30,57.0
2017-05-31,55.199999999999996
2017-06-01,49.14
2017-06-02,49.14
2017-06-03,51.660000000000004
2017-06-04,53.55
2017-06-05,52.29
2017-06-06,54.81
2017-06-07,52.29
2017-06-08,50.4
2017-06-09,49.77
2017-06-10,51.660000000000004
2017-06-11,52.92
2017-06-12,54.18
2017-06-13,51.660000000000004
2017-06-14,51.03
2017-06-15,52.29
2017-06-16,63.0
2017-06-17,57.33
2017-06-18,56.7
2017-06-19,57.96
2017-06-20,54.81
2017-06-21,52.92
2017-06-22,52.92
2017-06-23,50.4
2017-06-24,51.660000000000004
2017-06-25,54.18
2017-06-26,55.44
2017-06-27,54.18
2017-06-28,52.29
2017-06-29,54.18
2017-06-30,50.4
2017-07-01,31.499999999999996
2017-07-02,32.199999999999996
2017-07-03,32.199999999999996
2017-07-04,32.199999999999996
2017-07-05,31.499999999999996
2017-07-06,32.9
2017-07-07,33.599999999999994
2017-07-08,32.199999999999996
2017-07-09,35.699999999999996
2017-07-10,42.699999999999996
2017-07-11,70.0
2017-07-12,42.0
2017-07-13,32.199999999999996
2017-07-14,30.799999999999997
2017-07-15,32.9
2017-07-16,35.699999999999996
2017-07-17,34.3
2017-07-18,33.599999999999994
2017-07-19,32.9
2017-07-20,32.199999999999996
2017-07-21,30.099999999999998
2017-07-22,31.499999999999996
2017-07-23,33.599999999999994
2017-07-24,32.9
2017-07-25,31.499999999999996
2017-07-26,33.599999999999994
2017-07-27,36.4
2017-07-28,33.599999999999994
2017-07-29,32.199999999999996
2017-07-30,35.0
2017-07-31,34.3
2017-08-01,66.64
2017-08-02,67.32000000000001
2017-08-03,62.56
2017-08-04,63.24
2017-08-05,64.60000000000001
2017-08-06,68.0
2017-08-07,64.60000000000001
2017-08-08,63.24
2017-08-09,61.88
2017-08-10,63.92
2017-08-11,61.88
2017-08-12,63.24
2017-08-13,65.96000000000001
2017-08-14,66.64
2017-08-15,67.32000000000001
2017-08-16,64.60000000000001
2017-08-17,63.92
2017-08-18,61.88
2017-08-19,62.56
2017-08-20,64.60000000000001
2017-08-21,57.800000000000004
2017-08-22,63.24
2017-08-23,62.56
2017-08-24,59.84
2017-08-25,61.2
2017-08-26,61.2
2017-08-27,65.28
2017-08-28,65.96000000000001
2017-08-29,64.60000000000001
2017-08-30,61.88
2017-08-31,60.52
2017-09-01,56.96
2017-09-02,59.52
2017-09-03,62.08
2017-09-04,64.0
2017-09-05,56.96
2017-09-06,55.68
2017-09-07,56.32
2017-09-08,53.76
2017-09-09,55.04
2017-09-10,58.24
2017-09-11,56.32
2017-09-12,56.96
2017-09-13,58.24
2017-09-14,56.96
2017-09-15,56.32
2017-09-16,58.88
2017-09-17,62.72
2017-09-18,58.88
2017-09-19,59.52
2017-09-20,58.24
2017-09-21,56.96
2017-09-22,56.32
2017-09-23,58.88
2017-09-24,60.160000000000004
2017-09-25,57.6
2017-09-26,57.6
2017-09-27,57.6
2017-09-28,56.96
2017-09-29,57.6
2017-09-30,60.160000000000004
2017-10-01,64.02
2017-10-02,55.440000000000005
2017-10-03,56.760000000000005
2017-10-04,56.760000000000005
2017-10-05,58.74
2017-10-06,56.1
2017-10-07,59.400000000000006
2017-10-08,62.7
2017-10-09,60.06
2017-10-10,58.080000000000005
2017-10-11,60.720000000000006
2017-10-12,58.080000000000005
2017-10-13,58.74
2017-10-14,61.38
2017-10-15,66.0
2017-10-16,62.040000000000006
2017-10-17,62.040000000000006
2017-10-18,60.720000000000006
2017-10-19,60.720000000000006
2017-10-20,60.06
2017-10-21,64.68
2017-10-22,64.68
2017-10-23,64.02
2017-10-24,65.34
2017-10-25,64.68
2017-10-26,62.7
2017-10-27,62.040000000000006
2017-10-28,59.400000000000006
2017-10-29,63.36
2017-10-30,58.080000000000005
2017-10-31,54.78
2017-11-01,35.69
2017-11-02,36.519999999999996
2017-11-03,37.35
2017-11-04,39.839999999999996
2017-11-05,41.5
2017-11-06,40.669999999999995
2017-11-07,39.839999999999996
2017-11-08,39.839999999999996
2017-11-09,39.01
2017-11-10,40.669999999999995
2017-11-11,43.16
2017-11-12,45.65
2017-11-13,42.33
2017-11-14,43.16
2017-11-15,42.33
2017-11-16,42.33
2017-11-17,42.33
2017-11-18,46.48
2017-11-19,49.8
2017-11-20,45.65
2017-11-21,46.48
2017-11-22,46.48
2017-11-23,54.779999999999994
2017-11-24,78.02
2017-11-25,64.74
2017-11-26,60.589999999999996
2017-11-27,83.0
2017-11-28,63.91
2017-11-29,49.8
2017-11-30,48.97
2017-12-01,70.98
2017-12-02,77.35000000000001
2017-12-03,80.08
2017-12-04,78.26
2017-12-05,76.44
2017-12-06,76.44
2017-12-07,74.62
2017-12-08,73.71000000000001
2017-12-09,83.72
2017-12-10,86.45
2017-12-11,79.17
2017-12-12,78.26
2017-12-13,78.26
2017-12-14,79.17
2017-12-15,81.9
2017-12-16,89.18
2017-12-17,91.0
2017-12-18,86.45
2017-12-19,83.72
2017-12-20,78.26
2017-12-21,76.44
2017-12-22,73.71000000000001
2017-12-23,68.25
2017-12-24,61.88
2017-12-25,80.08
2017-12-26,85.54
2017-12-27,80.08
2017-12-28,73.71000000000001
2017-12-29,70.98
2017-12-30,69.16
2017-12-31,63.7
2018-01-01,62.99999999999999
2018-01-02,70.0
2018-01-03,67.19999999999999
2018-01-04,66.5
2018-01-05,67.89999999999999
2018-01-06,70.0
2018-01-07,70.0
2018-01-08,63.699999999999996
2018-01-09,61.599999999999994
2018-01-10,61.599999999999994
2018-01-11,61.599999999999994
2018-01-12,60.199999999999996
2018-01-13,67.89999999999999
2018-01-14,65.8
2018-01-15,65.1
2018-01-16,60.9
2018-01-17,60.9
2018-01-18,68.6
2018-01-19,65.8
2018-01-20,64.39999999999999
2018-01-21,65.8
2018-01-22,63.699999999999996
2018-01-23,62.3
2018-01-24,60.9
2018-01-25,59.49999999999999
2018-01-26,56.699999999999996
2018-01-27,61.599999999999994
2018-01-28,65.1
2018-01-29,58.8
2018-01-30,60.9
2018-01-31,60.199999999999996
2018-02-01,60.45
2018-02-02,59.15
2018-02-03,62.400000000000006
2018-02-04,63.7
2018-02-05,57.2
2018-02-06,59.800000000000004
2018-02-07,59.15
2018-02-08,57.2
2018-02-09,57.2
2018-02-10,61.1
2018-02-11,65.0
2018-02-12,60.45
2018-02-13,56.550000000000004
2018-02-14,51.35
2018-02-15,53.300000000000004
2018-02-16,54.6
2018-02-17,57.85
2018-02-18,62.400000000000006
2018-02-19,60.45
2018-02-20,57.2
2018-02-21,55.25
2018-02-22,55.9
2018-02-23,55.9
2018-02-24,60.45
2018-02-25,65.0
2018-02-26,59.15
2018-02-27,58.5
2018-02-28,57.85
2018-03-01,59.15
2018-03-02,59.800000000000004
2018-03-03,61.75
2018-03-04,65.0
2018-03-05,59.800000000000004
2018-03-06,57.85
2018-03-07,59.15
2018-03-08,58.5
2018-03-09,55.25
2018-03-10,61.1
2018-03-11,63.7
2018-03-12,60.45
2018-03-13,58.5
2018-03-14,55.9
2018-03-15,55.9
2018-03-16,53.95
2018-03-17,57.85
2018-03-18,61.75
2018-03-19,59.15
2018-03-20,57.85
2018-03-21,57.2
2018-03-22,54.6
2018-03-23,55.9
2018-03-24,57.85
2018-03-25,63.050000000000004
2018-03-26,59.800000000000004
2018-03-27,59.800000000000004
2018-03-28,57.85
2018-03-29,57.85
2018-03-30,57.2
2018-03-31,55.25
2018-04-01,57.96
2018-04-02,61.74
2018-04-03,61.11
2018-04-04,57.33
2018-04-05,57.96
2018-04-06,56.07
2018-04-07,59.22
2018-04-08,61.11
2018-04-09,59.22
2018-04-10,54.18
2018-04-11,56.07
2018-04-12,54.18
2018-04-13,52.92
2018-04-14,57.96
2018-04-15,62.37
2018-04-16,56.07
2018-04-17,56.07
2018-04-18,54.81
2018-04-19,57.33
2018-04-20,54.81
2018-04-21,59.22
2018-04-22,63.0
2018-04-23,59.85
2018-04-24,58.59
2018-04-25,59.22
2018-04-26,57.96
2018-04-27,57.33
2018-04-28,55.44
2018-04-29,61.74
2018-04-30,57.33
2018-05-01,58.59
2018-05-02,58.59
2018-05-03,57.33
2018-05-04,56.7
2018-05-05,57.33
2018-05-06,63.0
2018-05-07,59.85
2018-05-08,59.85
2018-05-09,60.480000000000004
2018-05-10,61.11
2018-05-11,57.33
2018-05-12,59.22
2018-05-13,62.37
2018-05-14,61.11
2018-05-15,60.480000000000004
2018-05-16,59.22
2018-05-17,57.96
2018-05-18,56.7
2018-05-19,56.7
2018-05-20,62.37
2018-05-21,59.22
2018-05-22,59.85
2018-05-23,59.22
2018-05-24,57.96
2018-05-25,56.07
2018-05-26,57.33
2018-05-27,61.11
2018-05-28,63.0
2018-05-29,59.85
2018-05-30,58.59
2018-05-31,59.85
2018-06-01,55.04
2018-06-02,58.88
2018-06-03,60.160000000000004
2018-06-04,59.52
2018-06-05,58.88
2018-06-06,60.160000000000004
2018-06-07,58.88
2018-06-08,56.32
2018-06-09,56.32
2018-06-10,62.72
2018-06-11,60.800000000000004
2018-06-12,60.800000000000004
2018-06-13,60.800000000000004
2018-06-14,58.88
2018-06-15,56.96
2018-06-16,56.96
2018-06-17,57.6
2018-06-18,58.24
2018-06-19,57.6
2018-06-20,58.24
2018-06-21,59.52
2018-06-22,55.68
2018-06-23,56.96
2018-06-24,62.08
2018-06-25,60.160000000000004
2018-06-26,59.52
2018-06-27,58.88
2018-06-28,64.0
2018-06-29,62.72
2018-06-30,59.52
2018-07-01,30.34
2018-07-02,28.86
2018-07-03,28.12
2018-07-04,27.38
2018-07-05,28.12
2018-07-06,28.86
2018-07-07,28.86
2018-07-08,29.6
2018-07-09,30.34
2018-07-10,30.34
2018-07-11,29.6
2018-07-12,31.08
2018-07-13,29.6
2018-07-14,30.34
2018-07-15,33.3
2018-07-16,74.0
2018-07-17,57.72
2018-07-18,36.26
2018-07-19,30.34
2018-07-20,29.6
2018-07-21,29.6
2018-07-22,31.08
2018-07-23,31.08
2018-07-24,30.34
2018-07-25,29.6
2018-07-26,30.34
2018-07-27,28.86
2018-07-28,28.12
2018-07-29,29.6
2018-07-30,30.34
2018-07-31,30.34
2018-08-01,66.5
2018-08-02,67.19999999999999
2018-08-03,64.39999999999999
2018-08-04,66.5
2018-08-05,67.89999999999999
2018-08-06,67.89999999999999
2018-08-07,69.3
2018-08-08,69.3
2018-08-09,66.5
2018-08-10,64.39999999999999
2018-08-11,65.1
2018-08-12,67.19999999999999
2018-08-13,67.19999999999999
2018-08-14,67.89999999999999
2018-08-15,66.5
2018-08-16,66.5
2018-08-17,65.1
2018-08-18,67.19999999999999
2018-08-19,67.89999999999999
2018-08-20,68.6
2018-08-21,67.89999999999999
2018-08-22,67.19999999999999
2018-08-23,65.1
2018-08-24,62.3
2018-08-25,62.99999999999999
2018-08-26,68.6
2018-08-27,70.0
2018-08-28,67.89999999999999
2018-08-29,67.19999999999999
2018-08-30,65.1
2018-08-31,60.199999999999996
2018-09-01,56.550000000000004
2018-09-02,58.5
2018-09-03,65.0
2018-09-04,59.15
2018-09-05,61.75
2018-09-06,58.5
2018-09-07,54.6
2018-09-08,57.85
2018-09-09,61.1
2018-09-10,59.15
2018-09-11,57.2
2018-09-12,55.25
2018-09-13,55.9
2018-09-14,54.6
2018-09-15,59.15
2018-09-16,58.5
2018-09-17,57.85
2018-09-18,55.9
2018-09-19,57.2
2018-09-20,59.15
2018-09-21,53.95
2018-09-22,56.550000000000004
2018-09-23,61.75
2018-09-24,59.800000000000004
2018-09-25,57.85
2018-09-26,57.2
2018-09-27,53.300000000000004
2018-09-28,55.25
2018-09-29,57.2
2018-09-30,57.2
2018-10-01,58.74
2018-10-02,66.0
2018-10-03,64.02
2018-10-04,62.7
2018-10-05,59.400000000000006
2018-10-06,60.06
2018-10-07,62.7
2018-10-08,61.38
2018-10-09,61.38
2018-10-10,60.720000000000006
2018-10-11,60.06
2018-10-12,58.74
2018-10-13,62.7
2018-10-14,64.02
2018-10-15,64.02
2018-10-16,63.36
2018-10-17,60.06
2018-10-18,60.06
2018-10-19,58.74
2018-10-20,59.400000000000006
2018-10-21,64.02
2018-10-22,64.02
2018-10-23,62.7
2018-10-24,59.400000000000006
2018-10-25,62.040000000000006
2018-10-26,61.38
2018-10-27,60.06
2018-10-28,61.38
2018-10-29,61.38
2018-10-30,59.400000000000006
2018-10-31,56.1
2018-11-01,38.07
2018-11-02,38.88
2018-11-03,42.120000000000005
2018-11-04,43.74
2018-11-05,42.120000000000005
2018-11-06,41.31
2018-11-07,35.64
2018-11-08,40.5
2018-11-09,42.120000000000005
2018-11-10,42.93
2018-11-11,46.980000000000004
2018-11-12,43.74
2018-11-13,50.220000000000006
2018-11-14,48.6
2018-11-15,45.36
2018-11-16,46.17
2018-11-17,47.790000000000006
2018-11-18,52.650000000000006
2018-11-19,51.03
2018-11-20,48.6
2018-11-21,50.220000000000006
2018-11-22,54.27
2018-11-23,79.38000000000001
2018-11-24,62.370000000000005
2018-11-25,60.75000000000001
2018-11-26,81.0
2018-11-27,63.18000000000001
2018-11-28,52.650000000000006
2018-11-29,50.220000000000006
2018-11-30,48.6
2018-12-01,75.65
2018-12-02,80.1
2018-12-03,77.43
2018-12-04,76.54
2018-12-05,76.54
2018-12-06,75.65
2018-12-07,76.54
2018-12-08,80.99
2018-12-09,82.77
2018-12-10,82.77
2018-12-11,79.21000000000001
2018-12-12,80.1
2018-12-13,78.32000000000001
2018-12-14,81.88
2018-12-15,89.0
2018-12-16,88.11
2018-12-17,84.55
2018-12-18,82.77
2018-12-19,83.66
2018-12-20,82.77
2018-12-21,78.32000000000001
2018-12-22,72.98
2018-12-23,65.86
2018-12-24,61.410000000000004
2018-12-25,75.65
2018-12-26,82.77
2018-12-27,75.65
2018-12-28,69.42
2018-12-29,68.53
2018-12-30,64.97
2018-12-31,61.410000000000004
2019-01-01,61.88
2019-01-02,68.0
2019-01-03,66.64
2019-01-04,64.60000000000001
2019-01-05,64.60000000000001
2019-01-06,64.60000000000001
2019-01-07,61.88
2019-01-08,60.52
2019-01-09,61.2
2019-01-10,61.88
2019-01-11,60.52
2019-01-12,63.24
2019-01-13,63.92
2019-01-14,60.52
2019-01-15,59.160000000000004
2019-01-16,59.84
2019-01-17,57.120000000000005
2019-01-18,56.440000000000005
2019-01-19,59.160000000000004
2019-01-20,61.2
2019-01-21,60.52
2019-01-22,57.800000000000004
2019-01-23,57.800000000000004
2019-01-24,55.080000000000005
2019-01-25,55.080000000000005
2019-01-26,61.88
2019-01-27,62.56
2019-01-28,58.480000000000004
2019-01-29,56.440000000000005
2019-01-30,57.120000000000005
2019-01-31,57.800000000000004
2019-02-01,55.9
2019-02-02,59.800000000000004
2019-02-03,59.15
2019-02-04,54.6
2019-02-05,57.2
2019-02-06,55.9
2019-02-07,54.6
2019-02-08,55.25
2019-02-09,62.400000000000006
2019-02-10,63.7
2019-02-11,55.9
2019-02-12,55.9
2019-02-13,55.25
2019-02-14,57.2
2019-02-15,59.800000000000004
2019-02-16,62.400000000000006
2019-02-17,61.1
2019-02-18,61.1
2019-02-19,59.15
2019-02-20,57.85
2019-02-21,55.9
2019-02-22,55.9
2019-02-23,57.2
2019-02-24,65.0
2019-02-25,57.2
2019-02-26,56.550000000000004
2019-02-27,53.95
2019-02-28,54.6
2019-03-01,55.04
2019-03-02,60.160000000000004
2019-03-03,64.0
2019-03-04,59.52
2019-03-05,56.96
2019-03-06,56.96
2019-03-07,56.32
2019-03-08,55.68
2019-03-09,60.160000000000004
2019-03-10,60.800000000000004
2019-03-11,58.24
2019-03-12,56.32
2019-03-13,54.4
2019-03-14,53.76
2019-03-15,51.84
2019-03-16,56.32
2019-03-17,60.160000000000004
2019-03-18,55.68
2019-03-19,56.32
2019-03-20,54.4
2019-03-21,52.480000000000004
2019-03-22,53.120000000000005
2019-03-23,56.32
2019-03-24,57.6
2019-03-25,56.32
2019-03-26,56.32
2019-03-27,54.4
2019-03-28,53.120000000000005
2019-03-29,53.120000000000005
2019-03-30,55.68
2019-03-31,58.88
2019-04-01,59.400000000000006
2019-04-02,60.06
2019-04-03,60.720000000000006
2019-04-04,60.06
2019-04-05,58.080000000000005
2019-04-06,61.38
2019-04-07,64.68
2019-04-08,58.74
2019-04-09,59.400000000000006
2019-04-10,58.74
2019-04-11,56.760000000000005
2019-04-12,57.42
2019-04-13,59.400000000000006
2019-04-14,64.02
2019-04-15,62.040000000000006
2019-04-16,60.06
2019-04-17,61.38
2019-04-18,59.400000000000006
2019-04-19,59.400000000000006
2019-04-20,57.42
2019-04-21,59.400000000000006
2019-04-22,62.7
2019-04-23,62.7
2019-04-24,62.040000000000006
2019-04-25,60.06
2019-04-26,58.080000000000005
2019-04-27,57.42
2019-04-28,66.0
2019-04-29,59.400000000000006
2019-04-30,60.06
2019-05-01,60.970000000000006
2019-05-02,57.620000000000005
2019-05-03,57.620000000000005
2019-05-04,58.290000000000006
2019-05-05,64.32000000000001
2019-05-06,60.300000000000004
2019-05-07,59.63
2019-05-08,60.300000000000004
2019-05-09,58.96
2019-05-10,57.620000000000005
2019-05-11,59.63
2019-05-12,62.31
2019-05-13,63.650000000000006
2019-05-14,64.99000000000001
2019-05-15,60.970000000000006
2019-05-16,60.300000000000004
2019-05-17,58.96
2019-05-18,60.300000000000004
2019-05-19,64.99000000000001
2019-05-20,62.980000000000004
2019-05-21,62.31
2019-05-22,64.32000000000001
2019-05-23,60.300000000000004
2019-05-24,59.63
2019-05-25,61.64
2019-05-26,62.980000000000004
2019-05-27,67.0
2019-05-28,63.650000000000006
2019-05-29,63.650000000000006
2019-05-30,64.32000000000001
2019-05-31,60.970000000000006
2019-06-01,66.24
2019-06-02,69.84
2019-06-03,69.84
2019-06-04,70.56
2019-06-05,67.67999999999999
2019-06-06,68.39999999999999
2019-06-07,64.8
2019-06-08,66.24
2019-06-09,69.84
2019-06-10,69.84
2019-06-11,71.28
2019-06-12,71.28
2019-06-13,68.39999999999999
2019-06-14,64.8
2019-06-15,65.52
2019-06-16,68.39999999999999
2019-06-17,70.56
2019-06-18,72.0
2019-06-19,69.12
2019-06-20,66.96
2019-06-21,64.8
2019-06-22,65.52
2019-06-23,67.67999999999999
2019-06-24,69.12
2019-06-25,69.12
2019-06-26,69.12
2019-06-27,66.96
2019-06-28,64.08
2019-06-29,64.08
2019-06-30,69.84
2019-07-01,38.22
2019-07-02,35.88
2019-07-03,33.54
2019-07-04,31.200000000000003
2019-07-05,34.32
2019-07-06,34.32
2019-07-07,35.88
2019-07-08,37.44
2019-07-09,39.0
2019-07-10,38.22
2019-07-11,38.22
2019-07-12,37.44
2019-07-13,37.44
2019-07-14,42.9
2019-07-15,78.0
2019-07-16,66.3
2019-07-17,45.24
2019-07-18,37.44
2019-07-19,36.660000000000004
2019-07-20,35.1
2019-07-21,36.660000000000004
2019-07-22,37.44
2019-07-23,36.660000000000004
2019-07-24,35.88
2019-07-25,35.1
2019-07-26,35.1
2019-07-27,35.1
2019-07-28,35.88
2019-07-29,35.88
2019-07-30,36.660000000000004
2019-07-31,35.88
2019-08-01,56.88
2019-08-02,56.09
2019-08-03,56.09
2019-08-04,57.67
2019-08-05,58.46
2019-08-06,58.46
2019-08-07,59.25
2019-08-08,58.46
2019-08-09,56.09
2019-08-10,56.09
2019-08-11,59.25
2019-08-12,60.830000000000005
2019-08-13,60.040000000000006
2019-08-14,59.25
2019-08-15,62.410000000000004
2019-08-16,57.67
2019-08-17,58.46
2019-08-18,61.620000000000005
2019-08-19,60.040000000000006
2019-08-20,63.99
2019-08-21,75.84
2019-08-22,79.0
2019-08-23,71.89
2019-08-24,68.73
2019-08-25,67.94
2019-08-26,66.36
2019-08-27,63.99
2019-08-28,61.620000000000005
2019-08-29,59.25
2019-08-30,53.72
2019-08-31,54.510000000000005
2019-09-01,61.599999999999994
2019-09-02,67.19999999999999
2019-09-03,62.99999999999999
2019-09-04,62.99999999999999
2019-09-05,63.699999999999996
2019-09-06,60.9
2019-09-07,62.3
2019-09-08,65.1
2019-09-09,65.8
2019-09-10,64.39999999999999
2019-09-11,62.99999999999999
2019-09-12,61.599999999999994
2019-09-13,60.199999999999996
2019-09-14,62.99999999999999
2019-09-15,67.19999999999999
2019-09-16,64.39999999999999
2019-09-17,64.39999999999999
2019-09-18,63.699999999999996
2019-09-19,61.599999999999994
2019-09-20,59.49999999999999
2019-09-21,62.3
2019-09-22,67.19999999999999
2019-09-23,62.3
2019-09-24,64.39999999999999
2019-09-25,65.1
2019-09-26,61.599999999999994
2019-09-27,61.599999999999994
2019-09-28,65.1
2019-09-29,70.0
2019-09-30,65.1
2019-10-01,70.3
2019-10-02,66.6
2019-10-03,64.38
2019-10-04,65.12
2019-10-05,64.38
2019-10-06,68.08
2019-10-07,67.34
2019-10-08,66.6
2019-10-09,68.82
2019-10-10,62.9
2019-10-11,62.9
2019-10-12,65.12
2019-10-13,65.86
2019-10-14,68.08
2019-10-15,65.86
2019-10-16,70.3
2019-10-17,68.08
2019-10-18,67.34
2019-10-19,66.6
2019-10-20,72.52
2019-10-21,73.26
2019-10-22,74.0
2019-10-23,72.52
2019-10-24,69.56
2019-10-25,68.08
2019-10-26,67.34
2019-10-27,73.26
2019-10-28,70.3
2019-10-29,71.03999999999999
2019-10-30,67.34
2019-10-31,62.9
2019-11-01,44.37
2019-11-02,47.85
2019-11-03,51.33
2019-11-04,49.589999999999996
2019-11-05,51.33
2019-11-06,48.72
2019-11-07,50.46
2019-11-08,49.589999999999996
2019-11-09,50.46
2019-11-10,53.07
2019-11-11,53.07
2019-11-12,51.33
2019-11-13,52.2
2019-11-14,49.589999999999996
2019-11-15,49.589999999999996
2019-11-16,52.2
2019-11-17,56.55
2019-11-18,54.81
2019-11-19,54.81
2019-11-20,52.2
2019-11-21,51.33
2019-11-22,53.07
2019-11-23,56.55
2019-11-24,57.42
2019-11-25,60.9
2019-11-26,56.55
2019-11-27,57.42
2019-11-28,60.03
2019-11-29,87.0
2019-11-30,73.95
2019-12-01,78.0
2019-12-02,100.0
2019-12-03,82.0
2019-12-04,68.0
2019-12-05,67.0
2019-12-06,66.0
2019-12-07,70.0
2019-12-08,71.0
2019-12-09,70.0
2019-12-10,70.0
2019-12-11,74.0
2019-12-12,72.0
2019-12-13,74.0
2019-12-14,79.0
2019-12-15,81.0
2019-12-16,75.0
2019-12-17,77.0
2019-12-18,75.0
2019-12-19,71.0
2019-12-20,72.0
2019-12-21,73.0
2019-12-22,69.0
2019-12-23,63.0
2019-12-24,55.0
2019-12-25,66.0
2019-12-26,73.0
2019-12-27,66.0
2019-12-28,64.0
2019-12-29,61.0
2019-12-30,61.0
2019-12-31,57.0
2020-01-01,66.6
2020-01-02,74.0
2020-01-03,74.0
2020-01-04,74.0
2020-01-05,73.26
2020-01-06,69.56
2020-01-07,71.03999999999999
2020-01-08,67.34
2020-01-09,67.34
2020-01-10,65.12
2020-01-11,68.82
2020-01-12,71.78
2020-01-13,67.34
2020-01-14,66.6
2020-01-15,66.6
2020-01-16,65.12
2020-01-17,65.86
2020-01-18,70.3
2020-01-19,70.3
2020-01-20,71.03999999999999
2020-01-21,67.34
2020-01-22,65.86
2020-01-23,65.86
2020-01-24,64.38
2020-01-25,70.3
2020-01-26,65.12
2020-01-27,63.64
2020-01-28,63.64
2020-01-29,65.86
2020-01-30,65.86
2020-01-31,66.6
2020-02-01,70.5
2020-02-02,69.0
2020-02-03,63.75
2020-02-04,67.5
2020-02-05,65.25
2020-02-06,66.0
2020-02-07,66.0
2020-02-08,69.0
2020-02-09,75.0
2020-02-10,69.0
2020-02-11,69.0
2020-02-12,66.75
2020-02-13,66.75
2020-02-14,64.5
2020-02-15,66.0
2020-02-16,70.5
2020-02-17,70.5
2020-02-18,66.0
2020-02-19,66.75
2020-02-20,63.75
2020-02-21,65.25
2020-02-22,68.25
2020-02-23,70.5
2020-02-24,69.0
2020-02-25,68.25
2020-02-26,71.25
2020-02-27,72.75
2020-02-28,69.75
2020-02-29,73.5
2020-03-01,70.4
2020-03-02,66.0
2020-03-03,66.88
2020-03-04,65.12
2020-03-05,66.0
2020-03-06,62.48
2020-03-07,66.88
2020-03-08,68.64
2020-03-09,66.0
2020-03-10,63.36
2020-03-11,64.24
2020-03-12,66.88
2020-03-13,71.28
2020-03-14,79.2
2020-03-15,78.32000000000001
2020-03-16,75.68
2020-03-17,88.0
2020-03-18,84.48
2020-03-19,79.2
2020-03-20,78.32000000000001
2020-03-21,82.72
2020-03-22,83.6
2020-03-23,76.56
2020-03-24,75.68
2020-03-25,73.04
2020-03-26,74.8
2020-03-27,73.04
2020-03-28,80.08
2020-03-29,84.48
2020-03-30,79.2
2020-03-31,80.96
2020-04-01,84.39
2020-04-02,86.33
2020-04-03,90.21
2020-04-04,96.03
2020-04-05,96.03
2020-04-06,85.36
2020-04-07,84.39
2020-04-08,83.42
2020-04-09,84.39
2020-04-10,86.33
2020-04-11,90.21
2020-04-12,81.48
2020-04-13,82.45
2020-04-14,85.36
2020-04-15,90.21
2020-04-16,93.12
2020-04-17,88.27
2020-04-18,97.0
2020-04-19,94.09
2020-04-20,86.33
2020-04-21,89.24
2020-04-22,91.17999999999999
2020-04-23,89.24
2020-04-24,82.45
2020-04-25,88.27
2020-04-26,92.14999999999999
2020-04-27,89.24
2020-04-28,86.33
2020-04-29,90.21
2020-04-30,93.12
