date,Apple
2011-01-01,31.020000000000003
2011-01-02,33.0
2011-01-03,29.700000000000003
2011-01-04,27.720000000000002
2011-01-05,26.73
2011-01-06,28.05
2011-01-07,27.39
2011-01-08,30.69
2011-01-09,30.03
2011-01-10,26.73
2011-01-11,28.71
2011-01-12,26.07
2011-01-13,25.080000000000002
2011-01-14,24.75
2011-01-15,28.380000000000003
2011-01-16,28.71
2011-01-17,28.380000000000003
2011-01-18,30.03
2011-01-19,26.07
2011-01-20,25.740000000000002
2011-01-21,26.400000000000002
2011-01-22,28.71
2011-01-23,29.040000000000003
2011-01-24,24.09
2011-01-25,23.76
2011-01-26,23.43
2011-01-27,24.09
2011-01-28,24.42
2011-01-29,27.720000000000002
2011-01-30,28.380000000000003
2011-01-31,22.77
2011-02-01,23.099999999999998
2011-02-02,23.7
2011-02-03,24.3
2011-02-04,24.599999999999998
2011-02-05,27.599999999999998
2011-02-06,27.3
2011-02-07,25.2
2011-02-08,25.5
2011-02-09,26.4
2011-02-10,25.5
2011-02-11,26.099999999999998
2011-02-12,28.2
2011-02-13,28.799999999999997
2011-02-14,25.2
2011-02-15,24.599999999999998
2011-02-16,24.599999999999998
2011-02-17,24.599999999999998
2011-02-18,25.2
2011-02-19,27.599999999999998
2011-02-20,27.0
2011-02-21,25.5
2011-02-22,25.2
2011-02-23,25.5
2011-02-24,29.7
2011-02-25,28.2
2011-02-26,30.0
2011-02-27,28.5
2011-02-28,24.9
2011-03-01,16.919999999999998
2011-03-02,36.0
2011-03-03,28.08
2011-03-04,21.24
2011-03-05,22.68
2011-03-06,21.599999999999998
2011-03-07,18.72
2011-03-08,18.36
2011-03-09,18.36
2011-03-10,19.8
2011-03-11,26.64
2011-03-12,29.88
2011-03-13,24.84
2011-03-14,22.68
2011-03-15,20.52
2011-03-16,19.8
2011-03-17,18.72
2011-03-18,19.8
2011-03-19,21.96
2011-03-20,21.599999999999998
2011-03-21,19.439999999999998
2011-03-22,19.439999999999998
2011-03-23,19.439999999999998
2011-03-24,18.72
2011-03-25,18.72
2011-03-26,21.599999999999998
2011-03-27,20.52
2011-03-28,18.72
2011-03-29,18.0
2011-03-30,17.28
2011-03-31,17.64
2011-04-01,28.16
2011-04-02,31.68
2011-04-03,32.0
2011-04-04,27.2
2011-04-05,27.2
2011-04-06,26.88
2011-04-07,26.88
2011-04-08,26.88
2011-04-09,30.400000000000002
2011-04-10,29.12
2011-04-11,26.240000000000002
2011-04-12,27.52
2011-04-13,27.52
2011-04-14,26.560000000000002
2011-04-15,27.84
2011-04-16,30.72
2011-04-17,31.04
2011-04-18,27.84
2011-04-19,28.48
2011-04-20,29.12
2011-04-21,29.12
2011-04-22,29.44
2011-04-23,32.0
2011-04-24,31.36
2011-04-25,28.16
2011-04-26,26.560000000000002
2011-04-27,27.52
2011-04-28,29.76
2011-04-29,26.88
2011-04-30,30.400000000000002
2011-05-01,30.080000000000002
2011-05-02,26.240000000000002
2011-05-03,29.12
2011-05-04,28.16
2011-05-05,26.560000000000002
2011-05-06,27.52
2011-05-07,32.0
2011-05-08,31.68
2011-05-09,30.080000000000002
2011-05-10,29.12
2011-05-11,26.88
2011-05-12,26.88
2011-05-13,27.84
2011-05-14,31.04
2011-05-15,31.04
2011-05-16,28.16
2011-05-17,28.48
2011-05-18,29.12
2011-05-19,28.48
2011-05-20,28.16
2011-05-21,31.36
2011-05-22,32.0
2011-05-23,29.12
2011-05-24,27.2
2011-05-25,26.240000000000002
2011-05-26,26.560000000000002
2011-05-27,26.88
2011-05-28,29.44
2011-05-29,30.400000000000002
2011-05-30,30.080000000000002
2011-05-31,28.8
2011-06-01,20.46
2011-06-02,20.46
2011-06-03,20.46
2011-06-04,21.45
2011-06-05,22.11
2011-06-06,33.0
2011-06-07,28.71
2011-06-08,23.76
2011-06-09,23.43
2011-06-10,23.1
2011-06-11,24.42
2011-06-12,24.75
2011-06-13,21.12
2011-06-14,21.45
2011-06-15,22.11
2011-06-16,21.45
2011-06-17,21.12
2011-06-18,22.44
2011-06-19,23.76
2011-06-20,20.790000000000003
2011-06-21,21.78
2011-06-22,21.12
2011-06-23,20.46
2011-06-24,20.790000000000003
2011-06-25,22.44
2011-06-26,22.44
2011-06-27,19.8
2011-06-28,19.8
2011-06-29,19.14
2011-06-30,19.14
2011-07-01,23.43
2011-07-02,25.41
2011-07-03,26.73
2011-07-04,27.060000000000002
2011-07-05,21.78
2011-07-06,23.1
2011-07-07,23.76
2011-07-08,23.43
2011-07-09,24.42
2011-07-10,24.75
2011-07-11,23.43
2011-07-12,23.1
2011-07-13,24.75
2011-07-14,24.09
2011-07-15,23.76
2011-07-16,24.09
2011-07-17,25.41
2011-07-18,24.42
2011-07-19,25.41
2011-07-20,33.0
2011-07-21,31.35
2011-07-22,29.37
2011-07-23,29.700000000000003
2011-07-24,28.380000000000003
2011-07-25,26.73
2011-07-26,25.41
2011-07-27,25.41
2011-07-28,24.42
2011-07-29,25.41
2011-07-30,27.39
2011-07-31,26.400000000000002
2011-08-01,22.78
2011-08-02,23.12
2011-08-03,22.44
2011-08-04,22.1
2011-08-05,22.1
2011-08-06,24.82
2011-08-07,24.82
2011-08-08,22.78
2011-08-09,22.78
2011-08-10,22.44
2011-08-11,22.44
2011-08-12,21.76
2011-08-13,23.8
2011-08-14,24.82
2011-08-15,22.78
2011-08-16,22.44
2011-08-17,23.12
2011-08-18,22.78
2011-08-19,22.78
2011-08-20,25.500000000000004
2011-08-21,25.16
2011-08-22,22.78
2011-08-23,21.42
2011-08-24,25.16
2011-08-25,34.0
2011-08-26,24.48
2011-08-27,24.82
2011-08-28,24.48
2011-08-29,22.44
2011-08-30,23.12
2011-08-31,23.12
2011-09-01,28.5
2011-09-02,27.36
2011-09-03,30.02
2011-09-04,32.3
2011-09-05,33.44
2011-09-06,28.5
2011-09-07,29.26
2011-09-08,26.98
2011-09-09,28.12
2011-09-10,31.16
2011-09-11,31.16
2011-09-12,27.36
2011-09-13,28.12
2011-09-14,29.64
2011-09-15,32.3
2011-09-16,33.06
2011-09-17,36.86
2011-09-18,36.1
2011-09-19,30.78
2011-09-20,30.4
2011-09-21,31.16
2011-09-22,30.4
2011-09-23,31.92
2011-09-24,37.24
2011-09-25,38.0
2011-09-26,32.3
2011-09-27,31.16
2011-09-28,30.4
2011-09-29,31.92
2011-09-30,33.06
2011-10-01,20.4
2011-10-02,21.0
2011-10-03,18.0
2011-10-04,60.0
2011-10-05,31.799999999999997
2011-10-06,57.0
2011-10-07,34.199999999999996
2011-10-08,30.599999999999998
2011-10-09,28.2
2011-10-10,22.8
2011-10-11,20.4
2011-10-12,25.8
2011-10-13,26.4
2011-10-14,28.2
2011-10-15,30.599999999999998
2011-10-16,27.599999999999998
2011-10-17,22.8
2011-10-18,21.599999999999998
2011-10-19,20.4
2011-10-20,19.8
2011-10-21,21.599999999999998
2011-10-22,25.2
2011-10-23,24.0
2011-10-24,19.8
2011-10-25,18.599999999999998
2011-10-26,18.599999999999998
2011-10-27,18.0
2011-10-28,18.0
2011-10-29,21.0
2011-10-30,19.8
2011-10-31,16.8
2011-11-01,18.45
2011-11-02,18.900000000000002
2011-11-03,18.900000000000002
2011-11-04,20.25
2011-11-05,22.95
2011-11-06,22.05
2011-11-07,19.35
2011-11-08,18.0
2011-11-09,18.0
2011-11-10,18.900000000000002
2011-11-11,21.6
2011-11-12,23.85
2011-11-13,22.95
2011-11-14,20.7
2011-11-15,19.35
2011-11-16,20.25
2011-11-17,20.25
2011-11-18,20.25
2011-11-19,23.85
2011-11-20,25.2
2011-11-21,22.5
2011-11-22,24.3
2011-11-23,30.6
2011-11-24,40.050000000000004
2011-11-25,45.0
2011-11-26,29.7
2011-11-27,26.1
2011-11-28,23.85
2011-11-29,19.8
2011-11-30,20.25
2011-12-01,26.66
2011-12-02,25.8
2011-12-03,28.81
2011-12-04,27.52
2011-12-05,24.94
2011-12-06,24.509999999999998
2011-12-07,24.08
2011-12-08,23.65
2011-12-09,24.509999999999998
2011-12-10,28.38
2011-12-11,26.66
2011-12-12,25.8
2011-12-13,25.8
2011-12-14,24.94
2011-12-15,24.509999999999998
2011-12-16,25.37
2011-12-17,29.24
2011-12-18,29.24
2011-12-19,27.52
2011-12-20,27.52
2011-12-21,27.95
2011-12-22,28.38
2011-12-23,30.96
2011-12-24,34.4
2011-12-25,43.0
2011-12-26,41.71
2011-12-27,33.97
2011-12-28,29.669999999999998
2011-12-29,28.38
2011-12-30,27.52
2011-12-31,28.38
2012-01-01,34.199999999999996
2012-01-02,36.0
2012-01-03,31.32
2012-01-04,29.52
2012-01-05,29.52
2012-01-06,28.799999999999997
2012-01-07,32.76
2012-01-08,32.4
2012-01-09,28.799999999999997
2012-01-10,28.439999999999998
2012-01-11,28.08
2012-01-12,27.36
2012-01-13,28.439999999999998
2012-01-14,32.4
2012-01-15,31.32
2012-01-16,29.52
2012-01-17,28.08
2012-01-18,26.64
2012-01-19,29.16
2012-01-20,28.439999999999998
2012-01-21,29.88
2012-01-22,29.52
2012-01-23,27.0
2012-01-24,28.439999999999998
2012-01-25,29.16
2012-01-26,26.64
2012-01-27,27.0
2012-01-28,30.24
2012-01-29,30.24
2012-01-30,27.0
2012-01-31,26.279999999999998
2012-02-01,28.380000000000003
2012-02-02,28.380000000000003
2012-02-03,28.71
2012-02-04,32.01
2012-02-05,31.020000000000003
2012-02-06,27.060000000000002
2012-02-07,29.040000000000003
2012-02-08,28.71
2012-02-09,28.380000000000003
2012-02-10,29.37
2012-02-11,32.01
2012-02-12,30.69
2012-02-13,28.05
2012-02-14,29.37
2012-02-15,28.71
2012-02-16,30.03
2012-02-17,30.360000000000003
2012-02-18,32.34
2012-02-19,33.0
2012-02-20,30.03
2012-02-21,29.37
2012-02-22,29.37
2012-02-23,28.71
2012-02-24,28.71
2012-02-25,32.01
2012-02-26,33.0
2012-02-27,27.39
2012-02-28,28.05
2012-02-29,31.020000000000003
2012-03-01,14.4
2012-03-02,14.0
2012-03-03,16.0
2012-03-04,16.0
2012-03-05,14.8
2012-03-06,14.8
2012-03-07,40.0
2012-03-08,26.400000000000002
2012-03-09,18.0
2012-03-10,18.400000000000002
2012-03-11,18.0
2012-03-12,15.600000000000001
2012-03-13,15.200000000000001
2012-03-14,15.200000000000001
2012-03-15,16.0
2012-03-16,19.6
2012-03-17,19.6
2012-03-18,17.6
2012-03-19,18.0
2012-03-20,16.0
2012-03-21,15.200000000000001
2012-03-22,14.0
2012-03-23,14.8
2012-03-24,16.0
2012-03-25,15.600000000000001
2012-03-26,14.4
2012-03-27,14.4
2012-03-28,13.600000000000001
2012-03-29,13.600000000000001
2012-03-30,13.600000000000001
2012-03-31,14.0
2012-04-01,30.72
2012-04-02,27.52
2012-04-03,27.84
2012-04-04,28.16
2012-04-05,27.2
2012-04-06,30.080000000000002
2012-04-07,32.0
2012-04-08,30.400000000000002
2012-04-09,27.84
2012-04-10,27.2
2012-04-11,28.8
2012-04-12,27.2
2012-04-13,26.88
2012-04-14,29.12
2012-04-15,29.12
2012-04-16,26.240000000000002
2012-04-17,27.52
2012-04-18,27.52
2012-04-19,27.52
2012-04-20,27.84
2012-04-21,29.76
2012-04-22,30.080000000000002
2012-04-23,27.84
2012-04-24,31.04
2012-04-25,29.44
2012-04-26,26.560000000000002
2012-04-27,27.52
2012-04-28,28.48
2012-04-29,29.44
2012-04-30,28.16
2012-05-01,27.9
2012-05-02,27.28
2012-05-03,26.97
2012-05-04,27.59
2012-05-05,29.14
2012-05-06,29.45
2012-05-07,28.21
2012-05-08,28.52
2012-05-09,26.66
2012-05-10,27.28
2012-05-11,29.14
2012-05-12,30.38
2012-05-13,31.0
2012-05-14,28.83
2012-05-15,27.59
2012-05-16,27.9
2012-05-17,27.9
2012-05-18,27.59
2012-05-19,29.14
2012-05-20,28.83
2012-05-21,27.59
2012-05-22,27.59
2012-05-23,28.21
2012-05-24,27.9
2012-05-25,27.59
2012-05-26,29.45
2012-05-27,29.759999999999998
2012-05-28,30.38
2012-05-29,27.59
2012-05-30,28.21
2012-05-31,27.9
2012-06-01,16.919999999999998
2012-06-02,19.08
2012-06-03,19.08
2012-06-04,17.64
2012-06-05,18.0
2012-06-06,17.64
2012-06-07,17.64
2012-06-08,18.36
2012-06-09,19.8
2012-06-10,19.8
2012-06-11,36.0
2012-06-12,30.24
2012-06-13,24.119999999999997
2012-06-14,21.24
2012-06-15,20.88
2012-06-16,21.96
2012-06-17,22.32
2012-06-18,20.16
2012-06-19,21.24
2012-06-20,20.52
2012-06-21,20.16
2012-06-22,19.08
2012-06-23,21.599999999999998
2012-06-24,20.88
2012-06-25,18.36
2012-06-26,18.72
2012-06-27,18.72
2012-06-28,18.0
2012-06-29,18.0
2012-06-30,19.08
2012-07-01,32.67
2012-07-02,29.040000000000003
2012-07-03,28.71
2012-07-04,31.020000000000003
2012-07-05,29.040000000000003
2012-07-06,28.71
2012-07-07,31.020000000000003
2012-07-08,31.020000000000003
2012-07-09,29.37
2012-07-10,28.380000000000003
2012-07-11,28.71
2012-07-12,28.05
2012-07-13,28.71
2012-07-14,30.69
2012-07-15,31.68
2012-07-16,29.37
2012-07-17,28.71
2012-07-18,28.380000000000003
2012-07-19,28.71
2012-07-20,27.39
2012-07-21,31.020000000000003
2012-07-22,30.03
2012-07-23,28.380000000000003
2012-07-24,32.01
2012-07-25,33.0
2012-07-26,33.0
2012-07-27,30.69
2012-07-28,32.01
2012-07-29,31.35
2012-07-30,31.35
2012-07-31,31.68
2012-08-01,25.56
2012-08-02,26.279999999999998
2012-08-03,25.2
2012-08-04,27.0
2012-08-05,27.36
2012-08-06,24.84
2012-08-07,26.279999999999998
2012-08-08,25.56
2012-08-09,25.2
2012-08-10,25.56
2012-08-11,27.72
2012-08-12,28.08
2012-08-13,25.56
2012-08-14,25.56
2012-08-15,25.919999999999998
2012-08-16,25.919999999999998
2012-08-17,27.72
2012-08-18,29.16
2012-08-19,28.439999999999998
2012-08-20,27.72
2012-08-21,29.16
2012-08-22,26.64
2012-08-23,26.64
2012-08-24,28.439999999999998
2012-08-25,36.0
2012-08-26,33.12
2012-08-27,29.16
2012-08-28,30.959999999999997
2012-08-29,31.32
2012-08-30,29.52
2012-08-31,28.439999999999998
2012-09-01,14.75
2012-09-02,15.34
2012-09-03,14.75
2012-09-04,14.16
2012-09-05,14.16
2012-09-06,13.569999999999999
2012-09-07,12.979999999999999
2012-09-08,14.75
2012-09-09,15.34
2012-09-10,14.75
2012-09-11,15.93
2012-09-12,59.0
2012-09-13,30.68
2012-09-14,27.729999999999997
2012-09-15,22.419999999999998
2012-09-16,20.06
2012-09-17,17.7
2012-09-18,16.52
2012-09-19,18.88
2012-09-20,21.83
2012-09-21,25.959999999999997
2012-09-22,27.139999999999997
2012-09-23,25.369999999999997
2012-09-24,20.65
2012-09-25,19.47
2012-09-26,18.29
2012-09-27,17.7
2012-09-28,18.29
2012-09-29,21.83
2012-09-30,21.24
2012-10-01,30.08
2012-10-02,29.139999999999997
2012-10-03,27.729999999999997
2012-10-04,26.32
2012-10-05,30.08
2012-10-06,38.07
2012-10-07,35.25
2012-10-08,29.61
2012-10-09,25.38
2012-10-10,26.32
2012-10-11,26.32
2012-10-12,27.259999999999998
2012-10-13,32.9
2012-10-14,31.959999999999997
2012-10-15,24.91
2012-10-16,25.849999999999998
2012-10-17,24.439999999999998
2012-10-18,24.91
2012-10-19,24.91
2012-10-20,31.02
2012-10-21,30.549999999999997
2012-10-22,25.849999999999998
2012-10-23,47.0
2012-10-24,36.19
2012-10-25,28.669999999999998
2012-10-26,29.61
2012-10-27,30.08
2012-10-28,27.729999999999997
2012-10-29,23.5
2012-10-30,23.029999999999998
2012-10-31,23.5
2012-11-01,20.25
2012-11-02,22.5
2012-11-03,24.75
2012-11-04,24.75
2012-11-05,20.7
2012-11-06,18.900000000000002
2012-11-07,17.1
2012-11-08,21.150000000000002
2012-11-09,21.150000000000002
2012-11-10,22.95
2012-11-11,23.85
2012-11-12,22.05
2012-11-13,20.25
2012-11-14,20.25
2012-11-15,21.150000000000002
2012-11-16,21.150000000000002
2012-11-17,24.75
2012-11-18,26.1
2012-11-19,24.75
2012-11-20,26.55
2012-11-21,34.65
2012-11-22,42.300000000000004
2012-11-23,45.0
2012-11-24,30.6
2012-11-25,25.650000000000002
2012-11-26,25.650000000000002
2012-11-27,22.5
2012-11-28,19.8
2012-11-29,19.8
2012-11-30,21.150000000000002
2012-12-01,26.88
2012-12-02,26.459999999999997
2012-12-03,23.52
2012-12-04,23.52
2012-12-05,23.939999999999998
2012-12-06,25.2
2012-12-07,25.2
2012-12-08,27.3
2012-12-09,26.04
2012-12-10,23.939999999999998
2012-12-11,23.939999999999998
2012-12-12,23.52
2012-12-13,24.36
2012-12-14,23.52
2012-12-15,27.3
2012-12-16,27.72
2012-12-17,24.779999999999998
2012-12-18,26.04
2012-12-19,25.2
2012-12-20,25.2
2012-12-21,25.619999999999997
2012-12-22,30.24
2012-12-23,31.08
2012-12-24,31.919999999999998
2012-12-25,42.0
2012-12-26,36.54
2012-12-27,29.82
2012-12-28,28.14
2012-12-29,29.4
2012-12-30,27.72
2012-12-31,26.04
2013-01-01,35.0
2013-01-02,34.65
2013-01-03,32.199999999999996
2013-01-04,30.799999999999997
2013-01-05,33.599999999999994
2013-01-06,33.25
2013-01-07,29.4
2013-01-08,28.7
2013-01-09,26.95
2013-01-10,27.299999999999997
2013-01-11,27.65
2013-01-12,31.849999999999998
2013-01-13,31.15
2013-01-14,29.049999999999997
2013-01-15,28.0
2013-01-16,27.299999999999997
2013-01-17,26.25
2013-01-18,27.299999999999997
2013-01-19,30.45
2013-01-20,30.45
2013-01-21,28.349999999999998
2013-01-22,26.25
2013-01-23,29.4
2013-01-24,31.499999999999996
2013-01-25,28.7
2013-01-26,31.15
2013-01-27,30.45
2013-01-28,28.0
2013-01-29,29.4
2013-01-30,27.299999999999997
2013-01-31,26.599999999999998
2013-02-01,28.48
2013-02-02,32.0
2013-02-03,30.400000000000002
2013-02-04,25.92
2013-02-05,27.2
2013-02-06,26.88
2013-02-07,26.560000000000002
2013-02-08,26.88
2013-02-09,30.080000000000002
2013-02-10,30.400000000000002
2013-02-11,26.88
2013-02-12,27.2
2013-02-13,26.88
2013-02-14,25.92
2013-02-15,26.240000000000002
2013-02-16,30.400000000000002
2013-02-17,30.72
2013-02-18,27.52
2013-02-19,26.560000000000002
2013-02-20,27.2
2013-02-21,25.92
2013-02-22,26.240000000000002
2013-02-23,30.080000000000002
2013-02-24,29.76
2013-02-25,24.64
2013-02-26,24.96
2013-02-27,26.240000000000002
2013-02-28,25.6
2013-03-01,26.97
2013-03-02,30.69
2013-03-03,31.0
2013-03-04,28.21
2013-03-05,26.66
2013-03-06,26.35
2013-03-07,26.04
2013-03-08,26.35
2013-03-09,29.14
2013-03-10,30.07
2013-03-11,26.97
2013-03-12,26.66
2013-03-13,25.419999999999998
2013-03-14,26.97
2013-03-15,26.66
2013-03-16,28.83
2013-03-17,29.759999999999998
2013-03-18,26.04
2013-03-19,26.04
2013-03-20,26.97
2013-03-21,26.35
2013-03-22,27.9
2013-03-23,29.45
2013-03-24,31.0
2013-03-25,25.73
2013-03-26,26.35
2013-03-27,26.35
2013-03-28,25.73
2013-03-29,27.28
2013-03-30,29.759999999999998
2013-03-31,29.14
2013-04-01,27.9
2013-04-02,27.3
2013-04-03,27.3
2013-04-04,26.7
2013-04-05,27.3
2013-04-06,29.4
2013-04-07,29.099999999999998
2013-04-08,26.7
2013-04-09,25.8
2013-04-10,25.2
2013-04-11,25.8
2013-04-12,27.0
2013-04-13,28.2
2013-04-14,29.099999999999998
2013-04-15,24.3
2013-04-16,24.9
2013-04-17,27.0
2013-04-18,26.099999999999998
2013-04-19,24.3
2013-04-20,27.3
2013-04-21,29.099999999999998
2013-04-22,27.0
2013-04-23,30.0
2013-04-24,28.2
2013-04-25,26.4
2013-04-26,25.8
2013-04-27,27.3
2013-04-28,28.799999999999997
2013-04-29,26.099999999999998
2013-04-30,26.099999999999998
2013-05-01,25.81
2013-05-02,24.939999999999998
2013-05-03,25.81
2013-05-04,28.709999999999997
2013-05-05,28.999999999999996
2013-05-06,26.389999999999997
2013-05-07,25.229999999999997
2013-05-08,24.36
2013-05-09,24.939999999999998
2013-05-10,24.939999999999998
2013-05-11,28.709999999999997
2013-05-12,28.709999999999997
2013-05-13,26.389999999999997
2013-05-14,25.229999999999997
2013-05-15,25.81
2013-05-16,25.52
2013-05-17,24.65
2013-05-18,27.259999999999998
2013-05-19,27.259999999999998
2013-05-20,25.52
2013-05-21,25.81
2013-05-22,26.389999999999997
2013-05-23,25.52
2013-05-24,25.52
2013-05-25,27.549999999999997
2013-05-26,28.709999999999997
2013-05-27,28.419999999999998
2013-05-28,26.099999999999998
2013-05-29,25.229999999999997
2013-05-30,25.52
2013-05-31,24.65
2013-06-01,15.98
2013-06-02,17.0
2013-06-03,15.3
2013-06-04,15.64
2013-06-05,15.98
2013-06-06,15.98
2013-06-07,17.0
2013-06-08,17.68
2013-06-09,18.360000000000003
2013-06-10,34.0
2013-06-11,28.560000000000002
2013-06-12,20.740000000000002
2013-06-13,19.040000000000003
2013-06-14,18.360000000000003
2013-06-15,18.700000000000003
2013-06-16,19.040000000000003
2013-06-17,17.34
2013-06-18,17.0
2013-06-19,16.66
2013-06-20,17.0
2013-06-21,16.32
2013-06-22,18.02
2013-06-23,18.700000000000003
2013-06-24,17.0
2013-06-25,16.32
2013-06-26,15.98
2013-06-27,15.98
2013-06-28,16.32
2013-06-29,17.34
2013-06-30,17.68
2013-07-01,28.8
2013-07-02,29.44
2013-07-03,28.8
2013-07-04,31.36
2013-07-05,27.52
2013-07-06,29.12
2013-07-07,30.080000000000002
2013-07-08,29.12
2013-07-09,29.76
2013-07-10,29.12
2013-07-11,28.48
2013-07-12,27.84
2013-07-13,30.400000000000002
2013-07-14,28.48
2013-07-15,27.84
2013-07-16,27.2
2013-07-17,27.52
2013-07-18,26.88
2013-07-19,27.52
2013-07-20,29.76
2013-07-21,30.400000000000002
2013-07-22,28.8
2013-07-23,30.72
2013-07-24,29.76
2013-07-25,29.12
2013-07-26,29.12
2013-07-27,31.04
2013-07-28,32.0
2013-07-29,29.44
2013-07-30,29.76
2013-07-31,28.8
2013-08-01,27.39
2013-08-02,27.39
2013-08-03,30.69
2013-08-04,30.69
2013-08-05,28.71
2013-08-06,29.040000000000003
2013-08-07,28.71
2013-08-08,28.05
2013-08-09,27.720000000000002
2013-08-10,30.03
2013-08-11,31.35
2013-08-12,29.040000000000003
2013-08-13,29.37
2013-08-14,30.03
2013-08-15,28.71
2013-08-16,28.05
2013-08-17,30.360000000000003
2013-08-18,30.69
2013-08-19,28.380000000000003
2013-08-20,28.380000000000003
2013-08-21,28.71
2013-08-22,28.05
2013-08-23,29.040000000000003
2013-08-24,30.360000000000003
2013-08-25,31.020000000000003
2013-08-26,27.720000000000002
2013-08-27,29.040000000000003
2013-08-28,28.71
2013-08-29,28.71
2013-08-30,28.380000000000003
2013-08-31,33.0
2013-09-01,14.040000000000001
2013-09-02,14.580000000000002
2013-09-03,13.5
2013-09-04,13.5
2013-09-05,12.96
2013-09-06,12.96
2013-09-07,15.120000000000001
2013-09-08,15.66
2013-09-09,15.66
2013-09-10,54.0
2013-09-11,27.0
2013-09-12,17.82
2013-09-13,17.82
2013-09-14,19.44
2013-09-15,18.36
2013-09-16,15.66
2013-09-17,15.66
2013-09-18,24.3
2013-09-19,22.68
2013-09-20,26.46
2013-09-21,25.92
2013-09-22,23.220000000000002
2013-09-23,18.900000000000002
2013-09-24,17.82
2013-09-25,17.28
2013-09-26,16.740000000000002
2013-09-27,17.28
2013-09-28,21.6
2013-09-29,21.6
2013-09-30,16.740000000000002
2013-10-01,24.75
2013-10-02,24.75
2013-10-03,24.3
2013-10-04,26.1
2013-10-05,34.2
2013-10-06,34.2
2013-10-07,25.650000000000002
2013-10-08,25.2
2013-10-09,24.3
2013-10-10,23.400000000000002
2013-10-11,24.75
2013-10-12,31.05
2013-10-13,31.95
2013-10-14,26.1
2013-10-15,23.85
2013-10-16,22.95
2013-10-17,22.05
2013-10-18,23.85
2013-10-19,28.35
2013-10-20,28.8
2013-10-21,23.85
2013-10-22,45.0
2013-10-23,34.2
2013-10-24,28.35
2013-10-25,26.1
2013-10-26,29.7
2013-10-27,28.8
2013-10-28,24.75
2013-10-29,23.400000000000002
2013-10-30,22.5
2013-10-31,21.150000000000002
2013-11-01,24.08
2013-11-02,27.09
2013-11-03,26.23
2013-11-04,21.93
2013-11-05,21.07
2013-11-06,21.07
2013-11-07,20.21
2013-11-08,20.21
2013-11-09,24.94
2013-11-10,24.94
2013-11-11,21.5
2013-11-12,20.64
2013-11-13,20.21
2013-11-14,20.21
2013-11-15,21.07
2013-11-16,23.65
2013-11-17,24.08
2013-11-18,20.21
2013-11-19,21.5
2013-11-20,23.65
2013-11-21,22.79
2013-11-22,21.5
2013-11-23,25.8
2013-11-24,27.09
2013-11-25,23.65
2013-11-26,27.09
2013-11-27,35.69
2013-11-28,43.0
2013-11-29,42.14
2013-11-30,29.669999999999998
2013-12-01,24.419999999999998
2013-12-02,26.27
2013-12-03,22.57
2013-12-04,21.83
2013-12-05,19.98
2013-12-06,20.35
2013-12-07,23.31
2013-12-08,23.68
2013-12-09,19.98
2013-12-10,20.35
2013-12-11,20.35
2013-12-12,19.98
2013-12-13,21.09
2013-12-14,24.05
2013-12-15,24.05
2013-12-16,21.46
2013-12-17,21.46
2013-12-18,21.46
2013-12-19,22.2
2013-12-20,22.2
2013-12-21,25.9
2013-12-22,26.64
2013-12-23,25.9
2013-12-24,29.23
2013-12-25,37.0
2013-12-26,31.08
2013-12-27,27.009999999999998
2013-12-28,26.64
2013-12-29,25.53
2013-12-30,23.31
2013-12-31,23.68
2014-01-01,32.0
2014-01-02,30.72
2014-01-03,29.12
2014-01-04,31.04
2014-01-05,31.36
2014-01-06,28.16
2014-01-07,26.88
2014-01-08,26.88
2014-01-09,26.88
2014-01-10,26.560000000000002
2014-01-11,30.72
2014-01-12,30.080000000000002
2014-01-13,26.88
2014-01-14,26.240000000000002
2014-01-15,27.2
2014-01-16,25.6
2014-01-17,24.64
2014-01-18,28.16
2014-01-19,30.080000000000002
2014-01-20,27.84
2014-01-21,25.28
2014-01-22,26.240000000000002
2014-01-23,25.6
2014-01-24,27.2
2014-01-25,31.36
2014-01-26,30.400000000000002
2014-01-27,26.240000000000002
2014-01-28,27.52
2014-01-29,27.2
2014-01-30,24.96
2014-01-31,25.92
2014-02-01,25.229999999999997
2014-02-02,24.65
2014-02-03,21.459999999999997
2014-02-04,22.91
2014-02-05,22.04
2014-02-06,21.169999999999998
2014-02-07,22.619999999999997
2014-02-08,24.65
2014-02-09,24.939999999999998
2014-02-10,21.75
2014-02-11,21.169999999999998
2014-02-12,21.75
2014-02-13,22.04
2014-02-14,21.459999999999997
2014-02-15,24.36
2014-02-16,24.939999999999998
2014-02-17,22.91
2014-02-18,22.04
2014-02-19,21.75
2014-02-20,20.88
2014-02-21,21.459999999999997
2014-02-22,26.97
2014-02-23,28.999999999999996
2014-02-24,24.65
2014-02-25,23.779999999999998
2014-02-26,23.2
2014-02-27,22.04
2014-02-28,22.619999999999997
2014-03-01,27.839999999999996
2014-03-02,28.419999999999998
2014-03-03,24.65
2014-03-04,24.069999999999997
2014-03-05,24.069999999999997
2014-03-06,24.069999999999997
2014-03-07,22.91
2014-03-08,26.389999999999997
2014-03-09,26.099999999999998
2014-03-10,23.49
2014-03-11,24.65
2014-03-12,23.779999999999998
2014-03-13,24.65
2014-03-14,24.65
2014-03-15,27.839999999999996
2014-03-16,28.999999999999996
2014-03-17,24.939999999999998
2014-03-18,23.49
2014-03-19,24.65
2014-03-20,23.49
2014-03-21,22.619999999999997
2014-03-22,25.229999999999997
2014-03-23,25.81
2014-03-24,24.069999999999997
2014-03-25,23.779999999999998
2014-03-26,23.49
2014-03-27,23.2
2014-03-28,23.49
2014-03-29,25.81
2014-03-30,25.52
2014-03-31,23.2
2014-04-01,23.240000000000002
2014-04-02,24.080000000000002
2014-04-03,23.8
2014-04-04,24.080000000000002
2014-04-05,26.040000000000003
2014-04-06,26.320000000000004
2014-04-07,24.080000000000002
2014-04-08,24.080000000000002
2014-04-09,23.240000000000002
2014-04-10,23.240000000000002
2014-04-11,23.240000000000002
2014-04-12,25.200000000000003
2014-04-13,26.040000000000003
2014-04-14,23.520000000000003
2014-04-15,22.680000000000003
2014-04-16,23.240000000000002
2014-04-17,23.8
2014-04-18,24.92
2014-04-19,27.160000000000004
2014-04-20,25.76
2014-04-21,25.200000000000003
2014-04-22,25.200000000000003
2014-04-23,26.6
2014-04-24,28.000000000000004
2014-04-25,26.040000000000003
2014-04-26,28.000000000000004
2014-04-27,27.160000000000004
2014-04-28,25.200000000000003
2014-04-29,25.480000000000004
2014-04-30,25.200000000000003
2014-05-01,24.939999999999998
2014-05-02,24.939999999999998
2014-05-03,27.839999999999996
2014-05-04,26.97
2014-05-05,24.939999999999998
2014-05-06,25.229999999999997
2014-05-07,23.779999999999998
2014-05-08,24.65
2014-05-09,28.999999999999996
2014-05-10,28.709999999999997
2014-05-11,28.13
2014-05-12,25.81
2014-05-13,24.939999999999998
2014-05-14,23.779999999999998
2014-05-15,24.36
2014-05-16,23.49
2014-05-17,27.549999999999997
2014-05-18,26.97
2014-05-19,24.36
2014-05-20,24.65
2014-05-21,23.49
2014-05-22,24.939999999999998
2014-05-23,24.36
2014-05-24,25.52
2014-05-25,25.52
2014-05-26,26.68
2014-05-27,25.52
2014-05-28,26.68
2014-05-29,26.97
2014-05-30,25.229999999999997
2014-05-31,27.549999999999997
2014-06-01,18.6
2014-06-02,31.0
2014-06-03,24.49
2014-06-04,19.53
2014-06-05,18.6
2014-06-06,17.669999999999998
2014-06-07,18.29
2014-06-08,19.22
2014-06-09,19.53
2014-06-10,18.91
2014-06-11,17.98
2014-06-12,17.05
2014-06-13,16.74
2014-06-14,17.36
2014-06-15,18.29
2014-06-16,17.05
2014-06-17,16.43
2014-06-18,17.36
2014-06-19,16.74
2014-06-20,16.43
2014-06-21,17.669999999999998
2014-06-22,17.98
2014-06-23,16.12
2014-06-24,16.12
2014-06-25,16.74
2014-06-26,16.12
2014-06-27,16.12
2014-06-28,17.05
2014-06-29,17.36
2014-06-30,16.43
2014-07-01,27.0
2014-07-02,27.3
2014-07-03,27.0
2014-07-04,29.099999999999998
2014-07-05,26.099999999999998
2014-07-06,27.9
2014-07-07,27.9
2014-07-08,26.7
2014-07-09,26.099999999999998
2014-07-10,26.7
2014-07-11,25.8
2014-07-12,26.7
2014-07-13,26.4
2014-07-14,27.0
2014-07-15,26.4
2014-07-16,27.0
2014-07-17,26.099999999999998
2014-07-18,26.4
2014-07-19,27.599999999999998
2014-07-20,29.099999999999998
2014-07-21,28.2
2014-07-22,30.0
2014-07-23,28.5
2014-07-24,27.599999999999998
2014-07-25,27.0
2014-07-26,28.2
2014-07-27,29.099999999999998
2014-07-28,27.599999999999998
2014-07-29,29.099999999999998
2014-07-30,27.9
2014-07-31,27.599999999999998
2014-08-01,25.92
2014-08-02,27.52
2014-08-03,28.48
2014-08-04,26.88
2014-08-05,26.560000000000002
2014-08-06,27.84
2014-08-07,26.560000000000002
2014-08-08,25.92
2014-08-09,27.52
2014-08-10,28.16
2014-08-11,26.560000000000002
2014-08-12,25.28
2014-08-13,26.240000000000002
2014-08-14,26.240000000000002
2014-08-15,25.28
2014-08-16,26.560000000000002
2014-08-17,29.76
2014-08-18,26.560000000000002
2014-08-19,26.240000000000002
2014-08-20,27.52
2014-08-21,25.92
2014-08-22,26.560000000000002
2014-08-23,28.8
2014-08-24,29.76
2014-08-25,29.44
2014-08-26,30.400000000000002
2014-08-27,29.44
2014-08-28,29.76
2014-08-29,29.44
2014-08-30,31.36
2014-08-31,32.0
2014-09-01,9.76
2014-09-02,9.15
2014-09-03,9.76
2014-09-04,9.15
2014-09-05,9.15
2014-09-06,9.76
2014-09-07,10.37
2014-09-08,10.98
2014-09-09,61.0
2014-09-10,29.28
2014-09-11,16.47
2014-09-12,20.13
2014-09-13,15.86
2014-09-14,14.64
2014-09-15,12.81
2014-09-16,12.2
2014-09-17,12.81
2014-09-18,14.03
2014-09-19,17.08
2014-09-20,18.91
2014-09-21,16.47
2014-09-22,14.03
2014-09-23,12.81
2014-09-24,13.42
2014-09-25,14.03
2014-09-26,14.03
2014-09-27,15.25
2014-09-28,14.64
2014-09-29,12.2
2014-09-30,11.59
2014-10-01,35.25
2014-10-02,33.37
2014-10-03,35.25
2014-10-04,42.769999999999996
2014-10-05,44.65
2014-10-06,34.309999999999995
2014-10-07,32.9
2014-10-08,32.9
2014-10-09,33.37
2014-10-10,33.37
2014-10-11,40.89
2014-10-12,41.36
2014-10-13,35.25
2014-10-14,31.02
2014-10-15,31.959999999999997
2014-10-16,47.0
2014-10-17,42.3
2014-10-18,44.18
2014-10-19,42.3
2014-10-20,42.3
2014-10-21,41.36
2014-10-22,35.72
2014-10-23,34.309999999999995
2014-10-24,34.309999999999995
2014-10-25,39.949999999999996
2014-10-26,39.01
2014-10-27,32.43
2014-10-28,31.959999999999997
2014-10-29,29.61
2014-10-30,31.959999999999997
2014-10-31,31.49
2014-11-01,27.09
2014-11-02,27.95
2014-11-03,23.65
2014-11-04,22.79
2014-11-05,21.5
2014-11-06,22.36
2014-11-07,23.22
2014-11-08,25.37
2014-11-09,26.23
2014-11-10,23.65
2014-11-11,23.65
2014-11-12,21.93
2014-11-13,21.07
2014-11-14,22.36
2014-11-15,24.94
2014-11-16,25.8
2014-11-17,23.22
2014-11-18,23.22
2014-11-19,22.36
2014-11-20,23.65
2014-11-21,22.79
2014-11-22,27.52
2014-11-23,27.95
2014-11-24,25.8
2014-11-25,27.95
2014-11-26,36.98
2014-11-27,43.0
2014-11-28,36.55
2014-11-29,29.669999999999998
2014-11-30,28.81
2014-12-01,27.75
2014-12-02,24.419999999999998
2014-12-03,22.57
2014-12-04,22.2
2014-12-05,22.57
2014-12-06,25.53
2014-12-07,25.16
2014-12-08,22.57
2014-12-09,22.57
2014-12-10,22.2
2014-12-11,22.57
2014-12-12,22.94
2014-12-13,25.16
2014-12-14,26.27
2014-12-15,23.68
2014-12-16,23.31
2014-12-17,23.68
2014-12-18,23.68
2014-12-19,24.79
2014-12-20,27.009999999999998
2014-12-21,28.12
2014-12-22,26.27
2014-12-23,26.64
2014-12-24,29.97
2014-12-25,37.0
2014-12-26,33.3
2014-12-27,29.97
2014-12-28,27.75
2014-12-29,25.16
2014-12-30,25.16
2014-12-31,25.16
2015-01-01,33.0
2015-01-02,32.67
2015-01-03,31.68
2015-01-04,31.020000000000003
2015-01-05,29.040000000000003
2015-01-06,28.05
2015-01-07,28.380000000000003
2015-01-08,27.720000000000002
2015-01-09,27.720000000000002
2015-01-10,30.03
2015-01-11,30.03
2015-01-12,26.07
2015-01-13,27.720000000000002
2015-01-14,26.73
2015-01-15,26.07
2015-01-16,26.400000000000002
2015-01-17,30.03
2015-01-18,29.700000000000003
2015-01-19,28.05
2015-01-20,27.39
2015-01-21,26.07
2015-01-22,26.400000000000002
2015-01-23,25.740000000000002
2015-01-24,29.37
2015-01-25,28.380000000000003
2015-01-26,25.740000000000002
2015-01-27,28.380000000000003
2015-01-28,29.700000000000003
2015-01-29,26.73
2015-01-30,26.400000000000002
2015-01-31,29.37
2015-02-01,29.099999999999998
2015-02-02,24.9
2015-02-03,26.7
2015-02-04,26.099999999999998
2015-02-05,26.7
2015-02-06,26.7
2015-02-07,28.799999999999997
2015-02-08,29.7
2015-02-09,26.4
2015-02-10,26.7
2015-02-11,27.599999999999998
2015-02-12,27.0
2015-02-13,27.3
2015-02-14,29.4
2015-02-15,29.4
2015-02-16,28.2
2015-02-17,27.599999999999998
2015-02-18,27.599999999999998
2015-02-19,27.0
2015-02-20,27.3
2015-02-21,28.5
2015-02-22,28.799999999999997
2015-02-23,26.7
2015-02-24,28.2
2015-02-25,26.7
2015-02-26,27.599999999999998
2015-02-27,27.0
2015-02-28,30.0
2015-03-01,15.91
2015-03-02,15.17
2015-03-03,14.06
2015-03-04,14.43
2015-03-05,14.43
2015-03-06,15.17
2015-03-07,16.65
2015-03-08,16.65
2015-03-09,37.0
2015-03-10,30.71
2015-03-11,25.9
2015-03-12,20.72
2015-03-13,18.87
2015-03-14,20.72
2015-03-15,19.98
2015-03-16,17.39
2015-03-17,17.39
2015-03-18,15.91
2015-03-19,16.28
2015-03-20,15.54
2015-03-21,17.39
2015-03-22,17.02
2015-03-23,14.8
2015-03-24,15.17
2015-03-25,14.43
2015-03-26,14.43
2015-03-27,14.8
2015-03-28,15.91
2015-03-29,15.91
2015-03-30,15.17
2015-03-31,14.8
2015-04-01,23.31
2015-04-02,22.2
2015-04-03,22.94
2015-04-04,25.53
2015-04-05,25.53
2015-04-06,24.05
2015-04-07,24.05
2015-04-08,25.9
2015-04-09,27.38
2015-04-10,37.0
2015-04-11,30.71
2015-04-12,27.75
2015-04-13,26.27
2015-04-14,24.05
2015-04-15,24.05
2015-04-16,22.94
2015-04-17,23.68
2015-04-18,25.53
2015-04-19,25.53
2015-04-20,23.31
2015-04-21,23.31
2015-04-22,24.05
2015-04-23,24.79
2015-04-24,30.34
2015-04-25,30.34
2015-04-26,29.23
2015-04-27,29.23
2015-04-28,29.23
2015-04-29,26.27
2015-04-30,25.16
2015-05-01,31.62
2015-05-02,32.64
2015-05-03,31.28
2015-05-04,31.28
2015-05-05,31.28
2015-05-06,30.6
2015-05-07,30.26
2015-05-08,30.26
2015-05-09,33.660000000000004
2015-05-10,33.660000000000004
2015-05-11,30.26
2015-05-12,29.580000000000002
2015-05-13,29.92
2015-05-14,29.92
2015-05-15,30.26
2015-05-16,31.28
2015-05-17,31.96
2015-05-18,30.26
2015-05-19,30.94
2015-05-20,30.6
2015-05-21,30.26
2015-05-22,30.26
2015-05-23,32.980000000000004
2015-05-24,31.62
2015-05-25,32.64
2015-05-26,28.900000000000002
2015-05-27,30.94
2015-05-28,31.62
2015-05-29,29.92
2015-05-30,32.300000000000004
2015-05-31,34.0
2015-06-01,26.279999999999998
2015-06-02,26.64
2015-06-03,25.919999999999998
2015-06-04,25.56
2015-06-05,24.84
2015-06-06,25.919999999999998
2015-06-07,26.279999999999998
2015-06-08,36.0
2015-06-09,32.4
2015-06-10,28.08
2015-06-11,26.64
2015-06-12,25.919999999999998
2015-06-13,26.279999999999998
2015-06-14,27.0
2015-06-15,25.56
2015-06-16,23.4
2015-06-17,24.119999999999997
2015-06-18,24.84
2015-06-19,24.48
2015-06-20,26.279999999999998
2015-06-21,27.36
2015-06-22,27.72
2015-06-23,26.279999999999998
2015-06-24,24.84
2015-06-25,24.84
2015-06-26,24.48
2015-06-27,27.0
2015-06-28,26.64
2015-06-29,26.279999999999998
2015-06-30,34.199999999999996
2015-07-01,37.0
2015-07-02,33.3
2015-07-03,33.67
2015-07-04,32.93
2015-07-05,31.82
2015-07-06,29.6
2015-07-07,29.97
2015-07-08,29.23
2015-07-09,29.6
2015-07-10,28.12
2015-07-11,30.34
2015-07-12,29.6
2015-07-13,28.12
2015-07-14,27.75
2015-07-15,28.49
2015-07-16,27.38
2015-07-17,27.38
2015-07-18,30.34
2015-07-19,29.97
2015-07-20,28.49
2015-07-21,31.08
2015-07-22,29.97
2015-07-23,27.75
2015-07-24,28.12
2015-07-25,28.86
2015-07-26,31.08
2015-07-27,28.49
2015-07-28,28.12
2015-07-29,27.75
2015-07-30,27.009999999999998
2015-07-31,27.009999999999998
2015-08-01,33.44
2015-08-02,33.06
2015-08-03,31.54
2015-08-04,34.2
2015-08-05,33.44
2015-08-06,31.54
2015-08-07,34.2
2015-08-08,36.86
2015-08-09,36.86
2015-08-10,34.2
2015-08-11,33.06
2015-08-12,32.68
2015-08-13,32.68
2015-08-14,33.82
2015-08-15,35.34
2015-08-16,36.480000000000004
2015-08-17,33.82
2015-08-18,34.58
2015-08-19,33.44
2015-08-20,31.92
2015-08-21,33.06
2015-08-22,36.1
2015-08-23,38.0
2015-08-24,37.62
2015-08-25,34.96
2015-08-26,33.82
2015-08-27,34.58
2015-08-28,34.96
2015-08-29,36.1
2015-08-30,37.24
2015-08-31,36.1
2015-09-01,15.950000000000001
2015-09-02,15.950000000000001
2015-09-03,15.400000000000002
2015-09-04,15.950000000000001
2015-09-05,18.150000000000002
2015-09-06,18.150000000000002
2015-09-07,18.700000000000003
2015-09-08,18.700000000000003
2015-09-09,55.00000000000001
2015-09-10,39.050000000000004
2015-09-11,24.750000000000004
2015-09-12,30.800000000000004
2015-09-13,24.200000000000003
2015-09-14,19.8
2015-09-15,19.8
2015-09-16,19.8
2015-09-17,20.35
2015-09-18,20.35
2015-09-19,24.200000000000003
2015-09-20,24.750000000000004
2015-09-21,22.55
2015-09-22,22.0
2015-09-23,20.900000000000002
2015-09-24,20.35
2015-09-25,23.1
2015-09-26,28.05
2015-09-27,26.400000000000002
2015-09-28,21.450000000000003
2015-09-29,20.35
2015-09-30,19.25
2015-10-01,36.34
2015-10-02,36.34
2015-10-03,45.54
2015-10-04,44.160000000000004
2015-10-05,35.88
2015-10-06,35.42
2015-10-07,34.96
2015-10-08,33.120000000000005
2015-10-09,35.42
2015-10-10,44.160000000000004
2015-10-11,46.0
2015-10-12,37.260000000000005
2015-10-13,34.04
2015-10-14,33.120000000000005
2015-10-15,32.2
2015-10-16,32.660000000000004
2015-10-17,40.480000000000004
2015-10-18,40.940000000000005
2015-10-19,32.2
2015-10-20,31.740000000000002
2015-10-21,30.82
2015-10-22,31.740000000000002
2015-10-23,32.2
2015-10-24,38.18
2015-10-25,38.64
2015-10-26,32.660000000000004
2015-10-27,32.660000000000004
2015-10-28,31.28
2015-10-29,30.360000000000003
2015-10-30,33.120000000000005
2015-10-31,37.72
2015-11-01,28.35
2015-11-02,23.400000000000002
2015-11-03,22.95
2015-11-04,22.5
2015-11-05,23.400000000000002
2015-11-06,22.5
2015-11-07,27.45
2015-11-08,27.45
2015-11-09,22.95
2015-11-10,22.95
2015-11-11,24.3
2015-11-12,23.85
2015-11-13,22.5
2015-11-14,25.2
2015-11-15,25.650000000000002
2015-11-16,22.95
2015-11-17,22.05
2015-11-18,22.95
2015-11-19,23.400000000000002
2015-11-20,22.95
2015-11-21,27.900000000000002
2015-11-22,29.25
2015-11-23,27.45
2015-11-24,29.7
2015-11-25,36.9
2015-11-26,45.0
2015-11-27,40.5
2015-11-28,31.5
2015-11-29,27.45
2015-11-30,28.8
2015-12-01,24.08
2015-12-02,21.93
2015-12-03,21.5
2015-12-04,21.93
2015-12-05,24.08
2015-12-06,25.8
2015-12-07,23.22
2015-12-08,22.36
2015-12-09,22.79
2015-12-10,23.65
2015-12-11,23.65
2015-12-12,27.09
2015-12-13,25.8
2015-12-14,23.65
2015-12-15,23.65
2015-12-16,22.79
2015-12-17,22.79
2015-12-18,24.08
2015-12-19,28.38
2015-12-20,29.24
2015-12-21,28.81
2015-12-22,27.52
2015-12-23,27.52
2015-12-24,31.39
2015-12-25,43.0
2015-12-26,38.7
2015-12-27,32.25
2015-12-28,28.38
2015-12-29,26.23
2015-12-30,26.23
2015-12-31,25.8
2016-01-01,35.28
2016-01-02,36.0
2016-01-03,34.92
2016-01-04,31.68
2016-01-05,31.68
2016-01-06,30.959999999999997
2016-01-07,30.24
2016-01-08,30.24
2016-01-09,32.76
2016-01-10,31.68
2016-01-11,28.08
2016-01-12,27.36
2016-01-13,27.72
2016-01-14,25.919999999999998
2016-01-15,28.439999999999998
2016-01-16,30.959999999999997
2016-01-17,30.599999999999998
2016-01-18,30.24
2016-01-19,27.0
2016-01-20,27.36
2016-01-21,26.279999999999998
2016-01-22,27.36
2016-01-23,29.88
2016-01-24,29.16
2016-01-25,27.36
2016-01-26,29.52
2016-01-27,28.799999999999997
2016-01-28,27.72
2016-01-29,28.08
2016-01-30,30.599999999999998
2016-01-31,29.88
2016-02-01,28.560000000000002
2016-02-02,27.540000000000003
2016-02-03,27.540000000000003
2016-02-04,27.540000000000003
2016-02-05,27.540000000000003
2016-02-06,31.28
2016-02-07,30.94
2016-02-08,26.860000000000003
2016-02-09,28.560000000000002
2016-02-10,27.540000000000003
2016-02-11,28.220000000000002
2016-02-12,28.560000000000002
2016-02-13,31.96
2016-02-14,31.96
2016-02-15,29.92
2016-02-16,27.880000000000003
2016-02-17,31.96
2016-02-18,34.0
2016-02-19,31.62
2016-02-20,34.0
2016-02-21,32.300000000000004
2016-02-22,30.26
2016-02-23,30.94
2016-02-24,29.580000000000002
2016-02-25,30.26
2016-02-26,29.92
2016-02-27,31.62
2016-02-28,32.300000000000004
2016-02-29,27.200000000000003
2016-03-01,19.08
2016-03-02,18.72
2016-03-03,18.0
2016-03-04,18.36
2016-03-05,20.88
2016-03-06,19.439999999999998
2016-03-07,18.72
2016-03-08,18.0
2016-03-09,17.28
2016-03-10,17.64
2016-03-11,18.0
2016-03-12,19.08
2016-03-13,20.16
2016-03-14,18.0
2016-03-15,17.64
2016-03-16,18.0
2016-03-17,17.64
2016-03-18,17.64
2016-03-19,20.16
2016-03-20,19.8
2016-03-21,36.0
2016-03-22,27.0
2016-03-23,22.32
2016-03-24,22.68
2016-03-25,21.599999999999998
2016-03-26,22.32
2016-03-27,23.04
2016-03-28,19.8
2016-03-29,20.52
2016-03-30,19.08
2016-03-31,20.16
2016-04-01,30.599999999999998
2016-04-02,31.68
2016-04-03,32.76
2016-04-04,29.16
2016-04-05,29.52
2016-04-06,27.72
2016-04-07,27.72
2016-04-08,27.36
2016-04-09,29.52
2016-04-10,29.88
2016-04-11,27.72
2016-04-12,27.0
2016-04-13,26.64
2016-04-14,27.36
2016-04-15,26.64
2016-04-16,29.88
2016-04-17,29.52
2016-04-18,27.36
2016-04-19,28.08
2016-04-20,27.0
2016-04-21,25.919999999999998
2016-04-22,25.56
2016-04-23,28.799999999999997
2016-04-24,29.52
2016-04-25,28.08
2016-04-26,29.88
2016-04-27,32.76
2016-04-28,31.68
2016-04-29,36.0
2016-04-30,32.04
2016-05-01,34.0
2016-05-02,30.94
2016-05-03,29.240000000000002
2016-05-04,28.220000000000002
2016-05-05,28.560000000000002
2016-05-06,29.92
2016-05-07,32.300000000000004
2016-05-08,31.28
2016-05-09,28.900000000000002
2016-05-10,28.220000000000002
2016-05-11,27.200000000000003
2016-05-12,28.900000000000002
2016-05-13,30.26
2016-05-14,30.94
2016-05-15,30.94
2016-05-16,30.6
2016-05-17,30.26
2016-05-18,28.900000000000002
2016-05-19,28.220000000000002
2016-05-20,28.220000000000002
2016-05-21,30.26
2016-05-22,31.62
2016-05-23,28.220000000000002
2016-05-24,28.900000000000002
2016-05-25,28.220000000000002
2016-05-26,27.540000000000003
2016-05-27,27.880000000000003
2016-05-28,29.92
2016-05-29,29.92
2016-05-30,30.26
2016-05-31,28.220000000000002
2016-06-01,26.95
2016-06-02,28.349999999999998
2016-06-03,27.299999999999997
2016-06-04,28.7
2016-06-05,28.7
2016-06-06,27.299999999999997
2016-06-07,27.299999999999997
2016-06-08,26.599999999999998
2016-06-09,26.95
2016-06-10,26.95
2016-06-11,28.0
2016-06-12,28.349999999999998
2016-06-13,35.0
2016-06-14,33.599999999999994
2016-06-15,30.45
2016-06-16,28.7
2016-06-17,28.349999999999998
2016-06-18,30.45
2016-06-19,30.799999999999997
2016-06-20,28.349999999999998
2016-06-21,29.049999999999997
2016-06-22,28.0
2016-06-23,27.65
2016-06-24,27.299999999999997
2016-06-25,28.349999999999998
2016-06-26,29.049999999999997
2016-06-27,27.299999999999997
2016-06-28,27.299999999999997
2016-06-29,28.0
2016-06-30,27.65
2016-07-01,30.26
2016-07-02,31.28
2016-07-03,32.980000000000004
2016-07-04,31.62
2016-07-05,30.26
2016-07-06,30.26
2016-07-07,30.26
2016-07-08,29.92
2016-07-09,31.62
2016-07-10,31.96
2016-07-11,30.94
2016-07-12,31.28
2016-07-13,30.94
2016-07-14,28.900000000000002
2016-07-15,29.580000000000002
2016-07-16,31.62
2016-07-17,31.28
2016-07-18,30.26
2016-07-19,28.560000000000002
2016-07-20,29.240000000000002
2016-07-21,28.900000000000002
2016-07-22,29.240000000000002
2016-07-23,31.28
2016-07-24,32.64
2016-07-25,31.62
2016-07-26,32.300000000000004
2016-07-27,31.96
2016-07-28,30.94
2016-07-29,30.6
2016-07-30,32.300000000000004
2016-07-31,34.0
2016-08-01,30.799999999999997
2016-08-02,31.499999999999996
2016-08-03,30.099999999999998
2016-08-04,30.799999999999997
2016-08-05,31.15
2016-08-06,30.799999999999997
2016-08-07,31.849999999999998
2016-08-08,29.049999999999997
2016-08-09,29.049999999999997
2016-08-10,28.349999999999998
2016-08-11,29.049999999999997
2016-08-12,28.7
2016-08-13,30.099999999999998
2016-08-14,31.499999999999996
2016-08-15,30.799999999999997
2016-08-16,29.749999999999996
2016-08-17,29.749999999999996
2016-08-18,28.7
2016-08-19,30.099999999999998
2016-08-20,31.849999999999998
2016-08-21,33.599999999999994
2016-08-22,30.799999999999997
2016-08-23,31.15
2016-08-24,30.099999999999998
2016-08-25,31.15
2016-08-26,32.199999999999996
2016-08-27,35.0
2016-08-28,33.949999999999996
2016-08-29,32.199999999999996
2016-08-30,35.0
2016-08-31,31.849999999999998
2016-09-01,15.400000000000002
2016-09-02,15.950000000000001
2016-09-03,17.6
2016-09-04,18.150000000000002
2016-09-05,18.700000000000003
2016-09-06,18.150000000000002
2016-09-07,55.00000000000001
2016-09-08,34.650000000000006
2016-09-09,29.700000000000003
2016-09-10,24.200000000000003
2016-09-11,21.450000000000003
2016-09-12,18.700000000000003
2016-09-13,19.8
2016-09-14,21.450000000000003
2016-09-15,20.35
2016-09-16,24.750000000000004
2016-09-17,26.950000000000003
2016-09-18,24.750000000000004
2016-09-19,20.35
2016-09-20,19.8
2016-09-21,19.8
2016-09-22,19.8
2016-09-23,20.35
2016-09-24,24.750000000000004
2016-09-25,25.85
2016-09-26,20.35
2016-09-27,19.25
2016-09-28,19.8
2016-09-29,19.25
2016-09-30,20.900000000000002
2016-10-01,46.529999999999994
2016-10-02,47.0
2016-10-03,37.129999999999995
2016-10-04,34.78
2016-10-05,33.839999999999996
2016-10-06,33.839999999999996
2016-10-07,34.78
2016-10-08,43.71
2016-10-09,43.71
2016-10-10,35.72
2016-10-11,33.37
2016-10-12,33.37
2016-10-13,33.839999999999996
2016-10-14,34.309999999999995
2016-10-15,42.3
2016-10-16,41.83
2016-10-17,32.9
2016-10-18,31.49
2016-10-19,31.959999999999997
2016-10-20,31.02
2016-10-21,31.959999999999997
2016-10-22,39.949999999999996
2016-10-23,39.48
2016-10-24,31.959999999999997
2016-10-25,32.9
2016-10-26,31.959999999999997
2016-10-27,43.71
2016-10-28,39.48
2016-10-29,39.01
2016-10-30,36.66
2016-10-31,30.549999999999997
2016-11-01,21.619999999999997
2016-11-02,22.56
2016-11-03,20.68
2016-11-04,22.56
2016-11-05,25.38
2016-11-06,25.38
2016-11-07,22.09
2016-11-08,18.799999999999997
2016-11-09,14.569999999999999
2016-11-10,20.68
2016-11-11,22.09
2016-11-12,24.439999999999998
2016-11-13,23.97
2016-11-14,21.15
2016-11-15,21.619999999999997
2016-11-16,22.09
2016-11-17,22.09
2016-11-18,23.029999999999998
2016-11-19,27.259999999999998
2016-11-20,28.669999999999998
2016-11-21,26.79
2016-11-22,29.139999999999997
2016-11-23,37.599999999999994
2016-11-24,47.0
2016-11-25,46.529999999999994
2016-11-26,31.959999999999997
2016-11-27,28.2
2016-11-28,29.139999999999997
2016-11-29,24.439999999999998
2016-11-30,22.56
2016-12-01,24.3
2016-12-02,24.75
2016-12-03,27.900000000000002
2016-12-04,27.0
2016-12-05,24.75
2016-12-06,24.75
2016-12-07,25.650000000000002
2016-12-08,24.3
2016-12-09,23.85
2016-12-10,27.45
2016-12-11,27.900000000000002
2016-12-12,25.2
2016-12-13,26.1
2016-12-14,24.75
2016-12-15,25.2
2016-12-16,26.1
2016-12-17,30.150000000000002
2016-12-18,31.05
2016-12-19,28.8
2016-12-20,28.35
2016-12-21,28.8
2016-12-22,29.7
2016-12-23,31.5
2016-12-24,33.75
2016-12-25,45.0
2016-12-26,41.4
2016-12-27,33.75
2016-12-28,30.150000000000002
2016-12-29,28.8
2016-12-30,28.8
2016-12-31,27.900000000000002
2017-01-01,36.660000000000004
2017-01-02,39.0
2017-01-03,37.050000000000004
2017-01-04,35.88
2017-01-05,34.71
2017-01-06,33.93
2017-01-07,37.44
2017-01-08,39.0
2017-01-09,33.54
2017-01-10,33.54
2017-01-11,32.76
2017-01-12,32.76
2017-01-13,31.59
2017-01-14,35.88
2017-01-15,35.88
2017-01-16,34.32
2017-01-17,31.98
2017-01-18,32.370000000000005
2017-01-19,31.59
2017-01-20,28.86
2017-01-21,32.76
2017-01-22,35.1
2017-01-23,31.200000000000003
2017-01-24,31.59
2017-01-25,31.98
2017-01-26,31.200000000000003
2017-01-27,30.42
2017-01-28,34.71
2017-01-29,34.71
2017-01-30,30.810000000000002
2017-01-31,32.76
2017-02-01,33.12
2017-02-02,32.04
2017-02-03,30.959999999999997
2017-02-04,34.199999999999996
2017-02-05,36.0
2017-02-06,29.52
2017-02-07,30.959999999999997
2017-02-08,30.959999999999997
2017-02-09,30.959999999999997
2017-02-10,30.959999999999997
2017-02-11,35.28
2017-02-12,34.92
2017-02-13,30.599999999999998
2017-02-14,30.599999999999998
2017-02-15,30.959999999999997
2017-02-16,30.599999999999998
2017-02-17,30.599999999999998
2017-02-18,32.4
2017-02-19,34.92
2017-02-20,32.04
2017-02-21,30.599999999999998
2017-02-22,31.32
2017-02-23,30.599999999999998
2017-02-24,30.599999999999998
2017-02-25,33.48
2017-02-26,34.199999999999996
2017-02-27,29.88
2017-02-28,30.24
2017-03-01,29.16
2017-03-02,29.16
2017-03-03,29.88
2017-03-04,32.76
2017-03-05,34.199999999999996
2017-03-06,30.599999999999998
2017-03-07,29.52
2017-03-08,29.88
2017-03-09,29.16
2017-03-10,29.16
2017-03-11,33.12
2017-03-12,32.4
2017-03-13,30.24
2017-03-14,30.599999999999998
2017-03-15,29.52
2017-03-16,29.16
2017-03-17,28.439999999999998
2017-03-18,32.4
2017-03-19,33.839999999999996
2017-03-20,30.24
2017-03-21,36.0
2017-03-22,33.839999999999996
2017-03-23,32.04
2017-03-24,32.4
2017-03-25,34.199999999999996
2017-03-26,34.92
2017-03-27,32.4
2017-03-28,33.12
2017-03-29,32.04
2017-03-30,30.959999999999997
2017-03-31,31.32
2017-04-01,34.92
2017-04-02,35.64
2017-04-03,32.4
2017-04-04,32.76
2017-04-05,32.4
2017-04-06,31.68
2017-04-07,30.599999999999998
2017-04-08,34.92
2017-04-09,35.28
2017-04-10,32.76
2017-04-11,31.68
2017-04-12,30.959999999999997
2017-04-13,32.76
2017-04-14,33.12
2017-04-15,34.92
2017-04-16,34.92
2017-04-17,31.68
2017-04-18,31.68
2017-04-19,31.68
2017-04-20,30.959999999999997
2017-04-21,31.68
2017-04-22,34.56
2017-04-23,34.56
2017-04-24,32.4
2017-04-25,32.4
2017-04-26,30.959999999999997
2017-04-27,31.32
2017-04-28,30.599999999999998
2017-04-29,33.839999999999996
2017-04-30,36.0
2017-05-01,31.68
2017-05-02,32.4
2017-05-03,32.04
2017-05-04,31.32
2017-05-05,29.88
2017-05-06,32.04
2017-05-07,34.199999999999996
2017-05-08,33.839999999999996
2017-05-09,32.4
2017-05-10,31.32
2017-05-11,30.24
2017-05-12,31.32
2017-05-13,33.48
2017-05-14,36.0
2017-05-15,33.48
2017-05-16,31.68
2017-05-17,30.24
2017-05-18,30.599999999999998
2017-05-19,29.52
2017-05-20,32.04
2017-05-21,32.76
2017-05-22,29.52
2017-05-23,30.24
2017-05-24,30.24
2017-05-25,29.88
2017-05-26,30.599999999999998
2017-05-27,32.4
2017-05-28,33.12
2017-05-29,32.4
2017-05-30,30.959999999999997
2017-05-31,29.52
2017-06-01,23.79
2017-06-02,23.400000000000002
2017-06-03,26.130000000000003
2017-06-04,28.080000000000002
2017-06-05,39.0
2017-06-06,34.71
2017-06-07,28.470000000000002
2017-06-08,26.91
2017-06-09,26.52
2017-06-10,26.91
2017-06-11,28.86
2017-06-12,26.52
2017-06-13,26.52
2017-06-14,25.740000000000002
2017-06-15,26.52
2017-06-16,26.91
2017-06-17,28.470000000000002
2017-06-18,28.470000000000002
2017-06-19,27.3
2017-06-20,26.91
2017-06-21,25.740000000000002
2017-06-22,25.740000000000002
2017-06-23,24.96
2017-06-24,26.52
2017-06-25,27.69
2017-06-26,25.740000000000002
2017-06-27,26.130000000000003
2017-06-28,25.740000000000002
2017-06-29,25.740000000000002
2017-06-30,25.740000000000002
2017-07-01,36.480000000000004
2017-07-02,36.480000000000004
2017-07-03,36.480000000000004
2017-07-04,38.0
2017-07-05,34.58
2017-07-06,34.2
2017-07-07,35.34
2017-07-08,35.72
2017-07-09,36.86
2017-07-10,34.96
2017-07-11,35.72
2017-07-12,35.72
2017-07-13,34.96
2017-07-14,35.34
2017-07-15,36.480000000000004
2017-07-16,37.24
2017-07-17,35.72
2017-07-18,35.34
2017-07-19,35.72
2017-07-20,34.96
2017-07-21,34.96
2017-07-22,35.34
2017-07-23,37.24
2017-07-24,36.480000000000004
2017-07-25,36.1
2017-07-26,34.58
2017-07-27,36.480000000000004
2017-07-28,34.96
2017-07-29,38.0
2017-07-30,37.62
2017-07-31,37.62
2017-08-01,37.24
2017-08-02,38.0
2017-08-03,34.58
2017-08-04,35.34
2017-08-05,36.1
2017-08-06,37.24
2017-08-07,35.72
2017-08-08,35.72
2017-08-09,35.34
2017-08-10,35.34
2017-08-11,34.2
2017-08-12,36.1
2017-08-13,36.86
2017-08-14,35.34
2017-08-15,34.96
2017-08-16,34.2
2017-08-17,34.58
2017-08-18,33.44
2017-08-19,36.480000000000004
2017-08-20,37.24
2017-08-21,31.92
2017-08-22,34.2
2017-08-23,36.1
2017-08-24,34.58
2017-08-25,34.96
2017-08-26,36.1
2017-08-27,36.480000000000004
2017-08-28,35.72
2017-08-29,35.72
2017-08-30,34.96
2017-08-31,34.96
2017-09-01,13.780000000000001
2017-09-02,14.84
2017-09-03,15.370000000000001
2017-09-04,16.43
2017-09-05,13.780000000000001
2017-09-06,13.780000000000001
2017-09-07,13.25
2017-09-08,13.25
2017-09-09,15.370000000000001
2017-09-10,15.9
2017-09-11,15.370000000000001
2017-09-12,53.0
2017-09-13,29.68
2017-09-14,20.14
2017-09-15,22.26
2017-09-16,22.26
2017-09-17,21.200000000000003
2017-09-18,17.490000000000002
2017-09-19,18.02
2017-09-20,18.55
2017-09-21,18.02
2017-09-22,20.67
2017-09-23,23.32
2017-09-24,21.73
2017-09-25,19.080000000000002
2017-09-26,18.55
2017-09-27,17.490000000000002
2017-09-28,17.490000000000002
2017-09-29,17.490000000000002
2017-09-30,22.26
2017-10-01,47.0
2017-10-02,33.839999999999996
2017-10-03,32.9
2017-10-04,33.37
2017-10-05,34.78
2017-10-06,35.25
2017-10-07,44.18
2017-10-08,44.18
2017-10-09,35.72
2017-10-10,32.43
2017-10-11,32.43
2017-10-12,32.43
2017-10-13,32.43
2017-10-14,41.36
2017-10-15,41.36
2017-10-16,33.37
2017-10-17,32.43
2017-10-18,31.49
2017-10-19,32.43
2017-10-20,32.9
2017-10-21,39.949999999999996
2017-10-22,39.01
2017-10-23,32.9
2017-10-24,33.37
2017-10-25,32.43
2017-10-26,32.43
2017-10-27,42.769999999999996
2017-10-28,39.48
2017-10-29,38.54
2017-10-30,32.9
2017-10-31,31.49
2017-11-01,23.400000000000002
2017-11-02,24.44
2017-11-03,30.16
2017-11-04,31.200000000000003
2017-11-05,30.16
2017-11-06,26.52
2017-11-07,26.52
2017-11-08,26.0
2017-11-09,26.0
2017-11-10,27.560000000000002
2017-11-11,30.16
2017-11-12,30.16
2017-11-13,26.52
2017-11-14,26.52
2017-11-15,26.0
2017-11-16,26.0
2017-11-17,26.52
2017-11-18,31.720000000000002
2017-11-19,33.28
2017-11-20,29.64
2017-11-21,32.76
2017-11-22,41.6
2017-11-23,52.0
2017-11-24,48.36
2017-11-25,37.96
2017-11-26,36.4
2017-11-27,34.84
2017-11-28,28.6
2017-11-29,26.0
2017-11-30,26.0
2017-12-01,25.44
2017-12-02,30.740000000000002
2017-12-03,30.21
2017-12-04,26.5
2017-12-05,27.03
2017-12-06,26.5
2017-12-07,25.44
2017-12-08,25.970000000000002
2017-12-09,29.68
2017-12-10,30.740000000000002
2017-12-11,26.5
2017-12-12,26.5
2017-12-13,25.44
2017-12-14,26.5
2017-12-15,27.560000000000002
2017-12-16,31.8
2017-12-17,32.86
2017-12-18,29.150000000000002
2017-12-19,29.150000000000002
2017-12-20,29.68
2017-12-21,32.33
2017-12-22,34.45
2017-12-23,36.57
2017-12-24,37.1
2017-12-25,53.0
2017-12-26,46.11
2017-12-27,40.28
2017-12-28,36.57
2017-12-29,37.1
2017-12-30,34.980000000000004
2017-12-31,32.86
2018-01-01,42.14
2018-01-02,42.57
2018-01-03,40.85
2018-01-04,39.56
2018-01-05,42.57
2018-01-06,43.0
2018-01-07,41.28
2018-01-08,39.13
2018-01-09,36.98
2018-01-10,37.839999999999996
2018-01-11,36.55
2018-01-12,35.26
2018-01-13,39.13
2018-01-14,37.839999999999996
2018-01-15,36.12
2018-01-16,34.83
2018-01-17,35.69
2018-01-18,37.839999999999996
2018-01-19,35.69
2018-01-20,38.269999999999996
2018-01-21,37.41
2018-01-22,34.4
2018-01-23,35.69
2018-01-24,36.12
2018-01-25,35.26
2018-01-26,36.55
2018-01-27,38.269999999999996
2018-01-28,38.269999999999996
2018-01-29,34.4
2018-01-30,34.4
2018-01-31,34.4
2018-02-01,36.800000000000004
2018-02-02,37.2
2018-02-03,39.2
2018-02-04,39.2
2018-02-05,34.0
2018-02-06,36.4
2018-02-07,36.0
2018-02-08,35.2
2018-02-09,37.2
2018-02-10,39.6
2018-02-11,40.0
2018-02-12,36.4
2018-02-13,36.0
2018-02-14,34.0
2018-02-15,34.0
2018-02-16,35.2
2018-02-17,39.6
2018-02-18,39.2
2018-02-19,36.0
2018-02-20,34.4
2018-02-21,32.800000000000004
2018-02-22,34.4
2018-02-23,34.4
2018-02-24,38.0
2018-02-25,38.400000000000006
2018-02-26,36.0
2018-02-27,35.2
2018-02-28,34.800000000000004
2018-03-01,30.78
2018-03-02,30.02
2018-03-03,33.82
2018-03-04,34.58
2018-03-05,31.16
2018-03-06,31.54
2018-03-07,30.02
2018-03-08,30.4
2018-03-09,30.78
2018-03-10,35.34
2018-03-11,34.2
2018-03-12,31.16
2018-03-13,30.78
2018-03-14,30.78
2018-03-15,30.02
2018-03-16,29.64
2018-03-17,32.68
2018-03-18,33.82
2018-03-19,30.78
2018-03-20,29.26
2018-03-21,30.4
2018-03-22,30.78
2018-03-23,30.02
2018-03-24,33.06
2018-03-25,34.2
2018-03-26,31.54
2018-03-27,38.0
2018-03-28,34.2
2018-03-29,31.92
2018-03-30,33.82
2018-03-31,34.58
2018-04-01,38.0
2018-04-02,36.480000000000004
2018-04-03,36.1
2018-04-04,34.58
2018-04-05,33.82
2018-04-06,33.44
2018-04-07,37.24
2018-04-08,38.0
2018-04-09,36.480000000000004
2018-04-10,35.34
2018-04-11,34.2
2018-04-12,33.44
2018-04-13,33.82
2018-04-14,36.1
2018-04-15,36.86
2018-04-16,34.2
2018-04-17,33.44
2018-04-18,33.44
2018-04-19,34.2
2018-04-20,34.2
2018-04-21,36.480000000000004
2018-04-22,37.24
2018-04-23,33.82
2018-04-24,34.58
2018-04-25,33.44
2018-04-26,32.68
2018-04-27,32.68
2018-04-28,36.1
2018-04-29,36.480000000000004
2018-04-30,35.34
2018-05-01,34.58
2018-05-02,33.82
2018-05-03,32.3
2018-05-04,33.44
2018-05-05,34.96
2018-05-06,35.34
2018-05-07,33.82
2018-05-08,32.68
2018-05-09,33.06
2018-05-10,33.06
2018-05-11,33.06
2018-05-12,36.86
2018-05-13,38.0
2018-05-14,34.58
2018-05-15,32.3
2018-05-16,31.92
2018-05-17,31.92
2018-05-18,31.16
2018-05-19,32.68
2018-05-20,33.44
2018-05-21,32.68
2018-05-22,31.16
2018-05-23,31.54
2018-05-24,31.92
2018-05-25,32.3
2018-05-26,34.58
2018-05-27,35.34
2018-05-28,35.34
2018-05-29,33.06
2018-05-30,32.68
2018-05-31,31.92
2018-06-01,30.400000000000002
2018-06-02,33.2
2018-06-03,32.800000000000004
2018-06-04,40.0
2018-06-05,35.6
2018-06-06,34.4
2018-06-07,32.800000000000004
2018-06-08,32.4
2018-06-09,33.6
2018-06-10,35.6
2018-06-11,32.800000000000004
2018-06-12,32.800000000000004
2018-06-13,32.800000000000004
2018-06-14,31.6
2018-06-15,33.6
2018-06-16,35.6
2018-06-17,35.6
2018-06-18,32.800000000000004
2018-06-19,32.0
2018-06-20,32.0
2018-06-21,30.8
2018-06-22,30.8
2018-06-23,32.800000000000004
2018-06-24,34.0
2018-06-25,32.4
2018-06-26,31.6
2018-06-27,31.200000000000003
2018-06-28,31.6
2018-06-29,32.0
2018-06-30,34.0
2018-07-01,35.88
2018-07-02,34.32
2018-07-03,33.93
2018-07-04,37.83
2018-07-05,34.71
2018-07-06,34.32
2018-07-07,36.27
2018-07-08,36.660000000000004
2018-07-09,35.1
2018-07-10,35.1
2018-07-11,34.71
2018-07-12,37.050000000000004
2018-07-13,36.660000000000004
2018-07-14,36.660000000000004
2018-07-15,36.27
2018-07-16,38.61
2018-07-17,37.44
2018-07-18,37.050000000000004
2018-07-19,35.88
2018-07-20,35.88
2018-07-21,37.050000000000004
2018-07-22,37.44
2018-07-23,35.88
2018-07-24,36.27
2018-07-25,35.1
2018-07-26,35.88
2018-07-27,34.71
2018-07-28,36.660000000000004
2018-07-29,37.83
2018-07-30,36.660000000000004
2018-07-31,39.0
2018-08-01,38.22
2018-08-02,42.0
2018-08-03,40.32
2018-08-04,39.48
2018-08-05,37.379999999999995
2018-08-06,36.54
2018-08-07,36.12
2018-08-08,36.12
2018-08-09,35.28
2018-08-10,35.28
2018-08-11,37.379999999999995
2018-08-12,37.8
2018-08-13,36.12
2018-08-14,35.28
2018-08-15,34.44
2018-08-16,34.86
2018-08-17,35.28
2018-08-18,35.699999999999996
2018-08-19,37.8
2018-08-20,35.28
2018-08-21,34.44
2018-08-22,34.44
2018-08-23,33.6
2018-08-24,33.6
2018-08-25,36.54
2018-08-26,38.22
2018-08-27,35.699999999999996
2018-08-28,36.12
2018-08-29,34.44
2018-08-30,36.12
2018-08-31,36.96
2018-09-01,19.8
2018-09-02,20.35
2018-09-03,20.900000000000002
2018-09-04,18.700000000000003
2018-09-05,17.6
2018-09-06,18.150000000000002
2018-09-07,18.150000000000002
2018-09-08,20.35
2018-09-09,21.450000000000003
2018-09-10,19.8
2018-09-11,19.8
2018-09-12,55.00000000000001
2018-09-13,36.300000000000004
2018-09-14,31.35
2018-09-15,27.500000000000004
2018-09-16,25.85
2018-09-17,23.650000000000002
2018-09-18,23.1
2018-09-19,23.650000000000002
2018-09-20,23.1
2018-09-21,26.400000000000002
2018-09-22,32.45
2018-09-23,30.800000000000004
2018-09-24,24.750000000000004
2018-09-25,24.750000000000004
2018-09-26,24.200000000000003
2018-09-27,23.650000000000002
2018-09-28,23.650000000000002
2018-09-29,28.6
2018-09-30,29.150000000000002
2018-10-01,41.65
2018-10-02,41.16
2018-10-03,40.18
2018-10-04,39.2
2018-10-05,41.16
2018-10-06,49.0
2018-10-07,49.0
2018-10-08,42.14
2018-10-09,38.22
2018-10-10,37.24
2018-10-11,37.24
2018-10-12,37.73
2018-10-13,47.53
2018-10-14,46.06
2018-10-15,37.24
2018-10-16,36.75
2018-10-17,35.28
2018-10-18,36.75
2018-10-19,38.71
2018-10-20,42.14
2018-10-21,44.589999999999996
2018-10-22,36.75
2018-10-23,38.71
2018-10-24,35.28
2018-10-25,36.26
2018-10-26,35.769999999999996
2018-10-27,42.14
2018-10-28,42.14
2018-10-29,35.769999999999996
2018-10-30,46.55
2018-10-31,37.73
2018-11-01,25.380000000000003
2018-11-02,25.380000000000003
2018-11-03,27.540000000000003
2018-11-04,27.0
2018-11-05,24.3
2018-11-06,23.220000000000002
2018-11-07,21.060000000000002
2018-11-08,23.220000000000002
2018-11-09,24.3
2018-11-10,28.080000000000002
2018-11-11,28.080000000000002
2018-11-12,25.380000000000003
2018-11-13,25.380000000000003
2018-11-14,24.840000000000003
2018-11-15,24.840000000000003
2018-11-16,24.840000000000003
2018-11-17,30.240000000000002
2018-11-18,31.860000000000003
2018-11-19,30.240000000000002
2018-11-20,31.32
2018-11-21,41.580000000000005
2018-11-22,53.46
2018-11-23,54.0
2018-11-24,40.5
2018-11-25,32.400000000000006
2018-11-26,35.64
2018-11-27,28.62
2018-11-28,24.840000000000003
2018-11-29,24.840000000000003
2018-11-30,23.76
2018-12-01,27.03
2018-12-02,28.09
2018-12-03,25.970000000000002
2018-12-04,25.44
2018-12-05,25.44
2018-12-06,26.5
2018-12-07,27.03
2018-12-08,29.150000000000002
2018-12-09,29.68
2018-12-10,27.560000000000002
2018-12-11,26.5
2018-12-12,25.970000000000002
2018-12-13,26.5
2018-12-14,28.09
2018-12-15,31.8
2018-12-16,30.740000000000002
2018-12-17,27.560000000000002
2018-12-18,28.09
2018-12-19,28.62
2018-12-20,28.62
2018-12-21,30.21
2018-12-22,34.45
2018-12-23,33.92
2018-12-24,34.980000000000004
2018-12-25,53.0
2018-12-26,44.52
2018-12-27,37.1
2018-12-28,32.33
2018-12-29,31.8
2018-12-30,29.150000000000002
2018-12-31,28.09
2019-01-01,37.839999999999996
2019-01-02,39.13
2019-01-03,43.0
2019-01-04,41.28
2019-01-05,39.99
2019-01-06,38.269999999999996
2019-01-07,34.4
2019-01-08,34.83
2019-01-09,34.4
2019-01-10,33.11
2019-01-11,33.54
2019-01-12,35.69
2019-01-13,36.12
2019-01-14,31.82
2019-01-15,31.39
2019-01-16,31.82
2019-01-17,30.96
2019-01-18,30.96
2019-01-19,34.4
2019-01-20,34.4
2019-01-21,32.25
2019-01-22,30.099999999999998
2019-01-23,29.24
2019-01-24,29.669999999999998
2019-01-25,30.53
2019-01-26,33.97
2019-01-27,34.4
2019-01-28,30.099999999999998
2019-01-29,34.4
2019-01-30,33.97
2019-01-31,30.099999999999998
2019-02-01,33.06
2019-02-02,36.480000000000004
2019-02-03,36.1
2019-02-04,31.16
2019-02-05,33.44
2019-02-06,32.3
2019-02-07,32.68
2019-02-08,33.44
2019-02-09,37.24
2019-02-10,38.0
2019-02-11,32.3
2019-02-12,32.68
2019-02-13,33.06
2019-02-14,31.92
2019-02-15,32.3
2019-02-16,36.480000000000004
2019-02-17,37.24
2019-02-18,34.96
2019-02-19,33.44
2019-02-20,32.68
2019-02-21,32.68
2019-02-22,33.44
2019-02-23,34.96
2019-02-24,36.480000000000004
2019-02-25,31.92
2019-02-26,31.92
2019-02-27,32.68
2019-02-28,31.16
2019-03-01,22.62
2019-03-02,26.130000000000003
2019-03-03,25.740000000000002
2019-03-04,22.62
2019-03-05,21.84
2019-03-06,21.84
2019-03-07,23.79
2019-03-08,23.01
2019-03-09,25.35
2019-03-10,25.35
2019-03-11,24.18
2019-03-12,23.79
2019-03-13,23.01
2019-03-14,23.01
2019-03-15,22.23
2019-03-16,24.96
2019-03-17,24.57
2019-03-18,24.57
2019-03-19,24.18
2019-03-20,25.35
2019-03-21,24.57
2019-03-22,23.79
2019-03-23,25.35
2019-03-24,25.35
2019-03-25,39.0
2019-03-26,34.71
2019-03-27,27.3
2019-03-28,24.57
2019-03-29,25.740000000000002
2019-03-30,25.740000000000002
2019-03-31,26.130000000000003
2019-04-01,33.48
2019-04-02,34.199999999999996
2019-04-03,33.839999999999996
2019-04-04,33.12
2019-04-05,32.76
2019-04-06,36.0
2019-04-07,36.0
2019-04-08,33.48
2019-04-09,32.4
2019-04-10,32.4
2019-04-11,31.68
2019-04-12,32.04
2019-04-13,34.56
2019-04-14,35.28
2019-04-15,32.04
2019-04-16,32.76
2019-04-17,33.12
2019-04-18,33.12
2019-04-19,33.48
2019-04-20,36.0
2019-04-21,36.0
2019-04-22,33.48
2019-04-23,32.76
2019-04-24,32.04
2019-04-25,32.4
2019-04-26,31.32
2019-04-27,34.199999999999996
2019-04-28,33.48
2019-04-29,31.68
2019-04-30,33.839999999999996
2019-05-01,32.19
2019-05-02,30.71
2019-05-03,31.82
2019-05-04,33.3
2019-05-05,33.67
2019-05-06,31.45
2019-05-07,31.08
2019-05-08,31.45
2019-05-09,30.71
2019-05-10,31.45
2019-05-11,34.78
2019-05-12,37.0
2019-05-13,34.41
2019-05-14,33.3
2019-05-15,32.19
2019-05-16,31.82
2019-05-17,31.45
2019-05-18,33.67
2019-05-19,34.78
2019-05-20,34.04
2019-05-21,32.19
2019-05-22,32.19
2019-05-23,31.45
2019-05-24,31.45
2019-05-25,33.67
2019-05-26,34.04
2019-05-27,33.67
2019-05-28,32.19
2019-05-29,33.67
2019-05-30,31.45
2019-05-31,31.82
2019-06-01,32.0
2019-06-02,33.2
2019-06-03,38.0
2019-06-04,40.0
2019-06-05,38.400000000000006
2019-06-06,34.0
2019-06-07,32.0
2019-06-08,33.2
2019-06-09,33.6
2019-06-10,30.8
2019-06-11,30.0
2019-06-12,30.8
2019-06-13,30.8
2019-06-14,30.400000000000002
2019-06-15,33.2
2019-06-16,32.800000000000004
2019-06-17,31.200000000000003
2019-06-18,30.8
2019-06-19,30.400000000000002
2019-06-20,30.0
2019-06-21,30.0
2019-06-22,31.6
2019-06-23,31.6
2019-06-24,30.8
2019-06-25,30.8
2019-06-26,30.0
2019-06-27,29.200000000000003
2019-06-28,30.400000000000002
2019-06-29,31.200000000000003
2019-06-30,31.200000000000003
2019-07-01,33.93
2019-07-02,32.76
2019-07-03,33.15
2019-07-04,34.71
2019-07-05,33.15
2019-07-06,33.54
2019-07-07,33.15
2019-07-08,33.15
2019-07-09,34.32
2019-07-10,34.71
2019-07-11,32.76
2019-07-12,33.93
2019-07-13,35.49
2019-07-14,36.27
2019-07-15,39.0
2019-07-16,37.83
2019-07-17,35.1
2019-07-18,34.32
2019-07-19,33.54
2019-07-20,33.93
2019-07-21,35.1
2019-07-22,34.71
2019-07-23,34.32
2019-07-24,34.32
2019-07-25,33.54
2019-07-26,34.32
2019-07-27,35.1
2019-07-28,35.88
2019-07-29,34.32
2019-07-30,35.88
2019-07-31,34.71
2019-08-01,12.0
2019-08-02,12.0
2019-08-03,12.48
2019-08-04,12.48
2019-08-05,12.0
2019-08-06,12.959999999999999
2019-08-07,12.0
2019-08-08,12.959999999999999
2019-08-09,12.959999999999999
2019-08-10,12.959999999999999
2019-08-11,12.959999999999999
2019-08-12,12.959999999999999
2019-08-13,12.959999999999999
2019-08-14,12.959999999999999
2019-08-15,12.48
2019-08-16,12.48
2019-08-17,13.44
2019-08-18,13.92
2019-08-19,12.48
2019-08-20,13.44
2019-08-21,13.44
2019-08-22,13.92
2019-08-23,13.44
2019-08-24,13.92
2019-08-25,13.92
2019-08-26,12.48
2019-08-27,12.959999999999999
2019-08-28,12.959999999999999
2019-08-29,12.959999999999999
2019-08-30,33.12
2019-08-31,48.0
2019-09-01,96.0
2019-09-02,82.0
2019-09-03,73.0
2019-09-04,77.0
2019-09-05,84.0
2019-09-06,75.0
2019-09-07,67.0
2019-09-08,67.0
2019-09-09,64.0
2019-09-10,100.0
2019-09-11,82.0
2019-09-12,70.0
2019-09-13,69.0
2019-09-14,74.0
2019-09-15,71.0
2019-09-16,63.0
2019-09-17,64.0
2019-09-18,63.0
2019-09-19,61.0
2019-09-20,63.0
2019-09-21,75.0
2019-09-22,72.0
2019-09-23,59.0
2019-09-24,52.0
2019-09-25,48.0
2019-09-26,47.0
2019-09-27,38.0
2019-09-28,43.0
2019-09-29,43.0
2019-09-30,37.0
2019-10-01,41.0
2019-10-02,39.0
2019-10-03,38.0
2019-10-04,41.0
2019-10-05,49.5
2019-10-06,50.0
2019-10-07,40.0
2019-10-08,40.5
2019-10-09,39.5
2019-10-10,38.5
2019-10-11,39.5
2019-10-12,48.5
2019-10-13,49.0
2019-10-14,40.0
2019-10-15,38.5
2019-10-16,37.5
2019-10-17,36.5
2019-10-18,37.5
2019-10-19,47.0
2019-10-20,45.5
2019-10-21,38.5
2019-10-22,37.0
2019-10-23,35.5
2019-10-24,35.5
2019-10-25,35.5
2019-10-26,41.0
2019-10-27,41.0
2019-10-28,39.5
2019-10-29,39.0
2019-10-30,39.0
2019-10-31,36.0
2019-11-01,25.65
2019-11-02,30.779999999999998
2019-11-03,29.639999999999997
2019-11-04,25.08
2019-11-05,23.939999999999998
2019-11-06,23.369999999999997
2019-11-07,23.939999999999998
2019-11-08,23.939999999999998
2019-11-09,27.36
2019-11-10,26.79
2019-11-11,25.08
2019-11-12,25.08
2019-11-13,25.65
2019-11-14,26.79
2019-11-15,28.499999999999996
2019-11-16,30.779999999999998
2019-11-17,29.639999999999997
2019-11-18,25.65
2019-11-19,25.08
2019-11-20,25.65
2019-11-21,25.65
2019-11-22,26.22
2019-11-23,30.209999999999997
2019-11-24,31.919999999999998
2019-11-25,29.069999999999997
2019-11-26,31.349999999999998
2019-11-27,39.33
2019-11-28,53.01
2019-11-29,56.99999999999999
2019-11-30,38.76
2019-12-01,36.300000000000004
2019-12-02,41.25
2019-12-03,31.900000000000002
2019-12-04,27.500000000000004
2019-12-05,30.250000000000004
2019-12-06,28.6
2019-12-07,31.35
2019-12-08,30.800000000000004
2019-12-09,27.500000000000004
2019-12-10,28.05
2019-12-11,26.950000000000003
2019-12-12,26.950000000000003
2019-12-13,27.500000000000004
2019-12-14,30.800000000000004
2019-12-15,31.35
2019-12-16,29.150000000000002
2019-12-17,29.700000000000003
2019-12-18,27.500000000000004
2019-12-19,27.500000000000004
2019-12-20,28.6
2019-12-21,34.1
2019-12-22,33.550000000000004
2019-12-23,33.550000000000004
2019-12-24,36.85
2019-12-25,55.00000000000001
2019-12-26,46.75000000000001
2019-12-27,37.400000000000006
2019-12-28,34.650000000000006
2019-12-29,32.45
2019-12-30,29.150000000000002
2019-12-31,29.700000000000003
2020-01-01,41.58
2020-01-02,41.16
2020-01-03,40.32
2020-01-04,42.0
2020-01-05,40.32
2020-01-06,37.379999999999995
2020-01-07,36.96
2020-01-08,36.54
2020-01-09,36.54
2020-01-10,34.86
2020-01-11,37.379999999999995
2020-01-12,36.96
2020-01-13,34.44
2020-01-14,33.6
2020-01-15,33.6
2020-01-16,34.44
2020-01-17,34.44
2020-01-18,37.379999999999995
2020-01-19,36.54
2020-01-20,36.12
2020-01-21,34.44
2020-01-22,33.6
2020-01-23,34.019999999999996
2020-01-24,34.019999999999996
2020-01-25,36.12
2020-01-26,33.18
2020-01-27,30.66
2020-01-28,32.76
2020-01-29,34.019999999999996
2020-01-30,32.339999999999996
2020-01-31,31.919999999999998
2020-02-01,39.0
2020-02-02,38.22
2020-02-03,31.200000000000003
2020-02-04,34.32
2020-02-05,34.32
2020-02-06,33.93
2020-02-07,35.1
2020-02-08,37.44
2020-02-09,38.22
2020-02-10,34.71
2020-02-11,33.93
2020-02-12,33.93
2020-02-13,33.93
2020-02-14,33.93
2020-02-15,37.44
2020-02-16,36.660000000000004
2020-02-17,35.88
2020-02-18,34.71
2020-02-19,34.32
2020-02-20,33.93
2020-02-21,33.93
2020-02-22,37.44
2020-02-23,37.83
2020-02-24,35.49
2020-02-25,34.71
2020-02-26,35.1
2020-02-27,36.27
2020-02-28,37.050000000000004
2020-02-29,37.44
2020-03-01,35.88
2020-03-02,34.71
2020-03-03,36.660000000000004
2020-03-04,32.76
2020-03-05,32.76
2020-03-06,33.93
2020-03-07,35.88
2020-03-08,33.15
2020-03-09,34.32
2020-03-10,33.93
2020-03-11,31.200000000000003
2020-03-12,30.810000000000002
2020-03-13,31.59
2020-03-14,39.0
2020-03-15,34.71
2020-03-16,32.370000000000005
2020-03-17,32.370000000000005
2020-03-18,35.88
2020-03-19,34.71
2020-03-20,32.76
2020-03-21,35.49
2020-03-22,35.88
2020-03-23,33.15
2020-03-24,35.1
2020-03-25,34.71
2020-03-26,34.32
2020-03-27,34.71
2020-03-28,37.44
2020-03-29,35.1
2020-03-30,32.370000000000005
2020-03-31,33.15
2020-04-01,32.25
2020-04-02,32.68
2020-04-03,32.25
2020-04-04,34.4
2020-04-05,33.97
2020-04-06,32.25
2020-04-07,33.11
2020-04-08,33.97
2020-04-09,32.68
2020-04-10,35.26
2020-04-11,37.839999999999996
2020-04-12,36.98
2020-04-13,33.11
2020-04-14,35.26
2020-04-15,38.7
2020-04-16,40.42
2020-04-17,43.0
2020-04-18,43.0
2020-04-19,40.42
2020-04-20,36.98
2020-04-21,36.98
2020-04-22,36.98
2020-04-23,36.55
2020-04-24,36.55
2020-04-25,38.7
2020-04-26,39.56
2020-04-27,36.98
2020-04-28,37.41
2020-04-29,37.41
2020-04-30,39.56
