date,Facebook
2011-01-01,87.0
2011-01-02,77.42999999999999
2011-01-03,66.12
2011-01-04,65.25
2011-01-05,62.64
2011-01-06,63.51
2011-01-07,65.25
2011-01-08,77.42999999999999
2011-01-09,80.04
2011-01-10,65.25
2011-01-11,65.25
2011-01-12,66.12
2011-01-13,66.99
2011-01-14,66.12
2011-01-15,76.56
2011-01-16,75.69
2011-01-17,66.99
2011-01-18,62.64
2011-01-19,63.51
2011-01-20,64.38
2011-01-21,66.12
2011-01-22,76.56
2011-01-23,74.82
2011-01-24,62.64
2011-01-25,63.51
2011-01-26,65.25
2011-01-27,65.25
2011-01-28,66.12
2011-01-29,77.42999999999999
2011-01-30,76.56
2011-01-31,62.64
2011-02-01,71.39999999999999
2011-02-02,73.1
2011-02-03,71.39999999999999
2011-02-04,73.1
2011-02-05,85.0
2011-02-06,85.0
2011-02-07,69.7
2011-02-08,68.85
2011-02-09,69.7
2011-02-10,68.85
2011-02-11,71.39999999999999
2011-02-12,83.3
2011-02-13,83.3
2011-02-14,67.14999999999999
2011-02-15,69.7
2011-02-16,69.7
2011-02-17,69.7
2011-02-18,70.55
2011-02-19,79.89999999999999
2011-02-20,79.89999999999999
2011-02-21,70.55
2011-02-22,67.14999999999999
2011-02-23,68.0
2011-02-24,68.85
2011-02-25,71.39999999999999
2011-02-26,80.75
2011-02-27,79.05
2011-02-28,65.45
2011-03-01,66.4
2011-03-02,66.4
2011-03-03,68.0
2011-03-04,69.60000000000001
2011-03-05,80.0
2011-03-06,78.4
2011-03-07,66.4
2011-03-08,66.4
2011-03-09,67.2
2011-03-10,67.2
2011-03-11,67.2
2011-03-12,70.4
2011-03-13,64.8
2011-03-14,60.800000000000004
2011-03-15,66.4
2011-03-16,68.8
2011-03-17,68.8
2011-03-18,70.4
2011-03-19,78.4
2011-03-20,76.80000000000001
2011-03-21,65.60000000000001
2011-03-22,69.60000000000001
2011-03-23,66.4
2011-03-24,67.2
2011-03-25,68.8
2011-03-26,77.60000000000001
2011-03-27,76.80000000000001
2011-03-28,66.4
2011-03-29,68.0
2011-03-30,68.8
2011-03-31,72.0
2011-04-01,73.92
2011-04-02,78.96
2011-04-03,78.11999999999999
2011-04-04,65.52
2011-04-05,66.36
2011-04-06,67.2
2011-04-07,67.2
2011-04-08,68.03999999999999
2011-04-09,78.96
2011-04-10,78.11999999999999
2011-04-11,66.36
2011-04-12,66.36
2011-04-13,68.03999999999999
2011-04-14,68.88
2011-04-15,69.72
2011-04-16,79.8
2011-04-17,77.28
2011-04-18,67.2
2011-04-19,70.56
2011-04-20,69.72
2011-04-21,70.56
2011-04-22,74.75999999999999
2011-04-23,79.8
2011-04-24,84.0
2011-04-25,70.56
2011-04-26,69.72
2011-04-27,68.03999999999999
2011-04-28,68.03999999999999
2011-04-29,68.03999999999999
2011-04-30,78.96
2011-05-01,83.16
2011-05-02,68.88
2011-05-03,71.39999999999999
2011-05-04,70.56
2011-05-05,67.2
2011-05-06,70.56
2011-05-07,80.64
2011-05-08,84.0
2011-05-09,68.03999999999999
2011-05-10,68.03999999999999
2011-05-11,69.72
2011-05-12,69.72
2011-05-13,71.39999999999999
2011-05-14,81.48
2011-05-15,83.16
2011-05-16,67.2
2011-05-17,69.72
2011-05-18,68.03999999999999
2011-05-19,67.2
2011-05-20,70.56
2011-05-21,83.16
2011-05-22,79.8
2011-05-23,67.2
2011-05-24,68.88
2011-05-25,69.72
2011-05-26,70.56
2011-05-27,73.92
2011-05-28,83.16
2011-05-29,83.16
2011-05-30,81.48
2011-05-31,68.88
2011-06-01,69.66
2011-06-02,70.52
2011-06-03,68.8
2011-06-04,80.84
2011-06-05,81.7
2011-06-06,67.08
2011-06-07,68.8
2011-06-08,70.52
2011-06-09,70.52
2011-06-10,71.38
2011-06-11,82.56
2011-06-12,81.7
2011-06-13,71.38
2011-06-14,73.1
2011-06-15,70.52
2011-06-16,73.96
2011-06-17,74.82
2011-06-18,83.42
2011-06-19,86.0
2011-06-20,71.38
2011-06-21,71.38
2011-06-22,73.1
2011-06-23,73.1
2011-06-24,73.96
2011-06-25,82.56
2011-06-26,84.28
2011-06-27,73.1
2011-06-28,74.82
2011-06-29,73.96
2011-06-30,73.1
2011-07-01,82.72
2011-07-02,88.36
2011-07-03,88.36
2011-07-04,92.11999999999999
2011-07-05,79.89999999999999
2011-07-06,80.83999999999999
2011-07-07,81.78
2011-07-08,81.78
2011-07-09,89.3
2011-07-10,91.17999999999999
2011-07-11,78.96
2011-07-12,78.02
2011-07-13,81.78
2011-07-14,82.72
2011-07-15,81.78
2011-07-16,91.17999999999999
2011-07-17,89.3
2011-07-18,78.96
2011-07-19,80.83999999999999
2011-07-20,80.83999999999999
2011-07-21,80.83999999999999
2011-07-22,83.66
2011-07-23,91.17999999999999
2011-07-24,91.17999999999999
2011-07-25,80.83999999999999
2011-07-26,82.72
2011-07-27,81.78
2011-07-28,83.66
2011-07-29,85.53999999999999
2011-07-30,93.05999999999999
2011-07-31,94.0
2011-08-01,76.26
2011-08-02,77.19
2011-08-03,77.19
2011-08-04,76.26
2011-08-05,78.12
2011-08-06,84.63000000000001
2011-08-07,86.49000000000001
2011-08-08,75.33
2011-08-09,74.4
2011-08-10,78.12
2011-08-11,93.0
2011-08-12,79.05
2011-08-13,84.63000000000001
2011-08-14,85.56
2011-08-15,74.4
2011-08-16,75.33
2011-08-17,77.19
2011-08-18,79.05
2011-08-19,78.12
2011-08-20,84.63000000000001
2011-08-21,83.7
2011-08-22,73.47
2011-08-23,72.54
2011-08-24,74.4
2011-08-25,77.19
2011-08-26,79.05
2011-08-27,89.28
2011-08-28,89.28
2011-08-29,75.33
2011-08-30,76.26
2011-08-31,77.19
2011-09-01,74.88
2011-09-02,75.84
2011-09-03,84.47999999999999
2011-09-04,85.44
2011-09-05,81.6
2011-09-06,70.08
2011-09-07,72.0
2011-09-08,74.88
2011-09-09,74.88
2011-09-10,83.52
2011-09-11,82.56
2011-09-12,70.08
2011-09-13,72.0
2011-09-14,72.0
2011-09-15,71.03999999999999
2011-09-16,74.88
2011-09-17,83.52
2011-09-18,82.56
2011-09-19,69.12
2011-09-20,70.08
2011-09-21,73.92
2011-09-22,74.88
2011-09-23,75.84
2011-09-24,89.28
2011-09-25,96.0
2011-09-26,77.75999999999999
2011-09-27,70.08
2011-09-28,72.0
2011-09-29,72.0
2011-09-30,72.0
2011-10-01,90.0
2011-10-02,90.0
2011-10-03,72.9
2011-10-04,75.60000000000001
2011-10-05,74.7
2011-10-06,73.8
2011-10-07,78.3
2011-10-08,90.0
2011-10-09,87.3
2011-10-10,74.7
2011-10-11,73.8
2011-10-12,73.8
2011-10-13,75.60000000000001
2011-10-14,81.0
2011-10-15,88.2
2011-10-16,86.4
2011-10-17,72.9
2011-10-18,73.8
2011-10-19,72.9
2011-10-20,74.7
2011-10-21,76.5
2011-10-22,85.5
2011-10-23,85.5
2011-10-24,71.10000000000001
2011-10-25,72.0
2011-10-26,76.5
2011-10-27,72.9
2011-10-28,75.60000000000001
2011-10-29,85.5
2011-10-30,84.60000000000001
2011-10-31,74.7
2011-11-01,76.56
2011-11-02,75.69
2011-11-03,74.82
2011-11-04,79.17
2011-11-05,87.0
2011-11-06,85.26
2011-11-07,72.21
2011-11-08,73.08
2011-11-09,71.34
2011-11-10,73.08
2011-11-11,79.17
2011-11-12,86.13
2011-11-13,84.39
2011-11-14,73.08
2011-11-15,73.08
2011-11-16,73.95
2011-11-17,75.69
2011-11-18,75.69
2011-11-19,87.0
2011-11-20,83.52
2011-11-21,71.34
2011-11-22,74.82
2011-11-23,78.3
2011-11-24,86.13
2011-11-25,80.04
2011-11-26,82.65
2011-11-27,81.78
2011-11-28,68.73
2011-11-29,70.47
2011-11-30,71.34
2011-12-01,63.19
2011-12-02,64.08
2011-12-03,75.65
2011-12-04,72.98
2011-12-05,58.74
2011-12-06,61.410000000000004
2011-12-07,64.97
2011-12-08,63.19
2011-12-09,65.86
2011-12-10,71.2
2011-12-11,70.31
2011-12-12,61.410000000000004
2011-12-13,64.08
2011-12-14,63.19
2011-12-15,65.86
2011-12-16,69.42
2011-12-17,77.43
2011-12-18,76.54
2011-12-19,66.75
2011-12-20,68.53
2011-12-21,69.42
2011-12-22,71.2
2011-12-23,72.09
2011-12-24,82.77
2011-12-25,89.0
2011-12-26,81.88
2011-12-27,71.2
2011-12-28,70.31
2011-12-29,71.2
2011-12-30,72.98
2011-12-31,77.43
2012-01-01,88.0
2012-01-02,76.56
2012-01-03,70.4
2012-01-04,70.4
2012-01-05,71.28
2012-01-06,72.16
2012-01-07,80.08
2012-01-08,78.32000000000001
2012-01-09,67.76
2012-01-10,68.64
2012-01-11,69.52
2012-01-12,70.4
2012-01-13,70.4
2012-01-14,80.96
2012-01-15,79.2
2012-01-16,73.92
2012-01-17,70.4
2012-01-18,69.52
2012-01-19,71.28
2012-01-20,72.16
2012-01-21,81.84
2012-01-22,78.32000000000001
2012-01-23,68.64
2012-01-24,71.28
2012-01-25,72.16
2012-01-26,75.68
2012-01-27,73.92
2012-01-28,81.84
2012-01-29,80.96
2012-01-30,68.64
2012-01-31,70.4
2012-02-01,74.82
2012-02-02,80.04
2012-02-03,75.69
2012-02-04,84.39
2012-02-05,83.52
2012-02-06,71.34
2012-02-07,72.21
2012-02-08,73.08
2012-02-09,71.34
2012-02-10,74.82
2012-02-11,82.65
2012-02-12,77.42999999999999
2012-02-13,66.12
2012-02-14,74.82
2012-02-15,79.17
2012-02-16,75.69
2012-02-17,74.82
2012-02-18,82.65
2012-02-19,82.65
2012-02-20,76.56
2012-02-21,71.34
2012-02-22,73.95
2012-02-23,73.95
2012-02-24,75.69
2012-02-25,87.0
2012-02-26,82.65
2012-02-27,69.6
2012-02-28,71.34
2012-02-29,71.34
2012-03-01,72.24
2012-03-02,73.08
2012-03-03,82.32
2012-03-04,82.32
2012-03-05,68.03999999999999
2012-03-06,73.92
2012-03-07,73.08
2012-03-08,73.08
2012-03-09,73.92
2012-03-10,84.0
2012-03-11,83.16
2012-03-12,72.24
2012-03-13,74.75999999999999
2012-03-14,73.08
2012-03-15,73.08
2012-03-16,73.92
2012-03-17,84.0
2012-03-18,82.32
2012-03-19,70.56
2012-03-20,70.56
2012-03-21,72.24
2012-03-22,73.08
2012-03-23,73.92
2012-03-24,82.32
2012-03-25,79.8
2012-03-26,70.56
2012-03-27,71.39999999999999
2012-03-28,72.24
2012-03-29,73.08
2012-03-30,72.24
2012-03-31,78.96
2012-04-01,79.67999999999999
2012-04-02,68.89
2012-04-03,68.89
2012-04-04,68.89
2012-04-05,71.38
2012-04-06,74.7
2012-04-07,78.85
2012-04-08,83.0
2012-04-09,68.89
2012-04-10,69.72
2012-04-11,71.38
2012-04-12,69.72
2012-04-13,70.55
2012-04-14,78.85
2012-04-15,78.85
2012-04-16,68.06
2012-04-17,68.06
2012-04-18,68.06
2012-04-19,69.72
2012-04-20,71.38
2012-04-21,79.67999999999999
2012-04-22,77.19
2012-04-23,68.06
2012-04-24,68.89
2012-04-25,70.55
2012-04-26,69.72
2012-04-27,68.06
2012-04-28,77.19
2012-04-29,78.02
2012-04-30,66.39999999999999
2012-05-01,68.06
2012-05-02,69.72
2012-05-03,71.38
2012-05-04,70.55
2012-05-05,80.50999999999999
2012-05-06,78.85
2012-05-07,68.06
2012-05-08,68.06
2012-05-09,68.89
2012-05-10,70.55
2012-05-11,74.7
2012-05-12,80.50999999999999
2012-05-13,83.0
2012-05-14,69.72
2012-05-15,70.55
2012-05-16,70.55
2012-05-17,71.38
2012-05-18,81.33999999999999
2012-05-19,82.17
2012-05-20,79.67999999999999
2012-05-21,70.55
2012-05-22,70.55
2012-05-23,70.55
2012-05-24,73.03999999999999
2012-05-25,74.7
2012-05-26,81.33999999999999
2012-05-27,81.33999999999999
2012-05-28,79.67999999999999
2012-05-29,69.72
2012-05-30,69.72
2012-05-31,75.53
2012-06-01,85.0
2012-06-02,83.3
2012-06-03,85.0
2012-06-04,71.39999999999999
2012-06-05,72.25
2012-06-06,72.25
2012-06-07,73.1
2012-06-08,74.8
2012-06-09,81.6
2012-06-10,80.75
2012-06-11,73.1
2012-06-12,73.95
2012-06-13,73.1
2012-06-14,73.1
2012-06-15,74.8
2012-06-16,81.6
2012-06-17,83.3
2012-06-18,71.39999999999999
2012-06-19,73.95
2012-06-20,77.35
2012-06-21,74.8
2012-06-22,72.25
2012-06-23,81.6
2012-06-24,81.6
2012-06-25,72.25
2012-06-26,75.64999999999999
2012-06-27,73.1
2012-06-28,74.8
2012-06-29,74.8
2012-06-30,81.6
2012-07-01,82.0
2012-07-02,70.52
2012-07-03,72.16
2012-07-04,81.17999999999999
2012-07-05,74.61999999999999
2012-07-06,72.97999999999999
2012-07-07,77.89999999999999
2012-07-08,78.72
2012-07-09,72.16
2012-07-10,71.33999999999999
2012-07-11,73.8
2012-07-12,72.97999999999999
2012-07-13,72.97999999999999
2012-07-14,78.72
2012-07-15,79.53999999999999
2012-07-16,72.16
2012-07-17,71.33999999999999
2012-07-18,72.97999999999999
2012-07-19,71.33999999999999
2012-07-20,72.97999999999999
2012-07-21,79.53999999999999
2012-07-22,80.36
2012-07-23,72.16
2012-07-24,71.33999999999999
2012-07-25,71.33999999999999
2012-07-26,72.97999999999999
2012-07-27,72.16
2012-07-28,74.61999999999999
2012-07-29,77.89999999999999
2012-07-30,70.52
2012-07-31,71.33999999999999
2012-08-01,71.28
2012-08-02,72.09
2012-08-03,72.9
2012-08-04,78.57000000000001
2012-08-05,78.57000000000001
2012-08-06,70.47
2012-08-07,71.28
2012-08-08,71.28
2012-08-09,71.28
2012-08-10,72.09
2012-08-11,78.57000000000001
2012-08-12,76.95
2012-08-13,70.47
2012-08-14,71.28
2012-08-15,72.09
2012-08-16,72.9
2012-08-17,75.33
2012-08-18,80.19000000000001
2012-08-19,81.0
2012-08-20,71.28
2012-08-21,72.09
2012-08-22,72.09
2012-08-23,72.09
2012-08-24,72.09
2012-08-25,79.38000000000001
2012-08-26,79.38000000000001
2012-08-27,69.66000000000001
2012-08-28,68.85000000000001
2012-08-29,70.47
2012-08-30,72.09
2012-08-31,73.71000000000001
2012-09-01,77.0
2012-09-02,76.23
2012-09-03,75.46000000000001
2012-09-04,66.99
2012-09-05,68.53
2012-09-06,67.76
2012-09-07,67.76
2012-09-08,75.46000000000001
2012-09-09,74.69
2012-09-10,64.68
2012-09-11,66.99
2012-09-12,66.22
2012-09-13,64.68
2012-09-14,67.76
2012-09-15,76.23
2012-09-16,75.46000000000001
2012-09-17,65.45
2012-09-18,66.22
2012-09-19,67.76
2012-09-20,66.22
2012-09-21,68.53
2012-09-22,77.0
2012-09-23,73.92
2012-09-24,66.99
2012-09-25,66.22
2012-09-26,66.99
2012-09-27,66.22
2012-09-28,68.53
2012-09-29,75.46000000000001
2012-09-30,73.92
2012-10-01,64.67999999999999
2012-10-02,64.67999999999999
2012-10-03,65.66
2012-10-04,78.4
2012-10-05,87.22
2012-10-06,98.0
2012-10-07,93.1
2012-10-08,87.22
2012-10-09,84.28
2012-10-10,85.26
2012-10-11,86.24
2012-10-12,88.2
2012-10-13,98.0
2012-10-14,95.06
2012-10-15,83.3
2012-10-16,86.24
2012-10-17,87.22
2012-10-18,88.2
2012-10-19,88.2
2012-10-20,97.02
2012-10-21,96.03999999999999
2012-10-22,85.26
2012-10-23,86.24
2012-10-24,85.26
2012-10-25,86.24
2012-10-26,88.2
2012-10-27,96.03999999999999
2012-10-28,97.02
2012-10-29,86.24
2012-10-30,85.26
2012-10-31,88.2
2012-11-01,91.0
2012-11-02,90.0
2012-11-03,99.0
2012-11-04,98.0
2012-11-05,87.0
2012-11-06,86.0
2012-11-07,88.0
2012-11-08,89.0
2012-11-09,91.0
2012-11-10,99.0
2012-11-11,98.0
2012-11-12,88.0
2012-11-13,86.0
2012-11-14,87.0
2012-11-15,88.0
2012-11-16,88.0
2012-11-17,95.0
2012-11-18,94.0
2012-11-19,84.0
2012-11-20,85.0
2012-11-21,94.0
2012-11-22,100.0
2012-11-23,90.0
2012-11-24,97.0
2012-11-25,93.0
2012-11-26,80.0
2012-11-27,84.0
2012-11-28,84.0
2012-11-29,84.0
2012-11-30,87.0
2012-12-01,85.14
2012-12-02,84.15
2012-12-03,73.26
2012-12-04,75.24
2012-12-05,75.24
2012-12-06,75.24
2012-12-07,77.22
2012-12-08,84.15
2012-12-09,81.17999999999999
2012-12-10,78.21
2012-12-11,75.24
2012-12-12,74.25
2012-12-13,76.23
2012-12-14,78.21
2012-12-15,89.1
2012-12-16,86.13
2012-12-17,75.24
2012-12-18,77.22
2012-12-19,78.21
2012-12-20,80.19
2012-12-21,82.17
2012-12-22,88.11
2012-12-23,90.09
2012-12-24,90.09
2012-12-25,99.0
2012-12-26,87.12
2012-12-27,84.15
2012-12-28,85.14
2012-12-29,87.12
2012-12-30,87.12
2012-12-31,84.15
2013-01-01,96.0
2013-01-02,81.6
2013-01-03,79.67999999999999
2013-01-04,81.6
2013-01-05,87.36
2013-01-06,87.36
2013-01-07,77.75999999999999
2013-01-08,78.72
2013-01-09,78.72
2013-01-10,77.75999999999999
2013-01-11,78.72
2013-01-12,86.39999999999999
2013-01-13,85.44
2013-01-14,73.92
2013-01-15,77.75999999999999
2013-01-16,78.72
2013-01-17,78.72
2013-01-18,80.64
2013-01-19,87.36
2013-01-20,86.39999999999999
2013-01-21,80.64
2013-01-22,74.88
2013-01-23,78.72
2013-01-24,78.72
2013-01-25,81.6
2013-01-26,85.44
2013-01-27,81.6
2013-01-28,76.8
2013-01-29,77.75999999999999
2013-01-30,77.75999999999999
2013-01-31,76.8
2013-02-01,84.63000000000001
2013-02-02,93.0
2013-02-03,90.21000000000001
2013-02-04,81.84
2013-02-05,79.98
2013-02-06,79.98
2013-02-07,79.98
2013-02-08,84.63000000000001
2013-02-09,92.07000000000001
2013-02-10,90.21000000000001
2013-02-11,77.19
2013-02-12,80.91000000000001
2013-02-13,79.98
2013-02-14,84.63000000000001
2013-02-15,87.42
2013-02-16,90.21000000000001
2013-02-17,90.21000000000001
2013-02-18,81.84
2013-02-19,80.91000000000001
2013-02-20,80.91000000000001
2013-02-21,79.98
2013-02-22,82.77000000000001
2013-02-23,91.14
2013-02-24,90.21000000000001
2013-02-25,77.19
2013-02-26,79.98
2013-02-27,81.84
2013-02-28,79.98
2013-03-01,82.77000000000001
2013-03-02,90.21000000000001
2013-03-03,89.28
2013-03-04,79.05
2013-03-05,79.98
2013-03-06,80.91000000000001
2013-03-07,81.84
2013-03-08,82.77000000000001
2013-03-09,89.28
2013-03-10,89.28
2013-03-11,81.84
2013-03-12,81.84
2013-03-13,79.98
2013-03-14,80.91000000000001
2013-03-15,83.7
2013-03-16,90.21000000000001
2013-03-17,88.35000000000001
2013-03-18,81.84
2013-03-19,79.98
2013-03-20,81.84
2013-03-21,81.84
2013-03-22,82.77000000000001
2013-03-23,93.0
2013-03-24,89.28
2013-03-25,82.77000000000001
2013-03-26,84.63000000000001
2013-03-27,85.56
2013-03-28,84.63000000000001
2013-03-29,87.42
2013-03-30,93.0
2013-03-31,93.0
2013-04-01,81.0
2013-04-02,80.10000000000001
2013-04-03,79.2
2013-04-04,81.9
2013-04-05,82.8
2013-04-06,88.2
2013-04-07,88.2
2013-04-08,77.4
2013-04-09,79.2
2013-04-10,78.3
2013-04-11,80.10000000000001
2013-04-12,80.10000000000001
2013-04-13,90.0
2013-04-14,87.3
2013-04-15,77.4
2013-04-16,81.0
2013-04-17,80.10000000000001
2013-04-18,78.3
2013-04-19,81.9
2013-04-20,90.0
2013-04-21,89.10000000000001
2013-04-22,77.4
2013-04-23,77.4
2013-04-24,79.2
2013-04-25,80.10000000000001
2013-04-26,81.9
2013-04-27,89.10000000000001
2013-04-28,88.2
2013-04-29,77.4
2013-04-30,78.3
2013-05-01,79.05
2013-05-02,79.05
2013-05-03,79.98
2013-05-04,89.28
2013-05-05,89.28
2013-05-06,79.05
2013-05-07,78.12
2013-05-08,78.12
2013-05-09,79.05
2013-05-10,81.84
2013-05-11,89.28
2013-05-12,93.0
2013-05-13,79.98
2013-05-14,80.91000000000001
2013-05-15,78.12
2013-05-16,79.05
2013-05-17,80.91000000000001
2013-05-18,89.28
2013-05-19,86.49000000000001
2013-05-20,79.05
2013-05-21,79.05
2013-05-22,81.84
2013-05-23,80.91000000000001
2013-05-24,83.7
2013-05-25,88.35000000000001
2013-05-26,89.28
2013-05-27,89.28
2013-05-28,79.98
2013-05-29,80.91000000000001
2013-05-30,82.77000000000001
2013-05-31,82.77000000000001
2013-06-01,90.24
2013-06-02,87.42
2013-06-03,79.89999999999999
2013-06-04,79.89999999999999
2013-06-05,80.83999999999999
2013-06-06,80.83999999999999
2013-06-07,82.72
2013-06-08,88.36
2013-06-09,88.36
2013-06-10,80.83999999999999
2013-06-11,80.83999999999999
2013-06-12,82.72
2013-06-13,82.72
2013-06-14,84.6
2013-06-15,90.24
2013-06-16,94.0
2013-06-17,83.66
2013-06-18,82.72
2013-06-19,86.47999999999999
2013-06-20,81.78
2013-06-21,82.72
2013-06-22,90.24
2013-06-23,89.3
2013-06-24,81.78
2013-06-25,79.89999999999999
2013-06-26,80.83999999999999
2013-06-27,80.83999999999999
2013-06-28,83.66
2013-06-29,87.42
2013-06-30,88.36
2013-07-01,80.99000000000001
2013-07-02,82.81
2013-07-03,83.72
2013-07-04,90.09
2013-07-05,88.27
2013-07-06,91.0
2013-07-07,89.18
2013-07-08,83.72
2013-07-09,85.54
2013-07-10,84.63000000000001
2013-07-11,82.81
2013-07-12,84.63000000000001
2013-07-13,89.18
2013-07-14,89.18
2013-07-15,81.9
2013-07-16,82.81
2013-07-17,81.9
2013-07-18,81.9
2013-07-19,82.81
2013-07-20,86.45
2013-07-21,88.27
2013-07-22,80.08
2013-07-23,80.99000000000001
2013-07-24,81.9
2013-07-25,80.99000000000001
2013-07-26,83.72
2013-07-27,87.36
2013-07-28,85.54
2013-07-29,80.99000000000001
2013-07-30,81.9
2013-07-31,80.99000000000001
2013-08-01,82.72
2013-08-02,83.6
2013-08-03,86.24
2013-08-04,87.12
2013-08-05,80.08
2013-08-06,79.2
2013-08-07,82.72
2013-08-08,81.84
2013-08-09,85.36
2013-08-10,88.0
2013-08-11,87.12
2013-08-12,80.08
2013-08-13,79.2
2013-08-14,81.84
2013-08-15,80.08
2013-08-16,79.2
2013-08-17,86.24
2013-08-18,85.36
2013-08-19,78.32000000000001
2013-08-20,80.96
2013-08-21,81.84
2013-08-22,79.2
2013-08-23,80.96
2013-08-24,86.24
2013-08-25,86.24
2013-08-26,75.68
2013-08-27,77.44
2013-08-28,79.2
2013-08-29,78.32000000000001
2013-08-30,80.08
2013-08-31,82.72
2013-09-01,82.0
2013-09-02,79.53999999999999
2013-09-03,74.61999999999999
2013-09-04,73.8
2013-09-05,72.97999999999999
2013-09-06,73.8
2013-09-07,80.36
2013-09-08,78.72
2013-09-09,72.16
2013-09-10,70.52
2013-09-11,72.97999999999999
2013-09-12,72.16
2013-09-13,72.97999999999999
2013-09-14,78.72
2013-09-15,77.08
2013-09-16,70.52
2013-09-17,70.52
2013-09-18,71.33999999999999
2013-09-19,72.16
2013-09-20,73.8
2013-09-21,78.72
2013-09-22,76.25999999999999
2013-09-23,70.52
2013-09-24,70.52
2013-09-25,68.88
2013-09-26,70.52
2013-09-27,71.33999999999999
2013-09-28,77.08
2013-09-29,76.25999999999999
2013-09-30,67.24
2013-10-01,67.86
2013-10-02,67.86
2013-10-03,68.64
2013-10-04,69.42
2013-10-05,76.44
2013-10-06,74.10000000000001
2013-10-07,67.08
2013-10-08,68.64
2013-10-09,69.42
2013-10-10,68.64
2013-10-11,70.2
2013-10-12,74.88
2013-10-13,74.88
2013-10-14,68.64
2013-10-15,68.64
2013-10-16,69.42
2013-10-17,69.42
2013-10-18,69.42
2013-10-19,78.0
2013-10-20,74.88
2013-10-21,67.86
2013-10-22,68.64
2013-10-23,68.64
2013-10-24,67.86
2013-10-25,70.2
2013-10-26,75.66
2013-10-27,74.88
2013-10-28,67.86
2013-10-29,69.42
2013-10-30,69.42
2013-10-31,70.98
2013-11-01,71.61
2013-11-02,76.23
2013-11-03,73.15
2013-11-04,66.22
2013-11-05,66.99
2013-11-06,66.99
2013-11-07,68.53
2013-11-08,69.3
2013-11-09,77.0
2013-11-10,73.15
2013-11-11,66.22
2013-11-12,65.45
2013-11-13,66.99
2013-11-14,66.99
2013-11-15,67.76
2013-11-16,72.38
2013-11-17,71.61
2013-11-18,64.68
2013-11-19,65.45
2013-11-20,64.68
2013-11-21,66.22
2013-11-22,67.76
2013-11-23,71.61
2013-11-24,71.61
2013-11-25,65.45
2013-11-26,66.99
2013-11-27,69.3
2013-11-28,71.61
2013-11-29,70.07000000000001
2013-11-30,72.38
2013-12-01,62.370000000000005
2013-12-02,55.44
2013-12-03,56.980000000000004
2013-12-04,59.29
2013-12-05,58.52
2013-12-06,60.06
2013-12-07,65.45
2013-12-08,63.14
2013-12-09,56.980000000000004
2013-12-10,56.980000000000004
2013-12-11,57.75
2013-12-12,58.52
2013-12-13,59.29
2013-12-14,65.45
2013-12-15,62.370000000000005
2013-12-16,56.980000000000004
2013-12-17,57.75
2013-12-18,56.980000000000004
2013-12-19,60.83
2013-12-20,61.6
2013-12-21,66.22
2013-12-22,66.22
2013-12-23,63.14
2013-12-24,66.99
2013-12-25,77.0
2013-12-26,66.22
2013-12-27,63.910000000000004
2013-12-28,66.22
2013-12-29,64.68
2013-12-30,60.83
2013-12-31,63.910000000000004
2014-01-01,74.0
2014-01-02,63.64
2014-01-03,63.64
2014-01-04,66.6
2014-01-05,66.6
2014-01-06,59.94
2014-01-07,60.68
2014-01-08,60.68
2014-01-09,62.16
2014-01-10,61.42
2014-01-11,66.6
2014-01-12,64.38
2014-01-13,58.46
2014-01-14,59.2
2014-01-15,59.94
2014-01-16,59.94
2014-01-17,59.94
2014-01-18,65.86
2014-01-19,65.12
2014-01-20,60.68
2014-01-21,58.46
2014-01-22,59.94
2014-01-23,60.68
2014-01-24,59.2
2014-01-25,65.12
2014-01-26,63.64
2014-01-27,56.98
2014-01-28,59.94
2014-01-29,59.94
2014-01-30,62.16
2014-01-31,59.94
2014-02-01,74.0
2014-02-02,70.3
2014-02-03,65.86
2014-02-04,69.56
2014-02-05,72.52
2014-02-06,70.3
2014-02-07,68.08
2014-02-08,73.26
2014-02-09,71.03999999999999
2014-02-10,64.38
2014-02-11,65.12
2014-02-12,67.34
2014-02-13,67.34
2014-02-14,70.3
2014-02-15,73.26
2014-02-16,71.78
2014-02-17,67.34
2014-02-18,67.34
2014-02-19,65.12
2014-02-20,64.38
2014-02-21,66.6
2014-02-22,72.52
2014-02-23,71.03999999999999
2014-02-24,63.64
2014-02-25,64.38
2014-02-26,65.12
2014-02-27,65.86
2014-02-28,67.34
2014-03-01,72.27
2014-03-02,72.27
2014-03-03,62.78
2014-03-04,64.97
2014-03-05,64.97
2014-03-06,66.42999999999999
2014-03-07,67.89
2014-03-08,71.53999999999999
2014-03-09,72.27
2014-03-10,64.97
2014-03-11,66.42999999999999
2014-03-12,66.42999999999999
2014-03-13,66.42999999999999
2014-03-14,68.62
2014-03-15,71.53999999999999
2014-03-16,71.53999999999999
2014-03-17,66.42999999999999
2014-03-18,64.97
2014-03-19,65.7
2014-03-20,67.89
2014-03-21,67.89
2014-03-22,70.81
2014-03-23,71.53999999999999
2014-03-24,64.24
2014-03-25,64.24
2014-03-26,65.7
2014-03-27,64.97
2014-03-28,68.62
2014-03-29,73.0
2014-03-30,70.81
2014-03-31,64.97
2014-04-01,60.72
2014-04-02,60.029999999999994
2014-04-03,61.41
2014-04-04,62.78999999999999
2014-04-05,66.92999999999999
2014-04-06,66.24
2014-04-07,60.029999999999994
2014-04-08,60.029999999999994
2014-04-09,60.72
2014-04-10,62.099999999999994
2014-04-11,64.17
2014-04-12,67.61999999999999
2014-04-13,67.61999999999999
2014-04-14,60.72
2014-04-15,60.72
2014-04-16,62.099999999999994
2014-04-17,62.78999999999999
2014-04-18,64.17
2014-04-19,67.61999999999999
2014-04-20,69.0
2014-04-21,62.099999999999994
2014-04-22,60.72
2014-04-23,62.099999999999994
2014-04-24,61.41
2014-04-25,62.099999999999994
2014-04-26,69.0
2014-04-27,66.92999999999999
2014-04-28,60.029999999999994
2014-04-29,60.72
2014-04-30,60.72
2014-05-01,60.9
2014-05-02,62.99999999999999
2014-05-03,66.5
2014-05-04,65.1
2014-05-05,59.49999999999999
2014-05-06,58.8
2014-05-07,60.199999999999996
2014-05-08,60.199999999999996
2014-05-09,60.199999999999996
2014-05-10,67.19999999999999
2014-05-11,70.0
2014-05-12,60.199999999999996
2014-05-13,58.099999999999994
2014-05-14,60.199999999999996
2014-05-15,59.49999999999999
2014-05-16,62.3
2014-05-17,67.19999999999999
2014-05-18,67.19999999999999
2014-05-19,60.199999999999996
2014-05-20,60.199999999999996
2014-05-21,59.49999999999999
2014-05-22,61.599999999999994
2014-05-23,63.699999999999996
2014-05-24,68.6
2014-05-25,68.6
2014-05-26,67.19999999999999
2014-05-27,60.9
2014-05-28,60.9
2014-05-29,60.199999999999996
2014-05-30,62.99999999999999
2014-05-31,67.19999999999999
2014-06-01,68.39999999999999
2014-06-02,61.919999999999995
2014-06-03,61.919999999999995
2014-06-04,64.08
2014-06-05,65.52
2014-06-06,64.8
2014-06-07,69.84
2014-06-08,69.12
2014-06-09,63.36
2014-06-10,62.64
2014-06-11,62.64
2014-06-12,63.36
2014-06-13,63.36
2014-06-14,67.67999999999999
2014-06-15,72.0
2014-06-16,64.08
2014-06-17,62.64
2014-06-18,62.64
2014-06-19,66.96
2014-06-20,66.24
2014-06-21,69.12
2014-06-22,71.28
2014-06-23,64.08
2014-06-24,64.8
2014-06-25,64.08
2014-06-26,64.8
2014-06-27,66.96
2014-06-28,69.84
2014-06-29,70.56
2014-06-30,64.08
2014-07-01,62.48
2014-07-02,64.61
2014-07-03,66.03
2014-07-04,68.86999999999999
2014-07-05,70.28999999999999
2014-07-06,71.0
2014-07-07,63.19
2014-07-08,62.48
2014-07-09,63.19
2014-07-10,63.9
2014-07-11,63.9
2014-07-12,67.45
2014-07-13,66.74
2014-07-14,62.48
2014-07-15,63.19
2014-07-16,63.19
2014-07-17,64.61
2014-07-18,64.61
2014-07-19,68.86999999999999
2014-07-20,68.86999999999999
2014-07-21,62.48
2014-07-22,64.61
2014-07-23,64.61
2014-07-24,63.9
2014-07-25,63.9
2014-07-26,66.74
2014-07-27,66.74
2014-07-28,61.769999999999996
2014-07-29,63.9
2014-07-30,63.9
2014-07-31,62.48
2014-08-01,69.35
2014-08-02,67.16
2014-08-03,67.16
2014-08-04,62.78
2014-08-05,64.24
2014-08-06,65.7
2014-08-07,70.08
2014-08-08,67.16
2014-08-09,70.81
2014-08-10,69.35
2014-08-11,64.97
2014-08-12,63.51
2014-08-13,65.7
2014-08-14,65.7
2014-08-15,65.7
2014-08-16,69.35
2014-08-17,70.08
2014-08-18,65.7
2014-08-19,66.42999999999999
2014-08-20,67.16
2014-08-21,67.16
2014-08-22,69.35
2014-08-23,73.0
2014-08-24,73.0
2014-08-25,64.24
2014-08-26,64.97
2014-08-27,65.7
2014-08-28,64.97
2014-08-29,66.42999999999999
2014-08-30,70.81
2014-08-31,70.08
2014-09-01,67.89999999999999
2014-09-02,63.699999999999996
2014-09-03,68.6
2014-09-04,62.99999999999999
2014-09-05,65.1
2014-09-06,70.0
2014-09-07,67.89999999999999
2014-09-08,62.3
2014-09-09,60.9
2014-09-10,64.39999999999999
2014-09-11,62.99999999999999
2014-09-12,63.699999999999996
2014-09-13,67.89999999999999
2014-09-14,67.19999999999999
2014-09-15,62.99999999999999
2014-09-16,62.3
2014-09-17,63.699999999999996
2014-09-18,63.699999999999996
2014-09-19,65.1
2014-09-20,70.0
2014-09-21,67.89999999999999
2014-09-22,62.3
2014-09-23,62.99999999999999
2014-09-24,63.699999999999996
2014-09-25,62.3
2014-09-26,65.1
2014-09-27,70.0
2014-09-28,68.6
2014-09-29,62.3
2014-09-30,60.9
2014-10-01,62.3
2014-10-02,62.3
2014-10-03,62.99999999999999
2014-10-04,70.0
2014-10-05,66.5
2014-10-06,60.199999999999996
2014-10-07,60.199999999999996
2014-10-08,61.599999999999994
2014-10-09,60.9
2014-10-10,62.99999999999999
2014-10-11,67.89999999999999
2014-10-12,67.19999999999999
2014-10-13,60.9
2014-10-14,60.9
2014-10-15,62.3
2014-10-16,62.99999999999999
2014-10-17,63.699999999999996
2014-10-18,68.6
2014-10-19,68.6
2014-10-20,60.9
2014-10-21,60.9
2014-10-22,59.49999999999999
2014-10-23,60.199999999999996
2014-10-24,62.99999999999999
2014-10-25,69.3
2014-10-26,66.5
2014-10-27,60.199999999999996
2014-10-28,64.39999999999999
2014-10-29,60.9
2014-10-30,61.599999999999994
2014-10-31,64.39999999999999
2014-11-01,68.0
2014-11-02,65.28
2014-11-03,58.480000000000004
2014-11-04,58.480000000000004
2014-11-05,57.800000000000004
2014-11-06,58.480000000000004
2014-11-07,60.52
2014-11-08,66.64
2014-11-09,63.24
2014-11-10,58.480000000000004
2014-11-11,59.84
2014-11-12,57.120000000000005
2014-11-13,57.120000000000005
2014-11-14,57.120000000000005
2014-11-15,64.60000000000001
2014-11-16,62.56
2014-11-17,57.120000000000005
2014-11-18,57.800000000000004
2014-11-19,57.800000000000004
2014-11-20,57.120000000000005
2014-11-21,59.160000000000004
2014-11-22,63.92
2014-11-23,63.24
2014-11-24,57.120000000000005
2014-11-25,58.480000000000004
2014-11-26,60.52
2014-11-27,64.60000000000001
2014-11-28,61.2
2014-11-29,63.92
2014-11-30,61.2
2014-12-01,49.580000000000005
2014-12-02,51.59
2014-12-03,51.59
2014-12-04,50.25
2014-12-05,52.260000000000005
2014-12-06,57.620000000000005
2014-12-07,56.28
2014-12-08,50.92
2014-12-09,51.59
2014-12-10,51.59
2014-12-11,50.92
2014-12-12,52.260000000000005
2014-12-13,57.620000000000005
2014-12-14,56.95
2014-12-15,50.25
2014-12-16,51.59
2014-12-17,51.59
2014-12-18,52.93
2014-12-19,53.6
2014-12-20,58.96
2014-12-21,57.620000000000005
2014-12-22,55.61000000000001
2014-12-23,57.620000000000005
2014-12-24,60.300000000000004
2014-12-25,67.0
2014-12-26,59.63
2014-12-27,59.63
2014-12-28,58.96
2014-12-29,54.940000000000005
2014-12-30,55.61000000000001
2014-12-31,58.290000000000006
2015-01-01,65.0
2015-01-02,56.550000000000004
2015-01-03,59.800000000000004
2015-01-04,58.5
2015-01-05,55.25
2015-01-06,54.6
2015-01-07,53.300000000000004
2015-01-08,53.95
2015-01-09,53.95
2015-01-10,59.15
2015-01-11,56.550000000000004
2015-01-12,51.35
2015-01-13,52.0
2015-01-14,52.65
2015-01-15,51.35
2015-01-16,53.95
2015-01-17,57.85
2015-01-18,57.2
2015-01-19,53.300000000000004
2015-01-20,51.35
2015-01-21,52.65
2015-01-22,52.0
2015-01-23,52.65
2015-01-24,59.15
2015-01-25,57.85
2015-01-26,52.65
2015-01-27,59.800000000000004
2015-01-28,53.300000000000004
2015-01-29,52.65
2015-01-30,53.95
2015-01-31,57.2
2015-02-01,57.66
2015-02-02,53.32
2015-02-03,52.7
2015-02-04,52.7
2015-02-05,51.46
2015-02-06,53.94
2015-02-07,58.9
2015-02-08,58.9
2015-02-09,51.46
2015-02-10,52.08
2015-02-11,52.7
2015-02-12,53.32
2015-02-13,54.56
2015-02-14,62.0
2015-02-15,59.519999999999996
2015-02-16,55.18
2015-02-17,54.56
2015-02-18,53.32
2015-02-19,53.94
2015-02-20,55.8
2015-02-21,60.14
2015-02-22,60.14
2015-02-23,52.7
2015-02-24,53.94
2015-02-25,52.7
2015-02-26,55.18
2015-02-27,53.94
2015-02-28,58.9
2015-03-01,58.28
2015-03-02,52.7
2015-03-03,53.94
2015-03-04,53.94
2015-03-05,53.94
2015-03-06,54.56
2015-03-07,59.519999999999996
2015-03-08,59.519999999999996
2015-03-09,53.94
2015-03-10,53.32
2015-03-11,55.18
2015-03-12,54.56
2015-03-13,55.18
2015-03-14,60.76
2015-03-15,58.9
2015-03-16,52.08
2015-03-17,55.18
2015-03-18,53.94
2015-03-19,55.18
2015-03-20,54.56
2015-03-21,59.519999999999996
2015-03-22,62.0
2015-03-23,53.32
2015-03-24,53.94
2015-03-25,57.04
2015-03-26,55.18
2015-03-27,56.42
2015-03-28,61.38
2015-03-29,60.76
2015-03-30,53.32
2015-03-31,53.32
2015-04-01,55.68
2015-04-02,56.32
2015-04-03,58.88
2015-04-04,62.72
2015-04-05,62.72
2015-04-06,56.96
2015-04-07,56.32
2015-04-08,56.96
2015-04-09,55.04
2015-04-10,57.6
2015-04-11,64.0
2015-04-12,63.36
2015-04-13,56.32
2015-04-14,53.76
2015-04-15,55.68
2015-04-16,55.68
2015-04-17,56.32
2015-04-18,62.72
2015-04-19,62.08
2015-04-20,55.68
2015-04-21,55.68
2015-04-22,54.4
2015-04-23,55.04
2015-04-24,56.32
2015-04-25,61.44
2015-04-26,62.08
2015-04-27,54.4
2015-04-28,54.4
2015-04-29,56.96
2015-04-30,55.68
2015-05-01,54.78
2015-05-02,62.040000000000006
2015-05-03,62.040000000000006
2015-05-04,54.78
2015-05-05,55.440000000000005
2015-05-06,54.78
2015-05-07,56.1
2015-05-08,57.42
2015-05-09,62.7
2015-05-10,66.0
2015-05-11,56.760000000000005
2015-05-12,55.440000000000005
2015-05-13,54.78
2015-05-14,55.440000000000005
2015-05-15,55.440000000000005
2015-05-16,62.7
2015-05-17,61.38
2015-05-18,55.440000000000005
2015-05-19,55.440000000000005
2015-05-20,55.440000000000005
2015-05-21,56.760000000000005
2015-05-22,58.080000000000005
2015-05-23,64.68
2015-05-24,64.68
2015-05-25,63.36
2015-05-26,56.760000000000005
2015-05-27,55.440000000000005
2015-05-28,56.1
2015-05-29,56.760000000000005
2015-05-30,63.36
2015-05-31,62.7
2015-06-01,55.61000000000001
2015-06-02,55.61000000000001
2015-06-03,54.940000000000005
2015-06-04,56.95
2015-06-05,57.620000000000005
2015-06-06,62.980000000000004
2015-06-07,63.650000000000006
2015-06-08,58.290000000000006
2015-06-09,57.620000000000005
2015-06-10,57.620000000000005
2015-06-11,57.620000000000005
2015-06-12,58.290000000000006
2015-06-13,62.980000000000004
2015-06-14,62.980000000000004
2015-06-15,56.95
2015-06-16,56.95
2015-06-17,58.290000000000006
2015-06-18,60.970000000000006
2015-06-19,58.96
2015-06-20,64.99000000000001
2015-06-21,67.0
2015-06-22,59.63
2015-06-23,59.63
2015-06-24,58.290000000000006
2015-06-25,56.28
2015-06-26,58.290000000000006
2015-06-27,60.970000000000006
2015-06-28,61.64
2015-06-29,56.28
2015-06-30,56.28
2015-07-01,58.88
2015-07-02,57.6
2015-07-03,60.800000000000004
2015-07-04,64.0
2015-07-05,64.0
2015-07-06,56.96
2015-07-07,56.96
2015-07-08,57.6
2015-07-09,56.96
2015-07-10,57.6
2015-07-11,60.800000000000004
2015-07-12,60.160000000000004
2015-07-13,56.96
2015-07-14,55.68
2015-07-15,55.68
2015-07-16,55.04
2015-07-17,56.32
2015-07-18,58.88
2015-07-19,58.88
2015-07-20,54.4
2015-07-21,56.32
2015-07-22,56.96
2015-07-23,56.96
2015-07-24,57.6
2015-07-25,61.44
2015-07-26,62.08
2015-07-27,56.96
2015-07-28,56.96
2015-07-29,56.96
2015-07-30,56.96
2015-07-31,58.24
2015-08-01,62.400000000000006
2015-08-02,63.7
2015-08-03,58.5
2015-08-04,59.800000000000004
2015-08-05,59.800000000000004
2015-08-06,58.5
2015-08-07,59.800000000000004
2015-08-08,63.7
2015-08-09,63.7
2015-08-10,59.15
2015-08-11,58.5
2015-08-12,58.5
2015-08-13,59.15
2015-08-14,59.800000000000004
2015-08-15,65.0
2015-08-16,65.0
2015-08-17,58.5
2015-08-18,59.15
2015-08-19,58.5
2015-08-20,59.15
2015-08-21,58.5
2015-08-22,64.35000000000001
2015-08-23,63.050000000000004
2015-08-24,58.5
2015-08-25,57.2
2015-08-26,59.15
2015-08-27,58.5
2015-08-28,58.5
2015-08-29,62.400000000000006
2015-08-30,62.400000000000006
2015-08-31,55.25
2015-09-01,49.199999999999996
2015-09-02,50.4
2015-09-03,49.199999999999996
2015-09-04,49.8
2015-09-05,54.6
2015-09-06,55.199999999999996
2015-09-07,53.4
2015-09-08,48.6
2015-09-09,48.0
2015-09-10,48.0
2015-09-11,49.8
2015-09-12,54.6
2015-09-13,53.4
2015-09-14,48.6
2015-09-15,48.6
2015-09-16,51.6
2015-09-17,51.0
2015-09-18,52.8
2015-09-19,57.599999999999994
2015-09-20,56.4
2015-09-21,51.0
2015-09-22,51.0
2015-09-23,52.199999999999996
2015-09-24,54.0
2015-09-25,51.0
2015-09-26,56.4
2015-09-27,55.8
2015-09-28,60.0
2015-09-29,55.199999999999996
2015-09-30,52.199999999999996
2015-10-01,52.8
2015-10-02,54.0
2015-10-03,60.0
2015-10-04,57.0
2015-10-05,51.6
2015-10-06,52.8
2015-10-07,52.199999999999996
2015-10-08,52.8
2015-10-09,53.4
2015-10-10,59.4
2015-10-11,58.199999999999996
2015-10-12,52.8
2015-10-13,51.6
2015-10-14,52.199999999999996
2015-10-15,54.0
2015-10-16,54.0
2015-10-17,58.199999999999996
2015-10-18,59.4
2015-10-19,52.199999999999996
2015-10-20,52.199999999999996
2015-10-21,52.199999999999996
2015-10-22,52.199999999999996
2015-10-23,52.8
2015-10-24,58.8
2015-10-25,57.599999999999994
2015-10-26,51.6
2015-10-27,52.199999999999996
2015-10-28,50.4
2015-10-29,52.199999999999996
2015-10-30,53.4
2015-10-31,58.8
2015-11-01,61.0
2015-11-02,50.629999999999995
2015-11-03,51.24
2015-11-04,51.24
2015-11-05,51.85
2015-11-06,53.07
2015-11-07,59.17
2015-11-08,56.73
2015-11-09,50.019999999999996
2015-11-10,51.24
2015-11-11,53.07
2015-11-12,53.07
2015-11-13,51.85
2015-11-14,59.78
2015-11-15,57.949999999999996
2015-11-16,51.24
2015-11-17,51.24
2015-11-18,51.24
2015-11-19,51.24
2015-11-20,53.68
2015-11-21,56.12
2015-11-22,54.9
2015-11-23,50.629999999999995
2015-11-24,51.24
2015-11-25,54.29
2015-11-26,56.73
2015-11-27,53.68
2015-11-28,55.51
2015-11-29,55.51
2015-11-30,46.97
2015-12-01,44.839999999999996
2015-12-02,45.43
2015-12-03,46.61
2015-12-04,46.61
2015-12-05,51.919999999999995
2015-12-06,50.739999999999995
2015-12-07,44.839999999999996
2015-12-08,45.43
2015-12-09,45.43
2015-12-10,47.199999999999996
2015-12-11,47.199999999999996
2015-12-12,51.919999999999995
2015-12-13,50.739999999999995
2015-12-14,45.43
2015-12-15,45.43
2015-12-16,46.61
2015-12-17,47.199999999999996
2015-12-18,47.79
2015-12-19,51.919999999999995
2015-12-20,51.919999999999995
2015-12-21,48.97
2015-12-22,50.739999999999995
2015-12-23,51.33
2015-12-24,52.51
2015-12-25,59.0
2015-12-26,54.279999999999994
2015-12-27,54.279999999999994
2015-12-28,50.15
2015-12-29,50.739999999999995
2015-12-30,50.739999999999995
2015-12-31,52.51
2016-01-01,70.56
2016-01-02,72.0
2016-01-03,70.56
2016-01-04,62.64
2016-01-05,62.64
2016-01-06,63.36
2016-01-07,63.36
2016-01-08,64.8
2016-01-09,68.39999999999999
2016-01-10,64.8
2016-01-11,59.76
2016-01-12,61.919999999999995
2016-01-13,61.919999999999995
2016-01-14,59.04
2016-01-15,61.919999999999995
2016-01-16,69.12
2016-01-17,69.12
2016-01-18,64.8
2016-01-19,60.48
2016-01-20,62.64
2016-01-21,63.36
2016-01-22,64.08
2016-01-23,70.56
2016-01-24,70.56
2016-01-25,61.919999999999995
2016-01-26,60.48
2016-01-27,63.36
2016-01-28,63.36
2016-01-29,63.36
2016-01-30,69.12
2016-01-31,68.39999999999999
2016-02-01,59.339999999999996
2016-02-02,59.339999999999996
2016-02-03,60.029999999999994
2016-02-04,60.72
2016-02-05,60.72
2016-02-06,66.24
2016-02-07,66.92999999999999
2016-02-08,59.339999999999996
2016-02-09,60.029999999999994
2016-02-10,57.269999999999996
2016-02-11,59.339999999999996
2016-02-12,61.41
2016-02-13,66.24
2016-02-14,69.0
2016-02-15,64.17
2016-02-16,58.65
2016-02-17,59.339999999999996
2016-02-18,59.339999999999996
2016-02-19,59.339999999999996
2016-02-20,65.55
2016-02-21,65.55
2016-02-22,59.339999999999996
2016-02-23,58.65
2016-02-24,61.41
2016-02-25,60.72
2016-02-26,60.72
2016-02-27,66.24
2016-02-28,65.55
2016-02-29,55.88999999999999
2016-03-01,56.699999999999996
2016-03-02,57.4
2016-03-03,59.49999999999999
2016-03-04,58.8
2016-03-05,65.1
2016-03-06,62.99999999999999
2016-03-07,57.4
2016-03-08,58.099999999999994
2016-03-09,57.4
2016-03-10,58.8
2016-03-11,59.49999999999999
2016-03-12,65.8
2016-03-13,65.1
2016-03-14,59.49999999999999
2016-03-15,58.099999999999994
2016-03-16,58.8
2016-03-17,58.8
2016-03-18,60.199999999999996
2016-03-19,66.5
2016-03-20,65.8
2016-03-21,58.099999999999994
2016-03-22,60.199999999999996
2016-03-23,59.49999999999999
2016-03-24,60.9
2016-03-25,62.99999999999999
2016-03-26,66.5
2016-03-27,70.0
2016-03-28,61.599999999999994
2016-03-29,60.9
2016-03-30,60.199999999999996
2016-03-31,60.9
2016-04-01,64.61
2016-04-02,68.86999999999999
2016-04-03,68.86999999999999
2016-04-04,61.769999999999996
2016-04-05,61.059999999999995
2016-04-06,61.769999999999996
2016-04-07,62.48
2016-04-08,63.19
2016-04-09,68.16
2016-04-10,68.16
2016-04-11,63.19
2016-04-12,62.48
2016-04-13,61.769999999999996
2016-04-14,63.19
2016-04-15,63.19
2016-04-16,69.58
2016-04-17,71.0
2016-04-18,61.769999999999996
2016-04-19,60.349999999999994
2016-04-20,61.059999999999995
2016-04-21,60.349999999999994
2016-04-22,63.19
2016-04-23,69.58
2016-04-24,68.86999999999999
2016-04-25,61.769999999999996
2016-04-26,61.059999999999995
2016-04-27,61.059999999999995
2016-04-28,61.769999999999996
2016-04-29,61.059999999999995
2016-04-30,67.45
2016-05-01,65.1
2016-05-02,56.699999999999996
2016-05-03,56.699999999999996
2016-05-04,56.0
2016-05-05,57.4
2016-05-06,58.8
2016-05-07,65.1
2016-05-08,70.0
2016-05-09,60.199999999999996
2016-05-10,58.099999999999994
2016-05-11,59.49999999999999
2016-05-12,59.49999999999999
2016-05-13,58.8
2016-05-14,65.1
2016-05-15,66.5
2016-05-16,58.8
2016-05-17,59.49999999999999
2016-05-18,58.099999999999994
2016-05-19,58.099999999999994
2016-05-20,60.9
2016-05-21,66.5
2016-05-22,66.5
2016-05-23,58.8
2016-05-24,60.199999999999996
2016-05-25,60.9
2016-05-26,61.599999999999994
2016-05-27,60.199999999999996
2016-05-28,67.19999999999999
2016-05-29,67.19999999999999
2016-05-30,67.19999999999999
2016-05-31,60.9
2016-06-01,62.099999999999994
2016-06-02,60.72
2016-06-03,62.78999999999999
2016-06-04,66.92999999999999
2016-06-05,66.92999999999999
2016-06-06,60.029999999999994
2016-06-07,61.41
2016-06-08,60.72
2016-06-09,61.41
2016-06-10,60.72
2016-06-11,65.55
2016-06-12,68.30999999999999
2016-06-13,61.41
2016-06-14,60.72
2016-06-15,60.72
2016-06-16,64.17
2016-06-17,61.41
2016-06-18,66.24
2016-06-19,69.0
2016-06-20,61.41
2016-06-21,61.41
2016-06-22,60.72
2016-06-23,61.41
2016-06-24,60.72
2016-06-25,66.24
2016-06-26,66.92999999999999
2016-06-27,59.339999999999996
2016-06-28,60.72
2016-06-29,60.029999999999994
2016-06-30,60.72
2016-07-01,63.699999999999996
2016-07-02,65.8
2016-07-03,67.89999999999999
2016-07-04,70.0
2016-07-05,63.699999999999996
2016-07-06,62.3
2016-07-07,62.99999999999999
2016-07-08,65.8
2016-07-09,66.5
2016-07-10,66.5
2016-07-11,62.3
2016-07-12,63.699999999999996
2016-07-13,63.699999999999996
2016-07-14,60.9
2016-07-15,63.699999999999996
2016-07-16,66.5
2016-07-17,67.89999999999999
2016-07-18,62.3
2016-07-19,62.3
2016-07-20,61.599999999999994
2016-07-21,62.99999999999999
2016-07-22,62.3
2016-07-23,64.39999999999999
2016-07-24,65.8
2016-07-25,60.9
2016-07-26,60.9
2016-07-27,61.599999999999994
2016-07-28,60.9
2016-07-29,60.9
2016-07-30,65.1
2016-07-31,63.699999999999996
2016-08-01,60.45
2016-08-02,61.75
2016-08-03,61.75
2016-08-04,61.75
2016-08-05,61.75
2016-08-06,64.35000000000001
2016-08-07,65.0
2016-08-08,60.45
2016-08-09,61.1
2016-08-10,60.45
2016-08-11,60.45
2016-08-12,61.1
2016-08-13,63.7
2016-08-14,64.35000000000001
2016-08-15,59.800000000000004
2016-08-16,59.800000000000004
2016-08-17,60.45
2016-08-18,59.800000000000004
2016-08-19,58.5
2016-08-20,63.7
2016-08-21,64.35000000000001
2016-08-22,59.15
2016-08-23,59.15
2016-08-24,59.800000000000004
2016-08-25,59.800000000000004
2016-08-26,61.75
2016-08-27,64.35000000000001
2016-08-28,64.35000000000001
2016-08-29,57.2
2016-08-30,58.5
2016-08-31,59.800000000000004
2016-09-01,55.8
2016-09-02,55.8
2016-09-03,60.0
2016-09-04,60.0
2016-09-05,59.4
2016-09-06,54.6
2016-09-07,49.8
2016-09-08,49.199999999999996
2016-09-09,49.199999999999996
2016-09-10,52.199999999999996
2016-09-11,52.199999999999996
2016-09-12,51.6
2016-09-13,53.4
2016-09-14,52.8
2016-09-15,54.0
2016-09-16,55.8
2016-09-17,58.199999999999996
2016-09-18,58.8
2016-09-19,52.8
2016-09-20,52.8
2016-09-21,53.4
2016-09-22,54.0
2016-09-23,53.4
2016-09-24,60.0
2016-09-25,58.199999999999996
2016-09-26,52.199999999999996
2016-09-27,54.0
2016-09-28,52.199999999999996
2016-09-29,52.8
2016-09-30,52.8
2016-10-01,58.8
2016-10-02,58.199999999999996
2016-10-03,53.4
2016-10-04,52.8
2016-10-05,52.8
2016-10-06,53.4
2016-10-07,55.199999999999996
2016-10-08,60.0
2016-10-09,58.8
2016-10-10,55.199999999999996
2016-10-11,54.0
2016-10-12,52.8
2016-10-13,54.0
2016-10-14,54.6
2016-10-15,59.4
2016-10-16,58.199999999999996
2016-10-17,55.199999999999996
2016-10-18,54.6
2016-10-19,54.6
2016-10-20,52.8
2016-10-21,53.4
2016-10-22,60.0
2016-10-23,57.599999999999994
2016-10-24,51.6
2016-10-25,53.4
2016-10-26,51.6
2016-10-27,52.8
2016-10-28,52.8
2016-10-29,58.8
2016-10-30,58.199999999999996
2016-10-31,55.8
2016-11-01,54.87
2016-11-02,52.51
2016-11-03,50.739999999999995
2016-11-04,52.51
2016-11-05,57.23
2016-11-06,55.459999999999994
2016-11-07,50.739999999999995
2016-11-08,51.33
2016-11-09,50.739999999999995
2016-11-10,54.87
2016-11-11,57.82
2016-11-12,59.0
2016-11-13,56.64
2016-11-14,50.739999999999995
2016-11-15,51.919999999999995
2016-11-16,51.33
2016-11-17,51.919999999999995
2016-11-18,51.919999999999995
2016-11-19,55.459999999999994
2016-11-20,54.87
2016-11-21,50.739999999999995
2016-11-22,51.33
2016-11-23,52.51
2016-11-24,56.64
2016-11-25,53.099999999999994
2016-11-26,54.279999999999994
2016-11-27,54.279999999999994
2016-11-28,46.61
2016-11-29,48.97
2016-11-30,49.559999999999995
2016-12-01,44.66
2016-12-02,45.82
2016-12-03,49.879999999999995
2016-12-04,48.72
2016-12-05,43.5
2016-12-06,45.239999999999995
2016-12-07,44.08
2016-12-08,45.82
2016-12-09,46.98
2016-12-10,51.04
2016-12-11,50.459999999999994
2016-12-12,45.239999999999995
2016-12-13,45.239999999999995
2016-12-14,45.239999999999995
2016-12-15,46.4
2016-12-16,46.98
2016-12-17,51.04
2016-12-18,51.04
2016-12-19,46.4
2016-12-20,46.98
2016-12-21,47.559999999999995
2016-12-22,48.72
2016-12-23,48.13999999999999
2016-12-24,51.62
2016-12-25,57.99999999999999
2016-12-26,51.62
2016-12-27,48.13999999999999
2016-12-28,48.72
2016-12-29,47.559999999999995
2016-12-30,48.72
2016-12-31,49.879999999999995
2017-01-01,57.99999999999999
2017-01-02,49.879999999999995
2017-01-03,47.559999999999995
2017-01-04,47.559999999999995
2017-01-05,47.559999999999995
2017-01-06,48.72
2017-01-07,52.199999999999996
2017-01-08,50.459999999999994
2017-01-09,45.82
2017-01-10,47.559999999999995
2017-01-11,46.4
2017-01-12,46.98
2017-01-13,48.13999999999999
2017-01-14,51.04
2017-01-15,50.459999999999994
2017-01-16,48.72
2017-01-17,46.4
2017-01-18,46.98
2017-01-19,45.82
2017-01-20,46.98
2017-01-21,51.62
2017-01-22,51.04
2017-01-23,45.239999999999995
2017-01-24,46.4
2017-01-25,46.98
2017-01-26,46.4
2017-01-27,49.3
2017-01-28,52.199999999999996
2017-01-29,51.04
2017-01-30,45.82
2017-01-31,45.82
2017-02-01,49.28
2017-02-02,48.720000000000006
2017-02-03,50.96000000000001
2017-02-04,55.440000000000005
2017-02-05,54.32000000000001
2017-02-06,50.400000000000006
2017-02-07,49.84
2017-02-08,50.400000000000006
2017-02-09,50.96000000000001
2017-02-10,50.400000000000006
2017-02-11,55.440000000000005
2017-02-12,54.88
2017-02-13,49.84
2017-02-14,52.64000000000001
2017-02-15,53.2
2017-02-16,50.96000000000001
2017-02-17,52.64000000000001
2017-02-18,55.440000000000005
2017-02-19,56.00000000000001
2017-02-20,52.64000000000001
2017-02-21,50.400000000000006
2017-02-22,49.84
2017-02-23,50.96000000000001
2017-02-24,50.96000000000001
2017-02-25,54.88
2017-02-26,52.64000000000001
2017-02-27,47.040000000000006
2017-02-28,48.160000000000004
2017-03-01,48.400000000000006
2017-03-02,49.50000000000001
2017-03-03,50.050000000000004
2017-03-04,53.900000000000006
2017-03-05,53.900000000000006
2017-03-06,48.95
2017-03-07,48.400000000000006
2017-03-08,48.400000000000006
2017-03-09,48.400000000000006
2017-03-10,50.6
2017-03-11,53.900000000000006
2017-03-12,53.900000000000006
2017-03-13,49.50000000000001
2017-03-14,50.050000000000004
2017-03-15,49.50000000000001
2017-03-16,49.50000000000001
2017-03-17,50.6
2017-03-18,55.00000000000001
2017-03-19,53.900000000000006
2017-03-20,49.50000000000001
2017-03-21,50.050000000000004
2017-03-22,50.050000000000004
2017-03-23,48.95
2017-03-24,50.050000000000004
2017-03-25,53.900000000000006
2017-03-26,53.900000000000006
2017-03-27,49.50000000000001
2017-03-28,50.050000000000004
2017-03-29,50.6
2017-03-30,50.6
2017-03-31,50.6
2017-04-01,51.52
2017-04-02,52.080000000000005
2017-04-03,45.92
2017-04-04,45.92
2017-04-05,46.480000000000004
2017-04-06,46.480000000000004
2017-04-07,47.040000000000006
2017-04-08,52.080000000000005
2017-04-09,51.52
2017-04-10,46.480000000000004
2017-04-11,47.6
2017-04-12,46.480000000000004
2017-04-13,47.040000000000006
2017-04-14,49.28
2017-04-15,52.080000000000005
2017-04-16,56.00000000000001
2017-04-17,55.440000000000005
2017-04-18,53.760000000000005
2017-04-19,48.720000000000006
2017-04-20,48.160000000000004
2017-04-21,48.160000000000004
2017-04-22,52.080000000000005
2017-04-23,53.2
2017-04-24,47.040000000000006
2017-04-25,47.040000000000006
2017-04-26,46.480000000000004
2017-04-27,47.040000000000006
2017-04-28,46.480000000000004
2017-04-29,51.52
2017-04-30,53.2
2017-05-01,46.739999999999995
2017-05-02,46.169999999999995
2017-05-03,46.739999999999995
2017-05-04,46.169999999999995
2017-05-05,47.309999999999995
2017-05-06,51.87
2017-05-07,51.3
2017-05-08,45.029999999999994
2017-05-09,46.739999999999995
2017-05-10,46.739999999999995
2017-05-11,47.879999999999995
2017-05-12,48.449999999999996
2017-05-13,52.44
2017-05-14,56.99999999999999
2017-05-15,48.449999999999996
2017-05-16,47.309999999999995
2017-05-17,46.169999999999995
2017-05-18,46.739999999999995
2017-05-19,47.879999999999995
2017-05-20,51.87
2017-05-21,53.01
2017-05-22,47.309999999999995
2017-05-23,47.879999999999995
2017-05-24,47.879999999999995
2017-05-25,48.449999999999996
2017-05-26,49.019999999999996
2017-05-27,53.58
2017-05-28,54.15
2017-05-29,53.01
2017-05-30,48.449999999999996
2017-05-31,47.879999999999995
2017-06-01,49.019999999999996
2017-06-02,49.589999999999996
2017-06-03,54.15
2017-06-04,54.72
2017-06-05,48.449999999999996
2017-06-06,48.449999999999996
2017-06-07,48.449999999999996
2017-06-08,49.589999999999996
2017-06-09,50.16
2017-06-10,54.15
2017-06-11,55.85999999999999
2017-06-12,49.589999999999996
2017-06-13,48.449999999999996
2017-06-14,49.589999999999996
2017-06-15,50.73
2017-06-16,50.16
2017-06-17,53.01
2017-06-18,56.99999999999999
2017-06-19,50.16
2017-06-20,49.589999999999996
2017-06-21,49.019999999999996
2017-06-22,50.16
2017-06-23,50.73
2017-06-24,52.44
2017-06-25,53.58
2017-06-26,51.3
2017-06-27,50.16
2017-06-28,50.16
2017-06-29,50.73
2017-06-30,50.73
2017-07-01,54.15
2017-07-02,55.85999999999999
2017-07-03,54.15
2017-07-04,56.99999999999999
2017-07-05,52.44
2017-07-06,50.16
2017-07-07,50.73
2017-07-08,53.58
2017-07-09,54.15
2017-07-10,50.73
2017-07-11,50.16
2017-07-12,49.019999999999996
2017-07-13,51.87
2017-07-14,51.87
2017-07-15,54.15
2017-07-16,54.72
2017-07-17,51.3
2017-07-18,51.3
2017-07-19,51.3
2017-07-20,50.16
2017-07-21,49.589999999999996
2017-07-22,53.58
2017-07-23,53.58
2017-07-24,50.73
2017-07-25,50.16
2017-07-26,51.3
2017-07-27,53.01
2017-07-28,51.87
2017-07-29,55.28999999999999
2017-07-30,55.85999999999999
2017-07-31,51.87
2017-08-01,51.52
2017-08-02,50.96000000000001
2017-08-03,52.080000000000005
2017-08-04,51.52
2017-08-05,54.32000000000001
2017-08-06,56.00000000000001
2017-08-07,50.400000000000006
2017-08-08,50.96000000000001
2017-08-09,50.96000000000001
2017-08-10,52.080000000000005
2017-08-11,50.400000000000006
2017-08-12,53.2
2017-08-13,54.32000000000001
2017-08-14,51.52
2017-08-15,51.52
2017-08-16,51.52
2017-08-17,50.96000000000001
2017-08-18,51.52
2017-08-19,53.760000000000005
2017-08-20,53.760000000000005
2017-08-21,49.84
2017-08-22,50.96000000000001
2017-08-23,50.96000000000001
2017-08-24,48.720000000000006
2017-08-25,49.28
2017-08-26,56.00000000000001
2017-08-27,53.2
2017-08-28,49.84
2017-08-29,50.96000000000001
2017-08-30,49.28
2017-08-31,49.84
2017-09-01,47.84
2017-09-02,50.440000000000005
2017-09-03,50.96
2017-09-04,50.440000000000005
2017-09-05,45.760000000000005
2017-09-06,45.760000000000005
2017-09-07,45.760000000000005
2017-09-08,46.28
2017-09-09,48.88
2017-09-10,50.96
2017-09-11,47.84
2017-09-12,46.800000000000004
2017-09-13,46.800000000000004
2017-09-14,46.28
2017-09-15,47.32
2017-09-16,50.440000000000005
2017-09-17,50.440000000000005
2017-09-18,45.760000000000005
2017-09-19,45.760000000000005
2017-09-20,46.800000000000004
2017-09-21,46.800000000000004
2017-09-22,46.800000000000004
2017-09-23,52.0
2017-09-24,50.440000000000005
2017-09-25,46.800000000000004
2017-09-26,46.800000000000004
2017-09-27,46.800000000000004
2017-09-28,45.760000000000005
2017-09-29,45.24
2017-09-30,49.4
2017-10-01,49.0
2017-10-02,47.53
2017-10-03,46.06
2017-10-04,45.08
2017-10-05,45.08
2017-10-06,45.08
2017-10-07,49.0
2017-10-08,48.019999999999996
2017-10-09,45.57
2017-10-10,44.589999999999996
2017-10-11,47.04
2017-10-12,44.589999999999996
2017-10-13,44.589999999999996
2017-10-14,48.51
2017-10-15,48.51
2017-10-16,46.06
2017-10-17,44.1
2017-10-18,44.1
2017-10-19,45.08
2017-10-20,44.589999999999996
2017-10-21,48.51
2017-10-22,47.04
2017-10-23,43.61
2017-10-24,43.61
2017-10-25,43.12
2017-10-26,43.12
2017-10-27,43.61
2017-10-28,46.55
2017-10-29,48.019999999999996
2017-10-30,42.63
2017-10-31,43.61
2017-11-01,46.059999999999995
2017-11-02,43.71
2017-11-03,44.65
2017-11-04,46.529999999999994
2017-11-05,45.589999999999996
2017-11-06,43.71
2017-11-07,43.239999999999995
2017-11-08,42.769999999999996
2017-11-09,41.83
2017-11-10,44.18
2017-11-11,46.529999999999994
2017-11-12,45.589999999999996
2017-11-13,42.3
2017-11-14,42.769999999999996
2017-11-15,42.769999999999996
2017-11-16,42.769999999999996
2017-11-17,42.769999999999996
2017-11-18,47.0
2017-11-19,45.589999999999996
2017-11-20,42.769999999999996
2017-11-21,43.71
2017-11-22,44.65
2017-11-23,46.529999999999994
2017-11-24,44.18
2017-11-25,44.65
2017-11-26,45.12
2017-11-27,39.01
2017-11-28,40.89
2017-11-29,40.89
2017-11-30,40.419999999999995
2017-12-01,34.96
2017-12-02,37.72
2017-12-03,37.260000000000005
2017-12-04,34.04
2017-12-05,34.5
2017-12-06,34.96
2017-12-07,34.5
2017-12-08,35.42
2017-12-09,38.64
2017-12-10,38.18
2017-12-11,34.96
2017-12-12,34.96
2017-12-13,34.5
2017-12-14,34.96
2017-12-15,35.42
2017-12-16,37.260000000000005
2017-12-17,38.18
2017-12-18,34.96
2017-12-19,35.88
2017-12-20,36.34
2017-12-21,37.260000000000005
2017-12-22,37.72
2017-12-23,38.64
2017-12-24,41.4
2017-12-25,46.0
2017-12-26,40.02
2017-12-27,37.72
2017-12-28,37.72
2017-12-29,37.72
2017-12-30,39.56
2017-12-31,40.02
2018-01-01,46.0
2018-01-02,38.18
2018-01-03,37.72
2018-01-04,38.64
2018-01-05,38.64
2018-01-06,39.1
2018-01-07,39.1
2018-01-08,36.34
2018-01-09,36.800000000000004
2018-01-10,37.260000000000005
2018-01-11,37.260000000000005
2018-01-12,37.72
2018-01-13,40.480000000000004
2018-01-14,38.64
2018-01-15,38.64
2018-01-16,37.260000000000005
2018-01-17,37.260000000000005
2018-01-18,37.72
2018-01-19,37.260000000000005
2018-01-20,40.02
2018-01-21,39.1
2018-01-22,36.34
2018-01-23,36.34
2018-01-24,35.88
2018-01-25,36.800000000000004
2018-01-26,36.34
2018-01-27,39.1
2018-01-28,39.1
2018-01-29,35.42
2018-01-30,35.88
2018-01-31,36.34
2018-02-01,38.7
2018-02-02,38.269999999999996
2018-02-03,42.14
2018-02-04,41.71
2018-02-05,38.7
2018-02-06,38.269999999999996
2018-02-07,39.13
2018-02-08,37.839999999999996
2018-02-09,38.7
2018-02-10,41.28
2018-02-11,41.28
2018-02-12,38.269999999999996
2018-02-13,37.839999999999996
2018-02-14,39.99
2018-02-15,40.85
2018-02-16,39.99
2018-02-17,41.71
2018-02-18,43.0
2018-02-19,39.56
2018-02-20,38.7
2018-02-21,39.13
2018-02-22,38.7
2018-02-23,38.269999999999996
2018-02-24,40.85
2018-02-25,41.28
2018-02-26,37.41
2018-02-27,37.839999999999996
2018-02-28,38.269999999999996
2018-03-01,38.269999999999996
2018-03-02,38.269999999999996
2018-03-03,41.28
2018-03-04,40.85
2018-03-05,37.41
2018-03-06,37.41
2018-03-07,38.269999999999996
2018-03-08,39.13
2018-03-09,37.839999999999996
2018-03-10,40.85
2018-03-11,41.28
2018-03-12,37.839999999999996
2018-03-13,37.839999999999996
2018-03-14,38.269999999999996
2018-03-15,37.41
2018-03-16,38.269999999999996
2018-03-17,40.85
2018-03-18,42.57
2018-03-19,39.56
2018-03-20,40.85
2018-03-21,41.71
2018-03-22,40.85
2018-03-23,39.56
2018-03-24,43.0
2018-03-25,43.0
2018-03-26,40.42
2018-03-27,41.28
2018-03-28,40.42
2018-03-29,39.99
2018-03-30,39.99
2018-03-31,40.42
2018-04-01,43.0
2018-04-02,39.99
2018-04-03,39.13
2018-04-04,38.7
2018-04-05,38.269999999999996
2018-04-06,38.7
2018-04-07,40.42
2018-04-08,39.99
2018-04-09,38.269999999999996
2018-04-10,39.56
2018-04-11,40.42
2018-04-12,38.7
2018-04-13,39.13
2018-04-14,40.42
2018-04-15,40.85
2018-04-16,36.12
2018-04-17,37.41
2018-04-18,36.55
2018-04-19,36.98
2018-04-20,36.55
2018-04-21,39.13
2018-04-22,40.85
2018-04-23,36.55
2018-04-24,36.55
2018-04-25,36.12
2018-04-26,36.98
2018-04-27,35.69
2018-04-28,38.269999999999996
2018-04-29,39.13
2018-04-30,35.69
2018-05-01,33.6
2018-05-02,34.4
2018-05-03,34.0
2018-05-04,34.0
2018-05-05,36.0
2018-05-06,37.6
2018-05-07,34.0
2018-05-08,34.0
2018-05-09,33.6
2018-05-10,34.0
2018-05-11,34.4
2018-05-12,36.4
2018-05-13,40.0
2018-05-14,35.2
2018-05-15,33.6
2018-05-16,34.4
2018-05-17,34.0
2018-05-18,34.0
2018-05-19,36.4
2018-05-20,37.2
2018-05-21,34.0
2018-05-22,33.6
2018-05-23,34.0
2018-05-24,34.4
2018-05-25,35.6
2018-05-26,38.0
2018-05-27,37.6
2018-05-28,37.6
2018-05-29,34.4
2018-05-30,34.4
2018-05-31,34.800000000000004
2018-06-01,34.86
2018-06-02,37.379999999999995
2018-06-03,38.22
2018-06-04,34.86
2018-06-05,34.86
2018-06-06,36.54
2018-06-07,36.96
2018-06-08,35.28
2018-06-09,36.96
2018-06-10,37.379999999999995
2018-06-11,35.28
2018-06-12,36.12
2018-06-13,35.699999999999996
2018-06-14,36.12
2018-06-15,35.28
2018-06-16,39.9
2018-06-17,42.0
2018-06-18,36.12
2018-06-19,36.12
2018-06-20,36.12
2018-06-21,36.96
2018-06-22,36.96
2018-06-23,38.22
2018-06-24,39.48
2018-06-25,36.54
2018-06-26,36.96
2018-06-27,36.12
2018-06-28,36.54
2018-06-29,36.12
2018-06-30,38.22
2018-07-01,40.42
2018-07-02,37.41
2018-07-03,37.41
2018-07-04,39.99
2018-07-05,39.99
2018-07-06,37.839999999999996
2018-07-07,39.56
2018-07-08,40.42
2018-07-09,38.7
2018-07-10,37.839999999999996
2018-07-11,38.7
2018-07-12,40.42
2018-07-13,38.269999999999996
2018-07-14,38.269999999999996
2018-07-15,39.56
2018-07-16,36.12
2018-07-17,37.41
2018-07-18,37.41
2018-07-19,36.55
2018-07-20,35.69
2018-07-21,37.41
2018-07-22,38.7
2018-07-23,36.55
2018-07-24,37.839999999999996
2018-07-25,38.7
2018-07-26,43.0
2018-07-27,40.85
2018-07-28,39.13
2018-07-29,40.85
2018-07-30,38.7
2018-07-31,38.7
2018-08-01,40.74
2018-08-02,40.74
2018-08-03,41.16
2018-08-04,40.32
2018-08-05,41.16
2018-08-06,39.48
2018-08-07,39.48
2018-08-08,39.9
2018-08-09,39.059999999999995
2018-08-10,39.059999999999995
2018-08-11,39.9
2018-08-12,40.74
2018-08-13,39.9
2018-08-14,39.48
2018-08-15,39.059999999999995
2018-08-16,39.48
2018-08-17,39.48
2018-08-18,42.0
2018-08-19,41.16
2018-08-20,39.059999999999995
2018-08-21,38.64
2018-08-22,39.48
2018-08-23,39.9
2018-08-24,39.48
2018-08-25,41.16
2018-08-26,42.0
2018-08-27,39.48
2018-08-28,39.059999999999995
2018-08-29,39.059999999999995
2018-08-30,38.64
2018-08-31,38.22
2018-09-01,38.0
2018-09-02,38.400000000000006
2018-09-03,40.0
2018-09-04,36.4
2018-09-05,36.4
2018-09-06,35.2
2018-09-07,34.800000000000004
2018-09-08,37.2
2018-09-09,36.800000000000004
2018-09-10,34.800000000000004
2018-09-11,35.6
2018-09-12,35.2
2018-09-13,35.2
2018-09-14,36.0
2018-09-15,38.400000000000006
2018-09-16,38.0
2018-09-17,35.2
2018-09-18,34.0
2018-09-19,35.6
2018-09-20,34.4
2018-09-21,34.0
2018-09-22,37.2
2018-09-23,36.800000000000004
2018-09-24,34.800000000000004
2018-09-25,33.6
2018-09-26,34.0
2018-09-27,34.4
2018-09-28,36.4
2018-09-29,38.400000000000006
2018-09-30,38.0
2018-10-01,33.82
2018-10-02,33.44
2018-10-03,34.2
2018-10-04,33.82
2018-10-05,33.82
2018-10-06,37.24
2018-10-07,38.0
2018-10-08,34.2
2018-10-09,33.44
2018-10-10,33.06
2018-10-11,33.82
2018-10-12,33.82
2018-10-13,35.72
2018-10-14,35.72
2018-10-15,33.06
2018-10-16,32.68
2018-10-17,31.54
2018-10-18,32.68
2018-10-19,33.06
2018-10-20,36.1
2018-10-21,36.1
2018-10-22,33.44
2018-10-23,32.68
2018-10-24,31.92
2018-10-25,33.44
2018-10-26,33.82
2018-10-27,36.1
2018-10-28,36.480000000000004
2018-10-29,33.06
2018-10-30,33.06
2018-10-31,34.96
2018-11-01,36.1
2018-11-02,34.2
2018-11-03,36.480000000000004
2018-11-04,36.1
2018-11-05,33.06
2018-11-06,33.06
2018-11-07,31.92
2018-11-08,33.44
2018-11-09,34.58
2018-11-10,36.480000000000004
2018-11-11,36.480000000000004
2018-11-12,38.0
2018-11-13,33.06
2018-11-14,33.82
2018-11-15,33.44
2018-11-16,34.2
2018-11-17,36.480000000000004
2018-11-18,37.24
2018-11-19,34.2
2018-11-20,37.24
2018-11-21,35.34
2018-11-22,36.1
2018-11-23,34.58
2018-11-24,34.58
2018-11-25,35.34
2018-11-26,30.4
2018-11-27,32.3
2018-11-28,32.68
2018-11-29,32.3
2018-11-30,31.92
2018-12-01,31.08
2018-12-02,30.34
2018-12-03,27.75
2018-12-04,28.12
2018-12-05,28.49
2018-12-06,28.49
2018-12-07,28.49
2018-12-08,31.08
2018-12-09,31.08
2018-12-10,28.12
2018-12-11,28.49
2018-12-12,28.86
2018-12-13,28.12
2018-12-14,28.86
2018-12-15,31.45
2018-12-16,31.08
2018-12-17,28.49
2018-12-18,28.86
2018-12-19,29.97
2018-12-20,30.71
2018-12-21,30.34
2018-12-22,31.08
2018-12-23,31.82
2018-12-24,32.56
2018-12-25,37.0
2018-12-26,32.56
2018-12-27,31.08
2018-12-28,31.08
2018-12-29,31.82
2018-12-30,32.19
2018-12-31,31.45
2019-01-01,35.0
2019-01-02,29.049999999999997
2019-01-03,28.7
2019-01-04,28.7
2019-01-05,29.4
2019-01-06,29.749999999999996
2019-01-07,27.299999999999997
2019-01-08,27.65
2019-01-09,28.0
2019-01-10,26.95
2019-01-11,27.299999999999997
2019-01-12,29.4
2019-01-13,30.099999999999998
2019-01-14,27.299999999999997
2019-01-15,26.95
2019-01-16,27.299999999999997
2019-01-17,26.599999999999998
2019-01-18,27.299999999999997
2019-01-19,30.099999999999998
2019-01-20,29.049999999999997
2019-01-21,28.0
2019-01-22,26.599999999999998
2019-01-23,27.299999999999997
2019-01-24,26.599999999999998
2019-01-25,27.299999999999997
2019-01-26,29.049999999999997
2019-01-27,29.4
2019-01-28,26.599999999999998
2019-01-29,26.599999999999998
2019-01-30,27.299999999999997
2019-01-31,26.95
2019-02-01,31.28
2019-02-02,33.32
2019-02-03,32.980000000000004
2019-02-04,30.26
2019-02-05,30.26
2019-02-06,31.28
2019-02-07,30.26
2019-02-08,30.94
2019-02-09,33.660000000000004
2019-02-10,33.660000000000004
2019-02-11,30.26
2019-02-12,30.94
2019-02-13,30.6
2019-02-14,32.64
2019-02-15,32.980000000000004
2019-02-16,34.0
2019-02-17,34.0
2019-02-18,32.980000000000004
2019-02-19,31.62
2019-02-20,30.94
2019-02-21,30.94
2019-02-22,31.28
2019-02-23,32.980000000000004
2019-02-24,33.32
2019-02-25,29.580000000000002
2019-02-26,30.6
2019-02-27,30.94
2019-02-28,30.26
2019-03-01,23.799999999999997
2019-03-02,26.25
2019-03-03,27.299999999999997
2019-03-04,24.15
2019-03-05,24.15
2019-03-06,23.799999999999997
2019-03-07,23.799999999999997
2019-03-08,24.5
2019-03-09,25.9
2019-03-10,26.599999999999998
2019-03-11,24.15
2019-03-12,24.15
2019-03-13,35.0
2019-03-14,30.799999999999997
2019-03-15,24.5
2019-03-16,26.25
2019-03-17,26.25
2019-03-18,24.5
2019-03-19,24.5
2019-03-20,24.15
2019-03-21,24.15
2019-03-22,24.15
2019-03-23,26.25
2019-03-24,26.25
2019-03-25,24.15
2019-03-26,24.15
2019-03-27,23.799999999999997
2019-03-28,23.45
2019-03-29,24.5
2019-03-30,25.9
2019-03-31,26.25
2019-04-01,27.720000000000002
2019-04-02,27.39
2019-04-03,27.720000000000002
2019-04-04,27.39
2019-04-05,27.39
2019-04-06,30.360000000000003
2019-04-07,31.35
2019-04-08,27.39
2019-04-09,27.720000000000002
2019-04-10,27.39
2019-04-11,27.720000000000002
2019-04-12,27.720000000000002
2019-04-13,30.360000000000003
2019-04-14,32.34
2019-04-15,27.720000000000002
2019-04-16,27.39
2019-04-17,28.380000000000003
2019-04-18,28.71
2019-04-19,29.700000000000003
2019-04-20,30.69
2019-04-21,33.0
2019-04-22,29.37
2019-04-23,29.040000000000003
2019-04-24,28.05
2019-04-25,28.71
2019-04-26,27.39
2019-04-27,30.69
2019-04-28,31.020000000000003
2019-04-29,28.05
2019-04-30,27.39
2019-05-01,28.220000000000002
2019-05-02,27.540000000000003
2019-05-03,28.220000000000002
2019-05-04,30.6
2019-05-05,31.28
2019-05-06,28.220000000000002
2019-05-07,28.220000000000002
2019-05-08,28.560000000000002
2019-05-09,28.560000000000002
2019-05-10,29.92
2019-05-11,31.96
2019-05-12,34.0
2019-05-13,30.26
2019-05-14,29.240000000000002
2019-05-15,29.92
2019-05-16,29.240000000000002
2019-05-17,29.240000000000002
2019-05-18,31.96
2019-05-19,32.64
2019-05-20,29.580000000000002
2019-05-21,29.580000000000002
2019-05-22,30.26
2019-05-23,30.6
2019-05-24,31.28
2019-05-25,32.980000000000004
2019-05-26,32.980000000000004
2019-05-27,34.0
2019-05-28,30.6
2019-05-29,30.94
2019-05-30,30.26
2019-05-31,30.6
2019-06-01,34.199999999999996
2019-06-02,34.92
2019-06-03,32.76
2019-06-04,32.76
2019-06-05,32.76
2019-06-06,33.12
2019-06-07,32.4
2019-06-08,34.199999999999996
2019-06-09,34.92
2019-06-10,32.4
2019-06-11,32.76
2019-06-12,33.839999999999996
2019-06-13,32.4
2019-06-14,32.04
2019-06-15,34.199999999999996
2019-06-16,36.0
2019-06-17,33.48
2019-06-18,33.48
2019-06-19,33.48
2019-06-20,34.199999999999996
2019-06-21,32.76
2019-06-22,35.28
2019-06-23,35.64
2019-06-24,33.839999999999996
2019-06-25,33.48
2019-06-26,32.4
2019-06-27,32.76
2019-06-28,32.76
2019-06-29,34.56
2019-06-30,34.199999999999996
2019-07-01,29.88
2019-07-02,29.88
2019-07-03,36.0
2019-07-04,31.68
2019-07-05,32.04
2019-07-06,30.959999999999997
2019-07-07,31.32
2019-07-08,29.52
2019-07-09,29.52
2019-07-10,30.24
2019-07-11,29.52
2019-07-12,30.24
2019-07-13,32.04
2019-07-14,32.76
2019-07-15,30.599999999999998
2019-07-16,30.24
2019-07-17,30.599999999999998
2019-07-18,29.52
2019-07-19,30.24
2019-07-20,30.959999999999997
2019-07-21,31.68
2019-07-22,30.24
2019-07-23,30.24
2019-07-24,30.959999999999997
2019-07-25,30.24
2019-07-26,29.88
2019-07-27,31.68
2019-07-28,32.4
2019-07-29,30.24
2019-07-30,30.959999999999997
2019-07-31,30.24
2019-08-01,31.28
2019-08-02,31.96
2019-08-03,32.64
2019-08-04,34.0
2019-08-05,32.980000000000004
2019-08-06,31.96
2019-08-07,32.300000000000004
2019-08-08,31.96
2019-08-09,31.62
2019-08-10,32.64
2019-08-11,33.32
2019-08-12,31.28
2019-08-13,30.94
2019-08-14,31.62
2019-08-15,31.28
2019-08-16,30.6
2019-08-17,31.62
2019-08-18,33.32
2019-08-19,30.94
2019-08-20,30.94
2019-08-21,31.28
2019-08-22,30.6
2019-08-23,30.26
2019-08-24,31.62
2019-08-25,31.28
2019-08-26,30.26
2019-08-27,29.580000000000002
2019-08-28,29.92
2019-08-29,30.26
2019-08-30,28.900000000000002
2019-08-31,29.92
2019-09-01,32.0
2019-09-02,31.36
2019-09-03,29.76
2019-09-04,29.44
2019-09-05,30.080000000000002
2019-09-06,29.76
2019-09-07,31.36
2019-09-08,31.68
2019-09-09,29.76
2019-09-10,29.12
2019-09-11,30.400000000000002
2019-09-12,29.76
2019-09-13,28.8
2019-09-14,31.68
2019-09-15,31.04
2019-09-16,29.12
2019-09-17,28.8
2019-09-18,29.44
2019-09-19,29.12
2019-09-20,29.12
2019-09-21,31.36
2019-09-22,30.72
2019-09-23,28.8
2019-09-24,29.44
2019-09-25,30.400000000000002
2019-09-26,29.76
2019-09-27,30.080000000000002
2019-09-28,32.0
2019-09-29,32.0
2019-09-30,29.76
2019-10-01,28.83
2019-10-02,27.9
2019-10-03,28.21
2019-10-04,28.52
2019-10-05,29.759999999999998
2019-10-06,30.07
2019-10-07,28.52
2019-10-08,28.52
2019-10-09,27.9
2019-10-10,28.21
2019-10-11,28.52
2019-10-12,30.38
2019-10-13,31.0
2019-10-14,28.83
2019-10-15,28.83
2019-10-16,28.52
2019-10-17,28.52
2019-10-18,28.83
2019-10-19,30.38
2019-10-20,30.07
2019-10-21,28.83
2019-10-22,29.14
2019-10-23,28.52
2019-10-24,28.83
2019-10-25,28.52
2019-10-26,31.0
2019-10-27,31.0
2019-10-28,28.83
2019-10-29,27.9
2019-10-30,29.14
2019-10-31,29.45
2019-11-01,30.38
2019-11-02,30.69
2019-11-03,31.0
2019-11-04,28.21
2019-11-05,28.83
2019-11-06,28.21
2019-11-07,28.52
2019-11-08,27.9
2019-11-09,29.759999999999998
2019-11-10,30.38
2019-11-11,29.14
2019-11-12,27.9
2019-11-13,28.52
2019-11-14,27.59
2019-11-15,27.9
2019-11-16,29.759999999999998
2019-11-17,29.45
2019-11-18,28.83
2019-11-19,28.21
2019-11-20,28.52
2019-11-21,27.9
2019-11-22,28.52
2019-11-23,29.45
2019-11-24,29.14
2019-11-25,27.59
2019-11-26,28.52
2019-11-27,29.14
2019-11-28,31.0
2019-11-29,28.52
2019-11-30,28.83
2019-12-01,24.9
2019-12-02,22.8
2019-12-03,23.7
2019-12-04,24.0
2019-12-05,23.4
2019-12-06,24.0
2019-12-07,25.2
2019-12-08,24.599999999999998
2019-12-09,23.4
2019-12-10,24.3
2019-12-11,23.4
2019-12-12,23.7
2019-12-13,23.7
2019-12-14,25.5
2019-12-15,24.9
2019-12-16,24.3
2019-12-17,24.3
2019-12-18,23.7
2019-12-19,24.599999999999998
2019-12-20,25.5
2019-12-21,26.4
2019-12-22,26.7
2019-12-23,25.5
2019-12-24,26.4
2019-12-25,30.0
2019-12-26,27.9
2019-12-27,26.099999999999998
2019-12-28,27.0
2019-12-29,25.5
2019-12-30,26.4
2019-12-31,27.0
2020-01-01,30.0
2020-01-02,25.8
2020-01-03,25.2
2020-01-04,25.8
2020-01-05,25.8
2020-01-06,24.0
2020-01-07,24.9
2020-01-08,24.599999999999998
2020-01-09,24.0
2020-01-10,24.0
2020-01-11,25.8
2020-01-12,24.9
2020-01-13,23.7
2020-01-14,23.7
2020-01-15,23.7
2020-01-16,23.099999999999998
2020-01-17,24.0
2020-01-18,25.2
2020-01-19,24.599999999999998
2020-01-20,24.3
2020-01-21,23.7
2020-01-22,23.7
2020-01-23,24.0
2020-01-24,23.7
2020-01-25,26.099999999999998
2020-01-26,23.7
2020-01-27,23.4
2020-01-28,23.7
2020-01-29,24.599999999999998
2020-01-30,24.0
2020-01-31,23.7
2020-02-01,28.13
2020-02-02,28.419999999999998
2020-02-03,26.099999999999998
2020-02-04,26.97
2020-02-05,27.839999999999996
2020-02-06,27.549999999999997
2020-02-07,27.549999999999997
2020-02-08,28.999999999999996
2020-02-09,28.999999999999996
2020-02-10,26.68
2020-02-11,26.68
2020-02-12,26.97
2020-02-13,27.259999999999998
2020-02-14,28.13
2020-02-15,28.999999999999996
2020-02-16,28.709999999999997
2020-02-17,28.419999999999998
2020-02-18,26.97
2020-02-19,26.68
2020-02-20,26.97
2020-02-21,27.259999999999998
2020-02-22,28.419999999999998
2020-02-23,28.419999999999998
2020-02-24,26.389999999999997
2020-02-25,26.389999999999997
2020-02-26,26.099999999999998
2020-02-27,26.68
2020-02-28,26.389999999999997
2020-02-29,27.259999999999998
2020-03-01,24.32
2020-03-02,23.04
2020-03-03,23.36
2020-03-04,23.36
2020-03-05,23.36
2020-03-06,23.68
2020-03-07,24.32
2020-03-08,24.64
2020-03-09,23.04
2020-03-10,23.36
2020-03-11,23.36
2020-03-12,23.68
2020-03-13,24.64
2020-03-14,27.52
2020-03-15,27.2
2020-03-16,26.240000000000002
2020-03-17,27.2
2020-03-18,27.84
2020-03-19,28.8
2020-03-20,28.48
2020-03-21,28.8
2020-03-22,32.0
2020-03-23,28.8
2020-03-24,28.8
2020-03-25,29.44
2020-03-26,28.48
2020-03-27,28.48
2020-03-28,29.44
2020-03-29,30.400000000000002
2020-03-30,27.2
2020-03-31,27.52
2020-04-01,27.84
2020-04-02,27.52
2020-04-03,27.84
2020-04-04,28.8
2020-04-05,31.36
2020-04-06,26.560000000000002
2020-04-07,27.52
2020-04-08,26.88
2020-04-09,27.52
2020-04-10,28.16
2020-04-11,29.44
2020-04-12,32.0
2020-04-13,27.2
2020-04-14,26.240000000000002
2020-04-15,25.6
2020-04-16,26.240000000000002
2020-04-17,25.92
2020-04-18,27.84
2020-04-19,29.12
2020-04-20,25.28
2020-04-21,25.92
2020-04-22,25.92
2020-04-23,25.92
2020-04-24,25.28
2020-04-25,26.88
2020-04-26,28.16
2020-04-27,25.28
2020-04-28,25.28
2020-04-29,25.28
2020-04-30,25.92
