date,flu
2011-01-01,7.81
2011-01-02,8.8
2011-01-03,10.56
2011-01-04,9.9
2011-01-05,10.01
2011-01-06,9.790000000000001
2011-01-07,8.36
2011-01-08,8.47
2011-01-09,7.37
2011-01-10,8.91
2011-01-11,9.02
2011-01-12,8.25
2011-01-13,9.24
2011-01-14,7.92
2011-01-15,8.14
2011-01-16,7.7
2011-01-17,8.03
2011-01-18,9.9
2011-01-19,9.68
2011-01-20,8.58
2011-01-21,8.58
2011-01-22,8.91
2011-01-23,9.35
2011-01-24,9.790000000000001
2011-01-25,10.78
2011-01-26,11.0
2011-01-27,10.56
2011-01-28,9.790000000000001
2011-01-29,10.01
2011-01-30,9.46
2011-01-31,10.78
2011-02-01,10.44
2011-02-02,8.76
2011-02-03,10.44
2011-02-04,9.36
2011-02-05,8.16
2011-02-06,8.28
2011-02-07,10.08
2011-02-08,11.639999999999999
2011-02-09,11.28
2011-02-10,10.32
2011-02-11,10.2
2011-02-12,9.48
2011-02-13,11.16
2011-02-14,10.08
2011-02-15,10.799999999999999
2011-02-16,12.0
2011-02-17,11.16
2011-02-18,10.799999999999999
2011-02-19,9.24
2011-02-20,9.959999999999999
2011-02-21,9.48
2011-02-22,9.84
2011-02-23,9.48
2011-02-24,9.24
2011-02-25,9.0
2011-02-26,8.04
2011-02-27,8.04
2011-02-28,9.48
2011-03-01,6.65
2011-03-02,7.000000000000001
2011-03-03,6.720000000000001
2011-03-04,5.74
2011-03-05,5.32
2011-03-06,5.74
2011-03-07,6.0200000000000005
2011-03-08,5.95
2011-03-09,6.0200000000000005
2011-03-10,5.53
2011-03-11,4.69
2011-03-12,4.83
2011-03-13,4.62
2011-03-14,4.83
2011-03-15,5.250000000000001
2011-03-16,4.69
2011-03-17,4.83
2011-03-18,4.340000000000001
2011-03-19,4.0600000000000005
2011-03-20,4.9
2011-03-21,4.130000000000001
2011-03-22,4.69
2011-03-23,4.130000000000001
2011-03-24,4.48
2011-03-25,3.99
2011-03-26,3.6400000000000006
2011-03-27,3.5000000000000004
2011-03-28,4.2700000000000005
2011-03-29,4.550000000000001
2011-03-30,3.99
2011-03-31,3.3600000000000003
2011-04-01,5.0
2011-04-02,4.8500000000000005
2011-04-03,4.95
2011-04-04,4.800000000000001
2011-04-05,4.7
2011-04-06,5.0
2011-04-07,4.55
2011-04-08,3.75
2011-04-09,4.1000000000000005
2011-04-10,4.45
2011-04-11,4.45
2011-04-12,4.75
2011-04-13,4.800000000000001
2011-04-14,4.15
2011-04-15,4.0
2011-04-16,3.6
2011-04-17,3.7
2011-04-18,4.0
2011-04-19,4.2
2011-04-20,4.3500000000000005
2011-04-21,3.45
2011-04-22,2.95
2011-04-23,3.5500000000000003
2011-04-24,4.15
2011-04-25,3.95
2011-04-26,4.9
2011-04-27,4.3500000000000005
2011-04-28,3.8000000000000003
2011-04-29,3.2
2011-04-30,2.9000000000000004
2011-05-01,3.04
2011-05-02,3.0
2011-05-03,3.68
2011-05-04,3.44
2011-05-05,3.24
2011-05-06,2.96
2011-05-07,2.8000000000000003
2011-05-08,3.12
2011-05-09,3.0
2011-05-10,3.88
2011-05-11,3.68
2011-05-12,3.2800000000000002
2011-05-13,2.64
2011-05-14,3.0
2011-05-15,2.88
2011-05-16,3.12
2011-05-17,4.0
2011-05-18,3.64
2011-05-19,3.44
2011-05-20,2.84
2011-05-21,2.88
2011-05-22,3.44
2011-05-23,3.12
2011-05-24,3.16
2011-05-25,2.72
2011-05-26,2.52
2011-05-27,2.6
2011-05-28,2.2800000000000002
2011-05-29,2.52
2011-05-30,2.68
2011-05-31,2.4
2011-06-01,2.52
2011-06-02,2.9099999999999997
2011-06-03,2.31
2011-06-04,2.28
2011-06-05,2.13
2011-06-06,2.61
2011-06-07,2.13
2011-06-08,3.0
2011-06-09,2.1
2011-06-10,2.13
2011-06-11,2.55
2011-06-12,2.2199999999999998
2011-06-13,2.79
2011-06-14,2.55
2011-06-15,2.4299999999999997
2011-06-16,2.04
2011-06-17,2.31
2011-06-18,1.8599999999999999
2011-06-19,1.98
2011-06-20,2.01
2011-06-21,1.77
2011-06-22,2.07
2011-06-23,1.7999999999999998
2011-06-24,2.01
2011-06-25,1.89
2011-06-26,2.34
2011-06-27,2.2199999999999998
2011-06-28,1.68
2011-06-29,2.04
2011-06-30,1.77
2011-07-01,1.6400000000000001
2011-07-02,1.52
2011-07-03,1.5
2011-07-04,1.52
2011-07-05,1.6
2011-07-06,1.92
2011-07-07,1.78
2011-07-08,1.58
2011-07-09,1.6600000000000001
2011-07-10,1.62
2011-07-11,1.8800000000000001
2011-07-12,1.62
2011-07-13,1.78
2011-07-14,1.92
2011-07-15,1.58
2011-07-16,1.28
2011-07-17,1.44
2011-07-18,1.92
2011-07-19,1.9000000000000001
2011-07-20,2.0
2011-07-21,1.6600000000000001
2011-07-22,1.4000000000000001
2011-07-23,1.8
2011-07-24,1.8
2011-07-25,1.7
2011-07-26,1.58
2011-07-27,1.54
2011-07-28,1.54
2011-07-29,1.56
2011-07-30,1.58
2011-07-31,1.28
2011-08-01,0.8999999999999999
2011-08-02,1.1099999999999999
2011-08-03,1.44
2011-08-04,1.08
2011-08-05,0.99
2011-08-06,1.29
2011-08-07,1.2
2011-08-08,1.41
2011-08-09,1.23
2011-08-10,1.3499999999999999
2011-08-11,1.2
2011-08-12,1.2
2011-08-13,1.29
2011-08-14,1.14
2011-08-15,1.65
2011-08-16,1.5899999999999999
2011-08-17,1.65
2011-08-18,1.65
2011-08-19,1.53
2011-08-20,1.41
2011-08-21,1.65
2011-08-22,2.04
2011-08-23,1.7999999999999998
2011-08-24,1.7999999999999998
2011-08-25,1.92
2011-08-26,1.71
2011-08-27,1.3499999999999999
2011-08-28,1.38
2011-08-29,2.25
2011-08-30,3.0
2011-08-31,2.37
2011-09-01,3.2
2011-09-02,3.2
2011-09-03,2.64
2011-09-04,2.96
2011-09-05,2.88
2011-09-06,4.32
2011-09-07,4.4
2011-09-08,5.04
2011-09-09,4.08
2011-09-10,4.16
2011-09-11,3.7600000000000002
2011-09-12,5.44
2011-09-13,5.5200000000000005
2011-09-14,5.68
2011-09-15,5.5200000000000005
2011-09-16,5.68
2011-09-17,4.32
2011-09-18,4.4
2011-09-19,6.5600000000000005
2011-09-20,7.04
2011-09-21,7.2
2011-09-22,7.2
2011-09-23,6.48
2011-09-24,5.28
2011-09-25,4.4
2011-09-26,7.36
2011-09-27,8.0
2011-09-28,8.0
2011-09-29,7.68
2011-09-30,6.96
2011-10-01,7.4399999999999995
2011-10-02,7.08
2011-10-03,12.0
2011-10-04,11.52
2011-10-05,11.639999999999999
2011-10-06,11.52
2011-10-07,10.32
2011-10-08,8.28
2011-10-09,7.08
2011-10-10,10.44
2011-10-11,11.76
2011-10-12,11.52
2011-10-13,11.879999999999999
2011-10-14,9.48
2011-10-15,7.8
2011-10-16,6.84
2011-10-17,9.84
2011-10-18,10.799999999999999
2011-10-19,11.16
2011-10-20,11.16
2011-10-21,9.84
2011-10-22,7.68
2011-10-23,7.08
2011-10-24,9.48
2011-10-25,10.559999999999999
2011-10-26,11.04
2011-10-27,10.44
2011-10-28,9.12
2011-10-29,7.319999999999999
2011-10-30,6.359999999999999
2011-10-31,8.4
2011-11-01,7.92
2011-11-02,9.0
2011-11-03,8.64
2011-11-04,7.38
2011-11-05,6.12
2011-11-06,6.39
2011-11-07,8.28
2011-11-08,9.0
2011-11-09,7.6499999999999995
2011-11-10,7.29
2011-11-11,6.12
2011-11-12,5.67
2011-11-13,6.029999999999999
2011-11-14,7.199999999999999
2011-11-15,7.83
2011-11-16,7.199999999999999
2011-11-17,7.38
2011-11-18,6.39
2011-11-19,4.95
2011-11-20,5.3999999999999995
2011-11-21,6.93
2011-11-22,6.3
2011-11-23,5.3999999999999995
2011-11-24,4.68
2011-11-25,5.04
2011-11-26,5.31
2011-11-27,6.3
2011-11-28,7.47
2011-11-29,7.109999999999999
2011-11-30,7.739999999999999
2011-12-01,6.32
2011-12-02,5.6000000000000005
2011-12-03,4.64
2011-12-04,5.28
2011-12-05,6.4
2011-12-06,6.48
2011-12-07,6.640000000000001
2011-12-08,5.68
2011-12-09,5.76
2011-12-10,4.4
2011-12-11,4.72
2011-12-12,5.92
2011-12-13,6.08
2011-12-14,6.32
2011-12-15,6.16
2011-12-16,6.08
2011-12-17,5.36
2011-12-18,4.88
2011-12-19,6.24
2011-12-20,6.8
2011-12-21,8.0
2011-12-22,7.28
2011-12-23,6.16
2011-12-24,5.12
2011-12-25,4.8
2011-12-26,6.0
2011-12-27,7.36
2011-12-28,7.12
2011-12-29,7.2
2011-12-30,7.28
2011-12-31,7.28
2012-01-01,7.2
2012-01-02,6.640000000000001
2012-01-03,8.0
2012-01-04,7.5200000000000005
2012-01-05,6.88
2012-01-06,6.32
2012-01-07,6.08
2012-01-08,6.08
2012-01-09,6.5600000000000005
2012-01-10,6.640000000000001
2012-01-11,6.640000000000001
2012-01-12,6.48
2012-01-13,5.68
2012-01-14,5.84
2012-01-15,5.5200000000000005
2012-01-16,5.5200000000000005
2012-01-17,6.4
2012-01-18,6.16
2012-01-19,6.0
2012-01-20,5.76
2012-01-21,5.92
2012-01-22,5.5200000000000005
2012-01-23,6.4
2012-01-24,6.640000000000001
2012-01-25,6.24
2012-01-26,6.72
2012-01-27,5.76
2012-01-28,5.6000000000000005
2012-01-29,5.5200000000000005
2012-01-30,6.5600000000000005
2012-01-31,6.08
2012-02-01,5.68
2012-02-02,5.28
2012-02-03,4.88
2012-02-04,4.48
2012-02-05,4.48
2012-02-06,5.2
2012-02-07,5.2
2012-02-08,5.5200000000000005
2012-02-09,5.44
2012-02-10,5.04
2012-02-11,4.88
2012-02-12,4.8
2012-02-13,8.0
2012-02-14,6.4
2012-02-15,6.24
2012-02-16,6.0
2012-02-17,5.92
2012-02-18,5.92
2012-02-19,5.84
2012-02-20,7.68
2012-02-21,6.72
2012-02-22,6.5600000000000005
2012-02-23,5.76
2012-02-24,5.28
2012-02-25,5.68
2012-02-26,5.92
2012-02-27,6.4
2012-02-28,6.5600000000000005
2012-02-29,5.92
2012-03-01,6.510000000000001
2012-03-02,6.44
2012-03-03,6.580000000000001
2012-03-04,5.6000000000000005
2012-03-05,6.580000000000001
2012-03-06,6.510000000000001
2012-03-07,6.720000000000001
2012-03-08,7.000000000000001
2012-03-09,6.510000000000001
2012-03-10,5.8100000000000005
2012-03-11,6.370000000000001
2012-03-12,6.300000000000001
2012-03-13,7.000000000000001
2012-03-14,6.44
2012-03-15,6.300000000000001
2012-03-16,5.880000000000001
2012-03-17,5.460000000000001
2012-03-18,6.0200000000000005
2012-03-19,5.74
2012-03-20,5.180000000000001
2012-03-21,5.6000000000000005
2012-03-22,5.53
2012-03-23,4.340000000000001
2012-03-24,4.2700000000000005
2012-03-25,4.760000000000001
2012-03-26,5.11
2012-03-27,4.62
2012-03-28,5.11
2012-03-29,4.550000000000001
2012-03-30,4.2700000000000005
2012-03-31,3.7800000000000002
2012-04-01,4.3500000000000005
2012-04-02,4.2
2012-04-03,4.4
2012-04-04,4.05
2012-04-05,4.6000000000000005
2012-04-06,3.75
2012-04-07,4.0
2012-04-08,3.8000000000000003
2012-04-09,5.0
2012-04-10,4.45
2012-04-11,4.45
2012-04-12,4.5
2012-04-13,3.75
2012-04-14,3.95
2012-04-15,4.1000000000000005
2012-04-16,4.2
2012-04-17,3.75
2012-04-18,4.15
2012-04-19,4.0
2012-04-20,4.05
2012-04-21,3.5500000000000003
2012-04-22,3.5500000000000003
2012-04-23,3.9000000000000004
2012-04-24,3.7
2012-04-25,3.8000000000000003
2012-04-26,3.6
2012-04-27,3.25
2012-04-28,3.35
2012-04-29,3.6
2012-04-30,3.4000000000000004
2012-05-01,3.6
2012-05-02,3.68
2012-05-03,3.72
2012-05-04,2.7600000000000002
2012-05-05,3.08
2012-05-06,3.04
2012-05-07,3.2
2012-05-08,3.64
2012-05-09,3.44
2012-05-10,3.3200000000000003
2012-05-11,4.0
2012-05-12,3.3200000000000003
2012-05-13,3.04
2012-05-14,3.24
2012-05-15,3.16
2012-05-16,3.04
2012-05-17,3.2
2012-05-18,3.36
2012-05-19,2.84
2012-05-20,2.88
2012-05-21,3.12
2012-05-22,3.2800000000000002
2012-05-23,3.16
2012-05-24,2.72
2012-05-25,2.52
2012-05-26,2.48
2012-05-27,2.84
2012-05-28,2.4
2012-05-29,2.72
2012-05-30,2.7600000000000002
2012-05-31,2.64
2012-06-01,2.61
2012-06-02,2.6399999999999997
2012-06-03,2.67
2012-06-04,2.79
2012-06-05,2.6999999999999997
2012-06-06,2.58
2012-06-07,2.73
2012-06-08,2.6399999999999997
2012-06-09,2.34
2012-06-10,2.85
2012-06-11,2.88
2012-06-12,3.0
2012-06-13,2.85
2012-06-14,2.67
2012-06-15,2.6999999999999997
2012-06-16,2.52
2012-06-17,1.95
2012-06-18,2.28
2012-06-19,2.4
2012-06-20,2.37
2012-06-21,2.19
2012-06-22,2.4299999999999997
2012-06-23,2.25
2012-06-24,2.34
2012-06-25,2.25
2012-06-26,2.4
2012-06-27,2.19
2012-06-28,2.34
2012-06-29,2.19
2012-06-30,1.8299999999999998
2012-07-01,2.37
2012-07-02,2.01
2012-07-03,2.25
2012-07-04,2.16
2012-07-05,2.07
2012-07-06,2.01
2012-07-07,1.8599999999999999
2012-07-08,2.01
2012-07-09,2.58
2012-07-10,2.34
2012-07-11,2.55
2012-07-12,2.58
2012-07-13,1.77
2012-07-14,1.77
2012-07-15,2.37
2012-07-16,2.61
2012-07-17,2.25
2012-07-18,1.95
2012-07-19,2.25
2012-07-20,2.19
2012-07-21,1.98
2012-07-22,2.13
2012-07-23,2.13
2012-07-24,2.19
2012-07-25,2.4299999999999997
2012-07-26,2.16
2012-07-27,2.31
2012-07-28,2.37
2012-07-29,2.16
2012-07-30,2.61
2012-07-31,3.0
2012-08-01,2.64
2012-08-02,2.92
2012-08-03,2.8000000000000003
2012-08-04,2.8000000000000003
2012-08-05,2.44
2012-08-06,2.88
2012-08-07,2.92
2012-08-08,2.6
2012-08-09,2.7600000000000002
2012-08-10,3.04
2012-08-11,2.8000000000000003
2012-08-12,2.2800000000000002
2012-08-13,2.96
2012-08-14,3.08
2012-08-15,3.0
2012-08-16,3.12
2012-08-17,3.24
2012-08-18,2.56
2012-08-19,2.6
2012-08-20,3.36
2012-08-21,3.2800000000000002
2012-08-22,3.4
2012-08-23,3.2800000000000002
2012-08-24,3.7600000000000002
2012-08-25,2.6
2012-08-26,2.96
2012-08-27,3.6
2012-08-28,4.0
2012-08-29,3.88
2012-08-30,3.88
2012-08-31,3.4
2012-09-01,3.5999999999999996
2012-09-02,3.69
2012-09-03,3.33
2012-09-04,4.41
2012-09-05,5.22
2012-09-06,5.04
2012-09-07,4.5
2012-09-08,3.8699999999999997
2012-09-09,3.78
2012-09-10,5.31
2012-09-11,6.3
2012-09-12,5.85
2012-09-13,6.029999999999999
2012-09-14,5.58
2012-09-15,4.32
2012-09-16,4.5
2012-09-17,6.21
2012-09-18,7.739999999999999
2012-09-19,7.47
2012-09-20,7.739999999999999
2012-09-21,7.109999999999999
2012-09-22,5.22
2012-09-23,4.95
2012-09-24,7.6499999999999995
2012-09-25,8.64
2012-09-26,9.0
2012-09-27,8.91
2012-09-28,8.19
2012-09-29,7.199999999999999
2012-09-30,6.39
2012-10-01,9.719999999999999
2012-10-02,11.52
2012-10-03,11.28
2012-10-04,11.04
2012-10-05,9.48
2012-10-06,7.4399999999999995
2012-10-07,6.359999999999999
2012-10-08,10.08
2012-10-09,11.879999999999999
2012-10-10,12.0
2012-10-11,11.16
2012-10-12,9.959999999999999
2012-10-13,7.92
2012-10-14,7.199999999999999
2012-10-15,9.719999999999999
2012-10-16,10.799999999999999
2012-10-17,10.68
2012-10-18,10.44
2012-10-19,9.6
2012-10-20,7.56
2012-10-21,7.319999999999999
2012-10-22,9.959999999999999
2012-10-23,10.08
2012-10-24,10.32
2012-10-25,9.6
2012-10-26,8.28
2012-10-27,7.319999999999999
2012-10-28,5.64
2012-10-29,7.8
2012-10-30,7.8
2012-10-31,8.28
2012-11-01,9.13
2012-11-02,8.58
2012-11-03,7.26
2012-11-04,7.37
2012-11-05,8.58
2012-11-06,8.91
2012-11-07,7.81
2012-11-08,9.13
2012-11-09,8.25
2012-11-10,7.48
2012-11-11,7.15
2012-11-12,9.790000000000001
2012-11-13,10.23
2012-11-14,10.56
2012-11-15,10.12
2012-11-16,8.91
2012-11-17,8.14
2012-11-18,7.92
2012-11-19,9.57
2012-11-20,8.91
2012-11-21,8.14
2012-11-22,7.26
2012-11-23,6.16
2012-11-24,8.03
2012-11-25,8.8
2012-11-26,10.01
2012-11-27,10.78
2012-11-28,11.0
2012-11-29,10.12
2012-11-30,9.68
2012-12-01,7.56
2012-12-02,7.38
2012-12-03,10.62
2012-12-04,16.919999999999998
2012-12-05,15.66
2012-12-06,13.139999999999999
2012-12-07,11.52
2012-12-08,11.16
2012-12-09,11.16
2012-12-10,12.42
2012-12-11,12.78
2012-12-12,12.78
2012-12-13,12.059999999999999
2012-12-14,10.26
2012-12-15,9.9
2012-12-16,10.62
2012-12-17,12.24
2012-12-18,13.32
2012-12-19,13.5
2012-12-20,12.6
2012-12-21,11.879999999999999
2012-12-22,12.6
2012-12-23,12.6
2012-12-24,13.139999999999999
2012-12-25,11.34
2012-12-26,13.86
2012-12-27,15.299999999999999
2012-12-28,18.0
2012-12-29,16.38
2012-12-30,15.479999999999999
2012-12-31,14.399999999999999
2013-01-01,7.989999999999999
2013-01-02,9.399999999999999
2013-01-03,10.809999999999999
2013-01-04,14.1
2013-01-05,14.569999999999999
2013-01-06,13.16
2013-01-07,16.919999999999998
2013-01-08,20.68
2013-01-09,28.2
2013-01-10,46.529999999999994
2013-01-11,47.0
2013-01-12,37.599999999999994
2013-01-13,29.139999999999997
2013-01-14,31.49
2013-01-15,27.729999999999997
2013-01-16,23.5
2013-01-17,18.799999999999997
2013-01-18,17.86
2013-01-19,16.45
2013-01-20,14.569999999999999
2013-01-21,13.629999999999999
2013-01-22,14.1
2013-01-23,13.629999999999999
2013-01-24,12.219999999999999
2013-01-25,12.219999999999999
2013-01-26,11.28
2013-01-27,10.34
2013-01-28,11.28
2013-01-29,10.809999999999999
2013-01-30,9.399999999999999
2013-01-31,8.459999999999999
2013-02-01,13.72
2013-02-02,13.72
2013-02-03,12.46
2013-02-04,13.440000000000001
2013-02-05,14.000000000000002
2013-02-06,12.740000000000002
2013-02-07,11.9
2013-02-08,10.920000000000002
2013-02-09,10.22
2013-02-10,10.360000000000001
2013-02-11,11.06
2013-02-12,10.64
2013-02-13,9.520000000000001
2013-02-14,9.66
2013-02-15,8.540000000000001
2013-02-16,8.4
2013-02-17,8.82
2013-02-18,8.96
2013-02-19,10.080000000000002
2013-02-20,8.96
2013-02-21,9.100000000000001
2013-02-22,9.38
2013-02-23,8.4
2013-02-24,7.5600000000000005
2013-02-25,7.98
2013-02-26,8.680000000000001
2013-02-27,7.840000000000001
2013-02-28,7.700000000000001
2013-03-01,8.01
2013-03-02,7.92
2013-03-03,8.37
2013-03-04,8.82
2013-03-05,9.0
2013-03-06,8.64
2013-03-07,8.1
2013-03-08,8.1
2013-03-09,7.29
2013-03-10,7.6499999999999995
2013-03-11,8.549999999999999
2013-03-12,8.1
2013-03-13,7.83
2013-03-14,7.47
2013-03-15,6.66
2013-03-16,6.4799999999999995
2013-03-17,7.02
2013-03-18,7.199999999999999
2013-03-19,6.93
2013-03-20,7.29
2013-03-21,6.21
2013-03-22,6.93
2013-03-23,6.84
2013-03-24,6.569999999999999
2013-03-25,6.4799999999999995
2013-03-26,6.84
2013-03-27,6.4799999999999995
2013-03-28,6.029999999999999
2013-03-29,5.58
2013-03-30,5.67
2013-03-31,6.84
2013-04-01,5.74
2013-04-02,6.44
2013-04-03,6.720000000000001
2013-04-04,6.580000000000001
2013-04-05,6.65
2013-04-06,6.23
2013-04-07,6.510000000000001
2013-04-08,7.000000000000001
2013-04-09,6.16
2013-04-10,6.0200000000000005
2013-04-11,5.74
2013-04-12,5.8100000000000005
2013-04-13,5.670000000000001
2013-04-14,5.74
2013-04-15,6.0200000000000005
2013-04-16,5.390000000000001
2013-04-17,5.32
2013-04-18,5.6000000000000005
2013-04-19,4.83
2013-04-20,3.7800000000000002
2013-04-21,4.48
2013-04-22,4.62
2013-04-23,4.550000000000001
2013-04-24,5.670000000000001
2013-04-25,5.6000000000000005
2013-04-26,4.69
2013-04-27,3.7800000000000002
2013-04-28,4.340000000000001
2013-04-29,4.83
2013-04-30,4.2700000000000005
2013-05-01,3.92
2013-05-02,3.72
2013-05-03,4.0
2013-05-04,3.44
2013-05-05,3.48
2013-05-06,3.84
2013-05-07,3.84
2013-05-08,3.52
2013-05-09,3.24
2013-05-10,3.04
2013-05-11,2.56
2013-05-12,2.44
2013-05-13,3.24
2013-05-14,3.2800000000000002
2013-05-15,3.2800000000000002
2013-05-16,2.96
2013-05-17,2.72
2013-05-18,2.68
2013-05-19,2.92
2013-05-20,2.96
2013-05-21,2.68
2013-05-22,3.08
2013-05-23,2.36
2013-05-24,2.92
2013-05-25,2.48
2013-05-26,2.96
2013-05-27,2.32
2013-05-28,2.92
2013-05-29,2.84
2013-05-30,2.6
2013-05-31,2.32
2013-06-01,2.46
2013-06-02,2.4899999999999998
2013-06-03,2.9699999999999998
2013-06-04,2.6399999999999997
2013-06-05,2.67
2013-06-06,2.61
2013-06-07,2.4299999999999997
2013-06-08,2.46
2013-06-09,2.28
2013-06-10,2.61
2013-06-11,3.0
2013-06-12,2.4
2013-06-13,2.37
2013-06-14,2.37
2013-06-15,2.1
2013-06-16,2.16
2013-06-17,2.46
2013-06-18,2.6399999999999997
2013-06-19,2.4899999999999998
2013-06-20,2.04
2013-06-21,1.95
2013-06-22,2.1
2013-06-23,2.34
2013-06-24,2.4899999999999998
2013-06-25,2.34
2013-06-26,2.37
2013-06-27,2.07
2013-06-28,2.2199999999999998
2013-06-29,2.28
2013-06-30,1.92
2013-07-01,2.07
2013-07-02,2.07
2013-07-03,1.74
2013-07-04,1.5899999999999999
2013-07-05,1.8599999999999999
2013-07-06,2.1
2013-07-07,1.74
2013-07-08,2.13
2013-07-09,1.92
2013-07-10,2.07
2013-07-11,1.92
2013-07-12,1.8299999999999998
2013-07-13,1.53
2013-07-14,1.3499999999999999
2013-07-15,1.89
2013-07-16,1.98
2013-07-17,1.8299999999999998
2013-07-18,1.92
2013-07-19,1.8299999999999998
2013-07-20,1.3499999999999999
2013-07-21,2.13
2013-07-22,1.89
2013-07-23,1.8599999999999999
2013-07-24,2.79
2013-07-25,3.0
2013-07-26,2.31
2013-07-27,2.4299999999999997
2013-07-28,1.98
2013-07-29,2.4
2013-07-30,2.25
2013-07-31,2.19
2013-08-01,2.2800000000000002
2013-08-02,2.36
2013-08-03,2.24
2013-08-04,2.56
2013-08-05,2.52
2013-08-06,2.36
2013-08-07,2.64
2013-08-08,2.72
2013-08-09,2.2800000000000002
2013-08-10,2.08
2013-08-11,2.8000000000000003
2013-08-12,2.48
2013-08-13,2.92
2013-08-14,2.8000000000000003
2013-08-15,2.8000000000000003
2013-08-16,3.0
2013-08-17,2.6
2013-08-18,2.2800000000000002
2013-08-19,3.12
2013-08-20,3.2
2013-08-21,3.64
2013-08-22,3.4
2013-08-23,2.92
2013-08-24,2.72
2013-08-25,2.48
2013-08-26,3.08
2013-08-27,3.8000000000000003
2013-08-28,3.56
2013-08-29,4.0
2013-08-30,3.44
2013-08-31,3.12
2013-09-01,2.34
2013-09-02,2.52
2013-09-03,3.78
2013-09-04,3.96
2013-09-05,3.78
2013-09-06,3.8699999999999997
2013-09-07,3.15
2013-09-08,2.9699999999999998
2013-09-09,4.14
2013-09-10,4.859999999999999
2013-09-11,4.77
2013-09-12,5.13
2013-09-13,4.68
2013-09-14,3.78
2013-09-15,3.78
2013-09-16,5.67
2013-09-17,6.21
2013-09-18,6.66
2013-09-19,6.66
2013-09-20,6.3
2013-09-21,4.95
2013-09-22,4.95
2013-09-23,7.199999999999999
2013-09-24,8.19
2013-09-25,9.0
2013-09-26,8.37
2013-09-27,7.6499999999999995
2013-09-28,6.4799999999999995
2013-09-29,6.029999999999999
2013-09-30,8.1
2013-10-01,13.35
2013-10-02,14.7
2013-10-03,14.1
2013-10-04,12.45
2013-10-05,9.9
2013-10-06,7.949999999999999
2013-10-07,13.049999999999999
2013-10-08,14.25
2013-10-09,15.0
2013-10-10,14.7
2013-10-11,12.75
2013-10-12,9.75
2013-10-13,7.6499999999999995
2013-10-14,12.0
2013-10-15,14.7
2013-10-16,15.0
2013-10-17,12.9
2013-10-18,12.6
2013-10-19,10.049999999999999
2013-10-20,8.4
2013-10-21,12.9
2013-10-22,13.95
2013-10-23,14.7
2013-10-24,14.25
2013-10-25,11.25
2013-10-26,9.15
2013-10-27,9.15
2013-10-28,12.75
2013-10-29,13.799999999999999
2013-10-30,12.45
2013-10-31,11.4
2013-11-01,9.9
2013-11-02,7.92
2013-11-03,7.92
2013-11-04,10.78
2013-11-05,11.0
2013-11-06,10.67
2013-11-07,10.89
2013-11-08,8.69
2013-11-09,7.7
2013-11-10,7.15
2013-11-11,9.790000000000001
2013-11-12,10.23
2013-11-13,11.0
2013-11-14,10.01
2013-11-15,8.69
2013-11-16,8.03
2013-11-17,6.82
2013-11-18,8.58
2013-11-19,8.8
2013-11-20,8.91
2013-11-21,8.69
2013-11-22,8.14
2013-11-23,7.26
2013-11-24,7.15
2013-11-25,8.69
2013-11-26,9.13
2013-11-27,8.25
2013-11-28,6.05
2013-11-29,5.72
2013-11-30,7.26
2013-12-01,5.25
2013-12-02,5.85
2013-12-03,6.6
2013-12-04,6.75
2013-12-05,6.0
2013-12-06,5.3999999999999995
2013-12-07,5.25
2013-12-08,4.8
2013-12-09,6.3
2013-12-10,5.85
2013-12-11,6.1499999999999995
2013-12-12,7.199999999999999
2013-12-13,6.75
2013-12-14,6.1499999999999995
2013-12-15,6.0
2013-12-16,6.75
2013-12-17,7.6499999999999995
2013-12-18,8.4
2013-12-19,9.299999999999999
2013-12-20,9.15
2013-12-21,9.15
2013-12-22,9.299999999999999
2013-12-23,9.45
2013-12-24,9.9
2013-12-25,8.4
2013-12-26,11.25
2013-12-27,13.95
2013-12-28,14.7
2013-12-29,14.25
2013-12-30,15.0
2013-12-31,14.7
2014-01-01,13.72
2014-01-02,15.96
2014-01-03,17.64
2014-01-04,21.28
2014-01-05,18.48
2014-01-06,18.48
2014-01-07,19.6
2014-01-08,21.000000000000004
2014-01-09,25.480000000000004
2014-01-10,27.44
2014-01-11,28.000000000000004
2014-01-12,20.720000000000002
2014-01-13,21.28
2014-01-14,21.28
2014-01-15,21.560000000000002
2014-01-16,19.6
2014-01-17,17.92
2014-01-18,17.080000000000002
2014-01-19,15.680000000000001
2014-01-20,17.64
2014-01-21,16.8
2014-01-22,16.240000000000002
2014-01-23,15.680000000000001
2014-01-24,14.840000000000002
2014-01-25,14.280000000000001
2014-01-26,13.440000000000001
2014-01-27,14.560000000000002
2014-01-28,13.72
2014-01-29,12.88
2014-01-30,12.88
2014-01-31,11.48
2014-02-01,12.0
2014-02-02,10.44
2014-02-03,10.68
2014-02-04,11.16
2014-02-05,10.92
2014-02-06,10.32
2014-02-07,9.959999999999999
2014-02-08,9.0
2014-02-09,8.76
2014-02-10,9.48
2014-02-11,9.12
2014-02-12,8.16
2014-02-13,7.92
2014-02-14,6.84
2014-02-15,7.199999999999999
2014-02-16,7.4399999999999995
2014-02-17,7.68
2014-02-18,7.92
2014-02-19,7.4399999999999995
2014-02-20,7.8
2014-02-21,7.68
2014-02-22,7.08
2014-02-23,6.84
2014-02-24,7.319999999999999
2014-02-25,7.199999999999999
2014-02-26,6.6
2014-02-27,6.6
2014-02-28,6.12
2014-03-01,7.28
2014-03-02,6.48
2014-03-03,6.5600000000000005
2014-03-04,8.0
2014-03-05,8.0
2014-03-06,7.28
2014-03-07,6.48
2014-03-08,6.48
2014-03-09,6.5600000000000005
2014-03-10,7.68
2014-03-11,7.04
2014-03-12,7.04
2014-03-13,6.16
2014-03-14,6.8
2014-03-15,5.36
2014-03-16,6.24
2014-03-17,6.4
2014-03-18,6.640000000000001
2014-03-19,5.68
2014-03-20,6.32
2014-03-21,5.76
2014-03-22,5.76
2014-03-23,5.68
2014-03-24,6.32
2014-03-25,6.4
2014-03-26,6.4
2014-03-27,7.04
2014-03-28,6.4
2014-03-29,5.44
2014-03-30,5.92
2014-03-31,6.24
2014-04-01,5.88
2014-04-02,5.64
2014-04-03,6.0
2014-04-04,5.04
2014-04-05,5.279999999999999
2014-04-06,4.9799999999999995
2014-04-07,5.58
2014-04-08,5.22
2014-04-09,5.52
2014-04-10,5.52
2014-04-11,4.92
2014-04-12,5.1
2014-04-13,4.9799999999999995
2014-04-14,5.1
2014-04-15,4.9799999999999995
2014-04-16,4.92
2014-04-17,4.5
2014-04-18,4.4399999999999995
2014-04-19,4.74
2014-04-20,4.32
2014-04-21,4.859999999999999
2014-04-22,4.62
2014-04-23,5.22
2014-04-24,4.56
2014-04-25,4.4399999999999995
2014-04-26,3.78
2014-04-27,3.96
2014-04-28,4.2
2014-04-29,4.56
2014-04-30,4.08
2014-05-01,3.52
2014-05-02,3.52
2014-05-03,3.64
2014-05-04,3.2800000000000002
2014-05-05,3.92
2014-05-06,4.0
2014-05-07,3.72
2014-05-08,3.12
2014-05-09,3.2
2014-05-10,3.36
2014-05-11,2.8000000000000003
2014-05-12,3.4
2014-05-13,3.4
2014-05-14,3.4
2014-05-15,3.2
2014-05-16,3.12
2014-05-17,3.04
2014-05-18,3.24
2014-05-19,3.3200000000000003
2014-05-20,3.4
2014-05-21,3.08
2014-05-22,2.8000000000000003
2014-05-23,2.64
2014-05-24,2.7600000000000002
2014-05-25,2.8000000000000003
2014-05-26,2.84
2014-05-27,2.44
2014-05-28,2.88
2014-05-29,3.0
2014-05-30,2.72
2014-05-31,2.52
2014-06-01,1.98
2014-06-02,1.92
2014-06-03,1.95
2014-06-04,2.2199999999999998
2014-06-05,2.13
2014-06-06,3.0
2014-06-07,2.01
2014-06-08,1.71
2014-06-09,1.89
2014-06-10,1.92
2014-06-11,1.98
2014-06-12,2.04
2014-06-13,1.71
2014-06-14,1.53
2014-06-15,1.56
2014-06-16,1.95
2014-06-17,1.71
2014-06-18,1.8599999999999999
2014-06-19,2.04
2014-06-20,1.8299999999999998
2014-06-21,1.95
2014-06-22,1.71
2014-06-23,1.56
2014-06-24,1.89
2014-06-25,1.8299999999999998
2014-06-26,1.68
2014-06-27,1.7999999999999998
2014-06-28,1.8299999999999998
2014-06-29,1.68
2014-06-30,1.7999999999999998
2014-07-01,2.46
2014-07-02,2.4299999999999997
2014-07-03,2.82
2014-07-04,2.61
2014-07-05,2.61
2014-07-06,2.6399999999999997
2014-07-07,2.4899999999999998
2014-07-08,3.0
2014-07-09,2.6999999999999997
2014-07-10,2.46
2014-07-11,2.13
2014-07-12,1.77
2014-07-13,1.95
2014-07-14,2.46
2014-07-15,1.98
2014-07-16,2.31
2014-07-17,2.04
2014-07-18,2.55
2014-07-19,1.98
2014-07-20,1.89
2014-07-21,2.52
2014-07-22,2.37
2014-07-23,2.31
2014-07-24,2.58
2014-07-25,2.25
2014-07-26,2.25
2014-07-27,1.98
2014-07-28,2.6999999999999997
2014-07-29,2.6999999999999997
2014-07-30,2.4899999999999998
2014-07-31,2.55
2014-08-01,2.24
2014-08-02,2.64
2014-08-03,3.08
2014-08-04,2.7600000000000002
2014-08-05,3.04
2014-08-06,3.04
2014-08-07,2.72
2014-08-08,3.04
2014-08-09,2.6
2014-08-10,2.04
2014-08-11,2.56
2014-08-12,2.6
2014-08-13,3.12
2014-08-14,3.24
2014-08-15,2.44
2014-08-16,2.6
2014-08-17,2.7600000000000002
2014-08-18,2.96
2014-08-19,2.84
2014-08-20,3.36
2014-08-21,3.3200000000000003
2014-08-22,3.2
2014-08-23,3.12
2014-08-24,2.48
2014-08-25,3.72
2014-08-26,3.6
2014-08-27,3.96
2014-08-28,3.84
2014-08-29,4.0
2014-08-30,3.4
2014-08-31,3.7600000000000002
2014-09-01,2.6
2014-09-02,3.3000000000000003
2014-09-03,4.1000000000000005
2014-09-04,3.7
2014-09-05,3.8000000000000003
2014-09-06,3.1
2014-09-07,3.4000000000000004
2014-09-08,4.9
2014-09-09,5.2
2014-09-10,5.6000000000000005
2014-09-11,6.1000000000000005
2014-09-12,4.9
2014-09-13,4.4
2014-09-14,4.1000000000000005
2014-09-15,5.9
2014-09-16,7.0
2014-09-17,7.5
2014-09-18,7.300000000000001
2014-09-19,7.1000000000000005
2014-09-20,5.5
2014-09-21,4.800000000000001
2014-09-22,7.4
2014-09-23,8.5
2014-09-24,8.5
2014-09-25,8.5
2014-09-26,7.7
2014-09-27,6.2
2014-09-28,5.9
2014-09-29,8.700000000000001
2014-09-30,10.0
2014-10-01,12.540000000000001
2014-10-02,12.92
2014-10-03,11.59
2014-10-04,9.31
2014-10-05,7.98
2014-10-06,12.35
2014-10-07,14.06
2014-10-08,14.63
2014-10-09,14.25
2014-10-10,13.68
2014-10-11,9.88
2014-10-12,9.88
2014-10-13,13.68
2014-10-14,14.25
2014-10-15,17.86
2014-10-16,19.0
2014-10-17,16.53
2014-10-18,11.78
2014-10-19,9.31
2014-10-20,13.68
2014-10-21,13.11
2014-10-22,13.49
2014-10-23,13.49
2014-10-24,12.92
2014-10-25,9.31
2014-10-26,7.98
2014-10-27,11.97
2014-10-28,11.59
2014-10-29,11.21
2014-10-30,10.83
2014-10-31,8.55
2014-11-01,8.64
2014-11-02,7.8
2014-11-03,11.16
2014-11-04,12.0
2014-11-05,11.52
2014-11-06,11.04
2014-11-07,10.32
2014-11-08,9.36
2014-11-09,7.68
2014-11-10,10.2
2014-11-11,10.2
2014-11-12,9.84
2014-11-13,9.719999999999999
2014-11-14,8.879999999999999
2014-11-15,7.56
2014-11-16,7.4399999999999995
2014-11-17,9.36
2014-11-18,9.24
2014-11-19,9.24
2014-11-20,9.48
2014-11-21,8.76
2014-11-22,8.28
2014-11-23,7.92
2014-11-24,9.0
2014-11-25,9.48
2014-11-26,8.76
2014-11-27,6.359999999999999
2014-11-28,6.72
2014-11-29,7.08
2014-11-30,8.52
2014-12-01,6.82
2014-12-02,6.82
2014-12-03,7.48
2014-12-04,9.46
2014-12-05,10.12
2014-12-06,9.24
2014-12-07,7.7
2014-12-08,9.24
2014-12-09,9.46
2014-12-10,9.68
2014-12-11,10.12
2014-12-12,9.24
2014-12-13,9.24
2014-12-14,9.46
2014-12-15,10.56
2014-12-16,12.98
2014-12-17,12.76
2014-12-18,13.42
2014-12-19,13.64
2014-12-20,14.3
2014-12-21,13.86
2014-12-22,15.62
2014-12-23,16.28
2014-12-24,14.96
2014-12-25,11.66
2014-12-26,14.3
2014-12-27,15.18
2014-12-28,15.4
2014-12-29,15.4
2014-12-30,17.6
2014-12-31,22.0
2015-01-01,20.02
2015-01-02,21.34
2015-01-03,21.34
2015-01-04,20.9
2015-01-05,22.0
2015-01-06,21.12
2015-01-07,20.46
2015-01-08,16.28
2015-01-09,16.28
2015-01-10,16.06
2015-01-11,14.74
2015-01-12,16.28
2015-01-13,14.96
2015-01-14,14.96
2015-01-15,14.96
2015-01-16,16.28
2015-01-17,15.4
2015-01-18,14.08
2015-01-19,14.08
2015-01-20,14.74
2015-01-21,14.3
2015-01-22,14.52
2015-01-23,13.2
2015-01-24,12.32
2015-01-25,12.32
2015-01-26,12.76
2015-01-27,12.1
2015-01-28,11.88
2015-01-29,12.1
2015-01-30,12.540000000000001
2015-01-31,10.78
2015-02-01,11.31
2015-02-02,11.700000000000001
2015-02-03,11.96
2015-02-04,13.0
2015-02-05,11.31
2015-02-06,11.18
2015-02-07,10.14
2015-02-08,10.4
2015-02-09,10.66
2015-02-10,10.530000000000001
2015-02-11,10.790000000000001
2015-02-12,10.4
2015-02-13,9.49
2015-02-14,8.97
2015-02-15,9.23
2015-02-16,9.23
2015-02-17,10.530000000000001
2015-02-18,10.66
2015-02-19,11.05
2015-02-20,10.4
2015-02-21,9.1
2015-02-22,9.36
2015-02-23,9.36
2015-02-24,9.49
2015-02-25,9.1
2015-02-26,8.71
2015-02-27,8.19
2015-02-28,8.32
2015-03-01,8.459999999999999
2015-03-02,8.1
2015-03-03,9.0
2015-03-04,8.1
2015-03-05,6.84
2015-03-06,7.56
2015-03-07,6.75
2015-03-08,7.109999999999999
2015-03-09,8.1
2015-03-10,8.1
2015-03-11,7.29
2015-03-12,7.47
2015-03-13,6.84
2015-03-14,6.75
2015-03-15,7.199999999999999
2015-03-16,6.569999999999999
2015-03-17,6.93
2015-03-18,6.4799999999999995
2015-03-19,6.12
2015-03-20,5.49
2015-03-21,5.9399999999999995
2015-03-22,5.3999999999999995
2015-03-23,6.21
2015-03-24,7.199999999999999
2015-03-25,6.029999999999999
2015-03-26,5.85
2015-03-27,5.04
2015-03-28,5.04
2015-03-29,5.31
2015-03-30,5.22
2015-03-31,5.85
2015-04-01,5.12
2015-04-02,5.68
2015-04-03,5.5200000000000005
2015-04-04,5.36
2015-04-05,5.12
2015-04-06,6.32
2015-04-07,6.96
2015-04-08,6.640000000000001
2015-04-09,6.32
2015-04-10,5.6000000000000005
2015-04-11,5.6000000000000005
2015-04-12,5.2
2015-04-13,5.92
2015-04-14,5.76
2015-04-15,7.12
2015-04-16,8.0
2015-04-17,6.5600000000000005
2015-04-18,5.36
2015-04-19,5.2
2015-04-20,5.68
2015-04-21,7.04
2015-04-22,6.4
2015-04-23,5.5200000000000005
2015-04-24,5.6000000000000005
2015-04-25,5.36
2015-04-26,5.2
2015-04-27,5.04
2015-04-28,4.72
2015-04-29,4.48
2015-04-30,4.88
2015-05-01,5.3999999999999995
2015-05-02,5.3999999999999995
2015-05-03,4.859999999999999
2015-05-04,5.7
2015-05-05,5.819999999999999
2015-05-06,5.64
2015-05-07,5.3999999999999995
2015-05-08,4.859999999999999
2015-05-09,4.74
2015-05-10,4.38
2015-05-11,5.279999999999999
2015-05-12,5.04
2015-05-13,5.52
2015-05-14,5.16
2015-05-15,4.5
2015-05-16,4.02
2015-05-17,3.9
2015-05-18,5.22
2015-05-19,5.279999999999999
2015-05-20,4.9799999999999995
2015-05-21,5.64
2015-05-22,6.0
2015-05-23,5.9399999999999995
2015-05-24,5.819999999999999
2015-05-25,4.56
2015-05-26,4.92
2015-05-27,4.62
2015-05-28,4.68
2015-05-29,4.74
2015-05-30,3.9
2015-05-31,4.38
2015-06-01,3.52
2015-06-02,3.68
2015-06-03,3.48
2015-06-04,3.6
2015-06-05,3.56
2015-06-06,3.3200000000000003
2015-06-07,3.44
2015-06-08,3.96
2015-06-09,3.72
2015-06-10,3.64
2015-06-11,4.0
2015-06-12,3.6
2015-06-13,2.96
2015-06-14,3.04
2015-06-15,3.16
2015-06-16,2.88
2015-06-17,3.16
2015-06-18,2.8000000000000003
2015-06-19,2.68
2015-06-20,2.52
2015-06-21,3.04
2015-06-22,3.04
2015-06-23,2.72
2015-06-24,2.52
2015-06-25,2.64
2015-06-26,2.56
2015-06-27,2.16
2015-06-28,3.08
2015-06-29,3.08
2015-06-30,2.68
2015-07-01,2.46
2015-07-02,3.0
2015-07-03,2.46
2015-07-04,2.31
2015-07-05,2.6999999999999997
2015-07-06,2.31
2015-07-07,2.6999999999999997
2015-07-08,2.79
2015-07-09,2.73
2015-07-10,2.31
2015-07-11,2.31
2015-07-12,2.52
2015-07-13,2.6399999999999997
2015-07-14,2.4899999999999998
2015-07-15,2.82
2015-07-16,2.61
2015-07-17,2.16
2015-07-18,2.07
2015-07-19,2.07
2015-07-20,2.55
2015-07-21,2.67
2015-07-22,2.6999999999999997
2015-07-23,2.4
2015-07-24,1.98
2015-07-25,2.6399999999999997
2015-07-26,2.76
2015-07-27,2.79
2015-07-28,2.94
2015-07-29,2.37
2015-07-30,2.52
2015-07-31,2.31
2015-08-01,2.36
2015-08-02,2.4
2015-08-03,2.6
2015-08-04,2.56
2015-08-05,2.36
2015-08-06,2.56
2015-08-07,2.08
2015-08-08,2.16
2015-08-09,2.36
2015-08-10,2.4
2015-08-11,2.68
2015-08-12,2.88
2015-08-13,2.8000000000000003
2015-08-14,2.36
2015-08-15,2.12
2015-08-16,2.36
2015-08-17,2.8000000000000003
2015-08-18,3.08
2015-08-19,2.7600000000000002
2015-08-20,2.96
2015-08-21,2.64
2015-08-22,2.32
2015-08-23,2.7600000000000002
2015-08-24,3.0
2015-08-25,3.24
2015-08-26,3.24
2015-08-27,3.56
2015-08-28,2.8000000000000003
2015-08-29,2.96
2015-08-30,2.8000000000000003
2015-08-31,4.0
2015-09-01,3.33
2015-09-02,3.42
2015-09-03,3.69
2015-09-04,2.9699999999999998
2015-09-05,2.9699999999999998
2015-09-06,3.06
2015-09-07,3.2399999999999998
2015-09-08,3.78
2015-09-09,4.5
2015-09-10,4.41
2015-09-11,4.32
2015-09-12,3.33
2015-09-13,2.9699999999999998
2015-09-14,5.04
2015-09-15,5.67
2015-09-16,5.85
2015-09-17,5.85
2015-09-18,5.58
2015-09-19,4.95
2015-09-20,4.14
2015-09-21,6.12
2015-09-22,7.109999999999999
2015-09-23,7.47
2015-09-24,6.84
2015-09-25,6.93
2015-09-26,5.85
2015-09-27,5.49
2015-09-28,7.38
2015-09-29,8.82
2015-09-30,9.0
2015-10-01,11.84
2015-10-02,10.08
2015-10-03,8.8
2015-10-04,7.68
2015-10-05,11.68
2015-10-06,15.040000000000001
2015-10-07,16.0
2015-10-08,15.040000000000001
2015-10-09,13.280000000000001
2015-10-10,10.24
2015-10-11,8.16
2015-10-12,11.84
2015-10-13,13.280000000000001
2015-10-14,13.280000000000001
2015-10-15,13.44
2015-10-16,11.68
2015-10-17,8.96
2015-10-18,8.16
2015-10-19,12.64
2015-10-20,13.120000000000001
2015-10-21,14.08
2015-10-22,13.280000000000001
2015-10-23,12.32
2015-10-24,9.76
2015-10-25,8.16
2015-10-26,12.0
2015-10-27,11.84
2015-10-28,12.0
2015-10-29,11.68
2015-10-30,11.200000000000001
2015-10-31,8.16
2015-11-01,7.48
2015-11-02,10.56
2015-11-03,11.0
2015-11-04,10.89
2015-11-05,10.67
2015-11-06,9.46
2015-11-07,8.47
2015-11-08,6.82
2015-11-09,9.24
2015-11-10,9.68
2015-11-11,8.8
2015-11-12,9.790000000000001
2015-11-13,8.36
2015-11-14,7.04
2015-11-15,7.15
2015-11-16,8.47
2015-11-17,8.36
2015-11-18,8.8
2015-11-19,8.58
2015-11-20,7.7
2015-11-21,6.49
2015-11-22,6.16
2015-11-23,7.48
2015-11-24,7.92
2015-11-25,7.7
2015-11-26,4.84
2015-11-27,5.61
2015-11-28,5.94
2015-11-29,6.71
2015-11-30,7.7
2015-12-01,9.600000000000001
2015-12-02,8.8
2015-12-03,8.6
2015-12-04,8.3
2015-12-05,7.5
2015-12-06,7.1000000000000005
2015-12-07,8.3
2015-12-08,8.6
2015-12-09,8.4
2015-12-10,7.300000000000001
2015-12-11,7.800000000000001
2015-12-12,7.1000000000000005
2015-12-13,7.300000000000001
2015-12-14,7.800000000000001
2015-12-15,8.8
2015-12-16,8.5
2015-12-17,7.9
2015-12-18,7.9
2015-12-19,8.1
2015-12-20,8.4
2015-12-21,8.3
2015-12-22,9.0
2015-12-23,8.1
2015-12-24,7.800000000000001
2015-12-25,6.5
2015-12-26,9.0
2015-12-27,9.700000000000001
2015-12-28,9.3
2015-12-29,10.0
2015-12-30,9.0
2015-12-31,8.5
2016-01-01,6.66
2016-01-02,7.6499999999999995
2016-01-03,8.459999999999999
2016-01-04,8.37
2016-01-05,8.82
2016-01-06,9.0
2016-01-07,8.37
2016-01-08,7.38
2016-01-09,6.75
2016-01-10,6.569999999999999
2016-01-11,7.6499999999999995
2016-01-12,7.47
2016-01-13,7.109999999999999
2016-01-14,7.92
2016-01-15,8.64
2016-01-16,7.6499999999999995
2016-01-17,7.6499999999999995
2016-01-18,7.29
2016-01-19,8.549999999999999
2016-01-20,7.92
2016-01-21,7.83
2016-01-22,7.199999999999999
2016-01-23,6.93
2016-01-24,6.39
2016-01-25,7.92
2016-01-26,8.37
2016-01-27,8.1
2016-01-28,7.83
2016-01-29,7.739999999999999
2016-01-30,7.02
2016-01-31,6.93
2016-02-01,8.28
2016-02-02,7.56
2016-02-03,8.4
2016-02-04,7.4399999999999995
2016-02-05,6.84
2016-02-06,7.4399999999999995
2016-02-07,6.96
2016-02-08,7.56
2016-02-09,9.48
2016-02-10,8.52
2016-02-11,8.64
2016-02-12,9.719999999999999
2016-02-13,9.0
2016-02-14,9.48
2016-02-15,9.84
2016-02-16,11.16
2016-02-17,11.28
2016-02-18,11.879999999999999
2016-02-19,10.799999999999999
2016-02-20,11.16
2016-02-21,10.68
2016-02-22,11.52
2016-02-23,12.0
2016-02-24,11.16
2016-02-25,11.879999999999999
2016-02-26,10.92
2016-02-27,11.04
2016-02-28,11.04
2016-02-29,10.68
2016-03-01,12.610000000000001
2016-03-02,11.83
2016-03-03,12.22
2016-03-04,10.92
2016-03-05,11.96
2016-03-06,11.96
2016-03-07,12.870000000000001
2016-03-08,13.0
2016-03-09,13.0
2016-03-10,12.870000000000001
2016-03-11,11.440000000000001
2016-03-12,11.18
2016-03-13,11.05
2016-03-14,11.96
2016-03-15,11.83
2016-03-16,10.790000000000001
2016-03-17,10.01
2016-03-18,10.66
2016-03-19,8.58
2016-03-20,9.620000000000001
2016-03-21,10.4
2016-03-22,9.620000000000001
2016-03-23,9.49
2016-03-24,10.01
2016-03-25,8.84
2016-03-26,8.32
2016-03-27,8.84
2016-03-28,9.620000000000001
2016-03-29,8.97
2016-03-30,8.84
2016-03-31,8.450000000000001
2016-04-01,6.93
2016-04-02,6.66
2016-04-03,6.66
2016-04-04,6.3
2016-04-05,6.75
2016-04-06,6.4799999999999995
2016-04-07,6.3
2016-04-08,5.85
2016-04-09,6.21
2016-04-10,5.9399999999999995
2016-04-11,6.029999999999999
2016-04-12,6.029999999999999
2016-04-13,6.21
2016-04-14,5.9399999999999995
2016-04-15,5.3999999999999995
2016-04-16,5.31
2016-04-17,5.13
2016-04-18,5.31
2016-04-19,5.49
2016-04-20,5.22
2016-04-21,9.0
2016-04-22,7.199999999999999
2016-04-23,6.12
2016-04-24,5.04
2016-04-25,5.76
2016-04-26,5.3999999999999995
2016-04-27,4.95
2016-04-28,5.31
2016-04-29,4.68
2016-04-30,4.14
2016-05-01,2.3800000000000003
2016-05-02,2.66
2016-05-03,2.5900000000000003
2016-05-04,2.87
2016-05-05,2.66
2016-05-06,2.66
2016-05-07,2.45
2016-05-08,2.5200000000000005
2016-05-09,2.8000000000000003
2016-05-10,2.7300000000000004
2016-05-11,2.5900000000000003
2016-05-12,2.5200000000000005
2016-05-13,2.31
2016-05-14,2.31
2016-05-15,2.31
2016-05-16,2.3800000000000003
2016-05-17,2.7300000000000004
2016-05-18,2.5200000000000005
2016-05-19,2.3800000000000003
2016-05-20,2.31
2016-05-21,2.5200000000000005
2016-05-22,2.7300000000000004
2016-05-23,3.1500000000000004
2016-05-24,3.0100000000000002
2016-05-25,2.87
2016-05-26,2.87
2016-05-27,3.5700000000000003
2016-05-28,7.000000000000001
2016-05-29,3.99
2016-05-30,3.08
2016-05-31,2.8000000000000003
2016-06-01,4.0
2016-06-02,3.84
2016-06-03,3.52
2016-06-04,3.44
2016-06-05,3.48
2016-06-06,3.12
2016-06-07,3.16
2016-06-08,3.2
2016-06-09,3.4
2016-06-10,3.08
2016-06-11,3.24
2016-06-12,3.12
2016-06-13,3.0
2016-06-14,2.88
2016-06-15,2.7600000000000002
2016-06-16,2.68
2016-06-17,2.64
2016-06-18,2.32
2016-06-19,2.48
2016-06-20,2.36
2016-06-21,2.48
2016-06-22,2.72
2016-06-23,3.4
2016-06-24,2.4
2016-06-25,2.24
2016-06-26,2.7600000000000002
2016-06-27,2.4
2016-06-28,2.96
2016-06-29,2.7600000000000002
2016-06-30,2.48
2016-07-01,2.61
2016-07-02,2.6399999999999997
2016-07-03,2.46
2016-07-04,2.46
2016-07-05,2.82
2016-07-06,3.0
2016-07-07,2.58
2016-07-08,2.6399999999999997
2016-07-09,2.46
2016-07-10,2.94
2016-07-11,2.46
2016-07-12,2.73
2016-07-13,2.6999999999999997
2016-07-14,2.55
2016-07-15,2.55
2016-07-16,2.31
2016-07-17,2.58
2016-07-18,2.85
2016-07-19,2.67
2016-07-20,2.61
2016-07-21,2.55
2016-07-22,2.37
2016-07-23,2.4299999999999997
2016-07-24,2.4899999999999998
2016-07-25,2.9699999999999998
2016-07-26,2.88
2016-07-27,2.55
2016-07-28,2.6999999999999997
2016-07-29,2.52
2016-07-30,2.31
2016-07-31,2.58
2016-08-01,2.04
2016-08-02,2.12
2016-08-03,2.2
2016-08-04,2.4
2016-08-05,2.16
2016-08-06,1.8800000000000001
2016-08-07,2.24
2016-08-08,2.2800000000000002
2016-08-09,2.44
2016-08-10,2.6
2016-08-11,2.56
2016-08-12,2.4
2016-08-13,2.16
2016-08-14,1.96
2016-08-15,2.44
2016-08-16,2.8000000000000003
2016-08-17,2.6
2016-08-18,2.6
2016-08-19,2.6
2016-08-20,2.4
2016-08-21,2.52
2016-08-22,2.92
2016-08-23,3.04
2016-08-24,3.2800000000000002
2016-08-25,3.4
2016-08-26,3.04
2016-08-27,2.88
2016-08-28,2.88
2016-08-29,3.6
2016-08-30,4.0
2016-08-31,3.8000000000000003
2016-09-01,3.9000000000000004
2016-09-02,3.8000000000000003
2016-09-03,3.2
2016-09-04,3.0
2016-09-05,3.2
2016-09-06,5.1000000000000005
2016-09-07,5.300000000000001
2016-09-08,4.9
2016-09-09,5.0
2016-09-10,4.2
2016-09-11,3.4000000000000004
2016-09-12,5.800000000000001
2016-09-13,6.0
2016-09-14,6.7
2016-09-15,6.800000000000001
2016-09-16,6.4
2016-09-17,5.2
2016-09-18,4.4
2016-09-19,6.800000000000001
2016-09-20,7.0
2016-09-21,7.9
2016-09-22,7.5
2016-09-23,7.0
2016-09-24,6.1000000000000005
2016-09-25,5.300000000000001
2016-09-26,8.1
2016-09-27,8.9
2016-09-28,9.200000000000001
2016-09-29,10.0
2016-09-30,9.1
2016-10-01,9.75
2016-10-02,8.4
2016-10-03,12.9
2016-10-04,14.7
2016-10-05,14.85
2016-10-06,15.0
2016-10-07,13.049999999999999
2016-10-08,10.65
2016-10-09,8.85
2016-10-10,12.299999999999999
2016-10-11,14.7
2016-10-12,14.85
2016-10-13,14.25
2016-10-14,12.6
2016-10-15,10.5
2016-10-16,8.85
2016-10-17,12.6
2016-10-18,13.2
2016-10-19,14.7
2016-10-20,12.15
2016-10-21,12.299999999999999
2016-10-22,9.75
2016-10-23,8.549999999999999
2016-10-24,11.4
2016-10-25,13.2
2016-10-26,13.5
2016-10-27,13.2
2016-10-28,11.25
2016-10-29,9.15
2016-10-30,8.549999999999999
2016-10-31,10.65
2016-11-01,10.89
2016-11-02,11.0
2016-11-03,10.78
2016-11-04,9.790000000000001
2016-11-05,8.58
2016-11-06,7.7
2016-11-07,9.68
2016-11-08,9.24
2016-11-09,6.71
2016-11-10,8.47
2016-11-11,8.58
2016-11-12,7.7
2016-11-13,7.15
2016-11-14,9.13
2016-11-15,9.9
2016-11-16,9.68
2016-11-17,8.91
2016-11-18,7.92
2016-11-19,7.26
2016-11-20,6.93
2016-11-21,8.69
2016-11-22,8.69
2016-11-23,8.8
2016-11-24,6.16
2016-11-25,5.5
2016-11-26,6.93
2016-11-27,7.26
2016-11-28,8.36
2016-11-29,8.8
2016-11-30,8.8
2016-12-01,7.08
2016-12-02,6.4799999999999995
2016-12-03,6.6
2016-12-04,5.88
2016-12-05,7.319999999999999
2016-12-06,7.4399999999999995
2016-12-07,7.56
2016-12-08,7.08
2016-12-09,6.72
2016-12-10,6.24
2016-12-11,6.4799999999999995
2016-12-12,7.56
2016-12-13,8.28
2016-12-14,7.92
2016-12-15,7.199999999999999
2016-12-16,6.72
2016-12-17,7.199999999999999
2016-12-18,7.4399999999999995
2016-12-19,8.28
2016-12-20,8.64
2016-12-21,9.12
2016-12-22,9.24
2016-12-23,8.879999999999999
2016-12-24,8.76
2016-12-25,7.56
2016-12-26,9.24
2016-12-27,10.799999999999999
2016-12-28,11.4
2016-12-29,12.0
2016-12-30,11.28
2016-12-31,10.2
2017-01-01,10.370000000000001
2017-01-02,12.750000000000002
2017-01-03,14.110000000000001
2017-01-04,14.620000000000001
2017-01-05,15.81
2017-01-06,13.770000000000001
2017-01-07,14.280000000000001
2017-01-08,12.920000000000002
2017-01-09,13.090000000000002
2017-01-10,15.3
2017-01-11,13.770000000000001
2017-01-12,14.110000000000001
2017-01-13,13.090000000000002
2017-01-14,12.920000000000002
2017-01-15,12.07
2017-01-16,12.58
2017-01-17,14.280000000000001
2017-01-18,14.96
2017-01-19,15.13
2017-01-20,13.600000000000001
2017-01-21,14.450000000000001
2017-01-22,14.790000000000001
2017-01-23,13.770000000000001
2017-01-24,14.280000000000001
2017-01-25,14.790000000000001
2017-01-26,14.110000000000001
2017-01-27,13.090000000000002
2017-01-28,13.940000000000001
2017-01-29,14.450000000000001
2017-01-30,15.64
2017-01-31,17.0
2017-02-01,15.959999999999999
2017-02-02,16.38
2017-02-03,15.12
2017-02-04,15.75
2017-02-05,15.12
2017-02-06,16.8
2017-02-07,20.16
2017-02-08,21.0
2017-02-09,20.16
2017-02-10,19.74
2017-02-11,18.48
2017-02-12,18.06
2017-02-13,19.11
2017-02-14,19.11
2017-02-15,19.74
2017-02-16,19.32
2017-02-17,18.48
2017-02-18,17.009999999999998
2017-02-19,16.38
2017-02-20,17.22
2017-02-21,18.689999999999998
2017-02-22,18.27
2017-02-23,17.009999999999998
2017-02-24,14.91
2017-02-25,14.49
2017-02-26,13.65
2017-02-27,13.44
2017-02-28,13.44
2017-03-01,12.35
2017-03-02,11.700000000000001
2017-03-03,11.05
2017-03-04,10.530000000000001
2017-03-05,10.790000000000001
2017-03-06,13.0
2017-03-07,13.0
2017-03-08,12.48
2017-03-09,11.18
2017-03-10,10.27
2017-03-11,10.530000000000001
2017-03-12,9.75
2017-03-13,10.530000000000001
2017-03-14,10.790000000000001
2017-03-15,10.66
2017-03-16,10.66
2017-03-17,9.75
2017-03-18,9.75
2017-03-19,10.01
2017-03-20,11.31
2017-03-21,11.31
2017-03-22,11.57
2017-03-23,10.92
2017-03-24,9.88
2017-03-25,9.75
2017-03-26,9.23
2017-03-27,10.27
2017-03-28,10.530000000000001
2017-03-29,10.530000000000001
2017-03-30,9.36
2017-03-31,8.58
2017-04-01,6.8
2017-04-02,7.6000000000000005
2017-04-03,8.0
2017-04-04,7.5200000000000005
2017-04-05,6.48
2017-04-06,6.88
2017-04-07,6.32
2017-04-08,6.32
2017-04-09,6.32
2017-04-10,6.24
2017-04-11,6.24
2017-04-12,6.4
2017-04-13,5.6000000000000005
2017-04-14,5.04
2017-04-15,5.2
2017-04-16,5.04
2017-04-17,5.5200000000000005
2017-04-18,5.28
2017-04-19,5.36
2017-04-20,5.12
2017-04-21,4.72
2017-04-22,4.64
2017-04-23,4.24
2017-04-24,5.5200000000000005
2017-04-25,4.88
2017-04-26,4.4
2017-04-27,4.5600000000000005
2017-04-28,3.92
2017-04-29,3.7600000000000002
2017-04-30,3.7600000000000002
2017-05-01,4.65
2017-05-02,4.65
2017-05-03,4.55
2017-05-04,4.8500000000000005
2017-05-05,4.45
2017-05-06,4.2
2017-05-07,4.3500000000000005
2017-05-08,5.0
2017-05-09,4.7
2017-05-10,4.2
2017-05-11,4.05
2017-05-12,4.2
2017-05-13,3.85
2017-05-14,4.1000000000000005
2017-05-15,4.7
2017-05-16,4.45
2017-05-17,4.3
2017-05-18,4.25
2017-05-19,3.9000000000000004
2017-05-20,3.5500000000000003
2017-05-21,3.5
2017-05-22,4.15
2017-05-23,4.0
2017-05-24,3.7
2017-05-25,3.9000000000000004
2017-05-26,3.85
2017-05-27,3.5500000000000003
2017-05-28,3.5500000000000003
2017-05-29,3.4000000000000004
2017-05-30,4.05
2017-05-31,4.45
2017-06-01,3.4
2017-06-02,3.44
2017-06-03,3.16
2017-06-04,3.2
2017-06-05,3.24
2017-06-06,3.3200000000000003
2017-06-07,3.16
2017-06-08,3.3200000000000003
2017-06-09,3.16
2017-06-10,2.72
2017-06-11,4.0
2017-06-12,3.16
2017-06-13,2.96
2017-06-14,2.88
2017-06-15,2.72
2017-06-16,2.8000000000000003
2017-06-17,2.96
2017-06-18,2.48
2017-06-19,3.2
2017-06-20,2.84
2017-06-21,2.72
2017-06-22,2.6
2017-06-23,2.52
2017-06-24,2.52
2017-06-25,2.4
2017-06-26,2.68
2017-06-27,2.7600000000000002
2017-06-28,2.88
2017-06-29,2.8000000000000003
2017-06-30,2.44
2017-07-01,3.12
2017-07-02,3.12
2017-07-03,3.16
2017-07-04,3.2800000000000002
2017-07-05,3.2800000000000002
2017-07-06,3.16
2017-07-07,3.08
2017-07-08,3.2
2017-07-09,3.52
2017-07-10,3.36
2017-07-11,4.0
2017-07-12,3.04
2017-07-13,3.6
2017-07-14,3.36
2017-07-15,3.16
2017-07-16,3.0
2017-07-17,3.24
2017-07-18,3.2
2017-07-19,3.72
2017-07-20,3.48
2017-07-21,2.92
2017-07-22,3.04
2017-07-23,3.08
2017-07-24,3.0
2017-07-25,3.2800000000000002
2017-07-26,3.0
2017-07-27,3.2800000000000002
2017-07-28,3.56
2017-07-29,2.92
2017-07-30,2.92
2017-07-31,3.84
2017-08-01,3.0
2017-08-02,3.0500000000000003
2017-08-03,3.3000000000000003
2017-08-04,2.45
2017-08-05,2.45
2017-08-06,3.1
2017-08-07,3.1500000000000004
2017-08-08,3.0
2017-08-09,3.1500000000000004
2017-08-10,2.95
2017-08-11,2.6
2017-08-12,2.6
2017-08-13,2.75
2017-08-14,3.0500000000000003
2017-08-15,3.45
2017-08-16,3.35
2017-08-17,3.2
2017-08-18,2.85
2017-08-19,2.9000000000000004
2017-08-20,3.0500000000000003
2017-08-21,3.1500000000000004
2017-08-22,3.6500000000000004
2017-08-23,3.8000000000000003
2017-08-24,4.3500000000000005
2017-08-25,3.7
2017-08-26,3.6
2017-08-27,3.2
2017-08-28,4.3500000000000005
2017-08-29,5.0
2017-08-30,4.75
2017-08-31,4.55
2017-09-01,3.85
2017-09-02,3.3
2017-09-03,3.3
2017-09-04,3.74
2017-09-05,4.4
2017-09-06,4.73
2017-09-07,5.39
2017-09-08,4.62
2017-09-09,3.85
2017-09-10,3.74
2017-09-11,4.84
2017-09-12,5.72
2017-09-13,7.04
2017-09-14,6.93
2017-09-15,6.38
2017-09-16,5.39
2017-09-17,4.84
2017-09-18,7.59
2017-09-19,7.59
2017-09-20,8.14
2017-09-21,8.03
2017-09-22,7.48
2017-09-23,6.6
2017-09-24,6.16
2017-09-25,9.13
2017-09-26,9.9
2017-09-27,10.12
2017-09-28,9.9
2017-09-29,11.0
2017-09-30,8.14
2017-10-01,9.6
2017-10-02,13.44
2017-10-03,14.88
2017-10-04,16.0
2017-10-05,15.36
2017-10-06,13.92
2017-10-07,10.72
2017-10-08,10.08
2017-10-09,13.280000000000001
2017-10-10,14.72
2017-10-11,15.52
2017-10-12,15.52
2017-10-13,12.96
2017-10-14,11.36
2017-10-15,9.44
2017-10-16,12.96
2017-10-17,14.72
2017-10-18,15.52
2017-10-19,15.36
2017-10-20,13.280000000000001
2017-10-21,10.88
2017-10-22,9.6
2017-10-23,13.280000000000001
2017-10-24,14.4
2017-10-25,14.56
2017-10-26,14.4
2017-10-27,13.6
2017-10-28,10.72
2017-10-29,9.92
2017-10-30,12.48
2017-10-31,12.8
2017-11-01,13.5
2017-11-02,13.2
2017-11-03,13.2
2017-11-04,11.7
2017-11-05,9.75
2017-11-06,12.6
2017-11-07,13.799999999999999
2017-11-08,13.35
2017-11-09,13.5
2017-11-10,12.6
2017-11-11,10.65
2017-11-12,9.9
2017-11-13,13.049999999999999
2017-11-14,13.5
2017-11-15,13.2
2017-11-16,13.2
2017-11-17,11.549999999999999
2017-11-18,11.1
2017-11-19,9.45
2017-11-20,11.4
2017-11-21,12.45
2017-11-22,12.0
2017-11-23,9.0
2017-11-24,8.7
2017-11-25,10.049999999999999
2017-11-26,10.65
2017-11-27,12.15
2017-11-28,12.9
2017-11-29,12.75
2017-11-30,15.0
2017-12-01,8.280000000000001
2017-12-02,7.590000000000001
2017-12-03,7.36
2017-12-04,10.120000000000001
2017-12-05,10.120000000000001
2017-12-06,10.35
2017-12-07,9.89
2017-12-08,9.43
2017-12-09,9.200000000000001
2017-12-10,8.05
2017-12-11,9.89
2017-12-12,11.040000000000001
2017-12-13,11.270000000000001
2017-12-14,10.81
2017-12-15,10.58
2017-12-16,11.270000000000001
2017-12-17,10.58
2017-12-18,12.88
2017-12-19,15.180000000000001
2017-12-20,15.180000000000001
2017-12-21,15.41
2017-12-22,15.870000000000001
2017-12-23,15.41
2017-12-24,14.49
2017-12-25,12.190000000000001
2017-12-26,17.48
2017-12-27,20.470000000000002
2017-12-28,22.77
2017-12-29,23.0
2017-12-30,22.310000000000002
2017-12-31,20.01
2018-01-01,20.400000000000002
2018-01-02,25.16
2018-01-03,27.200000000000003
2018-01-04,27.880000000000003
2018-01-05,28.560000000000002
2018-01-06,31.96
2018-01-07,31.28
2018-01-08,31.96
2018-01-09,33.32
2018-01-10,39.440000000000005
2018-01-11,48.28
2018-01-12,48.28
2018-01-13,49.64
2018-01-14,40.120000000000005
2018-01-15,40.800000000000004
2018-01-16,46.24
2018-01-17,49.64
2018-01-18,57.120000000000005
2018-01-19,59.84
2018-01-20,58.480000000000004
2018-01-21,47.6
2018-01-22,52.36000000000001
2018-01-23,58.480000000000004
2018-01-24,57.800000000000004
2018-01-25,61.2
2018-01-26,64.60000000000001
2018-01-27,67.32000000000001
2018-01-28,58.480000000000004
2018-01-29,63.92
2018-01-30,68.0
2018-01-31,61.88
2018-02-01,60.0
2018-02-02,57.599999999999994
2018-02-03,57.599999999999994
2018-02-04,49.8
2018-02-05,49.8
2018-02-06,55.8
2018-02-07,51.6
2018-02-08,47.4
2018-02-09,44.4
2018-02-10,48.0
2018-02-11,45.0
2018-02-12,50.4
2018-02-13,50.4
2018-02-14,42.0
2018-02-15,37.8
2018-02-16,35.4
2018-02-17,32.4
2018-02-18,30.599999999999998
2018-02-19,31.2
2018-02-20,29.4
2018-02-21,25.8
2018-02-22,22.8
2018-02-23,21.0
2018-02-24,19.8
2018-02-25,18.0
2018-02-26,19.2
2018-02-27,18.599999999999998
2018-02-28,16.8
2018-03-01,16.0
2018-03-02,14.56
2018-03-03,13.44
2018-03-04,13.280000000000001
2018-03-05,13.6
2018-03-06,12.96
2018-03-07,13.6
2018-03-08,11.84
2018-03-09,12.0
2018-03-10,11.52
2018-03-11,10.72
2018-03-12,11.36
2018-03-13,10.56
2018-03-14,11.040000000000001
2018-03-15,10.08
2018-03-16,9.6
2018-03-17,8.8
2018-03-18,9.28
2018-03-19,9.6
2018-03-20,9.6
2018-03-21,9.44
2018-03-22,8.96
2018-03-23,8.96
2018-03-24,8.32
2018-03-25,8.0
2018-03-26,9.6
2018-03-27,9.92
2018-03-28,10.08
2018-03-29,10.24
2018-03-30,8.8
2018-03-31,8.16
2018-04-01,7.56
2018-04-02,8.73
2018-04-03,9.0
2018-04-04,8.01
2018-04-05,8.01
2018-04-06,7.47
2018-04-07,7.02
2018-04-08,7.199999999999999
2018-04-09,7.47
2018-04-10,7.199999999999999
2018-04-11,7.38
2018-04-12,6.39
2018-04-13,6.029999999999999
2018-04-14,5.49
2018-04-15,5.9399999999999995
2018-04-16,6.569999999999999
2018-04-17,6.569999999999999
2018-04-18,5.9399999999999995
2018-04-19,5.9399999999999995
2018-04-20,5.58
2018-04-21,5.31
2018-04-22,5.22
2018-04-23,6.029999999999999
2018-04-24,5.85
2018-04-25,5.67
2018-04-26,5.13
2018-04-27,4.59
2018-04-28,4.68
2018-04-29,4.5
2018-04-30,4.859999999999999
2018-05-01,5.7
2018-05-02,5.52
2018-05-03,5.16
2018-05-04,5.16
2018-05-05,4.74
2018-05-06,5.1
2018-05-07,4.9799999999999995
2018-05-08,5.1
2018-05-09,6.0
2018-05-10,4.859999999999999
2018-05-11,4.8
2018-05-12,3.78
2018-05-13,4.14
2018-05-14,4.62
2018-05-15,4.56
2018-05-16,4.5
2018-05-17,4.08
2018-05-18,4.14
2018-05-19,3.6599999999999997
2018-05-20,4.2
2018-05-21,4.08
2018-05-22,4.5
2018-05-23,4.5
2018-05-24,4.2
2018-05-25,3.78
2018-05-26,3.9
2018-05-27,4.14
2018-05-28,3.9
2018-05-29,4.32
2018-05-30,4.32
2018-05-31,4.08
2018-06-01,3.7
2018-06-02,4.0
2018-06-03,4.15
2018-06-04,4.0
2018-06-05,4.1000000000000005
2018-06-06,4.3
2018-06-07,3.9000000000000004
2018-06-08,3.85
2018-06-09,3.6500000000000004
2018-06-10,3.35
2018-06-11,5.0
2018-06-12,4.95
2018-06-13,4.0
2018-06-14,3.75
2018-06-15,3.7
2018-06-16,3.5
2018-06-17,3.25
2018-06-18,3.7
2018-06-19,3.8000000000000003
2018-06-20,3.3000000000000003
2018-06-21,3.45
2018-06-22,4.0
2018-06-23,3.1500000000000004
2018-06-24,3.5500000000000003
2018-06-25,3.45
2018-06-26,3.6
2018-06-27,3.3000000000000003
2018-06-28,3.4000000000000004
2018-06-29,3.6
2018-06-30,3.1
2018-07-01,3.08
2018-07-02,2.96
2018-07-03,3.04
2018-07-04,3.2
2018-07-05,2.84
2018-07-06,2.92
2018-07-07,3.2800000000000002
2018-07-08,3.8000000000000003
2018-07-09,3.8000000000000003
2018-07-10,3.6
2018-07-11,3.2
2018-07-12,3.6
2018-07-13,2.72
2018-07-14,2.96
2018-07-15,2.96
2018-07-16,3.24
2018-07-17,3.3200000000000003
2018-07-18,3.36
2018-07-19,3.56
2018-07-20,3.24
2018-07-21,2.6
2018-07-22,3.2800000000000002
2018-07-23,3.68
2018-07-24,4.0
2018-07-25,3.7600000000000002
2018-07-26,3.36
2018-07-27,3.2800000000000002
2018-07-28,2.52
2018-07-29,3.24
2018-07-30,3.4
2018-07-31,3.64
2018-08-01,2.8000000000000003
2018-08-02,2.8000000000000003
2018-08-03,2.85
2018-08-04,2.4000000000000004
2018-08-05,2.7
2018-08-06,3.0500000000000003
2018-08-07,3.25
2018-08-08,3.2
2018-08-09,3.35
2018-08-10,2.85
2018-08-11,2.85
2018-08-12,2.45
2018-08-13,3.0500000000000003
2018-08-14,3.5
2018-08-15,3.4000000000000004
2018-08-16,3.5
2018-08-17,3.25
2018-08-18,2.7
2018-08-19,3.0
2018-08-20,3.75
2018-08-21,3.75
2018-08-22,3.9000000000000004
2018-08-23,4.25
2018-08-24,4.25
2018-08-25,3.9000000000000004
2018-08-26,3.6
2018-08-27,4.4
2018-08-28,5.0
2018-08-29,4.7
2018-08-30,4.75
2018-08-31,4.75
2018-09-01,3.64
2018-09-02,3.25
2018-09-03,3.77
2018-09-04,5.46
2018-09-05,5.98
2018-09-06,7.800000000000001
2018-09-07,6.890000000000001
2018-09-08,5.33
2018-09-09,5.59
2018-09-10,6.890000000000001
2018-09-11,8.19
2018-09-12,7.800000000000001
2018-09-13,8.06
2018-09-14,7.54
2018-09-15,5.59
2018-09-16,5.720000000000001
2018-09-17,8.32
2018-09-18,8.58
2018-09-19,9.75
2018-09-20,9.620000000000001
2018-09-21,8.71
2018-09-22,7.41
2018-09-23,6.76
2018-09-24,9.75
2018-09-25,10.92
2018-09-26,12.35
2018-09-27,13.0
2018-09-28,10.66
2018-09-29,9.620000000000001
2018-09-30,8.71
2018-10-01,15.84
2018-10-02,18.24
2018-10-03,18.48
2018-10-04,17.759999999999998
2018-10-05,15.84
2018-10-06,13.44
2018-10-07,10.799999999999999
2018-10-08,15.84
2018-10-09,18.96
2018-10-10,18.72
2018-10-11,18.0
2018-10-12,16.32
2018-10-13,13.44
2018-10-14,12.0
2018-10-15,18.72
2018-10-16,24.0
2018-10-17,22.8
2018-10-18,22.32
2018-10-19,18.72
2018-10-20,14.879999999999999
2018-10-21,12.48
2018-10-22,17.759999999999998
2018-10-23,18.48
2018-10-24,18.0
2018-10-25,19.439999999999998
2018-10-26,17.52
2018-10-27,13.92
2018-10-28,11.28
2018-10-29,14.879999999999999
2018-10-30,16.32
2018-10-31,14.639999999999999
2018-11-01,15.64
2018-11-02,17.0
2018-11-03,13.770000000000001
2018-11-04,11.56
2018-11-05,14.110000000000001
2018-11-06,14.450000000000001
2018-11-07,12.920000000000002
2018-11-08,14.280000000000001
2018-11-09,12.750000000000002
2018-11-10,12.07
2018-11-11,10.71
2018-11-12,12.41
2018-11-13,13.600000000000001
2018-11-14,13.260000000000002
2018-11-15,12.750000000000002
2018-11-16,12.41
2018-11-17,11.9
2018-11-18,10.540000000000001
2018-11-19,12.58
2018-11-20,12.920000000000002
2018-11-21,12.07
2018-11-22,8.16
2018-11-23,7.65
2018-11-24,9.520000000000001
2018-11-25,10.540000000000001
2018-11-26,11.22
2018-11-27,12.58
2018-11-28,14.110000000000001
2018-11-29,13.260000000000002
2018-11-30,11.73
2018-12-01,7.92
2018-12-02,7.739999999999999
2018-12-03,8.82
2018-12-04,9.36
2018-12-05,9.0
2018-12-06,9.0
2018-12-07,8.28
2018-12-08,7.739999999999999
2018-12-09,7.38
2018-12-10,9.18
2018-12-11,9.0
2018-12-12,9.719999999999999
2018-12-13,9.36
2018-12-14,8.82
2018-12-15,9.18
2018-12-16,8.64
2018-12-17,9.719999999999999
2018-12-18,10.62
2018-12-19,10.98
2018-12-20,10.98
2018-12-21,10.44
2018-12-22,11.34
2018-12-23,11.34
2018-12-24,10.62
2018-12-25,9.9
2018-12-26,13.139999999999999
2018-12-27,15.12
2018-12-28,16.38
2018-12-29,18.0
2018-12-30,15.12
2018-12-31,14.219999999999999
2019-01-01,15.62
2019-01-02,20.24
2019-01-03,22.0
2019-01-04,22.0
2019-01-05,21.56
2019-01-06,19.580000000000002
2019-01-07,20.68
2019-01-08,19.580000000000002
2019-01-09,19.8
2019-01-10,18.26
2019-01-11,18.26
2019-01-12,17.16
2019-01-13,14.74
2019-01-14,17.16
2019-01-15,18.26
2019-01-16,17.82
2019-01-17,17.6
2019-01-18,16.5
2019-01-19,15.62
2019-01-20,13.86
2019-01-21,16.28
2019-01-22,18.92
2019-01-23,18.7
2019-01-24,18.48
2019-01-25,17.82
2019-01-26,17.6
2019-01-27,17.38
2019-01-28,20.02
2019-01-29,20.46
2019-01-30,19.8
2019-01-31,20.24
2019-02-01,20.520000000000003
2019-02-02,20.520000000000003
2019-02-03,20.25
2019-02-04,21.6
2019-02-05,25.92
2019-02-06,27.0
2019-02-07,25.110000000000003
2019-02-08,23.76
2019-02-09,22.950000000000003
2019-02-10,21.6
2019-02-11,24.03
2019-02-12,24.3
2019-02-13,24.03
2019-02-14,22.14
2019-02-15,22.14
2019-02-16,21.6
2019-02-17,21.330000000000002
2019-02-18,22.950000000000003
2019-02-19,24.840000000000003
2019-02-20,22.950000000000003
2019-02-21,22.41
2019-02-22,21.87
2019-02-23,21.330000000000002
2019-02-24,19.71
2019-02-25,20.790000000000003
2019-02-26,21.87
2019-02-27,20.25
2019-02-28,20.520000000000003
2019-03-01,17.29
2019-03-02,16.15
2019-03-03,16.53
2019-03-04,16.91
2019-03-05,18.05
2019-03-06,17.67
2019-03-07,17.67
2019-03-08,16.72
2019-03-09,17.86
2019-03-10,16.91
2019-03-11,19.0
2019-03-12,18.62
2019-03-13,16.34
2019-03-14,14.82
2019-03-15,15.2
2019-03-16,13.68
2019-03-17,13.870000000000001
2019-03-18,15.2
2019-03-19,16.34
2019-03-20,13.870000000000001
2019-03-21,14.25
2019-03-22,13.49
2019-03-23,11.59
2019-03-24,12.540000000000001
2019-03-25,13.11
2019-03-26,12.92
2019-03-27,12.16
2019-03-28,11.97
2019-03-29,11.21
2019-03-30,10.45
2019-03-31,9.88
2019-04-01,10.0
2019-04-02,10.0
2019-04-03,9.3
2019-04-04,9.3
2019-04-05,8.6
2019-04-06,8.3
2019-04-07,7.9
2019-04-08,8.9
2019-04-09,8.5
2019-04-10,8.1
2019-04-11,7.300000000000001
2019-04-12,6.800000000000001
2019-04-13,6.5
2019-04-14,6.4
2019-04-15,6.800000000000001
2019-04-16,7.1000000000000005
2019-04-17,6.800000000000001
2019-04-18,6.300000000000001
2019-04-19,5.800000000000001
2019-04-20,6.0
2019-04-21,5.800000000000001
2019-04-22,6.2
2019-04-23,6.300000000000001
2019-04-24,6.4
2019-04-25,5.800000000000001
2019-04-26,5.2
2019-04-27,4.9
2019-04-28,5.800000000000001
2019-04-29,5.4
2019-04-30,5.7
2019-05-01,6.0
2019-05-02,5.9399999999999995
2019-05-03,5.64
2019-05-04,5.22
2019-05-05,4.9799999999999995
2019-05-06,5.76
2019-05-07,5.52
2019-05-08,5.279999999999999
2019-05-09,5.22
2019-05-10,4.859999999999999
2019-05-11,4.68
2019-05-12,4.38
2019-05-13,5.279999999999999
2019-05-14,5.3999999999999995
2019-05-15,5.16
2019-05-16,5.1
2019-05-17,4.62
2019-05-18,4.26
2019-05-19,4.08
2019-05-20,4.68
2019-05-21,4.9799999999999995
2019-05-22,5.16
2019-05-23,4.8
2019-05-24,4.38
2019-05-25,3.54
2019-05-26,3.96
2019-05-27,4.26
2019-05-28,4.68
2019-05-29,4.68
2019-05-30,4.02
2019-05-31,4.14
2019-06-01,4.2
2019-06-02,4.3
2019-06-03,4.7
2019-06-04,5.0
2019-06-05,4.9
2019-06-06,4.65
2019-06-07,3.75
2019-06-08,3.5500000000000003
2019-06-09,3.75
2019-06-10,4.0
2019-06-11,4.3500000000000005
2019-06-12,4.6000000000000005
2019-06-13,3.85
2019-06-14,3.8000000000000003
2019-06-15,3.75
2019-06-16,3.5500000000000003
2019-06-17,3.85
2019-06-18,4.2
2019-06-19,3.9000000000000004
2019-06-20,4.3
2019-06-21,3.95
2019-06-22,3.25
2019-06-23,3.85
2019-06-24,3.8000000000000003
2019-06-25,3.7
2019-06-26,3.85
2019-06-27,3.5
2019-06-28,3.7
2019-06-29,3.4000000000000004
2019-06-30,3.25
2019-07-01,3.44
2019-07-02,3.6
2019-07-03,3.68
2019-07-04,3.08
2019-07-05,3.52
2019-07-06,3.16
2019-07-07,3.36
2019-07-08,3.4
2019-07-09,3.64
2019-07-10,4.0
2019-07-11,3.72
2019-07-12,3.2
2019-07-13,2.8000000000000003
2019-07-14,2.92
2019-07-15,3.72
2019-07-16,3.6
2019-07-17,3.56
2019-07-18,3.7600000000000002
2019-07-19,3.12
2019-07-20,3.12
2019-07-21,3.08
2019-07-22,3.44
2019-07-23,3.56
2019-07-24,3.48
2019-07-25,3.2
2019-07-26,3.08
2019-07-27,2.8000000000000003
2019-07-28,2.84
2019-07-29,3.3200000000000003
2019-07-30,3.7600000000000002
2019-07-31,3.44
2019-08-01,2.8000000000000003
2019-08-02,2.7
2019-08-03,2.45
2019-08-04,2.45
2019-08-05,3.1500000000000004
2019-08-06,3.1500000000000004
2019-08-07,3.0500000000000003
2019-08-08,3.3000000000000003
2019-08-09,2.95
2019-08-10,2.8000000000000003
2019-08-11,2.6500000000000004
2019-08-12,3.1
2019-08-13,3.0
2019-08-14,3.45
2019-08-15,3.35
2019-08-16,2.95
2019-08-17,2.95
2019-08-18,3.4000000000000004
2019-08-19,3.6500000000000004
2019-08-20,4.3500000000000005
2019-08-21,4.800000000000001
2019-08-22,4.3500000000000005
2019-08-23,4.2
2019-08-24,3.8000000000000003
2019-08-25,3.85
2019-08-26,4.6000000000000005
2019-08-27,5.0
2019-08-28,5.0
2019-08-29,4.9
2019-08-30,4.0
2019-08-31,3.8000000000000003
2019-09-01,3.38
2019-09-02,3.5100000000000002
2019-09-03,4.94
2019-09-04,5.33
2019-09-05,5.720000000000001
2019-09-06,5.33
2019-09-07,4.8100000000000005
2019-09-08,4.68
2019-09-09,6.24
2019-09-10,7.15
2019-09-11,6.76
2019-09-12,7.0200000000000005
2019-09-13,6.5
2019-09-14,5.59
2019-09-15,5.720000000000001
2019-09-16,7.54
2019-09-17,9.1
2019-09-18,9.23
2019-09-19,10.01
2019-09-20,8.58
2019-09-21,7.67
2019-09-22,7.0200000000000005
2019-09-23,9.620000000000001
2019-09-24,11.440000000000001
2019-09-25,12.48
2019-09-26,13.0
2019-09-27,11.700000000000001
2019-09-28,10.530000000000001
2019-09-29,8.32
2019-09-30,13.0
2019-10-01,19.2
2019-10-02,19.919999999999998
2019-10-03,18.0
2019-10-04,15.84
2019-10-05,15.36
2019-10-06,12.959999999999999
2019-10-07,18.48
2019-10-08,22.32
2019-10-09,24.0
2019-10-10,20.88
2019-10-11,19.919999999999998
2019-10-12,16.32
2019-10-13,12.959999999999999
2019-10-14,19.2
2019-10-15,19.68
2019-10-16,21.119999999999997
2019-10-17,19.439999999999998
2019-10-18,18.24
2019-10-19,14.639999999999999
2019-10-20,12.959999999999999
2019-10-21,17.759999999999998
2019-10-22,19.2
2019-10-23,18.96
2019-10-24,18.24
2019-10-25,17.04
2019-10-26,12.719999999999999
2019-10-27,11.76
2019-10-28,15.6
2019-10-29,17.04
2019-10-30,15.84
2019-10-31,13.68
2019-11-01,15.77
2019-11-02,15.58
2019-11-03,13.3
2019-11-04,17.1
2019-11-05,19.0
2019-11-06,17.48
2019-11-07,18.240000000000002
2019-11-08,15.96
2019-11-09,15.01
2019-11-10,13.11
2019-11-11,15.77
2019-11-12,16.53
2019-11-13,17.48
2019-11-14,16.34
2019-11-15,15.39
2019-11-16,15.01
2019-11-17,13.11
2019-11-18,18.05
2019-11-19,18.81
2019-11-20,17.48
2019-11-21,16.91
2019-11-22,16.91
2019-11-23,14.82
2019-11-24,14.63
2019-11-25,16.53
2019-11-26,17.1
2019-11-27,14.63
2019-11-28,11.59
2019-11-29,11.4
2019-11-30,13.49
2019-12-01,11.760000000000002
2019-12-02,13.440000000000001
2019-12-03,14.560000000000002
2019-12-04,14.840000000000002
2019-12-05,14.280000000000001
2019-12-06,14.560000000000002
2019-12-07,14.560000000000002
2019-12-08,13.440000000000001
2019-12-09,15.120000000000001
2019-12-10,17.080000000000002
2019-12-11,16.8
2019-12-12,15.96
2019-12-13,16.240000000000002
2019-12-14,17.080000000000002
2019-12-15,14.840000000000002
2019-12-16,17.360000000000003
2019-12-17,19.6
2019-12-18,19.6
2019-12-19,19.6
2019-12-20,19.880000000000003
2019-12-21,21.840000000000003
2019-12-22,21.28
2019-12-23,23.520000000000003
2019-12-24,23.520000000000003
2019-12-25,20.720000000000002
2019-12-26,25.480000000000004
2019-12-27,28.000000000000004
2019-12-28,27.44
2019-12-29,26.040000000000003
2019-12-30,25.76
2019-12-31,25.76
2020-01-01,19.200000000000003
2020-01-02,21.6
2020-01-03,23.200000000000003
2020-01-04,23.200000000000003
2020-01-05,21.200000000000003
2020-01-06,21.6
2020-01-07,23.6
2020-01-08,22.400000000000002
2020-01-09,22.400000000000002
2020-01-10,20.8
2020-01-11,20.8
2020-01-12,18.8
2020-01-13,23.200000000000003
2020-01-14,23.6
2020-01-15,23.6
2020-01-16,22.400000000000002
2020-01-17,20.8
2020-01-18,20.8
2020-01-19,18.8
2020-01-20,21.6
2020-01-21,25.6
2020-01-22,28.400000000000002
2020-01-23,29.6
2020-01-24,29.6
2020-01-25,30.0
2020-01-26,29.200000000000003
2020-01-27,33.6
2020-01-28,36.800000000000004
2020-01-29,36.800000000000004
2020-01-30,40.0
2020-01-31,38.0
2020-02-01,32.83
2020-02-02,31.36
2020-02-03,29.89
2020-02-04,32.83
2020-02-05,29.89
2020-02-06,29.4
2020-02-07,29.89
2020-02-08,27.93
2020-02-09,26.46
2020-02-10,28.419999999999998
2020-02-11,28.91
2020-02-12,25.97
2020-02-13,25.48
2020-02-14,23.03
2020-02-15,23.52
2020-02-16,22.05
2020-02-17,23.52
2020-02-18,24.5
2020-02-19,24.5
2020-02-20,21.07
2020-02-21,20.09
2020-02-22,20.58
2020-02-23,20.09
2020-02-24,25.97
2020-02-25,31.36
2020-02-26,42.14
2020-02-27,47.04
2020-02-28,44.589999999999996
2020-02-29,49.0
2020-03-01,35.0
2020-03-02,45.0
2020-03-03,42.0
2020-03-04,38.0
2020-03-05,37.0
2020-03-06,38.0
2020-03-07,42.0
2020-03-08,38.0
2020-03-09,46.0
2020-03-10,52.0
2020-03-11,63.0
2020-03-12,100.0
2020-03-13,89.0
2020-03-14,70.0
2020-03-15,66.0
2020-03-16,67.0
2020-03-17,63.0
2020-03-18,59.0
2020-03-19,54.0
2020-03-20,51.0
2020-03-21,52.0
2020-03-22,53.0
2020-03-23,45.0
2020-03-24,43.0
2020-03-25,39.0
2020-03-26,43.0
2020-03-27,41.0
2020-03-28,41.0
2020-03-29,48.0
2020-03-30,39.0
2020-03-31,34.0
2020-04-01,43.0
2020-04-02,36.55
2020-04-03,33.11
2020-04-04,40.42
2020-04-05,40.42
2020-04-06,34.4
2020-04-07,29.669999999999998
2020-04-08,28.81
2020-04-09,26.23
2020-04-10,28.38
2020-04-11,29.669999999999998
2020-04-12,27.09
2020-04-13,24.509999999999998
2020-04-14,22.79
2020-04-15,21.93
2020-04-16,22.36
2020-04-17,22.36
2020-04-18,24.94
2020-04-19,25.8
2020-04-20,22.79
2020-04-21,22.79
2020-04-22,24.94
2020-04-23,21.93
2020-04-24,20.21
2020-04-25,18.919999999999998
2020-04-26,20.21
2020-04-27,18.919999999999998
2020-04-28,19.35
2020-04-29,21.07
2020-04-30,18.06
