date,Google
2011-01-01,39.15
2011-01-02,37.800000000000004
2011-01-03,39.15
2011-01-04,40.050000000000004
2011-01-05,40.5
2011-01-06,40.95
2011-01-07,40.95
2011-01-08,39.15
2011-01-09,38.25
2011-01-10,39.15
2011-01-11,40.050000000000004
2011-01-12,40.5
2011-01-13,41.85
2011-01-14,41.85
2011-01-15,39.6
2011-01-16,37.35
2011-01-17,40.050000000000004
2011-01-18,41.4
2011-01-19,43.2
2011-01-20,45.0
2011-01-21,43.65
2011-01-22,40.95
2011-01-23,37.800000000000004
2011-01-24,39.6
2011-01-25,43.2
2011-01-26,42.300000000000004
2011-01-27,41.85
2011-01-28,41.85
2011-01-29,40.050000000000004
2011-01-30,39.15
2011-01-31,41.85
2011-02-01,44.18
2011-02-02,42.769999999999996
2011-02-03,45.12
2011-02-04,44.18
2011-02-05,41.36
2011-02-06,39.48
2011-02-07,43.71
2011-02-08,47.0
2011-02-09,45.589999999999996
2011-02-10,43.239999999999995
2011-02-11,45.589999999999996
2011-02-12,42.769999999999996
2011-02-13,40.89
2011-02-14,43.239999999999995
2011-02-15,44.65
2011-02-16,45.589999999999996
2011-02-17,45.589999999999996
2011-02-18,44.18
2011-02-19,41.83
2011-02-20,39.48
2011-02-21,40.419999999999995
2011-02-22,42.769999999999996
2011-02-23,42.769999999999996
2011-02-24,43.239999999999995
2011-02-25,42.769999999999996
2011-02-26,40.419999999999995
2011-02-27,39.48
2011-02-28,41.83
2011-03-01,43.86
2011-03-02,45.9
2011-03-03,47.43
2011-03-04,47.94
2011-03-05,45.9
2011-03-06,45.39
2011-03-07,45.9
2011-03-08,48.45
2011-03-09,47.94
2011-03-10,47.43
2011-03-11,49.47
2011-03-12,47.94
2011-03-13,45.9
2011-03-14,47.43
2011-03-15,48.96
2011-03-16,48.45
2011-03-17,47.43
2011-03-18,47.94
2011-03-19,46.410000000000004
2011-03-20,44.88
2011-03-21,46.92
2011-03-22,48.45
2011-03-23,47.43
2011-03-24,49.980000000000004
2011-03-25,48.45
2011-03-26,47.43
2011-03-27,45.9
2011-03-28,46.92
2011-03-29,47.94
2011-03-30,49.980000000000004
2011-03-31,51.0
2011-04-01,51.0
2011-04-02,46.410000000000004
2011-04-03,43.86
2011-04-04,44.37
2011-04-05,43.86
2011-04-06,44.37
2011-04-07,43.86
2011-04-08,43.35
2011-04-09,42.33
2011-04-10,42.33
2011-04-11,42.33
2011-04-12,45.39
2011-04-13,44.37
2011-04-14,44.37
2011-04-15,45.39
2011-04-16,44.37
2011-04-17,42.33
2011-04-18,42.33
2011-04-19,42.84
2011-04-20,43.86
2011-04-21,42.84
2011-04-22,45.39
2011-04-23,42.33
2011-04-24,42.33
2011-04-25,42.84
2011-04-26,44.88
2011-04-27,44.37
2011-04-28,44.37
2011-04-29,43.86
2011-04-30,43.35
2011-05-01,36.72
2011-05-02,38.34
2011-05-03,37.260000000000005
2011-05-04,38.34
2011-05-05,38.88
2011-05-06,38.34
2011-05-07,37.260000000000005
2011-05-08,37.260000000000005
2011-05-09,39.96
2011-05-10,41.040000000000006
2011-05-11,44.82
2011-05-12,41.040000000000006
2011-05-13,40.5
2011-05-14,38.88
2011-05-15,37.800000000000004
2011-05-16,38.34
2011-05-17,38.88
2011-05-18,38.88
2011-05-19,39.42
2011-05-20,54.0
2011-05-21,43.2
2011-05-22,37.260000000000005
2011-05-23,38.34
2011-05-24,38.88
2011-05-25,38.34
2011-05-26,38.34
2011-05-27,39.96
2011-05-28,37.800000000000004
2011-05-29,37.260000000000005
2011-05-30,37.260000000000005
2011-05-31,37.260000000000005
2011-06-01,41.040000000000006
2011-06-02,41.040000000000006
2011-06-03,41.580000000000005
2011-06-04,41.580000000000005
2011-06-05,40.5
2011-06-06,39.96
2011-06-07,41.580000000000005
2011-06-08,41.040000000000006
2011-06-09,54.0
2011-06-10,54.0
2011-06-11,47.52
2011-06-12,42.120000000000005
2011-06-13,40.5
2011-06-14,41.040000000000006
2011-06-15,42.120000000000005
2011-06-16,42.660000000000004
2011-06-17,42.120000000000005
2011-06-18,41.040000000000006
2011-06-19,41.040000000000006
2011-06-20,40.5
2011-06-21,41.580000000000005
2011-06-22,40.5
2011-06-23,41.040000000000006
2011-06-24,40.5
2011-06-25,42.120000000000005
2011-06-26,40.5
2011-06-27,39.42
2011-06-28,41.580000000000005
2011-06-29,45.36
2011-06-30,47.52
2011-07-01,56.64
2011-07-02,54.87
2011-07-03,52.51
2011-07-04,56.05
2011-07-05,51.33
2011-07-06,53.099999999999994
2011-07-07,54.279999999999994
2011-07-08,55.459999999999994
2011-07-09,58.41
2011-07-10,56.05
2011-07-11,56.64
2011-07-12,59.0
2011-07-13,58.41
2011-07-14,57.82
2011-07-15,56.64
2011-07-16,56.64
2011-07-17,54.279999999999994
2011-07-18,53.099999999999994
2011-07-19,52.51
2011-07-20,56.05
2011-07-21,53.099999999999994
2011-07-22,57.23
2011-07-23,53.099999999999994
2011-07-24,51.919999999999995
2011-07-25,50.15
2011-07-26,51.33
2011-07-27,52.51
2011-07-28,51.919999999999995
2011-07-29,53.099999999999994
2011-07-30,53.099999999999994
2011-07-31,51.33
2011-08-01,46.980000000000004
2011-08-02,48.6
2011-08-03,50.220000000000006
2011-08-04,48.6
2011-08-05,49.68000000000001
2011-08-06,54.0
2011-08-07,50.220000000000006
2011-08-08,47.52
2011-08-09,49.68000000000001
2011-08-10,48.6
2011-08-11,50.220000000000006
2011-08-12,49.68000000000001
2011-08-13,49.68000000000001
2011-08-14,48.06
2011-08-15,48.6
2011-08-16,49.68000000000001
2011-08-17,52.38
2011-08-18,50.220000000000006
2011-08-19,49.68000000000001
2011-08-20,49.14
2011-08-21,48.06
2011-08-22,48.06
2011-08-23,48.06
2011-08-24,51.84
2011-08-25,49.68000000000001
2011-08-26,50.220000000000006
2011-08-27,49.68000000000001
2011-08-28,49.68000000000001
2011-08-29,48.06
2011-08-30,50.220000000000006
2011-08-31,49.14
2011-09-01,40.71
2011-09-02,40.71
2011-09-03,40.12
2011-09-04,39.53
2011-09-05,40.12
2011-09-06,42.48
2011-09-07,41.89
2011-09-08,43.07
2011-09-09,41.3
2011-09-10,40.71
2011-09-11,40.12
2011-09-12,40.71
2011-09-13,41.3
2011-09-14,41.89
2011-09-15,43.07
2011-09-16,43.66
2011-09-17,40.71
2011-09-18,40.12
2011-09-19,40.71
2011-09-20,42.48
2011-09-21,47.79
2011-09-22,47.79
2011-09-23,47.79
2011-09-24,50.15
2011-09-25,43.66
2011-09-26,42.48
2011-09-27,59.0
2011-09-28,47.199999999999996
2011-09-29,42.48
2011-09-30,42.48
2011-10-01,52.64000000000001
2011-10-02,51.52
2011-10-03,52.64000000000001
2011-10-04,52.64000000000001
2011-10-05,53.760000000000005
2011-10-06,56.00000000000001
2011-10-07,53.760000000000005
2011-10-08,52.080000000000005
2011-10-09,50.400000000000006
2011-10-10,52.080000000000005
2011-10-11,52.080000000000005
2011-10-12,56.00000000000001
2011-10-13,55.440000000000005
2011-10-14,54.88
2011-10-15,52.080000000000005
2011-10-16,51.52
2011-10-17,52.080000000000005
2011-10-18,53.2
2011-10-19,53.760000000000005
2011-10-20,54.32000000000001
2011-10-21,53.760000000000005
2011-10-22,52.080000000000005
2011-10-23,49.28
2011-10-24,52.080000000000005
2011-10-25,54.32000000000001
2011-10-26,53.2
2011-10-27,53.760000000000005
2011-10-28,53.2
2011-10-29,50.96000000000001
2011-10-30,50.400000000000006
2011-10-31,54.32000000000001
2011-11-01,51.3
2011-11-02,51.87
2011-11-03,53.58
2011-11-04,56.99999999999999
2011-11-05,51.3
2011-11-06,49.019999999999996
2011-11-07,52.44
2011-11-08,52.44
2011-11-09,51.3
2011-11-10,51.87
2011-11-11,51.3
2011-11-12,49.019999999999996
2011-11-13,46.169999999999995
2011-11-14,50.16
2011-11-15,50.73
2011-11-16,52.44
2011-11-17,54.15
2011-11-18,52.44
2011-11-19,50.16
2011-11-20,48.449999999999996
2011-11-21,49.589999999999996
2011-11-22,50.73
2011-11-23,50.73
2011-11-24,49.589999999999996
2011-11-25,47.309999999999995
2011-11-26,47.309999999999995
2011-11-27,46.739999999999995
2011-11-28,48.449999999999996
2011-11-29,50.16
2011-11-30,53.58
2011-12-01,48.449999999999996
2011-12-02,47.309999999999995
2011-12-03,45.029999999999994
2011-12-04,44.459999999999994
2011-12-05,45.599999999999994
2011-12-06,46.739999999999995
2011-12-07,46.739999999999995
2011-12-08,47.879999999999995
2011-12-09,47.309999999999995
2011-12-10,44.459999999999994
2011-12-11,42.74999999999999
2011-12-12,45.029999999999994
2011-12-13,45.599999999999994
2011-12-14,46.739999999999995
2011-12-15,46.739999999999995
2011-12-16,46.739999999999995
2011-12-17,47.879999999999995
2011-12-18,55.85999999999999
2011-12-19,51.87
2011-12-20,50.73
2011-12-21,48.449999999999996
2011-12-22,47.879999999999995
2011-12-23,49.019999999999996
2011-12-24,54.15
2011-12-25,56.99999999999999
2011-12-26,51.87
2011-12-27,47.309999999999995
2011-12-28,46.169999999999995
2011-12-29,46.169999999999995
2011-12-30,45.599999999999994
2011-12-31,46.739999999999995
2012-01-01,43.07
2012-01-02,43.07
2012-01-03,43.07
2012-01-04,43.66
2012-01-05,44.839999999999996
2012-01-06,44.25
2012-01-07,43.66
2012-01-08,43.66
2012-01-09,43.07
2012-01-10,44.25
2012-01-11,46.61
2012-01-12,46.61
2012-01-13,45.43
2012-01-14,43.66
2012-01-15,41.3
2012-01-16,41.89
2012-01-17,44.25
2012-01-18,59.0
2012-01-19,51.33
2012-01-20,46.61
2012-01-21,44.25
2012-01-22,42.48
2012-01-23,43.66
2012-01-24,45.43
2012-01-25,45.43
2012-01-26,46.019999999999996
2012-01-27,46.61
2012-01-28,46.019999999999996
2012-01-29,43.66
2012-01-30,44.25
2012-01-31,45.43
2012-02-01,54.279999999999994
2012-02-02,55.459999999999994
2012-02-03,54.87
2012-02-04,53.099999999999994
2012-02-05,51.919999999999995
2012-02-06,51.919999999999995
2012-02-07,55.459999999999994
2012-02-08,56.05
2012-02-09,55.459999999999994
2012-02-10,54.87
2012-02-11,51.919999999999995
2012-02-12,51.919999999999995
2012-02-13,51.919999999999995
2012-02-14,56.05
2012-02-15,56.05
2012-02-16,55.459999999999994
2012-02-17,55.459999999999994
2012-02-18,53.099999999999994
2012-02-19,51.919999999999995
2012-02-20,51.919999999999995
2012-02-21,53.69
2012-02-22,58.41
2012-02-23,57.23
2012-02-24,55.459999999999994
2012-02-25,53.099999999999994
2012-02-26,53.099999999999994
2012-02-27,54.279999999999994
2012-02-28,55.459999999999994
2012-02-29,59.0
2012-03-01,60.0
2012-03-02,58.8
2012-03-03,54.0
2012-03-04,52.8
2012-03-05,54.6
2012-03-06,56.4
2012-03-07,57.599999999999994
2012-03-08,59.4
2012-03-09,58.8
2012-03-10,56.4
2012-03-11,55.199999999999996
2012-03-12,55.199999999999996
2012-03-13,57.599999999999994
2012-03-14,58.199999999999996
2012-03-15,58.199999999999996
2012-03-16,58.199999999999996
2012-03-17,58.8
2012-03-18,55.199999999999996
2012-03-19,57.0
2012-03-20,59.4
2012-03-21,58.199999999999996
2012-03-22,58.199999999999996
2012-03-23,57.599999999999994
2012-03-24,55.199999999999996
2012-03-25,54.0
2012-03-26,55.8
2012-03-27,58.8
2012-03-28,58.199999999999996
2012-03-29,56.4
2012-03-30,57.0
2012-03-31,55.199999999999996
2012-04-01,55.199999999999996
2012-04-02,52.199999999999996
2012-04-03,51.0
2012-04-04,53.4
2012-04-05,55.199999999999996
2012-04-06,51.6
2012-04-07,49.8
2012-04-08,51.0
2012-04-09,53.4
2012-04-10,51.6
2012-04-11,51.6
2012-04-12,52.199999999999996
2012-04-13,51.0
2012-04-14,50.4
2012-04-15,50.4
2012-04-16,51.0
2012-04-17,53.4
2012-04-18,54.0
2012-04-19,52.199999999999996
2012-04-20,52.199999999999996
2012-04-21,50.4
2012-04-22,49.199999999999996
2012-04-23,51.0
2012-04-24,60.0
2012-04-25,58.199999999999996
2012-04-26,54.6
2012-04-27,54.6
2012-04-28,52.199999999999996
2012-04-29,51.6
2012-04-30,52.8
2012-05-01,54.29
2012-05-02,54.29
2012-05-03,54.9
2012-05-04,55.51
2012-05-05,51.85
2012-05-06,50.019999999999996
2012-05-07,53.68
2012-05-08,56.12
2012-05-09,54.29
2012-05-10,54.9
2012-05-11,54.29
2012-05-12,51.85
2012-05-13,52.46
2012-05-14,53.68
2012-05-15,54.9
2012-05-16,54.9
2012-05-17,55.51
2012-05-18,58.56
2012-05-19,54.29
2012-05-20,52.46
2012-05-21,54.29
2012-05-22,54.9
2012-05-23,61.0
2012-05-24,56.12
2012-05-25,54.29
2012-05-26,51.24
2012-05-27,50.629999999999995
2012-05-28,50.629999999999995
2012-05-29,51.24
2012-05-30,53.07
2012-05-31,54.29
2012-06-01,54.519999999999996
2012-06-02,53.36
2012-06-03,51.62
2012-06-04,52.779999999999994
2012-06-05,53.36
2012-06-06,55.099999999999994
2012-06-07,55.099999999999994
2012-06-08,53.36
2012-06-09,53.36
2012-06-10,51.62
2012-06-11,52.199999999999996
2012-06-12,52.199999999999996
2012-06-13,52.779999999999994
2012-06-14,52.779999999999994
2012-06-15,52.779999999999994
2012-06-16,53.94
2012-06-17,53.36
2012-06-18,53.36
2012-06-19,51.62
2012-06-20,51.62
2012-06-21,52.199999999999996
2012-06-22,51.62
2012-06-23,55.67999999999999
2012-06-24,53.36
2012-06-25,51.62
2012-06-26,52.779999999999994
2012-06-27,56.26
2012-06-28,57.99999999999999
2012-06-29,53.94
2012-06-30,55.099999999999994
2012-07-01,55.67999999999999
2012-07-02,54.519999999999996
2012-07-03,55.67999999999999
2012-07-04,56.839999999999996
2012-07-05,55.099999999999994
2012-07-06,55.099999999999994
2012-07-07,55.099999999999994
2012-07-08,55.099999999999994
2012-07-09,53.94
2012-07-10,55.099999999999994
2012-07-11,55.67999999999999
2012-07-12,55.67999999999999
2012-07-13,55.67999999999999
2012-07-14,57.99999999999999
2012-07-15,54.519999999999996
2012-07-16,55.099999999999994
2012-07-17,55.099999999999994
2012-07-18,55.099999999999994
2012-07-19,55.67999999999999
2012-07-20,54.519999999999996
2012-07-21,56.839999999999996
2012-07-22,54.519999999999996
2012-07-23,53.94
2012-07-24,55.099999999999994
2012-07-25,53.94
2012-07-26,56.839999999999996
2012-07-27,57.419999999999995
2012-07-28,56.26
2012-07-29,55.099999999999994
2012-07-30,55.67999999999999
2012-07-31,55.099999999999994
2012-08-01,55.8
2012-08-02,55.199999999999996
2012-08-03,55.8
2012-08-04,55.199999999999996
2012-08-05,54.6
2012-08-06,54.0
2012-08-07,58.199999999999996
2012-08-08,58.199999999999996
2012-08-09,58.199999999999996
2012-08-10,57.599999999999994
2012-08-11,59.4
2012-08-12,56.4
2012-08-13,55.199999999999996
2012-08-14,55.8
2012-08-15,57.599999999999994
2012-08-16,57.0
2012-08-17,58.8
2012-08-18,57.599999999999994
2012-08-19,57.0
2012-08-20,55.8
2012-08-21,56.4
2012-08-22,57.0
2012-08-23,57.0
2012-08-24,56.4
2012-08-25,56.4
2012-08-26,55.199999999999996
2012-08-27,54.6
2012-08-28,59.4
2012-08-29,60.0
2012-08-30,59.4
2012-08-31,59.4
2012-09-01,50.839999999999996
2012-09-02,49.6
2012-09-03,48.98
2012-09-04,50.22
2012-09-05,51.46
2012-09-06,52.08
2012-09-07,53.94
2012-09-08,51.46
2012-09-09,50.22
2012-09-10,52.08
2012-09-11,53.32
2012-09-12,52.08
2012-09-13,55.18
2012-09-14,53.32
2012-09-15,50.839999999999996
2012-09-16,50.22
2012-09-17,50.839999999999996
2012-09-18,52.7
2012-09-19,53.32
2012-09-20,55.8
2012-09-21,54.56
2012-09-22,53.32
2012-09-23,51.46
2012-09-24,53.94
2012-09-25,54.56
2012-09-26,55.8
2012-09-27,62.0
2012-09-28,57.04
2012-09-29,54.56
2012-09-30,53.32
2012-10-01,57.51
2012-10-02,58.22
2012-10-03,60.349999999999994
2012-10-04,62.48
2012-10-05,65.32
2012-10-06,63.19
2012-10-07,61.769999999999996
2012-10-08,63.19
2012-10-09,64.61
2012-10-10,66.03
2012-10-11,66.03
2012-10-12,66.03
2012-10-13,63.19
2012-10-14,62.48
2012-10-15,66.03
2012-10-16,66.74
2012-10-17,66.03
2012-10-18,68.86999999999999
2012-10-19,66.74
2012-10-20,64.61
2012-10-21,64.61
2012-10-22,65.32
2012-10-23,64.61
2012-10-24,67.45
2012-10-25,66.03
2012-10-26,65.32
2012-10-27,63.9
2012-10-28,63.19
2012-10-29,68.86999999999999
2012-10-30,68.16
2012-10-31,71.0
2012-11-01,70.3
2012-11-02,68.82
2012-11-03,66.6
2012-11-04,65.12
2012-11-05,66.6
2012-11-06,65.86
2012-11-07,65.86
2012-11-08,68.82
2012-11-09,67.34
2012-11-10,66.6
2012-11-11,64.38
2012-11-12,66.6
2012-11-13,69.56
2012-11-14,69.56
2012-11-15,70.3
2012-11-16,71.03999999999999
2012-11-17,67.34
2012-11-18,64.38
2012-11-19,68.08
2012-11-20,68.82
2012-11-21,67.34
2012-11-22,68.82
2012-11-23,66.6
2012-11-24,68.08
2012-11-25,66.6
2012-11-26,70.3
2012-11-27,71.78
2012-11-28,74.0
2012-11-29,73.26
2012-11-30,74.0
2012-12-01,63.2
2012-12-02,62.410000000000004
2012-12-03,65.57000000000001
2012-12-04,67.15
2012-12-05,67.15
2012-12-06,68.73
2012-12-07,67.15
2012-12-08,65.57000000000001
2012-12-09,63.2
2012-12-10,66.36
2012-12-11,67.15
2012-12-12,67.15
2012-12-13,71.10000000000001
2012-12-14,69.52000000000001
2012-12-15,67.15
2012-12-16,66.36
2012-12-17,65.57000000000001
2012-12-18,67.15
2012-12-19,66.36
2012-12-20,67.15
2012-12-21,64.78
2012-12-22,65.57000000000001
2012-12-23,65.57000000000001
2012-12-24,67.15
2012-12-25,79.0
2012-12-26,71.10000000000001
2012-12-27,67.94
2012-12-28,65.57000000000001
2012-12-29,67.15
2012-12-30,67.15
2012-12-31,63.99
2013-01-01,72.9
2013-01-02,74.52000000000001
2013-01-03,74.52000000000001
2013-01-04,74.52000000000001
2013-01-05,74.52000000000001
2013-01-06,73.71000000000001
2013-01-07,73.71000000000001
2013-01-08,74.52000000000001
2013-01-09,76.95
2013-01-10,76.95
2013-01-11,76.14
2013-01-12,74.52000000000001
2013-01-13,74.52000000000001
2013-01-14,72.9
2013-01-15,75.33
2013-01-16,81.0
2013-01-17,78.57000000000001
2013-01-18,76.95
2013-01-19,76.14
2013-01-20,74.52000000000001
2013-01-21,73.71000000000001
2013-01-22,76.14
2013-01-23,76.14
2013-01-24,77.76
2013-01-25,76.95
2013-01-26,74.52000000000001
2013-01-27,72.9
2013-01-28,73.71000000000001
2013-01-29,79.38000000000001
2013-01-30,77.76
2013-01-31,78.57000000000001
2013-02-01,77.19
2013-02-02,74.7
2013-02-03,73.03999999999999
2013-02-04,75.53
2013-02-05,78.02
2013-02-06,79.67999999999999
2013-02-07,78.02
2013-02-08,76.36
2013-02-09,74.7
2013-02-10,75.53
2013-02-11,75.53
2013-02-12,79.67999999999999
2013-02-13,79.67999999999999
2013-02-14,82.17
2013-02-15,78.85
2013-02-16,77.19
2013-02-17,75.53
2013-02-18,74.7
2013-02-19,78.85
2013-02-20,79.67999999999999
2013-02-21,83.0
2013-02-22,82.17
2013-02-23,77.19
2013-02-24,76.36
2013-02-25,77.19
2013-02-26,82.17
2013-02-27,83.0
2013-02-28,79.67999999999999
2013-03-01,82.32
2013-03-02,78.11999999999999
2013-03-03,78.11999999999999
2013-03-04,82.32
2013-03-05,82.32
2013-03-06,82.32
2013-03-07,83.16
2013-03-08,84.0
2013-03-09,80.64
2013-03-10,78.96
2013-03-11,83.16
2013-03-12,84.0
2013-03-13,81.48
2013-03-14,84.0
2013-03-15,83.16
2013-03-16,78.96
2013-03-17,79.8
2013-03-18,80.64
2013-03-19,80.64
2013-03-20,81.48
2013-03-21,84.0
2013-03-22,81.48
2013-03-23,78.96
2013-03-24,77.28
2013-03-25,78.11999999999999
2013-03-26,78.96
2013-03-27,80.64
2013-03-28,79.8
2013-03-29,77.28
2013-03-30,77.28
2013-03-31,81.48
2013-04-01,83.0
2013-04-02,78.85
2013-04-03,74.7
2013-04-04,75.53
2013-04-05,74.7
2013-04-06,71.38
2013-04-07,71.38
2013-04-08,72.21
2013-04-09,76.36
2013-04-10,75.53
2013-04-11,76.36
2013-04-12,74.7
2013-04-13,72.21
2013-04-14,71.38
2013-04-15,74.7
2013-04-16,78.02
2013-04-17,78.85
2013-04-18,76.36
2013-04-19,77.19
2013-04-20,76.36
2013-04-21,73.03999999999999
2013-04-22,77.19
2013-04-23,75.53
2013-04-24,74.7
2013-04-25,78.02
2013-04-26,75.53
2013-04-27,71.38
2013-04-28,72.21
2013-04-29,74.7
2013-04-30,76.36
2013-05-01,79.12
2013-05-02,79.12
2013-05-03,79.98
2013-05-04,74.82
2013-05-05,76.53999999999999
2013-05-06,77.4
2013-05-07,78.26
2013-05-08,81.7
2013-05-09,79.12
2013-05-10,78.26
2013-05-11,74.82
2013-05-12,78.26
2013-05-13,78.26
2013-05-14,79.98
2013-05-15,86.0
2013-05-16,83.42
2013-05-17,81.7
2013-05-18,77.4
2013-05-19,74.82
2013-05-20,79.12
2013-05-21,79.12
2013-05-22,82.56
2013-05-23,86.0
2013-05-24,80.84
2013-05-25,75.67999999999999
2013-05-26,74.82
2013-05-27,74.82
2013-05-28,79.12
2013-05-29,78.26
2013-05-30,79.12
2013-05-31,78.26
2013-06-01,77.89999999999999
2013-06-02,76.25999999999999
2013-06-03,78.72
2013-06-04,80.36
2013-06-05,79.53999999999999
2013-06-06,79.53999999999999
2013-06-07,78.72
2013-06-08,78.72
2013-06-09,77.89999999999999
2013-06-10,82.0
2013-06-11,77.89999999999999
2013-06-12,77.89999999999999
2013-06-13,78.72
2013-06-14,77.89999999999999
2013-06-15,79.53999999999999
2013-06-16,79.53999999999999
2013-06-17,77.08
2013-06-18,77.08
2013-06-19,76.25999999999999
2013-06-20,75.44
2013-06-21,77.89999999999999
2013-06-22,80.36
2013-06-23,77.89999999999999
2013-06-24,76.25999999999999
2013-06-25,77.89999999999999
2013-06-26,78.72
2013-06-27,77.08
2013-06-28,77.08
2013-06-29,79.53999999999999
2013-06-30,77.89999999999999
2013-07-01,75.2
2013-07-02,74.4
2013-07-03,76.0
2013-07-04,77.60000000000001
2013-07-05,76.0
2013-07-06,76.80000000000001
2013-07-07,76.0
2013-07-08,80.0
2013-07-09,79.2
2013-07-10,78.4
2013-07-11,76.80000000000001
2013-07-12,76.0
2013-07-13,78.4
2013-07-14,75.2
2013-07-15,75.2
2013-07-16,75.2
2013-07-17,74.4
2013-07-18,74.4
2013-07-19,74.4
2013-07-20,74.4
2013-07-21,75.2
2013-07-22,72.0
2013-07-23,72.8
2013-07-24,72.8
2013-07-25,76.0
2013-07-26,75.2
2013-07-27,76.80000000000001
2013-07-28,74.4
2013-07-29,72.0
2013-07-30,73.60000000000001
2013-07-31,73.60000000000001
2013-08-01,75.53
2013-08-02,74.7
2013-08-03,77.19
2013-08-04,73.86999999999999
2013-08-05,74.7
2013-08-06,73.03999999999999
2013-08-07,75.53
2013-08-08,73.03999999999999
2013-08-09,76.36
2013-08-10,74.7
2013-08-11,74.7
2013-08-12,75.53
2013-08-13,75.53
2013-08-14,75.53
2013-08-15,75.53
2013-08-16,75.53
2013-08-17,78.85
2013-08-18,74.7
2013-08-19,76.36
2013-08-20,76.36
2013-08-21,78.02
2013-08-22,81.33999999999999
2013-08-23,80.50999999999999
2013-08-24,78.85
2013-08-25,78.85
2013-08-26,79.67999999999999
2013-08-27,81.33999999999999
2013-08-28,82.17
2013-08-29,83.0
2013-08-30,81.33999999999999
2013-08-31,77.19
2013-09-01,65.7
2013-09-02,67.5
2013-09-03,68.4
2013-09-04,70.2
2013-09-05,72.0
2013-09-06,71.10000000000001
2013-09-07,67.5
2013-09-08,67.5
2013-09-09,72.0
2013-09-10,72.0
2013-09-11,72.9
2013-09-12,72.0
2013-09-13,71.10000000000001
2013-09-14,66.60000000000001
2013-09-15,66.60000000000001
2013-09-16,71.10000000000001
2013-09-17,72.0
2013-09-18,77.4
2013-09-19,80.10000000000001
2013-09-20,80.10000000000001
2013-09-21,75.60000000000001
2013-09-22,76.5
2013-09-23,79.2
2013-09-24,79.2
2013-09-25,79.2
2013-09-26,81.0
2013-09-27,90.0
2013-09-28,76.5
2013-09-29,73.8
2013-09-30,76.5
2013-10-01,91.08
2013-10-02,93.06
2013-10-03,95.03999999999999
2013-10-04,93.06
2013-10-05,89.1
2013-10-06,87.12
2013-10-07,93.06
2013-10-08,94.05
2013-10-09,96.03
2013-10-10,94.05
2013-10-11,93.06
2013-10-12,86.13
2013-10-13,85.14
2013-10-14,90.09
2013-10-15,93.06
2013-10-16,93.06
2013-10-17,93.06
2013-10-18,93.06
2013-10-19,89.1
2013-10-20,86.13
2013-10-21,94.05
2013-10-22,97.02
2013-10-23,95.03999999999999
2013-10-24,96.03
2013-10-25,92.07
2013-10-26,88.11
2013-10-27,85.14
2013-10-28,93.06
2013-10-29,94.05
2013-10-30,96.03
2013-10-31,99.0
2013-11-01,94.08
2013-11-02,88.2
2013-11-03,85.26
2013-11-04,94.08
2013-11-05,97.02
2013-11-06,94.08
2013-11-07,93.1
2013-11-08,95.06
2013-11-09,88.2
2013-11-10,86.24
2013-11-11,88.2
2013-11-12,92.12
2013-11-13,94.08
2013-11-14,96.03999999999999
2013-11-15,96.03999999999999
2013-11-16,87.22
2013-11-17,84.28
2013-11-18,93.1
2013-11-19,98.0
2013-11-20,94.08
2013-11-21,96.03999999999999
2013-11-22,94.08
2013-11-23,90.16
2013-11-24,88.2
2013-11-25,91.14
2013-11-26,91.14
2013-11-27,88.2
2013-11-28,89.17999999999999
2013-11-29,85.26
2013-11-30,86.24
2013-12-01,83.6
2013-12-02,90.25
2013-12-03,92.14999999999999
2013-12-04,92.14999999999999
2013-12-05,90.25
2013-12-06,91.19999999999999
2013-12-07,83.6
2013-12-08,81.7
2013-12-09,89.3
2013-12-10,88.35
2013-12-11,88.35
2013-12-12,89.3
2013-12-13,88.35
2013-12-14,82.64999999999999
2013-12-15,79.8
2013-12-16,86.45
2013-12-17,87.39999999999999
2013-12-18,85.5
2013-12-19,86.45
2013-12-20,85.5
2013-12-21,83.6
2013-12-22,80.75
2013-12-23,76.95
2013-12-24,81.7
2013-12-25,95.0
2013-12-26,85.5
2013-12-27,83.6
2013-12-28,84.55
2013-12-29,83.6
2013-12-30,79.8
2013-12-31,79.8
2014-01-01,84.63000000000001
2014-01-02,80.99000000000001
2014-01-03,80.99000000000001
2014-01-04,80.08
2014-01-05,80.99000000000001
2014-01-06,80.08
2014-01-07,82.81
2014-01-08,87.36
2014-01-09,89.18
2014-01-10,89.18
2014-01-11,82.81
2014-01-12,82.81
2014-01-13,88.27
2014-01-14,90.09
2014-01-15,91.0
2014-01-16,91.0
2014-01-17,89.18
2014-01-18,81.9
2014-01-19,80.99000000000001
2014-01-20,81.9
2014-01-21,86.45
2014-01-22,89.18
2014-01-23,88.27
2014-01-24,85.54
2014-01-25,81.9
2014-01-26,79.17
2014-01-27,83.72
2014-01-28,88.27
2014-01-29,87.36
2014-01-30,87.36
2014-01-31,87.36
2014-02-01,80.04
2014-02-02,78.2
2014-02-03,81.88000000000001
2014-02-04,87.4
2014-02-05,84.64
2014-02-06,87.4
2014-02-07,90.16000000000001
2014-02-08,80.96000000000001
2014-02-09,80.04
2014-02-10,85.56
2014-02-11,85.56
2014-02-12,86.48
2014-02-13,85.56
2014-02-14,84.64
2014-02-15,79.12
2014-02-16,80.04
2014-02-17,80.96000000000001
2014-02-18,84.64
2014-02-19,89.24000000000001
2014-02-20,87.4
2014-02-21,87.4
2014-02-22,82.8
2014-02-23,80.96000000000001
2014-02-24,87.4
2014-02-25,88.32000000000001
2014-02-26,91.08
2014-02-27,92.0
2014-02-28,87.4
2014-03-01,82.77000000000001
2014-03-02,81.84
2014-03-03,83.7
2014-03-04,90.21000000000001
2014-03-05,88.35000000000001
2014-03-06,91.14
2014-03-07,91.14
2014-03-08,83.7
2014-03-09,82.77000000000001
2014-03-10,88.35000000000001
2014-03-11,88.35000000000001
2014-03-12,89.28
2014-03-13,89.28
2014-03-14,89.28
2014-03-15,81.84
2014-03-16,80.91000000000001
2014-03-17,91.14
2014-03-18,89.28
2014-03-19,90.21000000000001
2014-03-20,93.0
2014-03-21,87.42
2014-03-22,81.84
2014-03-23,79.98
2014-03-24,89.28
2014-03-25,89.28
2014-03-26,88.35000000000001
2014-03-27,89.28
2014-03-28,85.56
2014-03-29,79.98
2014-03-30,79.05
2014-03-31,86.49000000000001
2014-04-01,92.0
2014-04-02,87.4
2014-04-03,83.72
2014-04-04,82.8
2014-04-05,76.36
2014-04-06,75.44
2014-04-07,81.88000000000001
2014-04-08,81.88000000000001
2014-04-09,81.88000000000001
2014-04-10,83.72
2014-04-11,85.56
2014-04-12,77.28
2014-04-13,76.36
2014-04-14,81.88000000000001
2014-04-15,84.64
2014-04-16,85.56
2014-04-17,82.8
2014-04-18,77.28
2014-04-19,74.52000000000001
2014-04-20,74.52000000000001
2014-04-21,80.04
2014-04-22,83.72
2014-04-23,84.64
2014-04-24,83.72
2014-04-25,82.8
2014-04-26,76.36
2014-04-27,75.44
2014-04-28,82.8
2014-04-29,85.56
2014-04-30,84.64
2014-05-01,91.17999999999999
2014-05-02,88.36
2014-05-03,78.96
2014-05-04,81.78
2014-05-05,90.24
2014-05-06,90.24
2014-05-07,88.36
2014-05-08,90.24
2014-05-09,88.36
2014-05-10,80.83999999999999
2014-05-11,80.83999999999999
2014-05-12,89.3
2014-05-13,89.3
2014-05-14,91.17999999999999
2014-05-15,90.24
2014-05-16,90.24
2014-05-17,80.83999999999999
2014-05-18,81.78
2014-05-19,92.11999999999999
2014-05-20,92.11999999999999
2014-05-21,94.0
2014-05-22,92.11999999999999
2014-05-23,91.17999999999999
2014-05-24,80.83999999999999
2014-05-25,79.89999999999999
2014-05-26,80.83999999999999
2014-05-27,90.24
2014-05-28,90.24
2014-05-29,91.17999999999999
2014-05-30,88.36
2014-05-31,82.72
2014-06-01,78.32000000000001
2014-06-02,84.55
2014-06-03,83.66
2014-06-04,82.77
2014-06-05,83.66
2014-06-06,80.99
2014-06-07,77.43
2014-06-08,77.43
2014-06-09,89.0
2014-06-10,80.99
2014-06-11,81.88
2014-06-12,80.1
2014-06-13,79.21000000000001
2014-06-14,79.21000000000001
2014-06-15,80.1
2014-06-16,78.32000000000001
2014-06-17,78.32000000000001
2014-06-18,78.32000000000001
2014-06-19,77.43
2014-06-20,77.43
2014-06-21,77.43
2014-06-22,77.43
2014-06-23,77.43
2014-06-24,74.76
2014-06-25,80.99
2014-06-26,76.54
2014-06-27,75.65
2014-06-28,75.65
2014-06-29,74.76
2014-06-30,74.76
2014-07-01,78.72
2014-07-02,77.89999999999999
2014-07-03,78.72
2014-07-04,78.72
2014-07-05,77.89999999999999
2014-07-06,76.25999999999999
2014-07-07,76.25999999999999
2014-07-08,78.72
2014-07-09,82.0
2014-07-10,79.53999999999999
2014-07-11,77.08
2014-07-12,79.53999999999999
2014-07-13,78.72
2014-07-14,79.53999999999999
2014-07-15,77.08
2014-07-16,77.89999999999999
2014-07-17,80.36
2014-07-18,78.72
2014-07-19,79.53999999999999
2014-07-20,78.72
2014-07-21,77.89999999999999
2014-07-22,78.72
2014-07-23,78.72
2014-07-24,79.53999999999999
2014-07-25,77.89999999999999
2014-07-26,80.36
2014-07-27,77.08
2014-07-28,77.08
2014-07-29,77.89999999999999
2014-07-30,78.72
2014-07-31,77.08
2014-08-01,73.1
2014-08-02,73.1
2014-08-03,73.1
2014-08-04,73.95
2014-08-05,73.95
2014-08-06,74.8
2014-08-07,72.25
2014-08-08,73.95
2014-08-09,73.95
2014-08-10,73.1
2014-08-11,72.25
2014-08-12,73.95
2014-08-13,74.8
2014-08-14,73.95
2014-08-15,74.8
2014-08-16,75.64999999999999
2014-08-17,74.8
2014-08-18,73.95
2014-08-19,76.5
2014-08-20,78.2
2014-08-21,77.35
2014-08-22,79.05
2014-08-23,74.8
2014-08-24,75.64999999999999
2014-08-25,79.89999999999999
2014-08-26,82.45
2014-08-27,85.0
2014-08-28,85.0
2014-08-29,81.6
2014-08-30,75.64999999999999
2014-08-31,73.1
2014-09-01,76.8
2014-09-02,87.36
2014-09-03,89.28
2014-09-04,93.11999999999999
2014-09-05,91.2
2014-09-06,77.75999999999999
2014-09-07,77.75999999999999
2014-09-08,90.24
2014-09-09,92.16
2014-09-10,93.11999999999999
2014-09-11,94.08
2014-09-12,91.2
2014-09-13,79.67999999999999
2014-09-14,77.75999999999999
2014-09-15,93.11999999999999
2014-09-16,92.16
2014-09-17,94.08
2014-09-18,93.11999999999999
2014-09-19,91.2
2014-09-20,76.8
2014-09-21,77.75999999999999
2014-09-22,90.24
2014-09-23,96.0
2014-09-24,92.16
2014-09-25,91.2
2014-09-26,89.28
2014-09-27,85.44
2014-09-28,78.72
2014-09-29,91.2
2014-09-30,92.16
2014-10-01,97.0
2014-10-02,95.0
2014-10-03,93.0
2014-10-04,80.0
2014-10-05,80.0
2014-10-06,92.0
2014-10-07,95.0
2014-10-08,98.0
2014-10-09,97.0
2014-10-10,96.0
2014-10-11,81.0
2014-10-12,81.0
2014-10-13,91.0
2014-10-14,98.0
2014-10-15,97.0
2014-10-16,97.0
2014-10-17,96.0
2014-10-18,83.0
2014-10-19,83.0
2014-10-20,97.0
2014-10-21,98.0
2014-10-22,100.0
2014-10-23,98.0
2014-10-24,96.0
2014-10-25,82.0
2014-10-26,83.0
2014-10-27,96.0
2014-10-28,99.0
2014-10-29,98.0
2014-10-30,97.0
2014-10-31,96.0
2014-11-01,78.02
2014-11-02,78.02
2014-11-03,90.24
2014-11-04,90.24
2014-11-05,91.17999999999999
2014-11-06,92.11999999999999
2014-11-07,90.24
2014-11-08,76.14
2014-11-09,78.02
2014-11-10,90.24
2014-11-11,85.53999999999999
2014-11-12,92.11999999999999
2014-11-13,94.0
2014-11-14,90.24
2014-11-15,76.14
2014-11-16,76.14
2014-11-17,88.36
2014-11-18,91.17999999999999
2014-11-19,94.0
2014-11-20,94.0
2014-11-21,91.17999999999999
2014-11-22,74.25999999999999
2014-11-23,74.25999999999999
2014-11-24,84.6
2014-11-25,85.53999999999999
2014-11-26,76.14
2014-11-27,74.25999999999999
2014-11-28,70.5
2014-11-29,73.32
2014-11-30,74.25999999999999
2014-12-01,87.42
2014-12-02,91.14
2014-12-03,93.0
2014-12-04,91.14
2014-12-05,90.21000000000001
2014-12-06,75.33
2014-12-07,73.47
2014-12-08,87.42
2014-12-09,90.21000000000001
2014-12-10,91.14
2014-12-11,93.0
2014-12-12,92.07000000000001
2014-12-13,78.12
2014-12-14,75.33
2014-12-15,88.35000000000001
2014-12-16,91.14
2014-12-17,90.21000000000001
2014-12-18,87.42
2014-12-19,84.63000000000001
2014-12-20,74.4
2014-12-21,72.54
2014-12-22,73.47
2014-12-23,74.4
2014-12-24,76.26
2014-12-25,83.7
2014-12-26,77.19
2014-12-27,76.26
2014-12-28,73.47
2014-12-29,71.61
2014-12-30,72.54
2014-12-31,70.68
2015-01-01,73.60000000000001
2015-01-02,71.76
2015-01-03,73.60000000000001
2015-01-04,72.68
2015-01-05,82.8
2015-01-06,87.4
2015-01-07,87.4
2015-01-08,88.32000000000001
2015-01-09,90.16000000000001
2015-01-10,74.52000000000001
2015-01-11,73.60000000000001
2015-01-12,87.4
2015-01-13,92.0
2015-01-14,92.0
2015-01-15,92.0
2015-01-16,88.32000000000001
2015-01-17,75.44
2015-01-18,74.52000000000001
2015-01-19,75.44
2015-01-20,91.08
2015-01-21,89.24000000000001
2015-01-22,91.08
2015-01-23,87.4
2015-01-24,74.52000000000001
2015-01-25,72.68
2015-01-26,84.64
2015-01-27,89.24000000000001
2015-01-28,91.08
2015-01-29,92.0
2015-01-30,90.16000000000001
2015-01-31,72.68
2015-02-01,71.89
2015-02-02,81.9
2015-02-03,88.27
2015-02-04,90.09
2015-02-05,91.0
2015-02-06,88.27
2015-02-07,75.53
2015-02-08,73.71000000000001
2015-02-09,85.54
2015-02-10,90.09
2015-02-11,91.0
2015-02-12,88.27
2015-02-13,85.54
2015-02-14,72.8
2015-02-15,71.89
2015-02-16,73.71000000000001
2015-02-17,81.9
2015-02-18,88.27
2015-02-19,84.63000000000001
2015-02-20,83.72
2015-02-21,71.89
2015-02-22,72.8
2015-02-23,84.63000000000001
2015-02-24,87.36
2015-02-25,91.0
2015-02-26,90.09
2015-02-27,86.45
2015-02-28,71.89
2015-03-01,70.98
2015-03-02,85.54
2015-03-03,88.27
2015-03-04,87.36
2015-03-05,87.36
2015-03-06,86.45
2015-03-07,71.89
2015-03-08,70.98
2015-03-09,86.45
2015-03-10,89.18
2015-03-11,90.09
2015-03-12,89.18
2015-03-13,87.36
2015-03-14,71.89
2015-03-15,70.98
2015-03-16,86.45
2015-03-17,88.27
2015-03-18,88.27
2015-03-19,87.36
2015-03-20,85.54
2015-03-21,71.89
2015-03-22,71.89
2015-03-23,88.27
2015-03-24,88.27
2015-03-25,79.17
2015-03-26,90.09
2015-03-27,86.45
2015-03-28,70.98
2015-03-29,71.89
2015-03-30,82.81
2015-03-31,91.0
2015-04-01,93.0
2015-04-02,80.91000000000001
2015-04-03,71.61
2015-04-04,66.03
2015-04-05,65.10000000000001
2015-04-06,74.4
2015-04-07,79.05
2015-04-08,80.91000000000001
2015-04-09,79.05
2015-04-10,79.05
2015-04-11,67.89
2015-04-12,67.89
2015-04-13,81.84
2015-04-14,88.35000000000001
2015-04-15,88.35000000000001
2015-04-16,85.56
2015-04-17,83.7
2015-04-18,66.96000000000001
2015-04-19,67.89
2015-04-20,81.84
2015-04-21,87.42
2015-04-22,85.56
2015-04-23,84.63000000000001
2015-04-24,82.77000000000001
2015-04-25,67.89
2015-04-26,67.89
2015-04-27,82.77000000000001
2015-04-28,84.63000000000001
2015-04-29,84.63000000000001
2015-04-30,85.56
2015-05-01,85.5
2015-05-02,66.60000000000001
2015-05-03,68.4
2015-05-04,89.10000000000001
2015-05-05,88.2
2015-05-06,89.10000000000001
2015-05-07,88.2
2015-05-08,84.60000000000001
2015-05-09,68.4
2015-05-10,69.3
2015-05-11,89.10000000000001
2015-05-12,88.2
2015-05-13,88.2
2015-05-14,89.10000000000001
2015-05-15,85.5
2015-05-16,66.60000000000001
2015-05-17,66.60000000000001
2015-05-18,85.5
2015-05-19,85.5
2015-05-20,90.0
2015-05-21,89.10000000000001
2015-05-22,84.60000000000001
2015-05-23,64.8
2015-05-24,63.9
2015-05-25,65.7
2015-05-26,85.5
2015-05-27,83.7
2015-05-28,85.5
2015-05-29,84.60000000000001
2015-05-30,64.8
2015-05-31,64.8
2015-06-01,75.66
2015-06-02,78.0
2015-06-03,78.0
2015-06-04,76.44
2015-06-05,72.54
2015-06-06,60.84
2015-06-07,61.620000000000005
2015-06-08,72.54
2015-06-09,71.76
2015-06-10,71.76
2015-06-11,69.42
2015-06-12,67.08
2015-06-13,61.620000000000005
2015-06-14,59.28
2015-06-15,67.08
2015-06-16,65.52
2015-06-17,63.96
2015-06-18,65.52
2015-06-19,62.400000000000006
2015-06-20,59.28
2015-06-21,58.5
2015-06-22,63.96
2015-06-23,63.96
2015-06-24,63.96
2015-06-25,63.96
2015-06-26,63.18
2015-06-27,60.06
2015-06-28,59.28
2015-06-29,62.400000000000006
2015-06-30,62.400000000000006
2015-07-01,70.28999999999999
2015-07-02,70.28999999999999
2015-07-03,66.03
2015-07-04,64.61
2015-07-05,64.61
2015-07-06,69.58
2015-07-07,71.0
2015-07-08,70.28999999999999
2015-07-09,69.58
2015-07-10,66.74
2015-07-11,66.03
2015-07-12,63.9
2015-07-13,68.86999999999999
2015-07-14,69.58
2015-07-15,68.86999999999999
2015-07-16,70.28999999999999
2015-07-17,68.16
2015-07-18,65.32
2015-07-19,65.32
2015-07-20,69.58
2015-07-21,68.86999999999999
2015-07-22,69.58
2015-07-23,69.58
2015-07-24,68.86999999999999
2015-07-25,66.03
2015-07-26,63.9
2015-07-27,69.58
2015-07-28,69.58
2015-07-29,69.58
2015-07-30,67.45
2015-07-31,68.16
2015-08-01,57.67
2015-08-02,56.09
2015-08-03,60.830000000000005
2015-08-04,60.830000000000005
2015-08-05,62.410000000000004
2015-08-06,61.620000000000005
2015-08-07,60.040000000000006
2015-08-08,57.67
2015-08-09,56.88
2015-08-10,62.410000000000004
2015-08-11,63.99
2015-08-12,63.2
2015-08-13,63.99
2015-08-14,64.78
2015-08-15,57.67
2015-08-16,57.67
2015-08-17,65.57000000000001
2015-08-18,67.15
2015-08-19,68.73
2015-08-20,71.89
2015-08-21,73.47
2015-08-22,57.67
2015-08-23,58.46
2015-08-24,72.68
2015-08-25,75.05
2015-08-26,75.84
2015-08-27,79.0
2015-08-28,75.84
2015-08-29,58.46
2015-08-30,58.46
2015-08-31,77.42
2015-09-01,92.0
2015-09-02,100.0
2015-09-03,95.0
2015-09-04,92.0
2015-09-05,68.0
2015-09-06,67.0
2015-09-07,68.0
2015-09-08,92.0
2015-09-09,95.0
2015-09-10,99.0
2015-09-11,93.0
2015-09-12,65.0
2015-09-13,64.0
2015-09-14,87.0
2015-09-15,91.0
2015-09-16,94.0
2015-09-17,96.0
2015-09-18,94.0
2015-09-19,64.0
2015-09-20,63.0
2015-09-21,93.0
2015-09-22,92.0
2015-09-23,92.0
2015-09-24,95.0
2015-09-25,91.0
2015-09-26,63.0
2015-09-27,64.0
2015-09-28,92.0
2015-09-29,96.0
2015-09-30,97.0
2015-10-01,93.11999999999999
2015-10-02,91.2
2015-10-03,63.36
2015-10-04,64.32
2015-10-05,91.2
2015-10-06,94.08
2015-10-07,94.08
2015-10-08,95.03999999999999
2015-10-09,91.2
2015-10-10,61.44
2015-10-11,60.48
2015-10-12,82.56
2015-10-13,93.11999999999999
2015-10-14,87.36
2015-10-15,93.11999999999999
2015-10-16,85.44
2015-10-17,60.48
2015-10-18,61.44
2015-10-19,91.2
2015-10-20,94.08
2015-10-21,96.0
2015-10-22,94.08
2015-10-23,90.24
2015-10-24,61.44
2015-10-25,61.44
2015-10-26,91.2
2015-10-27,92.16
2015-10-28,94.08
2015-10-29,95.03999999999999
2015-10-30,91.2
2015-10-31,60.48
2015-11-01,57.6
2015-11-02,84.60000000000001
2015-11-03,85.5
2015-11-04,88.2
2015-11-05,86.4
2015-11-06,86.4
2015-11-07,56.7
2015-11-08,55.800000000000004
2015-11-09,87.3
2015-11-10,87.3
2015-11-11,77.4
2015-11-12,89.10000000000001
2015-11-13,87.3
2015-11-14,56.7
2015-11-15,55.800000000000004
2015-11-16,85.5
2015-11-17,89.10000000000001
2015-11-18,87.3
2015-11-19,90.0
2015-11-20,86.4
2015-11-21,54.9
2015-11-22,54.0
2015-11-23,78.3
2015-11-24,80.10000000000001
2015-11-25,63.0
2015-11-26,53.1
2015-11-27,53.1
2015-11-28,54.0
2015-11-29,54.9
2015-11-30,80.10000000000001
2015-12-01,83.52
2015-12-02,86.13
2015-12-03,87.0
2015-12-04,84.39
2015-12-05,55.68
2015-12-06,54.81
2015-12-07,82.65
2015-12-08,87.0
2015-12-09,86.13
2015-12-10,87.0
2015-12-11,85.26
2015-12-12,53.94
2015-12-13,54.81
2015-12-14,84.39
2015-12-15,83.52
2015-12-16,82.65
2015-12-17,84.39
2015-12-18,74.82
2015-12-19,53.07
2015-12-20,50.46
2015-12-21,62.64
2015-12-22,60.9
2015-12-23,57.42
2015-12-24,53.94
2015-12-25,55.68
2015-12-26,52.2
2015-12-27,50.46
2015-12-28,52.2
2015-12-29,53.07
2015-12-30,53.07
2015-12-31,53.07
2016-01-01,48.91
2016-01-02,48.18
2016-01-03,47.449999999999996
2016-01-04,61.32
2016-01-05,66.42999999999999
2016-01-06,68.62
2016-01-07,70.08
2016-01-08,67.89
2016-01-09,48.91
2016-01-10,47.449999999999996
2016-01-11,66.42999999999999
2016-01-12,70.08
2016-01-13,71.53999999999999
2016-01-14,68.62
2016-01-15,67.89
2016-01-16,48.91
2016-01-17,46.72
2016-01-18,53.29
2016-01-19,69.35
2016-01-20,70.08
2016-01-21,69.35
2016-01-22,68.62
2016-01-23,50.37
2016-01-24,48.91
2016-01-25,66.42999999999999
2016-01-26,71.53999999999999
2016-01-27,73.0
2016-01-28,73.0
2016-01-29,70.81
2016-01-30,50.37
2016-01-31,50.37
2016-02-01,74.69
2016-02-02,74.69
2016-02-03,74.69
2016-02-04,77.0
2016-02-05,74.69
2016-02-06,51.59
2016-02-07,50.050000000000004
2016-02-08,69.3
2016-02-09,75.46000000000001
2016-02-10,74.69
2016-02-11,75.46000000000001
2016-02-12,68.53
2016-02-13,50.82
2016-02-14,50.050000000000004
2016-02-15,56.21
2016-02-16,66.99
2016-02-17,72.38
2016-02-18,73.15
2016-02-19,70.07000000000001
2016-02-20,51.59
2016-02-21,53.13
2016-02-22,73.15
2016-02-23,77.0
2016-02-24,75.46000000000001
2016-02-25,75.46000000000001
2016-02-26,73.15
2016-02-27,50.82
2016-02-28,52.36
2016-02-29,72.38
2016-03-01,55.480000000000004
2016-03-02,54.72
2016-03-03,55.480000000000004
2016-03-04,54.72
2016-03-05,38.0
2016-03-06,38.0
2016-03-07,54.72
2016-03-08,55.480000000000004
2016-03-09,57.76
2016-03-10,55.480000000000004
2016-03-11,53.2
2016-03-12,36.480000000000004
2016-03-13,38.0
2016-03-14,53.2
2016-03-15,54.72
2016-03-16,53.96
2016-03-17,52.44
2016-03-18,50.92
2016-03-19,37.24
2016-03-20,38.0
2016-03-21,66.12
2016-03-22,76.0
2016-03-23,51.68
2016-03-24,49.4
2016-03-25,41.8
2016-03-26,35.72
2016-03-27,35.72
2016-03-28,47.88
2016-03-29,49.4
2016-03-30,50.92
2016-03-31,50.160000000000004
2016-04-01,69.0
2016-04-02,51.75
2016-04-03,51.0
2016-04-04,70.5
2016-04-05,72.0
2016-04-06,73.5
2016-04-07,75.0
2016-04-08,69.0
2016-04-09,49.5
2016-04-10,50.25
2016-04-11,71.25
2016-04-12,72.0
2016-04-13,71.25
2016-04-14,72.0
2016-04-15,70.5
2016-04-16,50.25
2016-04-17,51.75
2016-04-18,69.75
2016-04-19,71.25
2016-04-20,72.0
2016-04-21,72.0
2016-04-22,71.25
2016-04-23,52.5
2016-04-24,51.0
2016-04-25,72.0
2016-04-26,72.75
2016-04-27,72.75
2016-04-28,75.0
2016-04-29,70.5
2016-04-30,51.0
2016-05-01,51.8
2016-05-02,71.03999999999999
2016-05-03,74.0
2016-05-04,73.26
2016-05-05,71.78
2016-05-06,71.03999999999999
2016-05-07,48.839999999999996
2016-05-08,50.32
2016-05-09,71.78
2016-05-10,73.26
2016-05-11,71.78
2016-05-12,71.78
2016-05-13,68.82
2016-05-14,49.58
2016-05-15,49.58
2016-05-16,71.78
2016-05-17,72.52
2016-05-18,73.26
2016-05-19,72.52
2016-05-20,69.56
2016-05-21,48.839999999999996
2016-05-22,49.58
2016-05-23,68.08
2016-05-24,69.56
2016-05-25,66.6
2016-05-26,68.08
2016-05-27,60.68
2016-05-28,46.62
2016-05-29,45.88
2016-05-30,49.58
2016-05-31,62.9
2016-06-01,60.0
2016-06-02,60.0
2016-06-03,56.4
2016-06-04,45.0
2016-06-05,45.0
2016-06-06,55.8
2016-06-07,57.0
2016-06-08,55.199999999999996
2016-06-09,54.6
2016-06-10,52.8
2016-06-11,43.8
2016-06-12,43.199999999999996
2016-06-13,51.6
2016-06-14,51.0
2016-06-15,51.6
2016-06-16,50.4
2016-06-17,48.0
2016-06-18,42.6
2016-06-19,42.6
2016-06-20,49.199999999999996
2016-06-21,48.6
2016-06-22,48.6
2016-06-23,47.4
2016-06-24,46.8
2016-06-25,42.0
2016-06-26,41.4
2016-06-27,46.199999999999996
2016-06-28,48.0
2016-06-29,47.4
2016-06-30,48.0
2016-07-01,51.84
2016-07-02,47.52
2016-07-03,44.82
2016-07-04,45.900000000000006
2016-07-05,52.92
2016-07-06,54.0
2016-07-07,53.46
2016-07-08,51.300000000000004
2016-07-09,46.440000000000005
2016-07-10,44.82
2016-07-11,52.92
2016-07-12,53.46
2016-07-13,53.46
2016-07-14,51.84
2016-07-15,52.38
2016-07-16,47.52
2016-07-17,44.28
2016-07-18,52.92
2016-07-19,52.92
2016-07-20,54.0
2016-07-21,53.46
2016-07-22,50.220000000000006
2016-07-23,45.36
2016-07-24,44.28
2016-07-25,51.84
2016-07-26,51.300000000000004
2016-07-27,51.84
2016-07-28,51.84
2016-07-29,50.220000000000006
2016-07-30,46.980000000000004
2016-07-31,44.82
2016-08-01,43.4
2016-08-02,44.64
2016-08-03,44.64
2016-08-04,44.02
2016-08-05,45.26
2016-08-06,39.06
2016-08-07,38.44
2016-08-08,44.64
2016-08-09,46.5
2016-08-10,47.12
2016-08-11,46.5
2016-08-12,45.26
2016-08-13,39.06
2016-08-14,39.06
2016-08-15,47.74
2016-08-16,50.22
2016-08-17,52.08
2016-08-18,52.7
2016-08-19,51.46
2016-08-20,40.3
2016-08-21,39.68
2016-08-22,54.56
2016-08-23,57.66
2016-08-24,58.9
2016-08-25,61.38
2016-08-26,58.28
2016-08-27,39.68
2016-08-28,40.92
2016-08-29,58.9
2016-08-30,61.38
2016-08-31,62.0
2016-09-01,67.76
2016-09-02,62.370000000000005
2016-09-03,40.81
2016-09-04,40.04
2016-09-05,43.89
2016-09-06,66.22
2016-09-07,70.07000000000001
2016-09-08,71.61
2016-09-09,67.76
2016-09-10,41.58
2016-09-11,43.89
2016-09-12,70.07000000000001
2016-09-13,73.92
2016-09-14,74.69
2016-09-15,76.23
2016-09-16,70.07000000000001
2016-09-17,42.35
2016-09-18,43.89
2016-09-19,71.61
2016-09-20,73.15
2016-09-21,75.46000000000001
2016-09-22,77.0
2016-09-23,73.92
2016-09-24,44.660000000000004
2016-09-25,44.660000000000004
2016-09-26,73.15
2016-09-27,77.0
2016-09-28,75.46000000000001
2016-09-29,77.0
2016-09-30,72.38
2016-10-01,43.45
2016-10-02,43.45
2016-10-03,68.73
2016-10-04,79.0
2016-10-05,78.21000000000001
2016-10-06,75.05
2016-10-07,68.73
2016-10-08,43.45
2016-10-09,43.45
2016-10-10,63.99
2016-10-11,73.47
2016-10-12,71.89
2016-10-13,74.26
2016-10-14,70.31
2016-10-15,42.660000000000004
2016-10-16,45.03
2016-10-17,71.89
2016-10-18,75.84
2016-10-19,71.89
2016-10-20,74.26
2016-10-21,70.31
2016-10-22,45.03
2016-10-23,45.03
2016-10-24,75.84
2016-10-25,76.63000000000001
2016-10-26,75.84
2016-10-27,76.63000000000001
2016-10-28,71.10000000000001
2016-10-29,42.660000000000004
2016-10-30,46.61
2016-10-31,74.26
2016-11-01,76.0
2016-11-02,76.0
2016-11-03,70.68
2016-11-04,72.2
2016-11-05,41.04
2016-11-06,43.32
2016-11-07,69.92
2016-11-08,65.36
2016-11-09,62.32
2016-11-10,69.92
2016-11-11,57.0
2016-11-12,41.04
2016-11-13,41.8
2016-11-14,71.44
2016-11-15,73.72
2016-11-16,74.48
2016-11-17,75.24
2016-11-18,71.44
2016-11-19,41.8
2016-11-20,42.56
2016-11-21,63.08
2016-11-22,62.32
2016-11-23,48.64
2016-11-24,39.52
2016-11-25,40.28
2016-11-26,39.52
2016-11-27,42.56
2016-11-28,67.64
2016-11-29,73.72
2016-11-30,74.48
2016-12-01,69.0
2016-12-02,66.24
2016-12-03,38.64
2016-12-04,40.019999999999996
2016-12-05,62.099999999999994
2016-12-06,66.92999999999999
2016-12-07,69.0
2016-12-08,66.24
2016-12-09,63.48
2016-12-10,38.64
2016-12-11,40.019999999999996
2016-12-12,62.099999999999994
2016-12-13,65.55
2016-12-14,64.17
2016-12-15,63.48
2016-12-16,58.65
2016-12-17,37.949999999999996
2016-12-18,37.949999999999996
2016-12-19,53.81999999999999
2016-12-20,54.51
2016-12-21,52.44
2016-12-22,46.23
2016-12-23,40.709999999999994
2016-12-24,35.879999999999995
2016-12-25,39.33
2016-12-26,37.26
2016-12-27,37.26
2016-12-28,37.949999999999996
2016-12-29,37.949999999999996
2016-12-30,37.26
2016-12-31,34.5
2017-01-01,36.72
2017-01-02,42.48
2017-01-03,55.44
2017-01-04,61.919999999999995
2017-01-05,63.36
2017-01-06,62.64
2017-01-07,40.32
2017-01-08,41.04
2017-01-09,64.08
2017-01-10,66.96
2017-01-11,68.39999999999999
2017-01-12,69.84
2017-01-13,66.24
2017-01-14,39.6
2017-01-15,38.879999999999995
2017-01-16,46.08
2017-01-17,67.67999999999999
2017-01-18,68.39999999999999
2017-01-19,69.84
2017-01-20,64.8
2017-01-21,40.32
2017-01-22,41.04
2017-01-23,67.67999999999999
2017-01-24,69.84
2017-01-25,71.28
2017-01-26,72.0
2017-01-27,69.12
2017-01-28,41.76
2017-01-29,42.48
2017-01-30,69.12
2017-01-31,71.28
2017-02-01,72.2
2017-02-02,73.72
2017-02-03,71.44
2017-02-04,42.56
2017-02-05,41.8
2017-02-06,67.64
2017-02-07,72.2
2017-02-08,72.2
2017-02-09,70.68
2017-02-10,69.92
2017-02-11,42.56
2017-02-12,43.32
2017-02-13,69.16
2017-02-14,75.24
2017-02-15,76.0
2017-02-16,72.2
2017-02-17,64.6
2017-02-18,42.56
2017-02-19,41.04
2017-02-20,50.92
2017-02-21,68.4
2017-02-22,72.2
2017-02-23,72.96000000000001
2017-02-24,69.92
2017-02-25,44.08
2017-02-26,43.32
2017-02-27,69.16
2017-02-28,72.96000000000001
2017-03-01,71.25
2017-03-02,72.0
2017-03-03,70.5
2017-03-04,43.5
2017-03-05,43.5
2017-03-06,71.25
2017-03-07,73.5
2017-03-08,75.0
2017-03-09,72.75
2017-03-10,68.25
2017-03-11,42.0
2017-03-12,42.0
2017-03-13,65.25
2017-03-14,61.5
2017-03-15,66.75
2017-03-16,68.25
2017-03-17,64.5
2017-03-18,41.25
2017-03-19,42.0
2017-03-20,67.5
2017-03-21,70.5
2017-03-22,69.75
2017-03-23,69.75
2017-03-24,64.5
2017-03-25,41.25
2017-03-26,42.75
2017-03-27,67.5
2017-03-28,69.0
2017-03-29,68.25
2017-03-30,69.0
2017-03-31,68.25
2017-04-01,44.019999999999996
2017-04-02,43.309999999999995
2017-04-03,66.03
2017-04-04,66.74
2017-04-05,65.32
2017-04-06,64.61
2017-04-07,61.059999999999995
2017-04-08,39.76
2017-04-09,39.76
2017-04-10,60.349999999999994
2017-04-11,61.769999999999996
2017-04-12,61.059999999999995
2017-04-13,59.64
2017-04-14,47.57
2017-04-15,38.339999999999996
2017-04-16,38.339999999999996
2017-04-17,58.22
2017-04-18,64.61
2017-04-19,64.61
2017-04-20,66.03
2017-04-21,62.48
2017-04-22,40.47
2017-04-23,42.599999999999994
2017-04-24,68.16
2017-04-25,68.86999999999999
2017-04-26,71.0
2017-04-27,71.0
2017-04-28,68.16
2017-04-29,40.47
2017-04-30,42.599999999999994
2017-05-01,72.27
2017-05-02,72.27
2017-05-03,72.27
2017-05-04,73.0
2017-05-05,65.7
2017-05-06,40.879999999999995
2017-05-07,41.61
2017-05-08,69.35
2017-05-09,72.27
2017-05-10,72.27
2017-05-11,71.53999999999999
2017-05-12,67.89
2017-05-13,40.879999999999995
2017-05-14,43.07
2017-05-15,70.08
2017-05-16,70.08
2017-05-17,71.53999999999999
2017-05-18,70.08
2017-05-19,65.7
2017-05-20,39.42
2017-05-21,41.61
2017-05-22,66.42999999999999
2017-05-23,65.7
2017-05-24,64.24
2017-05-25,63.51
2017-05-26,56.21
2017-05-27,38.69
2017-05-28,37.23
2017-05-29,40.15
2017-05-30,59.86
2017-05-31,59.86
2017-06-01,56.00000000000001
2017-06-02,53.760000000000005
2017-06-03,38.64
2017-06-04,38.080000000000005
2017-06-05,53.760000000000005
2017-06-06,52.64000000000001
2017-06-07,52.080000000000005
2017-06-08,50.400000000000006
2017-06-09,48.160000000000004
2017-06-10,36.400000000000006
2017-06-11,36.400000000000006
2017-06-12,46.480000000000004
2017-06-13,48.160000000000004
2017-06-14,48.720000000000006
2017-06-15,46.480000000000004
2017-06-16,44.24
2017-06-17,35.28
2017-06-18,35.84
2017-06-19,44.24
2017-06-20,44.24
2017-06-21,43.68000000000001
2017-06-22,43.120000000000005
2017-06-23,40.88
2017-06-24,35.28
2017-06-25,34.720000000000006
2017-06-26,41.440000000000005
2017-06-27,43.120000000000005
2017-06-28,43.120000000000005
2017-06-29,42.56
2017-06-30,41.440000000000005
2017-07-01,37.73
2017-07-02,37.24
2017-07-03,42.14
2017-07-04,38.71
2017-07-05,44.589999999999996
2017-07-06,45.08
2017-07-07,44.1
2017-07-08,37.24
2017-07-09,37.24
2017-07-10,45.08
2017-07-11,48.019999999999996
2017-07-12,47.53
2017-07-13,46.55
2017-07-14,45.57
2017-07-15,39.2
2017-07-16,37.73
2017-07-17,47.04
2017-07-18,49.0
2017-07-19,47.04
2017-07-20,45.08
2017-07-21,44.589999999999996
2017-07-22,39.2
2017-07-23,37.24
2017-07-24,45.57
2017-07-25,47.04
2017-07-26,46.06
2017-07-27,47.04
2017-07-28,46.06
2017-07-29,39.69
2017-07-30,38.22
2017-07-31,46.06
2017-08-01,37.8
2017-08-02,38.4
2017-08-03,39.0
2017-08-04,37.8
2017-08-05,31.799999999999997
2017-08-06,32.4
2017-08-07,39.0
2017-08-08,41.4
2017-08-09,40.8
2017-08-10,41.4
2017-08-11,42.6
2017-08-12,33.6
2017-08-13,33.0
2017-08-14,43.199999999999996
2017-08-15,44.4
2017-08-16,45.6
2017-08-17,47.4
2017-08-18,48.0
2017-08-19,34.199999999999996
2017-08-20,33.6
2017-08-21,45.6
2017-08-22,51.6
2017-08-23,53.4
2017-08-24,54.0
2017-08-25,52.8
2017-08-26,33.6
2017-08-27,34.199999999999996
2017-08-28,56.4
2017-08-29,58.8
2017-08-30,60.0
2017-08-31,60.0
2017-09-01,56.24
2017-09-02,34.2
2017-09-03,33.44
2017-09-04,38.0
2017-09-05,63.08
2017-09-06,65.36
2017-09-07,66.88
2017-09-08,63.84
2017-09-09,34.96
2017-09-10,37.24
2017-09-11,63.08
2017-09-12,67.64
2017-09-13,68.4
2017-09-14,69.16
2017-09-15,67.64
2017-09-16,37.24
2017-09-17,38.76
2017-09-18,68.4
2017-09-19,72.2
2017-09-20,72.2
2017-09-21,68.4
2017-09-22,67.64
2017-09-23,37.24
2017-09-24,38.76
2017-09-25,68.4
2017-09-26,72.96000000000001
2017-09-27,76.0
2017-09-28,74.48
2017-09-29,69.92
2017-09-30,38.0
2017-10-01,41.31
2017-10-02,72.9
2017-10-03,76.14
2017-10-04,81.0
2017-10-05,80.19000000000001
2017-10-06,71.28
2017-10-07,39.690000000000005
2017-10-08,40.5
2017-10-09,63.18000000000001
2017-10-10,72.09
2017-10-11,71.28
2017-10-12,73.71000000000001
2017-10-13,68.04
2017-10-14,38.88
2017-10-15,41.31
2017-10-16,72.9
2017-10-17,78.57000000000001
2017-10-18,75.33
2017-10-19,74.52000000000001
2017-10-20,70.47
2017-10-21,39.690000000000005
2017-10-22,40.5
2017-10-23,76.14
2017-10-24,76.14
2017-10-25,76.14
2017-10-26,73.71000000000001
2017-10-27,68.85000000000001
2017-10-28,38.88
2017-10-29,41.31
2017-10-30,69.66000000000001
2017-10-31,71.28
2017-11-01,68.08
2017-11-02,71.03999999999999
2017-11-03,67.34
2017-11-04,37.0
2017-11-05,39.96
2017-11-06,66.6
2017-11-07,68.82
2017-11-08,71.03999999999999
2017-11-09,69.56
2017-11-10,56.24
2017-11-11,37.74
2017-11-12,39.22
2017-11-13,69.56
2017-11-14,74.0
2017-11-15,73.26
2017-11-16,73.26
2017-11-17,68.08
2017-11-18,38.48
2017-11-19,38.48
2017-11-20,60.68
2017-11-21,58.46
2017-11-22,45.14
2017-11-23,37.74
2017-11-24,38.48
2017-11-25,37.0
2017-11-26,39.96
2017-11-27,66.6
2017-11-28,71.78
2017-11-29,74.0
2017-11-30,73.26
2017-12-01,67.89999999999999
2017-12-02,37.8
2017-12-03,38.5
2017-12-04,70.0
2017-12-05,70.0
2017-12-06,69.3
2017-12-07,70.0
2017-12-08,65.1
2017-12-09,37.8
2017-12-10,39.9
2017-12-11,67.19999999999999
2017-12-12,67.19999999999999
2017-12-13,65.1
2017-12-14,66.5
2017-12-15,62.99999999999999
2017-12-16,36.4
2017-12-17,37.099999999999994
2017-12-18,60.199999999999996
2017-12-19,60.199999999999996
2017-12-20,53.199999999999996
2017-12-21,51.099999999999994
2017-12-22,42.0
2017-12-23,33.599999999999994
2017-12-24,32.9
2017-12-25,38.5
2017-12-26,38.5
2017-12-27,38.5
2017-12-28,37.8
2017-12-29,36.4
2017-12-30,34.3
2017-12-31,32.199999999999996
2018-01-01,34.79
2018-01-02,46.15
2018-01-03,52.54
2018-01-04,48.989999999999995
2018-01-05,49.699999999999996
2018-01-06,35.5
2018-01-07,36.21
2018-01-08,56.8
2018-01-09,65.32
2018-01-10,68.16
2018-01-11,68.16
2018-01-12,63.19
2018-01-13,38.339999999999996
2018-01-14,38.339999999999996
2018-01-15,48.28
2018-01-16,68.16
2018-01-17,66.03
2018-01-18,68.86999999999999
2018-01-19,65.32
2018-01-20,38.339999999999996
2018-01-21,38.339999999999996
2018-01-22,65.32
2018-01-23,68.86999999999999
2018-01-24,69.58
2018-01-25,71.0
2018-01-26,67.45
2018-01-27,38.339999999999996
2018-01-28,39.05
2018-01-29,66.74
2018-01-30,68.86999999999999
2018-01-31,69.58
2018-02-01,74.25
2018-02-02,69.75
2018-02-03,39.0
2018-02-04,38.25
2018-02-05,63.75
2018-02-06,72.75
2018-02-07,67.5
2018-02-08,72.0
2018-02-09,68.25
2018-02-10,39.0
2018-02-11,39.75
2018-02-12,69.75
2018-02-13,72.75
2018-02-14,70.5
2018-02-15,71.25
2018-02-16,62.25
2018-02-17,38.25
2018-02-18,37.5
2018-02-19,48.75
2018-02-20,64.5
2018-02-21,67.5
2018-02-22,68.25
2018-02-23,65.25
2018-02-24,38.25
2018-02-25,39.75
2018-02-26,71.25
2018-02-27,72.0
2018-02-28,75.0
2018-03-01,72.0
2018-03-02,66.24
2018-03-03,38.879999999999995
2018-03-04,38.16
2018-03-05,67.67999999999999
2018-03-06,70.56
2018-03-07,68.39999999999999
2018-03-08,69.12
2018-03-09,66.96
2018-03-10,38.16
2018-03-11,39.6
2018-03-12,64.8
2018-03-13,64.08
2018-03-14,64.8
2018-03-15,65.52
2018-03-16,61.919999999999995
2018-03-17,37.44
2018-03-18,38.879999999999995
2018-03-19,66.24
2018-03-20,67.67999999999999
2018-03-21,61.919999999999995
2018-03-22,66.96
2018-03-23,62.64
2018-03-24,36.0
2018-03-25,37.44
2018-03-26,61.199999999999996
2018-03-27,64.8
2018-03-28,62.64
2018-03-29,59.04
2018-03-30,44.64
2018-03-31,34.56
2018-04-01,36.4
2018-04-02,56.0
2018-04-03,60.9
2018-04-04,61.599999999999994
2018-04-05,60.9
2018-04-06,57.4
2018-04-07,36.4
2018-04-08,39.199999999999996
2018-04-09,67.19999999999999
2018-04-10,67.19999999999999
2018-04-11,68.6
2018-04-12,67.19999999999999
2018-04-13,65.8
2018-04-14,35.699999999999996
2018-04-15,37.8
2018-04-16,65.1
2018-04-17,67.19999999999999
2018-04-18,67.89999999999999
2018-04-19,70.0
2018-04-20,62.99999999999999
2018-04-21,37.099999999999994
2018-04-22,39.199999999999996
2018-04-23,69.3
2018-04-24,69.3
2018-04-25,67.19999999999999
2018-04-26,70.0
2018-04-27,64.39999999999999
2018-04-28,36.4
2018-04-29,38.5
2018-04-30,69.3
2018-05-01,68.6
2018-05-02,67.89999999999999
2018-05-03,70.0
2018-05-04,65.1
2018-05-05,36.4
2018-05-06,37.8
2018-05-07,67.19999999999999
2018-05-08,68.6
2018-05-09,69.3
2018-05-10,70.0
2018-05-11,65.1
2018-05-12,36.4
2018-05-13,37.8
2018-05-14,68.6
2018-05-15,66.5
2018-05-16,67.19999999999999
2018-05-17,67.19999999999999
2018-05-18,62.3
2018-05-19,35.699999999999996
2018-05-20,37.099999999999994
2018-05-21,63.699999999999996
2018-05-22,65.1
2018-05-23,62.99999999999999
2018-05-24,62.3
2018-05-25,56.0
2018-05-26,35.0
2018-05-27,32.9
2018-05-28,36.4
2018-05-29,58.8
2018-05-30,58.099999999999994
2018-05-31,56.699999999999996
2018-06-01,49.47
2018-06-02,32.64
2018-06-03,33.660000000000004
2018-06-04,51.0
2018-06-05,49.47
2018-06-06,48.96
2018-06-07,47.94
2018-06-08,43.35
2018-06-09,31.62
2018-06-10,32.64
2018-06-11,44.37
2018-06-12,43.86
2018-06-13,42.84
2018-06-14,42.84
2018-06-15,39.78
2018-06-16,31.11
2018-06-17,31.11
2018-06-18,39.78
2018-06-19,39.27
2018-06-20,39.27
2018-06-21,39.27
2018-06-22,37.230000000000004
2018-06-23,31.11
2018-06-24,30.09
2018-06-25,37.74
2018-06-26,38.25
2018-06-27,38.25
2018-06-28,38.76
2018-06-29,36.72
2018-06-30,30.09
2018-07-01,35.88
2018-07-02,42.32
2018-07-03,43.24
2018-07-04,36.34
2018-07-05,42.32
2018-07-06,41.4
2018-07-07,35.88
2018-07-08,35.88
2018-07-09,44.160000000000004
2018-07-10,45.080000000000005
2018-07-11,44.620000000000005
2018-07-12,46.0
2018-07-13,40.940000000000005
2018-07-14,34.04
2018-07-15,33.120000000000005
2018-07-16,42.78
2018-07-17,44.160000000000004
2018-07-18,45.54
2018-07-19,42.78
2018-07-20,39.56
2018-07-21,34.04
2018-07-22,33.58
2018-07-23,42.32
2018-07-24,46.0
2018-07-25,46.0
2018-07-26,45.54
2018-07-27,43.24
2018-07-28,35.88
2018-07-29,35.88
2018-07-30,45.54
2018-07-31,45.54
2018-08-01,35.91
2018-08-02,33.629999999999995
2018-08-03,33.059999999999995
2018-08-04,27.36
2018-08-05,26.79
2018-08-06,33.059999999999995
2018-08-07,35.91
2018-08-08,35.91
2018-08-09,35.91
2018-08-10,34.769999999999996
2018-08-11,26.79
2018-08-12,26.79
2018-08-13,37.62
2018-08-14,40.47
2018-08-15,41.61
2018-08-16,43.31999999999999
2018-08-17,41.61
2018-08-18,27.36
2018-08-19,27.929999999999996
2018-08-20,43.31999999999999
2018-08-21,46.739999999999995
2018-08-22,48.449999999999996
2018-08-23,49.589999999999996
2018-08-24,49.019999999999996
2018-08-25,30.209999999999997
2018-08-26,29.639999999999997
2018-08-27,50.73
2018-08-28,55.28999999999999
2018-08-29,55.28999999999999
2018-08-30,56.99999999999999
2018-08-31,50.73
2018-09-01,32.4
2018-09-02,30.959999999999997
2018-09-03,36.0
2018-09-04,61.919999999999995
2018-09-05,67.67999999999999
2018-09-06,67.67999999999999
2018-09-07,63.36
2018-09-08,32.4
2018-09-09,33.839999999999996
2018-09-10,64.08
2018-09-11,67.67999999999999
2018-09-12,69.84
2018-09-13,71.28
2018-09-14,65.52
2018-09-15,33.839999999999996
2018-09-16,36.0
2018-09-17,67.67999999999999
2018-09-18,69.84
2018-09-19,66.96
2018-09-20,70.56
2018-09-21,67.67999999999999
2018-09-22,33.839999999999996
2018-09-23,35.28
2018-09-24,69.84
2018-09-25,72.0
2018-09-26,71.28
2018-09-27,72.0
2018-09-28,64.8
2018-09-29,33.12
2018-09-30,34.56
2018-10-01,69.16
2018-10-02,72.2
2018-10-03,72.2
2018-10-04,73.72
2018-10-05,64.6
2018-10-06,33.44
2018-10-07,33.44
2018-10-08,58.52
2018-10-09,72.2
2018-10-10,67.64
2018-10-11,69.16
2018-10-12,66.12
2018-10-13,34.2
2018-10-14,35.72
2018-10-15,67.64
2018-10-16,70.68
2018-10-17,69.92
2018-10-18,69.92
2018-10-19,65.36
2018-10-20,33.44
2018-10-21,35.72
2018-10-22,71.44
2018-10-23,72.2
2018-10-24,69.92
2018-10-25,72.2
2018-10-26,66.12
2018-10-27,34.2
2018-10-28,35.72
2018-10-29,69.16
2018-10-30,76.0
2018-10-31,72.96000000000001
2018-11-01,71.0
2018-11-02,65.32
2018-11-03,31.95
2018-11-04,31.24
2018-11-05,60.349999999999994
2018-11-06,58.93
2018-11-07,57.51
2018-11-08,63.19
2018-11-09,61.769999999999996
2018-11-10,31.24
2018-11-11,31.95
2018-11-12,51.83
2018-11-13,65.32
2018-11-14,66.03
2018-11-15,62.48
2018-11-16,58.22
2018-11-17,31.24
2018-11-18,31.95
2018-11-19,53.25
2018-11-20,52.54
2018-11-21,39.05
2018-11-22,31.24
2018-11-23,31.95
2018-11-24,29.82
2018-11-25,33.37
2018-11-26,59.64
2018-11-27,66.74
2018-11-28,67.45
2018-11-29,67.45
2018-11-30,61.059999999999995
2018-12-01,30.080000000000002
2018-12-02,32.0
2018-12-03,60.160000000000004
2018-12-04,64.0
2018-12-05,64.0
2018-12-06,63.36
2018-12-07,58.88
2018-12-08,30.080000000000002
2018-12-09,31.36
2018-12-10,59.52
2018-12-11,60.800000000000004
2018-12-12,61.44
2018-12-13,62.08
2018-12-14,56.32
2018-12-15,29.44
2018-12-16,30.080000000000002
2018-12-17,53.76
2018-12-18,55.04
2018-12-19,54.4
2018-12-20,50.56
2018-12-21,40.32
2018-12-22,27.52
2018-12-23,26.88
2018-12-24,27.52
2018-12-25,31.36
2018-12-26,31.36
2018-12-27,30.72
2018-12-28,30.080000000000002
2018-12-29,27.52
2018-12-30,26.240000000000002
2018-12-31,27.52
2019-01-01,28.380000000000003
2019-01-02,42.24
2019-01-03,46.2
2019-01-04,45.54
2019-01-05,31.020000000000003
2019-01-06,31.68
2019-01-07,54.78
2019-01-08,62.040000000000006
2019-01-09,64.02
2019-01-10,66.0
2019-01-11,64.02
2019-01-12,31.68
2019-01-13,32.34
2019-01-14,62.040000000000006
2019-01-15,63.36
2019-01-16,64.02
2019-01-17,64.02
2019-01-18,59.400000000000006
2019-01-19,31.020000000000003
2019-01-20,29.700000000000003
2019-01-21,36.300000000000004
2019-01-22,60.06
2019-01-23,63.36
2019-01-24,63.36
2019-01-25,62.040000000000006
2019-01-26,32.34
2019-01-27,33.660000000000004
2019-01-28,59.400000000000006
2019-01-29,61.38
2019-01-30,58.080000000000005
2019-01-31,58.080000000000005
2019-02-01,63.699999999999996
2019-02-02,34.3
2019-02-03,34.3
2019-02-04,63.699999999999996
2019-02-05,70.0
2019-02-06,68.6
2019-02-07,67.19999999999999
2019-02-08,66.5
2019-02-09,35.0
2019-02-10,35.0
2019-02-11,64.39999999999999
2019-02-12,65.1
2019-02-13,68.6
2019-02-14,70.0
2019-02-15,61.599999999999994
2019-02-16,34.3
2019-02-17,32.199999999999996
2019-02-18,45.5
2019-02-19,64.39999999999999
2019-02-20,60.9
2019-02-21,65.1
2019-02-22,64.39999999999999
2019-02-23,32.9
2019-02-24,34.3
2019-02-25,63.699999999999996
2019-02-26,68.6
2019-02-27,67.89999999999999
2019-02-28,67.19999999999999
2019-03-01,60.06
2019-03-02,32.34
2019-03-03,32.34
2019-03-04,58.080000000000005
2019-03-05,62.7
2019-03-06,62.040000000000006
2019-03-07,66.0
2019-03-08,60.06
2019-03-09,31.68
2019-03-10,33.0
2019-03-11,60.06
2019-03-12,62.040000000000006
2019-03-13,61.38
2019-03-14,60.720000000000006
2019-03-15,55.440000000000005
2019-03-16,31.68
2019-03-17,32.34
2019-03-18,62.040000000000006
2019-03-19,63.36
2019-03-20,66.0
2019-03-21,64.02
2019-03-22,58.74
2019-03-23,33.0
2019-03-24,32.34
2019-03-25,60.06
2019-03-26,63.36
2019-03-27,62.040000000000006
2019-03-28,60.06
2019-03-29,56.1
2019-03-30,30.360000000000003
2019-03-31,31.68
2019-04-01,62.31
2019-04-02,61.64
2019-04-03,62.31
2019-04-04,63.650000000000006
2019-04-05,60.300000000000004
2019-04-06,32.830000000000005
2019-04-07,32.830000000000005
2019-04-08,62.980000000000004
2019-04-09,63.650000000000006
2019-04-10,65.66000000000001
2019-04-11,63.650000000000006
2019-04-12,60.970000000000006
2019-04-13,32.160000000000004
2019-04-14,32.830000000000005
2019-04-15,59.63
2019-04-16,59.63
2019-04-17,60.300000000000004
2019-04-18,57.620000000000005
2019-04-19,44.220000000000006
2019-04-20,32.160000000000004
2019-04-21,32.160000000000004
2019-04-22,56.95
2019-04-23,63.650000000000006
2019-04-24,62.980000000000004
2019-04-25,62.31
2019-04-26,58.290000000000006
2019-04-27,32.830000000000005
2019-04-28,35.510000000000005
2019-04-29,66.33
2019-04-30,67.0
2019-05-01,66.24
2019-05-02,66.92999999999999
2019-05-03,63.48
2019-05-04,34.5
2019-05-05,35.19
2019-05-06,66.92999999999999
2019-05-07,69.0
2019-05-08,66.92999999999999
2019-05-09,66.92999999999999
2019-05-10,64.17
2019-05-11,34.5
2019-05-12,35.19
2019-05-13,68.30999999999999
2019-05-14,69.0
2019-05-15,68.30999999999999
2019-05-16,66.92999999999999
2019-05-17,62.099999999999994
2019-05-18,34.5
2019-05-19,35.879999999999995
2019-05-20,64.86
2019-05-21,65.55
2019-05-22,64.17
2019-05-23,60.72
2019-05-24,55.199999999999996
2019-05-25,32.43
2019-05-26,32.43
2019-05-27,35.879999999999995
2019-05-28,58.65
2019-05-29,60.029999999999994
2019-05-30,56.58
2019-05-31,53.129999999999995
2019-06-01,31.5
2019-06-02,34.0
2019-06-03,50.0
2019-06-04,49.5
2019-06-05,50.0
2019-06-06,47.5
2019-06-07,44.5
2019-06-08,31.0
2019-06-09,31.0
2019-06-10,44.0
2019-06-11,45.0
2019-06-12,45.0
2019-06-13,42.5
2019-06-14,38.5
2019-06-15,30.5
2019-06-16,30.0
2019-06-17,40.0
2019-06-18,42.0
2019-06-19,39.0
2019-06-20,39.0
2019-06-21,36.5
2019-06-22,30.0
2019-06-23,29.5
2019-06-24,38.5
2019-06-25,38.5
2019-06-26,39.0
2019-06-27,38.0
2019-06-28,36.5
2019-06-29,30.0
2019-06-30,29.5
2019-07-01,44.620000000000005
2019-07-02,44.160000000000004
2019-07-03,43.7
2019-07-04,34.04
2019-07-05,38.64
2019-07-06,34.04
2019-07-07,34.04
2019-07-08,46.0
2019-07-09,46.0
2019-07-10,45.54
2019-07-11,44.160000000000004
2019-07-12,44.160000000000004
2019-07-13,35.88
2019-07-14,35.42
2019-07-15,45.080000000000005
2019-07-16,45.080000000000005
2019-07-17,45.080000000000005
2019-07-18,44.160000000000004
2019-07-19,42.78
2019-07-20,34.5
2019-07-21,34.5
2019-07-22,43.7
2019-07-23,45.080000000000005
2019-07-24,44.160000000000004
2019-07-25,45.080000000000005
2019-07-26,43.24
2019-07-27,34.96
2019-07-28,34.96
2019-07-29,44.620000000000005
2019-07-30,45.080000000000005
2019-07-31,44.160000000000004
2019-08-01,33.059999999999995
2019-08-02,33.059999999999995
2019-08-03,26.79
2019-08-04,26.22
2019-08-05,34.769999999999996
2019-08-06,35.91
2019-08-07,35.91
2019-08-08,36.48
2019-08-09,35.339999999999996
2019-08-10,27.36
2019-08-11,26.79
2019-08-12,37.62
2019-08-13,42.18
2019-08-14,41.04
2019-08-15,43.31999999999999
2019-08-16,42.74999999999999
2019-08-17,27.929999999999996
2019-08-18,29.069999999999997
2019-08-19,46.169999999999995
2019-08-20,48.449999999999996
2019-08-21,49.019999999999996
2019-08-22,50.73
2019-08-23,49.019999999999996
2019-08-24,30.209999999999997
2019-08-25,30.209999999999997
2019-08-26,51.87
2019-08-27,55.28999999999999
2019-08-28,55.85999999999999
2019-08-29,56.99999999999999
2019-08-30,49.589999999999996
2019-08-31,27.929999999999996
2019-09-01,30.8
2019-09-02,36.96
2019-09-03,63.910000000000004
2019-09-04,66.99
2019-09-05,69.3
2019-09-06,66.22
2019-09-07,33.88
2019-09-08,36.19
2019-09-09,71.61
2019-09-10,72.38
2019-09-11,72.38
2019-09-12,73.92
2019-09-13,68.53
2019-09-14,36.96
2019-09-15,39.27
2019-09-16,73.15
2019-09-17,75.46000000000001
2019-09-18,74.69
2019-09-19,74.69
2019-09-20,70.07000000000001
2019-09-21,35.42
2019-09-22,37.730000000000004
2019-09-23,73.15
2019-09-24,74.69
2019-09-25,76.23
2019-09-26,77.0
2019-09-27,73.15
2019-09-28,36.96
2019-09-29,37.730000000000004
2019-09-30,70.84
2019-10-01,75.66
2019-10-02,78.0
2019-10-03,77.22
2019-10-04,70.98
2019-10-05,35.1
2019-10-06,38.22
2019-10-07,72.54
2019-10-08,75.66
2019-10-09,72.54
2019-10-10,74.10000000000001
2019-10-11,66.3
2019-10-12,35.1
2019-10-13,35.88
2019-10-14,63.18
2019-10-15,74.88
2019-10-16,70.98
2019-10-17,72.54
2019-10-18,66.3
2019-10-19,35.1
2019-10-20,37.44
2019-10-21,70.98
2019-10-22,74.88
2019-10-23,78.0
2019-10-24,75.66
2019-10-25,67.86
2019-10-26,35.1
2019-10-27,37.44
2019-10-28,70.98
2019-10-29,73.32000000000001
2019-10-30,73.32000000000001
2019-10-31,70.2
2019-11-01,60.349999999999994
2019-11-02,34.08
2019-11-03,34.79
2019-11-04,66.74
2019-11-05,64.61
2019-11-06,68.16
2019-11-07,68.16
2019-11-08,64.61
2019-11-09,34.08
2019-11-10,32.66
2019-11-11,53.959999999999994
2019-11-12,67.45
2019-11-13,68.86999999999999
2019-11-14,69.58
2019-11-15,65.32
2019-11-16,34.08
2019-11-17,34.79
2019-11-18,68.86999999999999
2019-11-19,70.28999999999999
2019-11-20,71.0
2019-11-21,68.86999999999999
2019-11-22,64.61
2019-11-23,33.37
2019-11-24,33.37
2019-11-25,56.089999999999996
2019-11-26,53.25
2019-11-27,39.76
2019-11-28,31.24
2019-11-29,33.37
2019-11-30,32.66
2019-12-01,31.5
2019-12-02,56.7
2019-12-03,60.480000000000004
2019-12-04,62.37
2019-12-05,60.480000000000004
2019-12-06,57.33
2019-12-07,30.240000000000002
2019-12-08,30.240000000000002
2019-12-09,59.22
2019-12-10,63.0
2019-12-11,59.85
2019-12-12,59.22
2019-12-13,56.07
2019-12-14,30.87
2019-12-15,30.240000000000002
2019-12-16,55.44
2019-12-17,55.44
2019-12-18,56.07
2019-12-19,51.660000000000004
2019-12-20,42.21
2019-12-21,27.72
2019-12-22,26.46
2019-12-23,30.240000000000002
2019-12-24,28.98
2019-12-25,29.61
2019-12-26,30.87
2019-12-27,30.240000000000002
2019-12-28,27.72
2019-12-29,25.830000000000002
2019-12-30,30.240000000000002
2019-12-31,28.98
2020-01-01,30.82
2020-01-02,40.870000000000005
2020-01-03,42.21
2020-01-04,31.490000000000002
2020-01-05,31.490000000000002
2020-01-06,54.940000000000005
2020-01-07,61.64
2020-01-08,62.980000000000004
2020-01-09,63.650000000000006
2020-01-10,61.64
2020-01-11,32.830000000000005
2020-01-12,32.830000000000005
2020-01-13,60.300000000000004
2020-01-14,60.970000000000006
2020-01-15,62.31
2020-01-16,64.99000000000001
2020-01-17,59.63
2020-01-18,32.830000000000005
2020-01-19,31.490000000000002
2020-01-20,38.86
2020-01-21,64.99000000000001
2020-01-22,67.0
2020-01-23,66.33
2020-01-24,61.64
2020-01-25,34.84
2020-01-26,32.830000000000005
2020-01-27,61.64
2020-01-28,67.0
2020-01-29,66.33
2020-01-30,66.33
2020-01-31,64.32000000000001
2020-02-01,34.5
2020-02-02,34.5
2020-02-03,62.099999999999994
2020-02-04,69.0
2020-02-05,65.55
2020-02-06,65.55
2020-02-07,62.78999999999999
2020-02-08,33.809999999999995
2020-02-09,35.879999999999995
2020-02-10,63.48
2020-02-11,68.30999999999999
2020-02-12,68.30999999999999
2020-02-13,66.92999999999999
2020-02-14,59.339999999999996
2020-02-15,33.12
2020-02-16,33.809999999999995
2020-02-17,44.16
2020-02-18,62.78999999999999
2020-02-19,65.55
2020-02-20,64.86
2020-02-21,60.72
2020-02-22,35.19
2020-02-23,35.19
2020-02-24,66.92999999999999
2020-02-25,68.30999999999999
2020-02-26,66.92999999999999
2020-02-27,66.92999999999999
2020-02-28,64.86
2020-02-29,36.57
2020-03-01,32.12
2020-03-02,59.86
2020-03-03,59.86
2020-03-04,59.86
2020-03-05,60.589999999999996
2020-03-06,57.67
2020-03-07,32.85
2020-03-08,32.85
2020-03-09,56.94
2020-03-10,58.4
2020-03-11,59.129999999999995
2020-03-12,56.94
2020-03-13,54.019999999999996
2020-03-14,35.04
2020-03-15,35.04
2020-03-16,52.56
2020-03-17,56.21
2020-03-18,59.86
2020-03-19,60.589999999999996
2020-03-20,55.48
2020-03-21,37.23
2020-03-22,37.23
2020-03-23,65.7
2020-03-24,67.89
2020-03-25,64.24
2020-03-26,64.97
2020-03-27,59.86
2020-03-28,40.879999999999995
2020-03-29,40.15
2020-03-30,72.27
2020-03-31,73.0
2020-04-01,55.44
2020-04-02,54.56
2020-04-03,52.8
2020-04-04,31.68
2020-04-05,30.8
2020-04-06,55.44
2020-04-07,53.68
2020-04-08,51.92
2020-04-09,50.160000000000004
2020-04-10,41.36
2020-04-11,29.04
2020-04-12,28.16
2020-04-13,51.04
2020-04-14,53.68
2020-04-15,51.92
2020-04-16,51.92
2020-04-17,49.28
2020-04-18,30.8
2020-04-19,29.92
2020-04-20,56.32
2020-04-21,55.44
2020-04-22,56.32
2020-04-23,52.8
2020-04-24,49.28
2020-04-25,29.04
2020-04-26,29.92
2020-04-27,83.6
2020-04-28,86.24
2020-04-29,88.0
2020-04-30,87.12
