date,Johnson & Johnson
2011-01-01,26.64
2011-01-02,26.64
2011-01-03,48.96
2011-01-04,56.879999999999995
2011-01-05,61.199999999999996
2011-01-06,43.92
2011-01-07,38.16
2011-01-08,39.6
2011-01-09,36.0
2011-01-10,42.48
2011-01-11,59.76
2011-01-12,49.68
2011-01-13,68.39999999999999
2011-01-14,52.559999999999995
2011-01-15,56.16
2011-01-16,32.4
2011-01-17,56.16
2011-01-18,61.199999999999996
2011-01-19,58.32
2011-01-20,51.12
2011-01-21,60.48
2011-01-22,28.08
2011-01-23,33.839999999999996
2011-01-24,65.52
2011-01-25,61.919999999999995
2011-01-26,72.0
2011-01-27,62.64
2011-01-28,56.879999999999995
2011-01-29,24.48
2011-01-30,30.959999999999997
2011-01-31,48.239999999999995
2011-02-01,43.66
2011-02-02,40.7
2011-02-03,52.54
2011-02-04,56.24
2011-02-05,31.82
2011-02-06,24.419999999999998
2011-02-07,42.92
2011-02-08,53.28
2011-02-09,63.64
2011-02-10,63.64
2011-02-11,45.88
2011-02-12,31.08
2011-02-13,43.66
2011-02-14,45.14
2011-02-15,74.0
2011-02-16,61.42
2011-02-17,63.64
2011-02-18,67.34
2011-02-19,29.6
2011-02-20,31.82
2011-02-21,42.18
2011-02-22,55.5
2011-02-23,52.54
2011-02-24,45.88
2011-02-25,51.06
2011-02-26,54.76
2011-02-27,34.78
2011-02-28,55.5
2011-03-01,53.9
2011-03-02,70.07000000000001
2011-03-03,54.67
2011-03-04,42.35
2011-03-05,28.490000000000002
2011-03-06,37.730000000000004
2011-03-07,73.92
2011-03-08,69.3
2011-03-09,77.0
2011-03-10,55.44
2011-03-11,56.21
2011-03-12,41.58
2011-03-13,15.4
2011-03-14,64.68
2011-03-15,63.14
2011-03-16,60.06
2011-03-17,55.44
2011-03-18,63.910000000000004
2011-03-19,33.88
2011-03-20,30.03
2011-03-21,53.13
2011-03-22,72.38
2011-03-23,56.21
2011-03-24,72.38
2011-03-25,70.07000000000001
2011-03-26,13.86
2011-03-27,38.5
2011-03-28,60.06
2011-03-29,66.99
2011-03-30,64.68
2011-03-31,60.06
2011-04-01,46.62
2011-04-02,25.16
2011-04-03,37.74
2011-04-04,61.42
2011-04-05,50.32
2011-04-06,42.92
2011-04-07,60.68
2011-04-08,39.96
2011-04-09,34.78
2011-04-10,25.16
2011-04-11,49.58
2011-04-12,62.16
2011-04-13,42.18
2011-04-14,44.4
2011-04-15,55.5
2011-04-16,19.98
2011-04-17,26.64
2011-04-18,56.98
2011-04-19,71.78
2011-04-20,50.32
2011-04-21,74.0
2011-04-22,38.48
2011-04-23,26.64
2011-04-24,28.12
2011-04-25,47.36
2011-04-26,43.66
2011-04-27,55.5
2011-04-28,49.58
2011-04-29,48.839999999999996
2011-04-30,23.68
2011-05-01,25.9
2011-05-02,52.5
2011-05-03,62.99999999999999
2011-05-04,59.49999999999999
2011-05-05,64.39999999999999
2011-05-06,60.199999999999996
2011-05-07,28.0
2011-05-08,32.199999999999996
2011-05-09,64.39999999999999
2011-05-10,62.3
2011-05-11,49.0
2011-05-12,50.4
2011-05-13,50.4
2011-05-14,24.5
2011-05-15,36.4
2011-05-16,67.19999999999999
2011-05-17,46.9
2011-05-18,58.8
2011-05-19,53.9
2011-05-20,42.0
2011-05-21,28.0
2011-05-22,32.9
2011-05-23,50.4
2011-05-24,70.0
2011-05-25,58.099999999999994
2011-05-26,50.4
2011-05-27,51.099999999999994
2011-05-28,28.7
2011-05-29,33.599999999999994
2011-05-30,43.4
2011-05-31,60.9
2011-06-01,48.989999999999995
2011-06-02,58.93
2011-06-03,47.57
2011-06-04,29.82
2011-06-05,19.88
2011-06-06,61.769999999999996
2011-06-07,71.0
2011-06-08,51.83
2011-06-09,43.309999999999995
2011-06-10,58.22
2011-06-11,39.05
2011-06-12,26.27
2011-06-13,35.5
2011-06-14,66.03
2011-06-15,57.51
2011-06-16,61.059999999999995
2011-06-17,40.47
2011-06-18,27.689999999999998
2011-06-19,32.66
2011-06-20,43.309999999999995
2011-06-21,53.25
2011-06-22,56.089999999999996
2011-06-23,44.73
2011-06-24,44.73
2011-06-25,21.299999999999997
2011-06-26,14.91
2011-06-27,47.57
2011-06-28,47.57
2011-06-29,44.019999999999996
2011-06-30,55.379999999999995
2011-07-01,33.55
2011-07-02,37.82
2011-07-03,14.64
2011-07-04,32.33
2011-07-05,43.31
2011-07-06,33.55
2011-07-07,40.87
2011-07-08,51.24
2011-07-09,28.669999999999998
2011-07-10,40.26
2011-07-11,42.089999999999996
2011-07-12,61.0
2011-07-13,52.46
2011-07-14,48.8
2011-07-15,23.18
2011-07-16,24.4
2011-07-17,31.11
2011-07-18,51.24
2011-07-19,58.56
2011-07-20,37.82
2011-07-21,40.26
2011-07-22,37.82
2011-07-23,20.74
2011-07-24,28.06
2011-07-25,45.75
2011-07-26,50.629999999999995
2011-07-27,39.65
2011-07-28,50.019999999999996
2011-07-29,37.82
2011-07-30,21.349999999999998
2011-07-31,35.38
2011-08-01,51.2
2011-08-02,58.24
2011-08-03,62.72
2011-08-04,61.44
2011-08-05,48.64
2011-08-06,34.56
2011-08-07,35.2
2011-08-08,47.36
2011-08-09,58.24
2011-08-10,56.96
2011-08-11,62.72
2011-08-12,50.56
2011-08-13,23.04
2011-08-14,38.4
2011-08-15,50.56
2011-08-16,51.84
2011-08-17,48.64
2011-08-18,49.28
2011-08-19,58.24
2011-08-20,30.72
2011-08-21,32.64
2011-08-22,58.24
2011-08-23,41.6
2011-08-24,57.6
2011-08-25,49.92
2011-08-26,64.0
2011-08-27,25.6
2011-08-28,17.92
2011-08-29,61.44
2011-08-30,48.0
2011-08-31,58.88
2011-09-01,63.0
2011-09-02,37.17
2011-09-03,20.16
2011-09-04,32.76
2011-09-05,37.17
2011-09-06,43.47
2011-09-07,50.4
2011-09-08,50.4
2011-09-09,50.4
2011-09-10,30.87
2011-09-11,30.240000000000002
2011-09-12,51.660000000000004
2011-09-13,61.11
2011-09-14,45.36
2011-09-15,41.58
2011-09-16,41.58
2011-09-17,20.16
2011-09-18,36.54
2011-09-19,40.95
2011-09-20,50.4
2011-09-21,32.13
2011-09-22,46.62
2011-09-23,35.910000000000004
2011-09-24,26.46
2011-09-25,36.54
2011-09-26,38.43
2011-09-27,42.21
2011-09-28,50.4
2011-09-29,44.1
2011-09-30,37.8
2011-10-01,33.059999999999995
2011-10-02,24.36
2011-10-03,43.5
2011-10-04,43.5
2011-10-05,38.86
2011-10-06,37.12
2011-10-07,38.279999999999994
2011-10-08,22.04
2011-10-09,21.459999999999997
2011-10-10,42.339999999999996
2011-10-11,40.019999999999996
2011-10-12,45.82
2011-10-13,46.98
2011-10-14,38.279999999999994
2011-10-15,16.24
2011-10-16,20.88
2011-10-17,38.279999999999994
2011-10-18,50.459999999999994
2011-10-19,33.64
2011-10-20,57.99999999999999
2011-10-21,46.98
2011-10-22,23.2
2011-10-23,23.779999999999998
2011-10-24,54.519999999999996
2011-10-25,40.599999999999994
2011-10-26,45.82
2011-10-27,34.8
2011-10-28,42.339999999999996
2011-10-29,26.099999999999998
2011-10-30,18.56
2011-10-31,42.919999999999995
2011-11-01,57.96
2011-11-02,63.0
2011-11-03,49.14
2011-11-04,41.58
2011-11-05,24.57
2011-11-06,31.5
2011-11-07,58.59
2011-11-08,49.77
2011-11-09,52.92
2011-11-10,32.76
2011-11-11,45.36
2011-11-12,28.35
2011-11-13,21.42
2011-11-14,48.51
2011-11-15,42.84
2011-11-16,47.25
2011-11-17,45.99
2011-11-18,54.18
2011-11-19,34.65
2011-11-20,16.38
2011-11-21,36.54
2011-11-22,37.8
2011-11-23,33.39
2011-11-24,11.97
2011-11-25,16.38
2011-11-26,23.31
2011-11-27,35.910000000000004
2011-11-28,39.69
2011-11-29,42.21
2011-11-30,35.910000000000004
2011-12-01,41.82
2011-12-02,40.29
2011-12-03,28.05
2011-12-04,23.97
2011-12-05,36.72
2011-12-06,34.17
2011-12-07,51.0
2011-12-08,45.39
2011-12-09,27.54
2011-12-10,22.95
2011-12-11,19.38
2011-12-12,33.660000000000004
2011-12-13,43.35
2011-12-14,34.17
2011-12-15,31.62
2011-12-16,43.35
2011-12-17,15.81
2011-12-18,17.85
2011-12-19,32.13
2011-12-20,38.76
2011-12-21,39.27
2011-12-22,39.27
2011-12-23,33.660000000000004
2011-12-24,17.85
2011-12-25,20.91
2011-12-26,17.85
2011-12-27,26.52
2011-12-28,21.42
2011-12-29,34.68
2011-12-30,31.62
2011-12-31,19.38
2012-01-01,22.400000000000002
2012-01-02,20.160000000000004
2012-01-03,30.240000000000002
2012-01-04,35.28
2012-01-05,38.64
2012-01-06,43.68000000000001
2012-01-07,31.360000000000003
2012-01-08,28.560000000000002
2012-01-09,45.36000000000001
2012-01-10,54.32000000000001
2012-01-11,49.28
2012-01-12,50.96000000000001
2012-01-13,39.760000000000005
2012-01-14,31.92
2012-01-15,10.080000000000002
2012-01-16,40.32000000000001
2012-01-17,45.92
2012-01-18,38.080000000000005
2012-01-19,49.84
2012-01-20,56.00000000000001
2012-01-21,24.64
2012-01-22,13.440000000000001
2012-01-23,56.00000000000001
2012-01-24,50.400000000000006
2012-01-25,39.760000000000005
2012-01-26,40.32000000000001
2012-01-27,41.440000000000005
2012-01-28,12.88
2012-01-29,26.880000000000003
2012-01-30,53.2
2012-01-31,44.24
2012-02-01,53.36
2012-02-02,48.13999999999999
2012-02-03,35.96
2012-02-04,19.139999999999997
2012-02-05,33.059999999999995
2012-02-06,50.459999999999994
2012-02-07,49.3
2012-02-08,43.5
2012-02-09,53.94
2012-02-10,52.199999999999996
2012-02-11,29.58
2012-02-12,17.98
2012-02-13,43.5
2012-02-14,52.199999999999996
2012-02-15,57.99999999999999
2012-02-16,55.099999999999994
2012-02-17,40.599999999999994
2012-02-18,24.36
2012-02-19,22.04
2012-02-20,49.879999999999995
2012-02-21,56.26
2012-02-22,41.18
2012-02-23,52.779999999999994
2012-02-24,49.879999999999995
2012-02-25,30.159999999999997
2012-02-26,37.12
2012-02-27,38.86
2012-02-28,46.98
2012-02-29,50.459999999999994
2012-03-01,39.9
2012-03-02,48.449999999999996
2012-03-03,26.22
2012-03-04,31.349999999999998
2012-03-05,56.99999999999999
2012-03-06,54.72
2012-03-07,30.779999999999998
2012-03-08,53.01
2012-03-09,40.47
2012-03-10,29.639999999999997
2012-03-11,18.24
2012-03-12,55.85999999999999
2012-03-13,47.309999999999995
2012-03-14,45.599999999999994
2012-03-15,49.019999999999996
2012-03-16,36.48
2012-03-17,21.09
2012-03-18,19.95
2012-03-19,50.16
2012-03-20,44.459999999999994
2012-03-21,41.61
2012-03-22,51.87
2012-03-23,54.15
2012-03-24,30.209999999999997
2012-03-25,26.22
2012-03-26,40.47
2012-03-27,45.599999999999994
2012-03-28,43.31999999999999
2012-03-29,43.88999999999999
2012-03-30,25.65
2012-03-31,26.22
2012-04-01,35.4
2012-04-02,50.739999999999995
2012-04-03,59.0
2012-04-04,47.199999999999996
2012-04-05,50.15
2012-04-06,31.27
2012-04-07,23.009999999999998
2012-04-08,20.06
2012-04-09,46.61
2012-04-10,34.809999999999995
2012-04-11,48.379999999999995
2012-04-12,37.169999999999995
2012-04-13,33.629999999999995
2012-04-14,22.419999999999998
2012-04-15,35.4
2012-04-16,47.199999999999996
2012-04-17,41.89
2012-04-18,54.279999999999994
2012-04-19,54.279999999999994
2012-04-20,38.35
2012-04-21,24.779999999999998
2012-04-22,25.369999999999997
2012-04-23,40.12
2012-04-24,43.66
2012-04-25,58.41
2012-04-26,52.51
2012-04-27,28.91
2012-04-28,32.449999999999996
2012-04-29,31.27
2012-04-30,40.12
2012-05-01,35.19
2012-05-02,39.78
2012-05-03,45.9
2012-05-04,34.68
2012-05-05,19.38
2012-05-06,22.95
2012-05-07,34.68
2012-05-08,32.13
2012-05-09,40.29
2012-05-10,26.52
2012-05-11,32.64
2012-05-12,19.38
2012-05-13,20.4
2012-05-14,27.03
2012-05-15,33.660000000000004
2012-05-16,51.0
2012-05-17,27.54
2012-05-18,40.8
2012-05-19,21.93
2012-05-20,17.85
2012-05-21,40.29
2012-05-22,38.76
2012-05-23,44.37
2012-05-24,36.21
2012-05-25,31.62
2012-05-26,24.48
2012-05-27,11.22
2012-05-28,23.97
2012-05-29,35.19
2012-05-30,42.33
2012-05-31,35.7
2012-06-01,31.720000000000002
2012-06-02,17.68
2012-06-03,15.08
2012-06-04,40.56
2012-06-05,36.92
2012-06-06,35.36
2012-06-07,41.08
2012-06-08,31.200000000000003
2012-06-09,21.32
2012-06-10,22.36
2012-06-11,38.480000000000004
2012-06-12,41.6
2012-06-13,36.92
2012-06-14,44.2
2012-06-15,35.36
2012-06-16,13.0
2012-06-17,18.2
2012-06-18,36.92
2012-06-19,44.72
2012-06-20,27.560000000000002
2012-06-21,38.480000000000004
2012-06-22,26.52
2012-06-23,22.36
2012-06-24,28.6
2012-06-25,37.96
2012-06-26,52.0
2012-06-27,35.88
2012-06-28,30.68
2012-06-29,32.76
2012-06-30,13.0
2012-07-01,20.64
2012-07-02,36.0
2012-07-03,36.96
2012-07-04,22.08
2012-07-05,39.839999999999996
2012-07-06,28.32
2012-07-07,23.04
2012-07-08,16.8
2012-07-09,40.8
2012-07-10,38.879999999999995
2012-07-11,44.64
2012-07-12,38.879999999999995
2012-07-13,28.32
2012-07-14,21.119999999999997
2012-07-15,16.8
2012-07-16,40.8
2012-07-17,35.04
2012-07-18,48.0
2012-07-19,32.64
2012-07-20,34.08
2012-07-21,17.759999999999998
2012-07-22,14.879999999999999
2012-07-23,38.4
2012-07-24,36.96
2012-07-25,38.4
2012-07-26,36.0
2012-07-27,34.56
2012-07-28,17.28
2012-07-29,17.759999999999998
2012-07-30,35.519999999999996
2012-07-31,29.279999999999998
2012-08-01,34.720000000000006
2012-08-02,47.040000000000006
2012-08-03,37.52
2012-08-04,23.520000000000003
2012-08-05,14.000000000000002
2012-08-06,40.32000000000001
2012-08-07,33.6
2012-08-08,39.2
2012-08-09,31.92
2012-08-10,33.040000000000006
2012-08-11,18.48
2012-08-12,26.320000000000004
2012-08-13,56.00000000000001
2012-08-14,52.080000000000005
2012-08-15,38.64
2012-08-16,43.68000000000001
2012-08-17,29.680000000000003
2012-08-18,19.040000000000003
2012-08-19,25.200000000000003
2012-08-20,46.480000000000004
2012-08-21,46.480000000000004
2012-08-22,47.040000000000006
2012-08-23,28.560000000000002
2012-08-24,43.120000000000005
2012-08-25,19.6
2012-08-26,18.48
2012-08-27,33.6
2012-08-28,39.2
2012-08-29,40.88
2012-08-30,44.800000000000004
2012-08-31,30.800000000000004
2012-09-01,17.28
2012-09-02,23.52
2012-09-03,18.24
2012-09-04,46.08
2012-09-05,48.0
2012-09-06,31.68
2012-09-07,21.599999999999998
2012-09-08,28.32
2012-09-09,23.04
2012-09-10,27.84
2012-09-11,37.92
2012-09-12,36.0
2012-09-13,32.16
2012-09-14,24.96
2012-09-15,16.8
2012-09-16,13.44
2012-09-17,35.04
2012-09-18,35.519999999999996
2012-09-19,30.72
2012-09-20,41.76
2012-09-21,25.919999999999998
2012-09-22,17.759999999999998
2012-09-23,19.2
2012-09-24,38.4
2012-09-25,32.64
2012-09-26,38.4
2012-09-27,41.28
2012-09-28,32.64
2012-09-29,14.399999999999999
2012-09-30,22.08
2012-10-01,40.419999999999995
2012-10-02,42.769999999999996
2012-10-03,47.0
2012-10-04,29.139999999999997
2012-10-05,29.139999999999997
2012-10-06,16.919999999999998
2012-10-07,16.45
2012-10-08,33.839999999999996
2012-10-09,35.72
2012-10-10,30.08
2012-10-11,43.71
2012-10-12,44.65
2012-10-13,17.86
2012-10-14,26.32
2012-10-15,42.769999999999996
2012-10-16,39.949999999999996
2012-10-17,42.3
2012-10-18,34.309999999999995
2012-10-19,32.43
2012-10-20,15.51
2012-10-21,26.32
2012-10-22,43.71
2012-10-23,43.71
2012-10-24,40.89
2012-10-25,35.72
2012-10-26,32.9
2012-10-27,22.09
2012-10-28,11.28
2012-10-29,35.25
2012-10-30,41.36
2012-10-31,41.36
2012-11-01,8.0
2012-11-02,10.0
2012-11-03,6.0
2012-11-04,8.0
2012-11-05,98.0
2012-11-06,100.0
2012-11-07,15.0
2012-11-08,8.0
2012-11-09,7.0
2012-11-10,3.0
2012-11-11,3.0
2012-11-12,5.0
2012-11-13,9.0
2012-11-14,7.0
2012-11-15,9.0
2012-11-16,8.0
2012-11-17,4.0
2012-11-18,4.0
2012-11-19,6.0
2012-11-20,8.0
2012-11-21,7.0
2012-11-22,5.0
2012-11-23,4.0
2012-11-24,4.0
2012-11-25,4.0
2012-11-26,6.0
2012-11-27,8.0
2012-11-28,8.0
2012-11-29,8.0
2012-11-30,6.0
2012-12-01,13.94
2012-12-02,13.12
2012-12-03,31.569999999999997
2012-12-04,41.0
2012-12-05,35.669999999999995
2012-12-06,40.589999999999996
2012-12-07,40.589999999999996
2012-12-08,35.669999999999995
2012-12-09,20.09
2012-12-10,17.63
2012-12-11,26.65
2012-12-12,28.7
2012-12-13,38.54
2012-12-14,25.419999999999998
2012-12-15,17.22
2012-12-16,12.299999999999999
2012-12-17,40.18
2012-12-18,29.93
2012-12-19,34.03
2012-12-20,32.39
2012-12-21,32.8
2012-12-22,17.22
2012-12-23,20.09
2012-12-24,12.709999999999999
2012-12-25,7.38
2012-12-26,29.93
2012-12-27,27.06
2012-12-28,34.03
2012-12-29,18.45
2012-12-30,16.81
2012-12-31,21.32
2013-01-01,11.25
2013-01-02,29.25
2013-01-03,29.25
2013-01-04,29.7
2013-01-05,14.85
2013-01-06,17.55
2013-01-07,40.050000000000004
2013-01-08,30.6
2013-01-09,38.7
2013-01-10,22.95
2013-01-11,30.150000000000002
2013-01-12,16.650000000000002
2013-01-13,26.55
2013-01-14,35.1
2013-01-15,36.9
2013-01-16,38.25
2013-01-17,26.1
2013-01-18,27.900000000000002
2013-01-19,14.85
2013-01-20,17.1
2013-01-21,30.150000000000002
2013-01-22,28.35
2013-01-23,28.35
2013-01-24,28.8
2013-01-25,32.4
2013-01-26,18.900000000000002
2013-01-27,15.75
2013-01-28,36.45
2013-01-29,45.0
2013-01-30,28.8
2013-01-31,25.2
2013-02-01,35.04
2013-02-02,26.4
2013-02-03,23.04
2013-02-04,22.56
2013-02-05,35.04
2013-02-06,32.64
2013-02-07,36.48
2013-02-08,36.96
2013-02-09,16.8
2013-02-10,29.759999999999998
2013-02-11,36.48
2013-02-12,35.04
2013-02-13,48.0
2013-02-14,32.16
2013-02-15,46.08
2013-02-16,17.759999999999998
2013-02-17,22.56
2013-02-18,26.88
2013-02-19,34.08
2013-02-20,27.36
2013-02-21,31.68
2013-02-22,45.12
2013-02-23,27.36
2013-02-24,23.04
2013-02-25,40.32
2013-02-26,30.24
2013-02-27,42.239999999999995
2013-02-28,25.919999999999998
2013-03-01,35.5
2013-03-02,19.0
2013-03-03,25.5
2013-03-04,26.5
2013-03-05,35.0
2013-03-06,41.5
2013-03-07,42.5
2013-03-08,46.0
2013-03-09,32.0
2013-03-10,19.5
2013-03-11,48.5
2013-03-12,40.0
2013-03-13,48.5
2013-03-14,40.0
2013-03-15,46.0
2013-03-16,11.5
2013-03-17,26.0
2013-03-18,35.0
2013-03-19,40.0
2013-03-20,50.0
2013-03-21,36.0
2013-03-22,33.0
2013-03-23,24.5
2013-03-24,30.5
2013-03-25,41.5
2013-03-26,43.5
2013-03-27,44.5
2013-03-28,40.0
2013-03-29,35.0
2013-03-30,17.0
2013-03-31,14.0
2013-04-01,45.08
2013-04-02,48.51
2013-04-03,46.06
2013-04-04,41.65
2013-04-05,49.0
2013-04-06,23.52
2013-04-07,24.5
2013-04-08,49.0
2013-04-09,43.12
2013-04-10,44.1
2013-04-11,39.69
2013-04-12,28.419999999999998
2013-04-13,32.339999999999996
2013-04-14,26.95
2013-04-15,41.65
2013-04-16,36.75
2013-04-17,40.18
2013-04-18,37.73
2013-04-19,41.16
2013-04-20,21.56
2013-04-21,24.99
2013-04-22,32.339999999999996
2013-04-23,36.26
2013-04-24,37.24
2013-04-25,32.83
2013-04-26,27.439999999999998
2013-04-27,15.19
2013-04-28,17.15
2013-04-29,42.63
2013-04-30,37.24
2013-05-01,24.5
2013-05-02,37.73
2013-05-03,49.0
2013-05-04,18.13
2013-05-05,15.19
2013-05-06,35.769999999999996
2013-05-07,35.769999999999996
2013-05-08,42.14
2013-05-09,30.87
2013-05-10,33.32
2013-05-11,21.07
2013-05-12,17.64
2013-05-13,28.91
2013-05-14,25.97
2013-05-15,39.2
2013-05-16,35.769999999999996
2013-05-17,31.849999999999998
2013-05-18,18.13
2013-05-19,17.64
2013-05-20,37.24
2013-05-21,38.71
2013-05-22,31.849999999999998
2013-05-23,33.81
2013-05-24,24.5
2013-05-25,20.58
2013-05-26,8.82
2013-05-27,18.62
2013-05-28,31.849999999999998
2013-05-29,34.79
2013-05-30,37.73
2013-05-31,30.87
2013-06-01,10.75
2013-06-02,14.62
2013-06-03,33.54
2013-06-04,32.68
2013-06-05,30.96
2013-06-06,32.25
2013-06-07,31.39
2013-06-08,13.76
2013-06-09,14.19
2013-06-10,29.669999999999998
2013-06-11,31.82
2013-06-12,24.509999999999998
2013-06-13,27.52
2013-06-14,27.52
2013-06-15,18.06
2013-06-16,16.34
2013-06-17,32.25
2013-06-18,37.41
2013-06-19,28.81
2013-06-20,34.4
2013-06-21,22.36
2013-06-22,21.07
2013-06-23,19.35
2013-06-24,41.71
2013-06-25,32.68
2013-06-26,28.81
2013-06-27,43.0
2013-06-28,34.83
2013-06-29,22.79
2013-06-30,18.06
2013-07-01,30.72
2013-07-02,30.72
2013-07-03,38.879999999999995
2013-07-04,17.759999999999998
2013-07-05,15.36
2013-07-06,16.8
2013-07-07,14.879999999999999
2013-07-08,39.839999999999996
2013-07-09,48.0
2013-07-10,38.879999999999995
2013-07-11,33.6
2013-07-12,28.32
2013-07-13,17.28
2013-07-14,10.08
2013-07-15,30.24
2013-07-16,27.84
2013-07-17,43.199999999999996
2013-07-18,30.72
2013-07-19,30.72
2013-07-20,11.52
2013-07-21,25.439999999999998
2013-07-22,30.24
2013-07-23,40.32
2013-07-24,38.4
2013-07-25,46.08
2013-07-26,39.839999999999996
2013-07-27,22.08
2013-07-28,22.08
2013-07-29,26.88
2013-07-30,32.64
2013-07-31,37.44
2013-08-01,41.36
2013-08-02,31.49
2013-08-03,20.209999999999997
2013-08-04,17.39
2013-08-05,42.769999999999996
2013-08-06,28.669999999999998
2013-08-07,47.0
2013-08-08,35.72
2013-08-09,23.029999999999998
2013-08-10,15.51
2013-08-11,25.849999999999998
2013-08-12,40.89
2013-08-13,45.589999999999996
2013-08-14,26.32
2013-08-15,44.65
2013-08-16,41.36
2013-08-17,28.669999999999998
2013-08-18,13.629999999999999
2013-08-19,45.12
2013-08-20,43.239999999999995
2013-08-21,41.36
2013-08-22,39.949999999999996
2013-08-23,28.2
2013-08-24,22.09
2013-08-25,15.04
2013-08-26,32.9
2013-08-27,44.65
2013-08-28,39.48
2013-08-29,32.9
2013-08-30,32.43
2013-08-31,24.439999999999998
2013-09-01,17.5
2013-09-02,19.0
2013-09-03,39.0
2013-09-04,43.5
2013-09-05,47.0
2013-09-06,35.0
2013-09-07,28.5
2013-09-08,18.5
2013-09-09,49.0
2013-09-10,38.5
2013-09-11,36.5
2013-09-12,43.0
2013-09-13,37.0
2013-09-14,22.5
2013-09-15,18.5
2013-09-16,27.5
2013-09-17,39.0
2013-09-18,45.0
2013-09-19,30.0
2013-09-20,37.0
2013-09-21,25.5
2013-09-22,21.0
2013-09-23,33.0
2013-09-24,50.0
2013-09-25,34.5
2013-09-26,39.5
2013-09-27,28.0
2013-09-28,17.5
2013-09-29,27.0
2013-09-30,43.5
2013-10-01,48.0
2013-10-02,36.0
2013-10-03,32.16
2013-10-04,31.68
2013-10-05,24.96
2013-10-06,25.919999999999998
2013-10-07,45.12
2013-10-08,31.68
2013-10-09,37.92
2013-10-10,39.36
2013-10-11,44.16
2013-10-12,18.72
2013-10-13,10.08
2013-10-14,43.199999999999996
2013-10-15,38.4
2013-10-16,37.44
2013-10-17,37.44
2013-10-18,36.96
2013-10-19,26.88
2013-10-20,22.56
2013-10-21,38.879999999999995
2013-10-22,38.4
2013-10-23,26.88
2013-10-24,36.48
2013-10-25,34.08
2013-10-26,20.64
2013-10-27,20.16
2013-10-28,32.64
2013-10-29,40.32
2013-10-30,33.12
2013-10-31,41.76
2013-11-01,20.209999999999997
2013-11-02,11.75
2013-11-03,13.629999999999999
2013-11-04,39.01
2013-11-05,47.0
2013-11-06,30.549999999999997
2013-11-07,36.19
2013-11-08,26.32
2013-11-09,18.33
2013-11-10,15.979999999999999
2013-11-11,31.959999999999997
2013-11-12,31.959999999999997
2013-11-13,40.89
2013-11-14,28.2
2013-11-15,31.49
2013-11-16,13.629999999999999
2013-11-17,14.569999999999999
2013-11-18,39.01
2013-11-19,43.71
2013-11-20,38.54
2013-11-21,30.549999999999997
2013-11-22,21.15
2013-11-23,14.1
2013-11-24,17.39
2013-11-25,31.959999999999997
2013-11-26,23.029999999999998
2013-11-27,26.32
2013-11-28,12.219999999999999
2013-11-29,11.28
2013-11-30,11.75
2013-12-01,13.94
2013-12-02,38.54
2013-12-03,29.52
2013-12-04,37.72
2013-12-05,38.949999999999996
2013-12-06,37.309999999999995
2013-12-07,24.599999999999998
2013-12-08,20.5
2013-12-09,34.44
2013-12-10,37.309999999999995
2013-12-11,30.34
2013-12-12,41.0
2013-12-13,35.26
2013-12-14,23.369999999999997
2013-12-15,19.27
2013-12-16,38.129999999999995
2013-12-17,36.9
2013-12-18,40.589999999999996
2013-12-19,25.419999999999998
2013-12-20,26.24
2013-12-21,12.709999999999999
2013-12-22,16.4
2013-12-23,24.599999999999998
2013-12-24,20.91
2013-12-25,6.1499999999999995
2013-12-26,35.669999999999995
2013-12-27,21.73
2013-12-28,15.989999999999998
2013-12-29,22.549999999999997
2013-12-30,37.309999999999995
2013-12-31,24.189999999999998
2014-01-01,26.4
2014-01-02,30.8
2014-01-03,23.32
2014-01-04,20.24
2014-01-05,20.68
2014-01-06,29.04
2014-01-07,25.080000000000002
2014-01-08,41.8
2014-01-09,39.160000000000004
2014-01-10,30.36
2014-01-11,14.52
2014-01-12,25.96
2014-01-13,27.72
2014-01-14,36.96
2014-01-15,44.0
2014-01-16,29.48
2014-01-17,40.92
2014-01-18,19.8
2014-01-19,12.76
2014-01-20,27.28
2014-01-21,44.0
2014-01-22,33.44
2014-01-23,32.12
2014-01-24,35.2
2014-01-25,22.0
2014-01-26,25.080000000000002
2014-01-27,37.84
2014-01-28,35.64
2014-01-29,27.72
2014-01-30,29.92
2014-01-31,32.56
2014-02-01,26.220000000000002
2014-02-02,20.7
2014-02-03,43.7
2014-02-04,45.080000000000005
2014-02-05,41.86
2014-02-06,46.0
2014-02-07,25.3
2014-02-08,24.84
2014-02-09,20.7
2014-02-10,26.220000000000002
2014-02-11,36.800000000000004
2014-02-12,39.56
2014-02-13,24.380000000000003
2014-02-14,28.060000000000002
2014-02-15,17.02
2014-02-16,18.400000000000002
2014-02-17,37.72
2014-02-18,39.56
2014-02-19,41.86
2014-02-20,39.56
2014-02-21,34.04
2014-02-22,22.540000000000003
2014-02-23,18.86
2014-02-24,39.1
2014-02-25,30.360000000000003
2014-02-26,38.18
2014-02-27,41.4
2014-02-28,27.6
2014-03-01,20.25
2014-03-02,19.8
2014-03-03,31.05
2014-03-04,28.35
2014-03-05,41.4
2014-03-06,35.550000000000004
2014-03-07,38.7
2014-03-08,18.0
2014-03-09,25.650000000000002
2014-03-10,29.25
2014-03-11,25.650000000000002
2014-03-12,29.7
2014-03-13,24.75
2014-03-14,26.1
2014-03-15,17.55
2014-03-16,27.0
2014-03-17,34.65
2014-03-18,26.55
2014-03-19,45.0
2014-03-20,33.300000000000004
2014-03-21,43.65
2014-03-22,12.6
2014-03-23,26.1
2014-03-24,38.25
2014-03-25,30.150000000000002
2014-03-26,35.1
2014-03-27,25.650000000000002
2014-03-28,41.4
2014-03-29,22.05
2014-03-30,13.950000000000001
2014-03-31,27.900000000000002
2014-04-01,34.5
2014-04-02,21.62
2014-04-03,46.0
2014-04-04,36.34
2014-04-05,22.080000000000002
2014-04-06,13.8
2014-04-07,20.240000000000002
2014-04-08,37.260000000000005
2014-04-09,23.0
2014-04-10,28.060000000000002
2014-04-11,29.44
2014-04-12,21.16
2014-04-13,11.040000000000001
2014-04-14,28.98
2014-04-15,32.2
2014-04-16,36.34
2014-04-17,34.96
2014-04-18,33.58
2014-04-19,14.26
2014-04-20,11.96
2014-04-21,27.6
2014-04-22,26.220000000000002
2014-04-23,38.64
2014-04-24,18.86
2014-04-25,27.6
2014-04-26,17.02
2014-04-27,24.84
2014-04-28,34.96
2014-04-29,31.28
2014-04-30,29.900000000000002
2014-05-01,33.18
2014-05-02,18.48
2014-05-03,22.259999999999998
2014-05-04,13.86
2014-05-05,28.14
2014-05-06,36.12
2014-05-07,31.919999999999998
2014-05-08,29.82
2014-05-09,23.52
2014-05-10,18.9
2014-05-11,22.259999999999998
2014-05-12,30.66
2014-05-13,28.14
2014-05-14,33.6
2014-05-15,30.24
2014-05-16,24.779999999999998
2014-05-17,11.34
2014-05-18,15.959999999999999
2014-05-19,29.82
2014-05-20,25.2
2014-05-21,27.72
2014-05-22,35.28
2014-05-23,34.019999999999996
2014-05-24,22.259999999999998
2014-05-25,18.48
2014-05-26,14.7
2014-05-27,35.699999999999996
2014-05-28,42.0
2014-05-29,29.4
2014-05-30,36.54
2014-05-31,18.48
2014-06-01,7.31
2014-06-02,38.7
2014-06-03,28.81
2014-06-04,28.81
2014-06-05,35.69
2014-06-06,22.79
2014-06-07,12.47
2014-06-08,13.76
2014-06-09,27.52
2014-06-10,36.12
2014-06-11,39.13
2014-06-12,27.09
2014-06-13,30.099999999999998
2014-06-14,16.77
2014-06-15,18.919999999999998
2014-06-16,30.099999999999998
2014-06-17,37.41
2014-06-18,36.98
2014-06-19,33.54
2014-06-20,22.36
2014-06-21,18.06
2014-06-22,15.049999999999999
2014-06-23,33.11
2014-06-24,41.28
2014-06-25,33.97
2014-06-26,43.0
2014-06-27,24.08
2014-06-28,11.61
2014-06-29,15.91
2014-06-30,32.25
2014-07-01,36.0
2014-07-02,37.44
2014-07-03,28.32
2014-07-04,18.24
2014-07-05,14.879999999999999
2014-07-06,25.439999999999998
2014-07-07,37.44
2014-07-08,34.08
2014-07-09,48.0
2014-07-10,39.839999999999996
2014-07-11,35.519999999999996
2014-07-12,23.04
2014-07-13,16.32
2014-07-14,36.0
2014-07-15,36.0
2014-07-16,36.48
2014-07-17,34.08
2014-07-18,42.72
2014-07-19,21.599999999999998
2014-07-20,17.28
2014-07-21,35.519999999999996
2014-07-22,39.36
2014-07-23,47.519999999999996
2014-07-24,38.4
2014-07-25,34.08
2014-07-26,20.16
2014-07-27,9.12
2014-07-28,37.44
2014-07-29,46.08
2014-07-30,36.48
2014-07-31,46.559999999999995
2014-08-01,20.25
2014-08-02,18.900000000000002
2014-08-03,23.85
2014-08-04,39.15
2014-08-05,38.25
2014-08-06,36.45
2014-08-07,45.0
2014-08-08,40.050000000000004
2014-08-09,20.25
2014-08-10,18.900000000000002
2014-08-11,35.550000000000004
2014-08-12,36.45
2014-08-13,42.75
2014-08-14,40.050000000000004
2014-08-15,35.1
2014-08-16,27.45
2014-08-17,21.150000000000002
2014-08-18,34.65
2014-08-19,22.05
2014-08-20,33.300000000000004
2014-08-21,34.2
2014-08-22,28.8
2014-08-23,20.7
2014-08-24,18.45
2014-08-25,35.550000000000004
2014-08-26,43.65
2014-08-27,38.25
2014-08-28,34.65
2014-08-29,31.5
2014-08-30,17.55
2014-08-31,18.45
2014-09-01,14.399999999999999
2014-09-02,35.04
2014-09-03,27.84
2014-09-04,35.04
2014-09-05,38.879999999999995
2014-09-06,33.6
2014-09-07,21.599999999999998
2014-09-08,36.0
2014-09-09,32.16
2014-09-10,33.12
2014-09-11,48.0
2014-09-12,33.12
2014-09-13,23.52
2014-09-14,16.8
2014-09-15,43.199999999999996
2014-09-16,34.08
2014-09-17,44.16
2014-09-18,29.759999999999998
2014-09-19,32.16
2014-09-20,20.64
2014-09-21,13.44
2014-09-22,37.44
2014-09-23,42.239999999999995
2014-09-24,47.04
2014-09-25,36.96
2014-09-26,25.439999999999998
2014-09-27,12.48
2014-09-28,17.28
2014-09-29,31.68
2014-09-30,43.199999999999996
2014-10-01,36.0
2014-10-02,31.05
2014-10-03,21.6
2014-10-04,17.1
2014-10-05,21.150000000000002
2014-10-06,45.0
2014-10-07,33.75
2014-10-08,38.25
2014-10-09,24.3
2014-10-10,24.3
2014-10-11,19.8
2014-10-12,18.0
2014-10-13,25.2
2014-10-14,37.800000000000004
2014-10-15,34.65
2014-10-16,37.35
2014-10-17,32.4
2014-10-18,13.05
2014-10-19,19.8
2014-10-20,29.7
2014-10-21,24.75
2014-10-22,37.800000000000004
2014-10-23,27.45
2014-10-24,24.3
2014-10-25,8.55
2014-10-26,8.55
2014-10-27,17.55
2014-10-28,21.150000000000002
2014-10-29,35.550000000000004
2014-10-30,29.7
2014-10-31,19.8
2014-11-01,12.09
2014-11-02,21.060000000000002
2014-11-03,28.86
2014-11-04,33.54
2014-11-05,33.54
2014-11-06,35.49
2014-11-07,25.740000000000002
2014-11-08,18.330000000000002
2014-11-09,12.48
2014-11-10,27.3
2014-11-11,33.93
2014-11-12,29.25
2014-11-13,24.57
2014-11-14,28.86
2014-11-15,19.5
2014-11-16,16.77
2014-11-17,31.200000000000003
2014-11-18,39.0
2014-11-19,39.0
2014-11-20,36.660000000000004
2014-11-21,30.03
2014-11-22,12.870000000000001
2014-11-23,9.36
2014-11-24,23.01
2014-11-25,24.18
2014-11-26,20.28
2014-11-27,12.48
2014-11-28,14.43
2014-11-29,15.99
2014-11-30,7.41
2014-12-01,23.799999999999997
2014-12-02,24.15
2014-12-03,29.749999999999996
2014-12-04,29.749999999999996
2014-12-05,28.349999999999998
2014-12-06,19.25
2014-12-07,11.549999999999999
2014-12-08,30.45
2014-12-09,33.25
2014-12-10,35.0
2014-12-11,25.9
2014-12-12,23.799999999999997
2014-12-13,19.25
2014-12-14,10.149999999999999
2014-12-15,29.749999999999996
2014-12-16,30.45
2014-12-17,30.099999999999998
2014-12-18,21.7
2014-12-19,22.049999999999997
2014-12-20,13.649999999999999
2014-12-21,15.049999999999999
2014-12-22,28.349999999999998
2014-12-23,26.25
2014-12-24,22.4
2014-12-25,11.899999999999999
2014-12-26,10.149999999999999
2014-12-27,16.45
2014-12-28,14.35
2014-12-29,24.5
2014-12-30,20.299999999999997
2014-12-31,19.25
2015-01-01,10.4
2015-01-02,16.0
2015-01-03,16.0
2015-01-04,21.200000000000003
2015-01-05,35.6
2015-01-06,22.8
2015-01-07,24.0
2015-01-08,27.200000000000003
2015-01-09,33.6
2015-01-10,14.8
2015-01-11,16.0
2015-01-12,36.4
2015-01-13,30.400000000000002
2015-01-14,24.0
2015-01-15,19.200000000000003
2015-01-16,26.8
2015-01-17,18.8
2015-01-18,27.200000000000003
2015-01-19,30.0
2015-01-20,32.4
2015-01-21,31.200000000000003
2015-01-22,40.0
2015-01-23,22.0
2015-01-24,21.200000000000003
2015-01-25,10.8
2015-01-26,25.200000000000003
2015-01-27,29.200000000000003
2015-01-28,22.400000000000002
2015-01-29,28.8
2015-01-30,20.400000000000002
2015-01-31,14.4
2015-02-01,15.579999999999998
2015-02-02,28.7
2015-02-03,31.979999999999997
2015-02-04,29.52
2015-02-05,25.009999999999998
2015-02-06,31.569999999999997
2015-02-07,19.27
2015-02-08,17.22
2015-02-09,41.0
2015-02-10,29.11
2015-02-11,22.549999999999997
2015-02-12,35.26
2015-02-13,29.52
2015-02-14,19.27
2015-02-15,13.94
2015-02-16,20.5
2015-02-17,28.7
2015-02-18,29.93
2015-02-19,24.599999999999998
2015-02-20,19.68
2015-02-21,15.989999999999998
2015-02-22,18.04
2015-02-23,35.26
2015-02-24,33.21
2015-02-25,32.8
2015-02-26,35.669999999999995
2015-02-27,32.39
2015-02-28,18.86
2015-03-01,26.66
2015-03-02,37.41
2015-03-03,39.13
2015-03-04,30.96
2015-03-05,31.39
2015-03-06,39.56
2015-03-07,14.19
2015-03-08,18.49
2015-03-09,28.38
2015-03-10,36.55
2015-03-11,31.82
2015-03-12,36.55
2015-03-13,30.96
2015-03-14,17.2
2015-03-15,18.919999999999998
2015-03-16,42.57
2015-03-17,36.12
2015-03-18,30.96
2015-03-19,33.54
2015-03-20,33.97
2015-03-21,15.48
2015-03-22,12.47
2015-03-23,34.4
2015-03-24,28.81
2015-03-25,24.94
2015-03-26,19.35
2015-03-27,21.93
2015-03-28,18.919999999999998
2015-03-29,32.25
2015-03-30,43.0
2015-03-31,34.83
2015-04-01,44.0
2015-04-02,36.08
2015-04-03,23.32
2015-04-04,9.68
2015-04-05,12.32
2015-04-06,40.92
2015-04-07,36.08
2015-04-08,33.44
2015-04-09,25.080000000000002
2015-04-10,38.28
2015-04-11,24.64
2015-04-12,18.04
2015-04-13,27.28
2015-04-14,23.76
2015-04-15,29.92
2015-04-16,34.76
2015-04-17,24.64
2015-04-18,24.64
2015-04-19,23.32
2015-04-20,37.4
2015-04-21,36.52
2015-04-22,33.88
2015-04-23,26.84
2015-04-24,37.4
2015-04-25,10.56
2015-04-26,21.12
2015-04-27,23.32
2015-04-28,30.36
2015-04-29,40.04
2015-04-30,29.48
2015-05-01,32.2
2015-05-02,16.1
2015-05-03,11.040000000000001
2015-05-04,31.28
2015-05-05,36.800000000000004
2015-05-06,28.52
2015-05-07,37.260000000000005
2015-05-08,28.060000000000002
2015-05-09,12.42
2015-05-10,17.02
2015-05-11,28.060000000000002
2015-05-12,33.58
2015-05-13,33.58
2015-05-14,23.92
2015-05-15,22.080000000000002
2015-05-16,20.7
2015-05-17,14.72
2015-05-18,32.2
2015-05-19,32.660000000000004
2015-05-20,33.58
2015-05-21,35.42
2015-05-22,31.740000000000002
2015-05-23,22.080000000000002
2015-05-24,16.560000000000002
2015-05-25,18.400000000000002
2015-05-26,33.58
2015-05-27,30.82
2015-05-28,46.0
2015-05-29,28.52
2015-05-30,17.94
2015-05-31,23.0
2015-06-01,36.72
2015-06-02,46.92
2015-06-03,39.27
2015-06-04,37.230000000000004
2015-06-05,40.8
2015-06-06,21.93
2015-06-07,18.87
2015-06-08,44.37
2015-06-09,40.29
2015-06-10,44.88
2015-06-11,37.74
2015-06-12,29.580000000000002
2015-06-13,26.01
2015-06-14,24.990000000000002
2015-06-15,38.76
2015-06-16,42.33
2015-06-17,39.27
2015-06-18,42.33
2015-06-19,29.580000000000002
2015-06-20,21.42
2015-06-21,19.89
2015-06-22,51.0
2015-06-23,30.09
2015-06-24,51.0
2015-06-25,31.62
2015-06-26,32.64
2015-06-27,18.87
2015-06-28,14.790000000000001
2015-06-29,39.78
2015-06-30,41.31
2015-07-01,32.339999999999996
2015-07-02,26.95
2015-07-03,40.18
2015-07-04,25.48
2015-07-05,13.719999999999999
2015-07-06,43.61
2015-07-07,31.849999999999998
2015-07-08,38.71
2015-07-09,49.0
2015-07-10,34.3
2015-07-11,20.58
2015-07-12,24.99
2015-07-13,45.08
2015-07-14,37.73
2015-07-15,40.18
2015-07-16,33.32
2015-07-17,31.36
2015-07-18,15.19
2015-07-19,24.5
2015-07-20,38.22
2015-07-21,39.2
2015-07-22,47.04
2015-07-23,36.26
2015-07-24,28.91
2015-07-25,25.97
2015-07-26,27.439999999999998
2015-07-27,36.75
2015-07-28,47.04
2015-07-29,40.67
2015-07-30,36.75
2015-07-31,26.95
2015-08-01,18.0
2015-08-02,11.700000000000001
2015-08-03,23.400000000000002
2015-08-04,33.75
2015-08-05,26.1
2015-08-06,36.9
2015-08-07,32.4
2015-08-08,11.700000000000001
2015-08-09,18.45
2015-08-10,31.05
2015-08-11,39.6
2015-08-12,22.05
2015-08-13,39.15
2015-08-14,32.4
2015-08-15,19.8
2015-08-16,13.5
2015-08-17,37.35
2015-08-18,39.6
2015-08-19,38.25
2015-08-20,29.7
2015-08-21,31.95
2015-08-22,18.0
2015-08-23,17.55
2015-08-24,43.2
2015-08-25,45.0
2015-08-26,37.35
2015-08-27,32.85
2015-08-28,28.35
2015-08-29,18.900000000000002
2015-08-30,12.6
2015-08-31,31.95
2015-09-01,31.68
2015-09-02,28.32
2015-09-03,29.759999999999998
2015-09-04,22.08
2015-09-05,9.6
2015-09-06,8.64
2015-09-07,25.439999999999998
2015-09-08,46.559999999999995
2015-09-09,27.84
2015-09-10,25.919999999999998
2015-09-11,36.96
2015-09-12,20.16
2015-09-13,14.879999999999999
2015-09-14,30.72
2015-09-15,26.4
2015-09-16,37.44
2015-09-17,39.36
2015-09-18,38.4
2015-09-19,23.04
2015-09-20,23.04
2015-09-21,36.96
2015-09-22,40.32
2015-09-23,42.239999999999995
2015-09-24,48.0
2015-09-25,29.279999999999998
2015-09-26,21.599999999999998
2015-09-27,13.92
2015-09-28,33.6
2015-09-29,29.759999999999998
2015-09-30,38.879999999999995
2015-10-01,35.1
2015-10-02,32.4
2015-10-03,14.85
2015-10-04,16.650000000000002
2015-10-05,42.75
2015-10-06,39.6
2015-10-07,35.550000000000004
2015-10-08,27.45
2015-10-09,30.150000000000002
2015-10-10,11.700000000000001
2015-10-11,17.1
2015-10-12,35.550000000000004
2015-10-13,35.550000000000004
2015-10-14,45.0
2015-10-15,22.5
2015-10-16,28.8
2015-10-17,15.75
2015-10-18,17.55
2015-10-19,32.4
2015-10-20,36.45
2015-10-21,45.0
2015-10-22,31.05
2015-10-23,24.75
2015-10-24,17.55
2015-10-25,19.35
2015-10-26,34.2
2015-10-27,30.6
2015-10-28,29.7
2015-10-29,29.7
2015-10-30,26.55
2015-10-31,15.75
2015-11-01,26.130000000000003
2015-11-02,28.86
2015-11-03,32.370000000000005
2015-11-04,33.54
2015-11-05,33.93
2015-11-06,27.69
2015-11-07,27.3
2015-11-08,17.94
2015-11-09,39.0
2015-11-10,32.370000000000005
2015-11-11,37.050000000000004
2015-11-12,35.88
2015-11-13,27.3
2015-11-14,16.77
2015-11-15,20.28
2015-11-16,28.470000000000002
2015-11-17,23.01
2015-11-18,37.050000000000004
2015-11-19,39.0
2015-11-20,35.88
2015-11-21,23.400000000000002
2015-11-22,12.09
2015-11-23,27.3
2015-11-24,33.15
2015-11-25,29.25
2015-11-26,17.16
2015-11-27,15.99
2015-11-28,18.72
2015-11-29,19.89
2015-11-30,32.76
2015-12-01,36.86
2015-12-02,33.44
2015-12-03,20.14
2015-12-04,27.36
2015-12-05,14.82
2015-12-06,16.72
2015-12-07,35.34
2015-12-08,31.16
2015-12-09,30.4
2015-12-10,32.68
2015-12-11,22.8
2015-12-12,20.14
2015-12-13,8.36
2015-12-14,34.58
2015-12-15,38.0
2015-12-16,24.32
2015-12-17,30.02
2015-12-18,26.22
2015-12-19,15.96
2015-12-20,10.26
2015-12-21,31.92
2015-12-22,22.8
2015-12-23,23.18
2015-12-24,16.34
2015-12-25,14.06
2015-12-26,18.240000000000002
2015-12-27,6.46
2015-12-28,23.94
2015-12-29,29.64
2015-12-30,29.26
2015-12-31,16.72
2016-01-01,13.600000000000001
2016-01-02,22.8
2016-01-03,7.2
2016-01-04,21.6
2016-01-05,27.200000000000003
2016-01-06,30.0
2016-01-07,28.400000000000002
2016-01-08,28.400000000000002
2016-01-09,17.2
2016-01-10,21.200000000000003
2016-01-11,31.200000000000003
2016-01-12,31.200000000000003
2016-01-13,30.400000000000002
2016-01-14,21.6
2016-01-15,19.200000000000003
2016-01-16,10.8
2016-01-17,12.4
2016-01-18,21.6
2016-01-19,32.0
2016-01-20,40.0
2016-01-21,34.4
2016-01-22,27.200000000000003
2016-01-23,15.600000000000001
2016-01-24,14.8
2016-01-25,33.2
2016-01-26,31.6
2016-01-27,38.400000000000006
2016-01-28,28.0
2016-01-29,32.800000000000004
2016-01-30,14.0
2016-01-31,16.400000000000002
2016-02-01,18.62
2016-02-02,26.95
2016-02-03,20.09
2016-02-04,29.89
2016-02-05,28.91
2016-02-06,14.209999999999999
2016-02-07,13.719999999999999
2016-02-08,18.62
2016-02-09,30.87
2016-02-10,19.11
2016-02-11,15.68
2016-02-12,21.56
2016-02-13,11.27
2016-02-14,12.25
2016-02-15,22.54
2016-02-16,22.05
2016-02-17,26.46
2016-02-18,24.99
2016-02-19,25.97
2016-02-20,18.13
2016-02-21,9.8
2016-02-22,23.03
2016-02-23,29.4
2016-02-24,49.0
2016-02-25,38.71
2016-02-26,29.4
2016-02-27,12.74
2016-02-28,16.169999999999998
2016-02-29,21.56
2016-03-01,30.08
2016-03-02,47.0
2016-03-03,39.01
2016-03-04,35.72
2016-03-05,25.849999999999998
2016-03-06,16.919999999999998
2016-03-07,40.89
2016-03-08,42.769999999999996
2016-03-09,36.19
2016-03-10,32.9
2016-03-11,30.08
2016-03-12,20.209999999999997
2016-03-13,16.45
2016-03-14,31.02
2016-03-15,42.769999999999996
2016-03-16,23.5
2016-03-17,38.07
2016-03-18,31.49
2016-03-19,22.56
2016-03-20,16.919999999999998
2016-03-21,29.61
2016-03-22,32.9
2016-03-23,35.72
2016-03-24,24.91
2016-03-25,25.849999999999998
2016-03-26,18.799999999999997
2016-03-27,15.04
2016-03-28,33.37
2016-03-29,38.54
2016-03-30,31.02
2016-03-31,31.959999999999997
2016-04-01,35.28
2016-04-02,25.619999999999997
2016-04-03,23.939999999999998
2016-04-04,24.36
2016-04-05,39.059999999999995
2016-04-06,32.339999999999996
2016-04-07,37.8
2016-04-08,36.54
2016-04-09,27.72
2016-04-10,14.28
2016-04-11,42.0
2016-04-12,32.339999999999996
2016-04-13,33.18
2016-04-14,36.96
2016-04-15,28.14
2016-04-16,20.58
2016-04-17,14.28
2016-04-18,31.919999999999998
2016-04-19,33.18
2016-04-20,34.44
2016-04-21,37.379999999999995
2016-04-22,27.3
2016-04-23,22.68
2016-04-24,15.54
2016-04-25,39.48
2016-04-26,38.22
2016-04-27,30.66
2016-04-28,34.019999999999996
2016-04-29,28.98
2016-04-30,22.259999999999998
2016-05-01,15.54
2016-05-02,33.18
2016-05-03,41.58
2016-05-04,42.0
2016-05-05,39.9
2016-05-06,36.54
2016-05-07,17.64
2016-05-08,23.939999999999998
2016-05-09,27.72
2016-05-10,31.919999999999998
2016-05-11,28.14
2016-05-12,39.9
2016-05-13,33.6
2016-05-14,20.58
2016-05-15,15.959999999999999
2016-05-16,24.36
2016-05-17,28.14
2016-05-18,28.98
2016-05-19,37.379999999999995
2016-05-20,32.76
2016-05-21,19.32
2016-05-22,13.86
2016-05-23,25.619999999999997
2016-05-24,38.64
2016-05-25,34.019999999999996
2016-05-26,39.059999999999995
2016-05-27,34.86
2016-05-28,16.38
2016-05-29,18.9
2016-05-30,21.419999999999998
2016-05-31,35.28
2016-06-01,34.32
2016-06-02,44.0
2016-06-03,33.88
2016-06-04,22.0
2016-06-05,21.12
2016-06-06,38.28
2016-06-07,38.28
2016-06-08,34.32
2016-06-09,38.28
2016-06-10,31.24
2016-06-11,24.64
2016-06-12,23.32
2016-06-13,39.160000000000004
2016-06-14,30.8
2016-06-15,35.64
2016-06-16,29.92
2016-06-17,32.56
2016-06-18,13.2
2016-06-19,16.28
2016-06-20,39.160000000000004
2016-06-21,29.04
2016-06-22,37.84
2016-06-23,40.04
2016-06-24,34.32
2016-06-25,13.2
2016-06-26,17.6
2016-06-27,31.24
2016-06-28,31.68
2016-06-29,36.96
2016-06-30,34.32
2016-07-01,32.39
2016-07-02,12.299999999999999
2016-07-03,15.17
2016-07-04,16.4
2016-07-05,26.24
2016-07-06,32.39
2016-07-07,36.489999999999995
2016-07-08,41.0
2016-07-09,21.73
2016-07-10,13.94
2016-07-11,33.21
2016-07-12,38.54
2016-07-13,37.72
2016-07-14,30.34
2016-07-15,31.569999999999997
2016-07-16,16.4
2016-07-17,15.579999999999998
2016-07-18,33.62
2016-07-19,27.88
2016-07-20,25.83
2016-07-21,35.26
2016-07-22,22.959999999999997
2016-07-23,18.45
2016-07-24,22.959999999999997
2016-07-25,26.24
2016-07-26,30.34
2016-07-27,23.779999999999998
2016-07-28,25.419999999999998
2016-07-29,28.7
2016-07-30,15.989999999999998
2016-07-31,25.009999999999998
2016-08-01,27.88
2016-08-02,28.7
2016-08-03,29.11
2016-08-04,23.369999999999997
2016-08-05,31.159999999999997
2016-08-06,16.4
2016-08-07,13.94
2016-08-08,26.65
2016-08-09,29.52
2016-08-10,22.549999999999997
2016-08-11,29.11
2016-08-12,23.779999999999998
2016-08-13,17.63
2016-08-14,9.84
2016-08-15,26.65
2016-08-16,25.419999999999998
2016-08-17,29.11
2016-08-18,17.22
2016-08-19,18.45
2016-08-20,12.709999999999999
2016-08-21,11.889999999999999
2016-08-22,33.62
2016-08-23,41.0
2016-08-24,26.65
2016-08-25,27.06
2016-08-26,31.569999999999997
2016-08-27,14.76
2016-08-28,19.27
2016-08-29,30.749999999999996
2016-08-30,30.34
2016-08-31,29.11
2016-09-01,22.8
2016-09-02,19.200000000000003
2016-09-03,12.0
2016-09-04,12.4
2016-09-05,12.8
2016-09-06,32.0
2016-09-07,26.8
2016-09-08,22.400000000000002
2016-09-09,24.0
2016-09-10,13.200000000000001
2016-09-11,17.2
2016-09-12,29.200000000000003
2016-09-13,26.400000000000002
2016-09-14,32.0
2016-09-15,40.0
2016-09-16,21.200000000000003
2016-09-17,17.2
2016-09-18,15.200000000000001
2016-09-19,26.0
2016-09-20,26.0
2016-09-21,24.8
2016-09-22,26.400000000000002
2016-09-23,26.8
2016-09-24,10.8
2016-09-25,10.4
2016-09-26,29.6
2016-09-27,30.0
2016-09-28,23.200000000000003
2016-09-29,35.6
2016-09-30,27.6
2016-10-01,14.8
2016-10-02,12.8
2016-10-03,22.8
2016-10-04,28.400000000000002
2016-10-05,30.8
2016-10-06,18.8
2016-10-07,26.0
2016-10-08,21.6
2016-10-09,17.2
2016-10-10,36.4
2016-10-11,29.200000000000003
2016-10-12,27.6
2016-10-13,20.400000000000002
2016-10-14,28.0
2016-10-15,14.0
2016-10-16,20.400000000000002
2016-10-17,34.4
2016-10-18,31.6
2016-10-19,40.0
2016-10-20,32.4
2016-10-21,27.6
2016-10-22,18.8
2016-10-23,19.200000000000003
2016-10-24,32.0
2016-10-25,38.0
2016-10-26,36.800000000000004
2016-10-27,36.4
2016-10-28,30.400000000000002
2016-10-29,19.200000000000003
2016-10-30,15.200000000000001
2016-10-31,28.0
2016-11-01,33.44
2016-11-02,27.740000000000002
2016-11-03,35.34
2016-11-04,30.78
2016-11-05,12.540000000000001
2016-11-06,13.68
2016-11-07,35.34
2016-11-08,35.34
2016-11-09,26.22
2016-11-10,33.82
2016-11-11,34.2
2016-11-12,19.0
2016-11-13,14.44
2016-11-14,33.82
2016-11-15,37.24
2016-11-16,28.5
2016-11-17,32.68
2016-11-18,33.44
2016-11-19,15.58
2016-11-20,8.36
2016-11-21,33.06
2016-11-22,38.0
2016-11-23,25.46
2016-11-24,15.2
2016-11-25,15.2
2016-11-26,11.4
2016-11-27,14.82
2016-11-28,23.18
2016-11-29,33.82
2016-11-30,21.66
2016-12-01,27.880000000000003
2016-12-02,25.500000000000004
2016-12-03,12.58
2016-12-04,23.8
2016-12-05,25.16
2016-12-06,23.8
2016-12-07,26.520000000000003
2016-12-08,24.48
2016-12-09,24.48
2016-12-10,11.56
2016-12-11,22.78
2016-12-12,23.12
2016-12-13,25.16
2016-12-14,30.94
2016-12-15,34.0
2016-12-16,21.76
2016-12-17,13.600000000000001
2016-12-18,10.200000000000001
2016-12-19,21.76
2016-12-20,30.6
2016-12-21,22.78
2016-12-22,22.1
2016-12-23,15.98
2016-12-24,8.84
2016-12-25,10.88
2016-12-26,16.32
2016-12-27,21.42
2016-12-28,14.96
2016-12-29,14.620000000000001
2016-12-30,18.360000000000003
2016-12-31,14.280000000000001
2017-01-01,8.8
2017-01-02,17.2
2017-01-03,20.8
2017-01-04,34.4
2017-01-05,23.200000000000003
2017-01-06,25.200000000000003
2017-01-07,13.200000000000001
2017-01-08,11.200000000000001
2017-01-09,25.6
2017-01-10,24.0
2017-01-11,21.6
2017-01-12,23.200000000000003
2017-01-13,24.8
2017-01-14,21.6
2017-01-15,12.8
2017-01-16,23.6
2017-01-17,27.6
2017-01-18,25.200000000000003
2017-01-19,30.0
2017-01-20,25.200000000000003
2017-01-21,16.0
2017-01-22,11.600000000000001
2017-01-23,30.400000000000002
2017-01-24,26.0
2017-01-25,22.8
2017-01-26,26.8
2017-01-27,24.400000000000002
2017-01-28,11.600000000000001
2017-01-29,17.2
2017-01-30,40.0
2017-01-31,22.400000000000002
2017-02-01,40.85
2017-02-02,32.25
2017-02-03,19.78
2017-02-04,21.07
2017-02-05,16.34
2017-02-06,28.38
2017-02-07,43.0
2017-02-08,28.81
2017-02-09,33.97
2017-02-10,32.68
2017-02-11,13.33
2017-02-12,23.22
2017-02-13,28.81
2017-02-14,28.81
2017-02-15,31.82
2017-02-16,32.68
2017-02-17,26.23
2017-02-18,18.49
2017-02-19,19.35
2017-02-20,27.95
2017-02-21,29.669999999999998
2017-02-22,35.69
2017-02-23,34.83
2017-02-24,23.65
2017-02-25,20.64
2017-02-26,19.35
2017-02-27,33.54
2017-02-28,28.81
2017-03-01,40.0
2017-03-02,26.8
2017-03-03,34.0
2017-03-04,18.0
2017-03-05,12.4
2017-03-06,27.200000000000003
2017-03-07,37.2
2017-03-08,33.6
2017-03-09,36.0
2017-03-10,27.6
2017-03-11,16.0
2017-03-12,19.200000000000003
2017-03-13,34.0
2017-03-14,34.0
2017-03-15,32.800000000000004
2017-03-16,25.200000000000003
2017-03-17,24.0
2017-03-18,15.600000000000001
2017-03-19,13.600000000000001
2017-03-20,30.400000000000002
2017-03-21,26.400000000000002
2017-03-22,28.400000000000002
2017-03-23,30.8
2017-03-24,22.8
2017-03-25,16.400000000000002
2017-03-26,19.6
2017-03-27,23.6
2017-03-28,35.6
2017-03-29,34.800000000000004
2017-03-30,31.200000000000003
2017-03-31,31.200000000000003
2017-04-01,20.91
2017-04-02,15.579999999999998
2017-04-03,33.21
2017-04-04,36.489999999999995
2017-04-05,35.26
2017-04-06,33.21
2017-04-07,29.11
2017-04-08,16.4
2017-04-09,23.779999999999998
2017-04-10,35.669999999999995
2017-04-11,27.47
2017-04-12,28.7
2017-04-13,26.65
2017-04-14,30.749999999999996
2017-04-15,13.53
2017-04-16,13.94
2017-04-17,23.369999999999997
2017-04-18,38.129999999999995
2017-04-19,32.39
2017-04-20,28.29
2017-04-21,33.21
2017-04-22,23.369999999999997
2017-04-23,18.04
2017-04-24,27.47
2017-04-25,38.54
2017-04-26,41.0
2017-04-27,36.9
2017-04-28,23.779999999999998
2017-04-29,19.27
2017-04-30,17.22
2017-05-01,35.699999999999996
2017-05-02,34.86
2017-05-03,26.04
2017-05-04,28.14
2017-05-05,34.44
2017-05-06,24.36
2017-05-07,17.64
2017-05-08,35.699999999999996
2017-05-09,31.5
2017-05-10,42.0
2017-05-11,31.08
2017-05-12,29.82
2017-05-13,18.48
2017-05-14,21.0
2017-05-15,31.08
2017-05-16,23.939999999999998
2017-05-17,34.019999999999996
2017-05-18,33.6
2017-05-19,28.14
2017-05-20,17.22
2017-05-21,16.38
2017-05-22,31.5
2017-05-23,31.919999999999998
2017-05-24,31.5
2017-05-25,33.6
2017-05-26,28.56
2017-05-27,20.58
2017-05-28,19.32
2017-05-29,19.32
2017-05-30,24.36
2017-05-31,37.379999999999995
2017-06-01,31.82
2017-06-02,24.08
2017-06-03,9.459999999999999
2017-06-04,20.64
2017-06-05,26.23
2017-06-06,22.36
2017-06-07,31.39
2017-06-08,28.38
2017-06-09,30.96
2017-06-10,18.49
2017-06-11,10.75
2017-06-12,30.099999999999998
2017-06-13,43.0
2017-06-14,31.82
2017-06-15,35.26
2017-06-16,26.66
2017-06-17,24.08
2017-06-18,12.9
2017-06-19,33.11
2017-06-20,33.54
2017-06-21,33.97
2017-06-22,24.94
2017-06-23,31.82
2017-06-24,14.62
2017-06-25,10.32
2017-06-26,30.96
2017-06-27,36.12
2017-06-28,34.4
2017-06-29,24.509999999999998
2017-06-30,23.65
2017-07-01,18.400000000000002
2017-07-02,21.6
2017-07-03,24.0
2017-07-04,19.6
2017-07-05,23.200000000000003
2017-07-06,30.8
2017-07-07,38.400000000000006
2017-07-08,22.8
2017-07-09,20.0
2017-07-10,24.8
2017-07-11,31.6
2017-07-12,40.0
2017-07-13,30.0
2017-07-14,26.8
2017-07-15,13.200000000000001
2017-07-16,20.0
2017-07-17,33.2
2017-07-18,32.0
2017-07-19,30.0
2017-07-20,30.400000000000002
2017-07-21,21.6
2017-07-22,15.600000000000001
2017-07-23,21.200000000000003
2017-07-24,38.800000000000004
2017-07-25,31.6
2017-07-26,28.0
2017-07-27,28.400000000000002
2017-07-28,20.0
2017-07-29,11.600000000000001
2017-07-30,16.0
2017-07-31,29.6
2017-08-01,34.83
2017-08-02,33.97
2017-08-03,29.24
2017-08-04,25.8
2017-08-05,12.9
2017-08-06,18.49
2017-08-07,29.24
2017-08-08,31.82
2017-08-09,30.099999999999998
2017-08-10,25.8
2017-08-11,31.39
2017-08-12,12.47
2017-08-13,11.18
2017-08-14,28.81
2017-08-15,31.39
2017-08-16,32.25
2017-08-17,31.39
2017-08-18,29.669999999999998
2017-08-19,16.77
2017-08-20,15.91
2017-08-21,28.81
2017-08-22,43.0
2017-08-23,30.099999999999998
2017-08-24,27.52
2017-08-25,30.96
2017-08-26,20.21
2017-08-27,15.91
2017-08-28,24.509999999999998
2017-08-29,27.52
2017-08-30,30.53
2017-08-31,24.509999999999998
2017-09-01,25.46
2017-09-02,15.2
2017-09-03,17.48
2017-09-04,22.42
2017-09-05,38.0
2017-09-06,19.38
2017-09-07,20.14
2017-09-08,25.46
2017-09-09,13.68
2017-09-10,18.240000000000002
2017-09-11,23.56
2017-09-12,28.5
2017-09-13,25.46
2017-09-14,32.3
2017-09-15,30.02
2017-09-16,14.82
2017-09-17,11.78
2017-09-18,29.26
2017-09-19,28.5
2017-09-20,33.82
2017-09-21,33.06
2017-09-22,28.12
2017-09-23,14.82
2017-09-24,13.68
2017-09-25,28.5
2017-09-26,28.88
2017-09-27,30.4
2017-09-28,32.68
2017-09-29,26.22
2017-09-30,15.58
2017-10-01,14.4
2017-10-02,30.400000000000002
2017-10-03,24.0
2017-10-04,28.0
2017-10-05,40.0
2017-10-06,21.200000000000003
2017-10-07,22.400000000000002
2017-10-08,14.0
2017-10-09,26.8
2017-10-10,36.800000000000004
2017-10-11,30.0
2017-10-12,33.2
2017-10-13,35.2
2017-10-14,21.200000000000003
2017-10-15,13.200000000000001
2017-10-16,20.8
2017-10-17,36.0
2017-10-18,33.2
2017-10-19,30.8
2017-10-20,23.6
2017-10-21,23.6
2017-10-22,15.200000000000001
2017-10-23,34.0
2017-10-24,31.200000000000003
2017-10-25,28.8
2017-10-26,30.0
2017-10-27,25.200000000000003
2017-10-28,12.4
2017-10-29,22.8
2017-10-30,24.400000000000002
2017-10-31,26.0
2017-11-01,37.0
2017-11-02,34.04
2017-11-03,34.78
2017-11-04,15.17
2017-11-05,19.24
2017-11-06,33.67
2017-11-07,33.3
2017-11-08,37.0
2017-11-09,33.67
2017-11-10,34.78
2017-11-11,18.87
2017-11-12,23.31
2017-11-13,31.08
2017-11-14,34.78
2017-11-15,37.0
2017-11-16,27.75
2017-11-17,32.56
2017-11-18,15.54
2017-11-19,22.2
2017-11-20,30.71
2017-11-21,33.3
2017-11-22,23.68
2017-11-23,9.62
2017-11-24,21.46
2017-11-25,12.58
2017-11-26,13.32
2017-11-27,34.41
2017-11-28,32.19
2017-11-29,32.93
2017-11-30,22.2
2017-12-01,28.380000000000003
2017-12-02,13.860000000000001
2017-12-03,12.540000000000001
2017-12-04,23.43
2017-12-05,23.43
2017-12-06,18.150000000000002
2017-12-07,26.07
2017-12-08,17.490000000000002
2017-12-09,16.5
2017-12-10,16.5
2017-12-11,28.71
2017-12-12,24.75
2017-12-13,22.77
2017-12-14,27.720000000000002
2017-12-15,33.0
2017-12-16,18.810000000000002
2017-12-17,13.860000000000001
2017-12-18,31.68
2017-12-19,23.1
2017-12-20,20.130000000000003
2017-12-21,28.380000000000003
2017-12-22,14.520000000000001
2017-12-23,7.260000000000001
2017-12-24,7.590000000000001
2017-12-25,7.260000000000001
2017-12-26,16.5
2017-12-27,19.470000000000002
2017-12-28,32.01
2017-12-29,23.43
2017-12-30,16.830000000000002
2017-12-31,13.200000000000001
2018-01-01,13.26
2018-01-02,34.32
2018-01-03,33.54
2018-01-04,32.370000000000005
2018-01-05,29.25
2018-01-06,27.3
2018-01-07,8.19
2018-01-08,39.0
2018-01-09,24.96
2018-01-10,37.83
2018-01-11,28.470000000000002
2018-01-12,28.470000000000002
2018-01-13,19.5
2018-01-14,16.77
2018-01-15,28.86
2018-01-16,29.64
2018-01-17,33.15
2018-01-18,35.49
2018-01-19,30.42
2018-01-20,14.040000000000001
2018-01-21,19.89
2018-01-22,34.32
2018-01-23,27.69
2018-01-24,24.18
2018-01-25,27.3
2018-01-26,26.91
2018-01-27,24.96
2018-01-28,14.82
2018-01-29,32.370000000000005
2018-01-30,29.25
2018-01-31,38.22
2018-02-01,25.35
2018-02-02,26.91
2018-02-03,23.79
2018-02-04,20.28
2018-02-05,28.86
2018-02-06,30.03
2018-02-07,25.740000000000002
2018-02-08,39.0
2018-02-09,38.61
2018-02-10,21.45
2018-02-11,16.77
2018-02-12,36.27
2018-02-13,31.59
2018-02-14,33.15
2018-02-15,28.86
2018-02-16,28.470000000000002
2018-02-17,15.600000000000001
2018-02-18,22.23
2018-02-19,23.79
2018-02-20,31.59
2018-02-21,28.470000000000002
2018-02-22,31.98
2018-02-23,25.740000000000002
2018-02-24,14.040000000000001
2018-02-25,20.67
2018-02-26,31.98
2018-02-27,37.44
2018-02-28,35.49
2018-03-01,20.35
2018-03-02,31.08
2018-03-03,19.61
2018-03-04,10.73
2018-03-05,32.19
2018-03-06,24.79
2018-03-07,24.419999999999998
2018-03-08,30.71
2018-03-09,28.49
2018-03-10,11.84
2018-03-11,12.95
2018-03-12,31.82
2018-03-13,27.75
2018-03-14,20.72
2018-03-15,21.09
2018-03-16,27.75
2018-03-17,18.87
2018-03-18,8.879999999999999
2018-03-19,26.27
2018-03-20,28.12
2018-03-21,25.53
2018-03-22,22.94
2018-03-23,28.49
2018-03-24,14.06
2018-03-25,18.87
2018-03-26,26.64
2018-03-27,37.0
2018-03-28,29.6
2018-03-29,23.31
2018-03-30,22.2
2018-03-31,14.06
2018-04-01,12.209999999999999
2018-04-02,30.71
2018-04-03,31.08
2018-04-04,30.71
2018-04-05,35.519999999999996
2018-04-06,35.519999999999996
2018-04-07,19.98
2018-04-08,22.94
2018-04-09,25.16
2018-04-10,33.3
2018-04-11,31.45
2018-04-12,30.34
2018-04-13,24.05
2018-04-14,17.759999999999998
2018-04-15,13.69
2018-04-16,34.04
2018-04-17,31.82
2018-04-18,25.53
2018-04-19,34.04
2018-04-20,30.34
2018-04-21,17.759999999999998
2018-04-22,12.58
2018-04-23,21.09
2018-04-24,29.23
2018-04-25,23.31
2018-04-26,37.0
2018-04-27,28.12
2018-04-28,21.83
2018-04-29,17.02
2018-04-30,29.23
2018-05-01,27.36
2018-05-02,34.92
2018-05-03,28.439999999999998
2018-05-04,26.64
2018-05-05,11.879999999999999
2018-05-06,15.12
2018-05-07,20.52
2018-05-08,28.439999999999998
2018-05-09,29.52
2018-05-10,26.64
2018-05-11,20.16
2018-05-12,12.24
2018-05-13,22.68
2018-05-14,21.96
2018-05-15,33.12
2018-05-16,24.119999999999997
2018-05-17,28.799999999999997
2018-05-18,26.279999999999998
2018-05-19,16.56
2018-05-20,20.52
2018-05-21,27.0
2018-05-22,26.64
2018-05-23,24.84
2018-05-24,31.68
2018-05-25,29.16
2018-05-26,14.399999999999999
2018-05-27,15.479999999999999
2018-05-28,16.2
2018-05-29,30.24
2018-05-30,32.04
2018-05-31,36.0
2018-06-01,18.400000000000002
2018-06-02,16.8
2018-06-03,20.400000000000002
2018-06-04,29.6
2018-06-05,38.0
2018-06-06,33.6
2018-06-07,30.400000000000002
2018-06-08,34.800000000000004
2018-06-09,17.2
2018-06-10,20.8
2018-06-11,33.6
2018-06-12,28.8
2018-06-13,27.200000000000003
2018-06-14,22.0
2018-06-15,37.6
2018-06-16,18.0
2018-06-17,13.600000000000001
2018-06-18,34.4
2018-06-19,30.0
2018-06-20,30.8
2018-06-21,35.2
2018-06-22,27.200000000000003
2018-06-23,15.600000000000001
2018-06-24,16.0
2018-06-25,40.0
2018-06-26,30.0
2018-06-27,32.800000000000004
2018-06-28,30.0
2018-06-29,35.2
2018-06-30,26.0
2018-07-01,16.8
2018-07-02,24.0
2018-07-03,24.0
2018-07-04,8.4
2018-07-05,27.6
2018-07-06,22.8
2018-07-07,13.600000000000001
2018-07-08,12.0
2018-07-09,18.0
2018-07-10,26.0
2018-07-11,19.6
2018-07-12,26.400000000000002
2018-07-13,40.0
2018-07-14,14.4
2018-07-15,15.200000000000001
2018-07-16,26.8
2018-07-17,25.6
2018-07-18,23.6
2018-07-19,28.400000000000002
2018-07-20,22.400000000000002
2018-07-21,12.0
2018-07-22,11.600000000000001
2018-07-23,22.8
2018-07-24,27.6
2018-07-25,23.200000000000003
2018-07-26,29.200000000000003
2018-07-27,22.400000000000002
2018-07-28,13.600000000000001
2018-07-29,12.0
2018-07-30,23.200000000000003
2018-07-31,29.6
2018-08-01,26.6
2018-08-02,31.16
2018-08-03,26.98
2018-08-04,19.0
2018-08-05,19.76
2018-08-06,36.480000000000004
2018-08-07,36.480000000000004
2018-08-08,31.54
2018-08-09,20.14
2018-08-10,21.66
2018-08-11,18.240000000000002
2018-08-12,15.2
2018-08-13,22.04
2018-08-14,38.0
2018-08-15,35.34
2018-08-16,28.12
2018-08-17,19.0
2018-08-18,12.540000000000001
2018-08-19,21.66
2018-08-20,23.94
2018-08-21,26.6
2018-08-22,33.44
2018-08-23,29.26
2018-08-24,20.14
2018-08-25,16.34
2018-08-26,14.06
2018-08-27,23.94
2018-08-28,34.58
2018-08-29,26.98
2018-08-30,33.82
2018-08-31,26.98
2018-09-01,17.849999999999998
2018-09-02,16.45
2018-09-03,18.549999999999997
2018-09-04,30.099999999999998
2018-09-05,32.55
2018-09-06,23.099999999999998
2018-09-07,17.849999999999998
2018-09-08,14.0
2018-09-09,14.35
2018-09-10,19.25
2018-09-11,22.049999999999997
2018-09-12,19.95
2018-09-13,20.65
2018-09-14,21.7
2018-09-15,10.5
2018-09-16,10.149999999999999
2018-09-17,18.9
2018-09-18,24.849999999999998
2018-09-19,35.0
2018-09-20,26.95
2018-09-21,22.049999999999997
2018-09-22,15.399999999999999
2018-09-23,15.049999999999999
2018-09-24,22.4
2018-09-25,27.299999999999997
2018-09-26,25.9
2018-09-27,24.15
2018-09-28,21.349999999999998
2018-09-29,17.5
2018-09-30,10.149999999999999
2018-10-01,28.080000000000002
2018-10-02,30.03
2018-10-03,27.69
2018-10-04,26.91
2018-10-05,26.91
2018-10-06,15.600000000000001
2018-10-07,15.600000000000001
2018-10-08,23.400000000000002
2018-10-09,39.0
2018-10-10,21.060000000000002
2018-10-11,28.86
2018-10-12,30.810000000000002
2018-10-13,13.65
2018-10-14,17.94
2018-10-15,24.18
2018-10-16,25.35
2018-10-17,28.080000000000002
2018-10-18,29.64
2018-10-19,23.400000000000002
2018-10-20,15.99
2018-10-21,14.82
2018-10-22,18.72
2018-10-23,25.740000000000002
2018-10-24,33.15
2018-10-25,28.470000000000002
2018-10-26,25.35
2018-10-27,11.31
2018-10-28,15.600000000000001
2018-10-29,28.86
2018-10-30,33.93
2018-10-31,24.96
2018-11-01,26.88
2018-11-02,17.92
2018-11-03,20.8
2018-11-04,18.240000000000002
2018-11-05,27.2
2018-11-06,28.16
2018-11-07,19.52
2018-11-08,21.12
2018-11-09,26.88
2018-11-10,16.96
2018-11-11,17.6
2018-11-12,24.0
2018-11-13,24.96
2018-11-14,24.96
2018-11-15,18.56
2018-11-16,25.28
2018-11-17,14.4
2018-11-18,16.0
2018-11-19,20.48
2018-11-20,27.84
2018-11-21,12.48
2018-11-22,10.56
2018-11-23,9.28
2018-11-24,9.28
2018-11-25,18.240000000000002
2018-11-26,25.28
2018-11-27,23.04
2018-11-28,31.36
2018-11-29,32.0
2018-11-30,21.76
2018-12-01,6.08
2018-12-02,8.36
2018-12-03,13.3
2018-12-04,11.78
2018-12-05,14.44
2018-12-06,13.3
2018-12-07,9.5
2018-12-08,7.22
2018-12-09,6.46
2018-12-10,13.68
2018-12-11,14.06
2018-12-12,14.82
2018-12-13,12.16
2018-12-14,38.0
2018-12-15,23.56
2018-12-16,8.36
2018-12-17,18.240000000000002
2018-12-18,16.34
2018-12-19,12.540000000000001
2018-12-20,15.2
2018-12-21,17.1
2018-12-22,9.120000000000001
2018-12-23,8.36
2018-12-24,9.120000000000001
2018-12-25,6.08
2018-12-26,14.82
2018-12-27,11.4
2018-12-28,11.78
2018-12-29,6.08
2018-12-30,7.6
2018-12-31,9.5
2019-01-01,16.919999999999998
2019-01-02,27.72
2019-01-03,21.96
2019-01-04,20.88
2019-01-05,19.08
2019-01-06,17.28
2019-01-07,19.8
2019-01-08,20.88
2019-01-09,24.119999999999997
2019-01-10,27.72
2019-01-11,24.84
2019-01-12,14.399999999999999
2019-01-13,14.04
2019-01-14,23.04
2019-01-15,27.36
2019-01-16,26.279999999999998
2019-01-17,27.0
2019-01-18,28.799999999999997
2019-01-19,18.36
2019-01-20,14.76
2019-01-21,21.96
2019-01-22,29.88
2019-01-23,21.24
2019-01-24,27.0
2019-01-25,36.0
2019-01-26,23.759999999999998
2019-01-27,16.919999999999998
2019-01-28,21.599999999999998
2019-01-29,29.88
2019-01-30,25.2
2019-01-31,24.84
2019-02-01,22.68
2019-02-02,17.28
2019-02-03,8.64
2019-02-04,27.72
2019-02-05,28.439999999999998
2019-02-06,31.32
2019-02-07,24.48
2019-02-08,32.76
2019-02-09,20.16
2019-02-10,19.08
2019-02-11,23.4
2019-02-12,25.919999999999998
2019-02-13,31.32
2019-02-14,21.96
2019-02-15,17.28
2019-02-16,8.64
2019-02-17,17.28
2019-02-18,27.36
2019-02-19,32.4
2019-02-20,36.0
2019-02-21,23.04
2019-02-22,30.959999999999997
2019-02-23,13.32
2019-02-24,14.399999999999999
2019-02-25,29.52
2019-02-26,25.919999999999998
2019-02-27,24.119999999999997
2019-02-28,26.279999999999998
2019-03-01,28.080000000000002
2019-03-02,23.01
2019-03-03,27.3
2019-03-04,29.64
2019-03-05,38.22
2019-03-06,34.32
2019-03-07,27.3
2019-03-08,32.76
2019-03-09,17.94
2019-03-10,19.11
2019-03-11,25.740000000000002
2019-03-12,34.32
2019-03-13,35.1
2019-03-14,38.22
2019-03-15,31.59
2019-03-16,26.91
2019-03-17,21.45
2019-03-18,35.49
2019-03-19,39.0
2019-03-20,25.740000000000002
2019-03-21,31.200000000000003
2019-03-22,25.35
2019-03-23,21.84
2019-03-24,17.94
2019-03-25,36.27
2019-03-26,33.93
2019-03-27,30.810000000000002
2019-03-28,28.080000000000002
2019-03-29,34.71
2019-03-30,17.94
2019-03-31,16.77
2019-04-01,27.38
2019-04-02,25.9
2019-04-03,32.93
2019-04-04,24.419999999999998
2019-04-05,28.49
2019-04-06,16.65
2019-04-07,21.46
2019-04-08,19.24
2019-04-09,31.08
2019-04-10,37.0
2019-04-11,19.24
2019-04-12,31.08
2019-04-13,12.58
2019-04-14,9.25
2019-04-15,30.34
2019-04-16,27.38
2019-04-17,24.419999999999998
2019-04-18,16.65
2019-04-19,22.94
2019-04-20,8.51
2019-04-21,16.65
2019-04-22,29.97
2019-04-23,24.419999999999998
2019-04-24,26.27
2019-04-25,24.419999999999998
2019-04-26,20.35
2019-04-27,15.17
2019-04-28,14.43
2019-04-29,24.419999999999998
2019-04-30,28.49
2019-05-01,24.79
2019-05-02,22.2
2019-05-03,18.87
2019-05-04,11.84
2019-05-05,12.209999999999999
2019-05-06,24.05
2019-05-07,25.9
2019-05-08,30.71
2019-05-09,26.27
2019-05-10,17.759999999999998
2019-05-11,17.02
2019-05-12,16.65
2019-05-13,22.2
2019-05-14,22.94
2019-05-15,25.9
2019-05-16,25.9
2019-05-17,24.419999999999998
2019-05-18,14.06
2019-05-19,16.65
2019-05-20,24.419999999999998
2019-05-21,24.05
2019-05-22,29.6
2019-05-23,23.68
2019-05-24,20.72
2019-05-25,8.14
2019-05-26,10.36
2019-05-27,11.1
2019-05-28,32.56
2019-05-29,37.0
2019-05-30,31.45
2019-05-31,27.75
2019-06-01,13.32
2019-06-02,13.68
2019-06-03,22.32
2019-06-04,23.4
2019-06-05,32.4
2019-06-06,33.839999999999996
2019-06-07,24.84
2019-06-08,22.32
2019-06-09,7.92
2019-06-10,24.48
2019-06-11,30.959999999999997
2019-06-12,26.64
2019-06-13,24.84
2019-06-14,16.2
2019-06-15,14.76
2019-06-16,11.879999999999999
2019-06-17,30.599999999999998
2019-06-18,26.64
2019-06-19,36.0
2019-06-20,30.959999999999997
2019-06-21,21.24
2019-06-22,18.72
2019-06-23,17.28
2019-06-24,30.959999999999997
2019-06-25,22.68
2019-06-26,27.0
2019-06-27,28.08
2019-06-28,18.36
2019-06-29,14.399999999999999
2019-06-30,15.84
2019-07-01,38.0
2019-07-02,36.1
2019-07-03,26.6
2019-07-04,11.02
2019-07-05,16.34
2019-07-06,10.64
2019-07-07,11.4
2019-07-08,23.56
2019-07-09,27.740000000000002
2019-07-10,26.22
2019-07-11,24.7
2019-07-12,27.740000000000002
2019-07-13,17.48
2019-07-14,15.58
2019-07-15,35.34
2019-07-16,31.92
2019-07-17,26.6
2019-07-18,28.12
2019-07-19,28.5
2019-07-20,13.3
2019-07-21,14.44
2019-07-22,26.98
2019-07-23,32.68
2019-07-24,26.22
2019-07-25,23.56
2019-07-26,23.56
2019-07-27,12.92
2019-07-28,17.86
2019-07-29,32.3
2019-07-30,27.740000000000002
2019-07-31,24.32
2019-08-01,16.72
2019-08-02,11.88
2019-08-03,8.36
2019-08-04,7.92
2019-08-05,16.28
2019-08-06,15.4
2019-08-07,15.4
2019-08-08,16.72
2019-08-09,11.88
2019-08-10,8.8
2019-08-11,6.6
2019-08-12,14.96
2019-08-13,18.92
2019-08-14,19.36
2019-08-15,16.72
2019-08-16,12.32
2019-08-17,10.56
2019-08-18,9.24
2019-08-19,16.28
2019-08-20,14.52
2019-08-21,13.64
2019-08-22,18.92
2019-08-23,12.32
2019-08-24,7.48
2019-08-25,7.92
2019-08-26,41.8
2019-08-27,44.0
2019-08-28,28.16
2019-08-29,15.84
2019-08-30,15.84
2019-08-31,6.6
2019-09-01,18.13
2019-09-02,18.5
2019-09-03,27.75
2019-09-04,30.71
2019-09-05,37.0
2019-09-06,29.97
2019-09-07,12.58
2019-09-08,19.98
2019-09-09,21.83
2019-09-10,29.6
2019-09-11,32.19
2019-09-12,26.27
2019-09-13,28.12
2019-09-14,17.39
2019-09-15,12.95
2019-09-16,24.419999999999998
2019-09-17,27.75
2019-09-18,30.71
2019-09-19,32.19
2019-09-20,25.9
2019-09-21,17.759999999999998
2019-09-22,14.8
2019-09-23,31.82
2019-09-24,26.64
2019-09-25,27.38
2019-09-26,22.57
2019-09-27,25.16
2019-09-28,15.17
2019-09-29,15.91
2019-09-30,22.2
2019-10-01,26.8
2019-10-02,30.0
2019-10-03,27.6
2019-10-04,24.8
2019-10-05,13.600000000000001
2019-10-06,14.4
2019-10-07,30.0
2019-10-08,27.6
2019-10-09,40.0
2019-10-10,38.0
2019-10-11,18.8
2019-10-12,18.400000000000002
2019-10-13,20.0
2019-10-14,24.0
2019-10-15,27.200000000000003
2019-10-16,24.400000000000002
2019-10-17,25.6
2019-10-18,34.4
2019-10-19,28.400000000000002
2019-10-20,20.0
2019-10-21,27.6
2019-10-22,35.6
2019-10-23,32.800000000000004
2019-10-24,36.4
2019-10-25,24.0
2019-10-26,16.8
2019-10-27,15.200000000000001
2019-10-28,26.8
2019-10-29,33.6
2019-10-30,26.8
2019-10-31,26.8
2019-11-01,28.05
2019-11-02,21.12
2019-11-03,11.22
2019-11-04,31.35
2019-11-05,24.09
2019-11-06,26.07
2019-11-07,32.34
2019-11-08,20.46
2019-11-09,18.150000000000002
2019-11-10,12.540000000000001
2019-11-11,29.040000000000003
2019-11-12,26.07
2019-11-13,29.700000000000003
2019-11-14,22.44
2019-11-15,32.67
2019-11-16,15.84
2019-11-17,13.200000000000001
2019-11-18,28.71
2019-11-19,33.0
2019-11-20,26.73
2019-11-21,29.040000000000003
2019-11-22,24.42
2019-11-23,17.490000000000002
2019-11-24,18.150000000000002
2019-11-25,28.380000000000003
2019-11-26,22.44
2019-11-27,25.080000000000002
2019-11-28,13.200000000000001
2019-11-29,14.520000000000001
2019-11-30,14.190000000000001
2019-12-01,12.09
2019-12-02,22.94
2019-12-03,22.94
2019-12-04,23.87
2019-12-05,23.25
2019-12-06,22.01
2019-12-07,10.23
2019-12-08,18.29
2019-12-09,17.05
2019-12-10,22.94
2019-12-11,23.87
2019-12-12,23.25
2019-12-13,19.53
2019-12-14,13.95
2019-12-15,13.95
2019-12-16,28.21
2019-12-17,31.0
2019-12-18,26.04
2019-12-19,22.94
2019-12-20,20.46
2019-12-21,20.77
2019-12-22,13.33
2019-12-23,20.15
2019-12-24,18.29
2019-12-25,13.95
2019-12-26,13.95
2019-12-27,21.08
2019-12-28,13.64
2019-12-29,13.02
2019-12-30,21.08
2019-12-31,21.39
2020-01-01,7.0
2020-01-02,21.7
2020-01-03,20.65
2020-01-04,13.299999999999999
2020-01-05,14.0
2020-01-06,35.0
2020-01-07,23.099999999999998
2020-01-08,24.5
2020-01-09,20.65
2020-01-10,21.0
2020-01-11,14.0
2020-01-12,10.5
2020-01-13,15.399999999999999
2020-01-14,19.95
2020-01-15,30.45
2020-01-16,28.7
2020-01-17,28.0
2020-01-18,13.299999999999999
2020-01-19,16.45
2020-01-20,20.299999999999997
2020-01-21,27.65
2020-01-22,31.499999999999996
2020-01-23,25.2
2020-01-24,19.25
2020-01-25,13.649999999999999
2020-01-26,8.399999999999999
2020-01-27,18.9
2020-01-28,31.849999999999998
2020-01-29,23.099999999999998
2020-01-30,32.199999999999996
2020-01-31,23.45
2020-02-01,18.62
2020-02-02,23.56
2020-02-03,37.24
2020-02-04,30.4
2020-02-05,32.3
2020-02-06,38.0
2020-02-07,25.46
2020-02-08,19.0
2020-02-09,23.18
2020-02-10,29.26
2020-02-11,30.4
2020-02-12,29.26
2020-02-13,31.92
2020-02-14,25.84
2020-02-15,18.240000000000002
2020-02-16,14.44
2020-02-17,27.740000000000002
2020-02-18,36.1
2020-02-19,33.44
2020-02-20,28.12
2020-02-21,38.0
2020-02-22,24.7
2020-02-23,11.78
2020-02-24,28.5
2020-02-25,28.88
2020-02-26,33.06
2020-02-27,36.480000000000004
2020-02-28,31.54
2020-02-29,24.7
2020-03-01,12.870000000000001
2020-03-02,24.18
2020-03-03,17.16
2020-03-04,19.5
2020-03-05,17.94
2020-03-06,10.530000000000001
2020-03-07,12.48
2020-03-08,12.870000000000001
2020-03-09,16.77
2020-03-10,18.72
2020-03-11,14.43
2020-03-12,26.130000000000003
2020-03-13,20.67
2020-03-14,12.09
2020-03-15,12.870000000000001
2020-03-16,12.870000000000001
2020-03-17,19.11
2020-03-18,21.060000000000002
2020-03-19,18.72
2020-03-20,16.77
2020-03-21,14.82
2020-03-22,9.75
2020-03-23,18.330000000000002
2020-03-24,24.57
2020-03-25,22.62
2020-03-26,19.11
2020-03-27,14.82
2020-03-28,14.43
2020-03-29,4.29
2020-03-30,39.0
2020-03-31,31.59
2020-04-01,27.36
2020-04-02,28.5
2020-04-03,22.42
2020-04-04,16.72
2020-04-05,17.48
2020-04-06,30.4
2020-04-07,30.02
2020-04-08,31.92
2020-04-09,38.0
2020-04-10,21.28
2020-04-11,15.2
2020-04-12,9.88
2020-04-13,25.080000000000002
2020-04-14,33.82
2020-04-15,30.02
2020-04-16,26.98
2020-04-17,25.84
2020-04-18,15.2
2020-04-19,17.48
2020-04-20,22.42
2020-04-21,28.5
2020-04-22,22.8
2020-04-23,28.12
2020-04-24,28.88
2020-04-25,16.72
2020-04-26,18.62
2020-04-27,31.16
2020-04-28,20.14
2020-04-29,27.740000000000002
2020-04-30,23.18
