date,JPMorgan Chase
2011-01-01,33.44
2011-01-02,27.36
2011-01-03,53.96
2011-01-04,52.44
2011-01-05,34.2
2011-01-06,24.32
2011-01-07,39.52
2011-01-08,17.48
2011-01-09,26.6
2011-01-10,54.72
2011-01-11,36.480000000000004
2011-01-12,60.8
2011-01-13,61.56
2011-01-14,76.0
2011-01-15,34.96
2011-01-16,40.28
2011-01-17,53.2
2011-01-18,39.52
2011-01-19,60.04
2011-01-20,26.6
2011-01-21,65.36
2011-01-22,12.92
2011-01-23,12.92
2011-01-24,37.24
2011-01-25,59.28
2011-01-26,42.56
2011-01-27,40.28
2011-01-28,52.44
2011-01-29,25.84
2011-01-30,12.92
2011-01-31,63.08
2011-02-01,44.25
2011-02-02,38.35
2011-02-03,26.549999999999997
2011-02-04,30.68
2011-02-05,24.779999999999998
2011-02-06,42.48
2011-02-07,56.05
2011-02-08,39.53
2011-02-09,50.15
2011-02-10,50.15
2011-02-11,38.94
2011-02-12,17.7
2011-02-13,40.12
2011-02-14,47.79
2011-02-15,53.69
2011-02-16,46.019999999999996
2011-02-17,44.25
2011-02-18,46.019999999999996
2011-02-19,25.959999999999997
2011-02-20,26.549999999999997
2011-02-21,56.05
2011-02-22,23.009999999999998
2011-02-23,43.07
2011-02-24,33.04
2011-02-25,24.189999999999998
2011-02-26,17.11
2011-02-27,30.09
2011-02-28,59.0
2011-03-01,42.88
2011-03-02,35.84
2011-03-03,48.0
2011-03-04,53.120000000000005
2011-03-05,23.04
2011-03-06,14.08
2011-03-07,43.52
2011-03-08,57.6
2011-03-09,42.88
2011-03-10,47.36
2011-03-11,32.64
2011-03-12,30.080000000000002
2011-03-13,20.48
2011-03-14,53.120000000000005
2011-03-15,46.08
2011-03-16,47.36
2011-03-17,40.96
2011-03-18,43.52
2011-03-19,28.8
2011-03-20,19.2
2011-03-21,56.96
2011-03-22,57.6
2011-03-23,64.0
2011-03-24,36.480000000000004
2011-03-25,26.240000000000002
2011-03-26,23.04
2011-03-27,18.56
2011-03-28,39.04
2011-03-29,53.76
2011-03-30,53.76
2011-03-31,50.56
2011-04-01,34.3
2011-04-02,19.599999999999998
2011-04-03,23.799999999999997
2011-04-04,40.599999999999994
2011-04-05,52.5
2011-04-06,47.599999999999994
2011-04-07,38.5
2011-04-08,30.799999999999997
2011-04-09,56.0
2011-04-10,11.899999999999999
2011-04-11,46.9
2011-04-12,70.0
2011-04-13,62.3
2011-04-14,42.0
2011-04-15,34.3
2011-04-16,19.599999999999998
2011-04-17,23.799999999999997
2011-04-18,38.5
2011-04-19,35.0
2011-04-20,44.8
2011-04-21,37.099999999999994
2011-04-22,32.9
2011-04-23,28.0
2011-04-24,16.799999999999997
2011-04-25,26.599999999999998
2011-04-26,35.0
2011-04-27,46.199999999999996
2011-04-28,56.0
2011-04-29,30.799999999999997
2011-04-30,19.599999999999998
2011-05-01,26.0
2011-05-02,34.45
2011-05-03,22.1
2011-05-04,54.6
2011-05-05,59.800000000000004
2011-05-06,42.25
2011-05-07,22.1
2011-05-08,13.65
2011-05-09,26.0
2011-05-10,26.0
2011-05-11,45.5
2011-05-12,42.9
2011-05-13,52.0
2011-05-14,26.0
2011-05-15,38.35
2011-05-16,22.75
2011-05-17,54.6
2011-05-18,35.1
2011-05-19,33.15
2011-05-20,34.45
2011-05-21,30.55
2011-05-22,30.55
2011-05-23,65.0
2011-05-24,29.25
2011-05-25,45.5
2011-05-26,42.9
2011-05-27,57.2
2011-05-28,27.3
2011-05-29,24.05
2011-05-30,13.0
2011-05-31,23.400000000000002
2011-06-01,55.44
2011-06-02,47.74
2011-06-03,55.44
2011-06-04,36.19
2011-06-05,7.7
2011-06-06,33.11
2011-06-07,46.2
2011-06-08,50.050000000000004
2011-06-09,33.11
2011-06-10,33.88
2011-06-11,23.87
2011-06-12,20.02
2011-06-13,47.74
2011-06-14,52.36
2011-06-15,59.29
2011-06-16,47.74
2011-06-17,66.99
2011-06-18,23.87
2011-06-19,20.02
2011-06-20,50.050000000000004
2011-06-21,28.490000000000002
2011-06-22,77.0
2011-06-23,47.74
2011-06-24,49.28
2011-06-25,27.72
2011-06-26,32.34
2011-06-27,59.29
2011-06-28,52.36
2011-06-29,50.050000000000004
2011-06-30,33.11
2011-07-01,45.6
2011-07-02,22.8
2011-07-03,19.8
2011-07-04,18.599999999999998
2011-07-05,46.8
2011-07-06,30.0
2011-07-07,23.4
2011-07-08,45.0
2011-07-09,18.0
2011-07-10,12.6
2011-07-11,42.0
2011-07-12,47.4
2011-07-13,45.6
2011-07-14,39.6
2011-07-15,46.199999999999996
2011-07-16,12.0
2011-07-17,18.599999999999998
2011-07-18,25.2
2011-07-19,18.0
2011-07-20,29.4
2011-07-21,41.4
2011-07-22,60.0
2011-07-23,28.799999999999997
2011-07-24,53.4
2011-07-25,33.6
2011-07-26,33.6
2011-07-27,47.4
2011-07-28,41.4
2011-07-29,43.199999999999996
2011-07-30,12.0
2011-07-31,9.0
2011-08-01,46.199999999999996
2011-08-02,48.3
2011-08-03,48.3
2011-08-04,36.4
2011-08-05,29.4
2011-08-06,19.599999999999998
2011-08-07,19.599999999999998
2011-08-08,47.599999999999994
2011-08-09,39.9
2011-08-10,43.4
2011-08-11,42.0
2011-08-12,49.0
2011-08-13,6.3
2011-08-14,16.799999999999997
2011-08-15,30.099999999999998
2011-08-16,35.699999999999996
2011-08-17,70.0
2011-08-18,60.199999999999996
2011-08-19,42.699999999999996
2011-08-20,19.599999999999998
2011-08-21,6.3
2011-08-22,35.699999999999996
2011-08-23,54.599999999999994
2011-08-24,37.8
2011-08-25,20.299999999999997
2011-08-26,36.4
2011-08-27,21.7
2011-08-28,15.399999999999999
2011-08-29,39.9
2011-08-30,42.699999999999996
2011-08-31,62.3
2011-09-01,52.93
2011-09-02,49.580000000000005
2011-09-03,31.490000000000002
2011-09-04,8.040000000000001
2011-09-05,18.09
2011-09-06,42.88
2011-09-07,48.24
2011-09-08,45.56
2011-09-09,62.980000000000004
2011-09-10,38.190000000000005
2011-09-11,15.41
2011-09-12,57.620000000000005
2011-09-13,56.28
2011-09-14,41.54
2011-09-15,48.24
2011-09-16,50.92
2011-09-17,23.450000000000003
2011-09-18,18.76
2011-09-19,44.89
2011-09-20,44.220000000000006
2011-09-21,41.54
2011-09-22,56.95
2011-09-23,46.900000000000006
2011-09-24,22.78
2011-09-25,15.41
2011-09-26,50.25
2011-09-27,44.220000000000006
2011-09-28,35.510000000000005
2011-09-29,39.53
2011-09-30,67.0
2011-10-01,33.629999999999995
2011-10-02,40.71
2011-10-03,55.459999999999994
2011-10-04,36.58
2011-10-05,46.019999999999996
2011-10-06,51.919999999999995
2011-10-07,33.629999999999995
2011-10-08,30.09
2011-10-09,14.75
2011-10-10,40.12
2011-10-11,53.69
2011-10-12,53.69
2011-10-13,36.58
2011-10-14,29.5
2011-10-15,25.959999999999997
2011-10-16,10.62
2011-10-17,34.22
2011-10-18,50.15
2011-10-19,33.629999999999995
2011-10-20,34.22
2011-10-21,27.729999999999997
2011-10-22,25.959999999999997
2011-10-23,21.83
2011-10-24,42.48
2011-10-25,22.419999999999998
2011-10-26,59.0
2011-10-27,36.58
2011-10-28,38.94
2011-10-29,21.83
2011-10-30,0.0
2011-10-31,26.549999999999997
2011-11-01,40.47
2011-11-02,33.059999999999995
2011-11-03,55.28999999999999
2011-11-04,31.919999999999998
2011-11-05,21.09
2011-11-06,20.52
2011-11-07,41.04
2011-11-08,31.919999999999998
2011-11-09,49.019999999999996
2011-11-10,27.36
2011-11-11,49.589999999999996
2011-11-12,17.099999999999998
2011-11-13,30.779999999999998
2011-11-14,29.639999999999997
2011-11-15,45.599999999999994
2011-11-16,37.62
2011-11-17,51.87
2011-11-18,31.349999999999998
2011-11-19,13.68
2011-11-20,20.52
2011-11-21,43.88999999999999
2011-11-22,30.209999999999997
2011-11-23,29.069999999999997
2011-11-24,10.829999999999998
2011-11-25,13.68
2011-11-26,23.939999999999998
2011-11-27,17.099999999999998
2011-11-28,56.99999999999999
2011-11-29,33.629999999999995
2011-11-30,45.029999999999994
2011-12-01,32.2
2011-12-02,23.46
2011-12-03,12.42
2011-12-04,30.82
2011-12-05,36.800000000000004
2011-12-06,41.4
2011-12-07,19.78
2011-12-08,29.900000000000002
2011-12-09,33.58
2011-12-10,18.400000000000002
2011-12-11,9.200000000000001
2011-12-12,27.14
2011-12-13,19.78
2011-12-14,37.72
2011-12-15,38.18
2011-12-16,42.32
2011-12-17,15.64
2011-12-18,6.44
2011-12-19,38.64
2011-12-20,46.0
2011-12-21,41.86
2011-12-22,13.8
2011-12-23,5.98
2011-12-24,10.58
2011-12-25,11.5
2011-12-26,28.98
2011-12-27,29.900000000000002
2011-12-28,26.68
2011-12-29,27.14
2011-12-30,19.32
2011-12-31,34.96
2012-01-01,17.92
2012-01-02,35.28
2012-01-03,50.400000000000006
2012-01-04,53.2
2012-01-05,21.840000000000003
2012-01-06,44.800000000000004
2012-01-07,34.160000000000004
2012-01-08,30.240000000000002
2012-01-09,27.44
2012-01-10,52.080000000000005
2012-01-11,42.56
2012-01-12,27.44
2012-01-13,47.040000000000006
2012-01-14,33.6
2012-01-15,37.52
2012-01-16,40.88
2012-01-17,51.52
2012-01-18,38.64
2012-01-19,27.44
2012-01-20,56.00000000000001
2012-01-21,21.840000000000003
2012-01-22,28.560000000000002
2012-01-23,32.480000000000004
2012-01-24,35.84
2012-01-25,50.96000000000001
2012-01-26,35.84
2012-01-27,53.2
2012-01-28,37.52
2012-01-29,18.48
2012-01-30,47.6
2012-01-31,47.6
2012-02-01,54.279999999999994
2012-02-02,51.33
2012-02-03,59.0
2012-02-04,28.32
2012-02-05,14.16
2012-02-06,40.12
2012-02-07,47.79
2012-02-08,47.79
2012-02-09,51.33
2012-02-10,49.559999999999995
2012-02-11,27.729999999999997
2012-02-12,33.04
2012-02-13,24.779999999999998
2012-02-14,45.43
2012-02-15,52.51
2012-02-16,37.169999999999995
2012-02-17,41.3
2012-02-18,24.189999999999998
2012-02-19,21.24
2012-02-20,14.75
2012-02-21,45.43
2012-02-22,45.43
2012-02-23,45.43
2012-02-24,54.87
2012-02-25,21.24
2012-02-26,10.62
2012-02-27,47.79
2012-02-28,50.15
2012-02-29,50.15
2012-03-01,60.0
2012-03-02,14.399999999999999
2012-03-03,24.0
2012-03-04,13.799999999999999
2012-03-05,27.599999999999998
2012-03-06,41.4
2012-03-07,28.2
2012-03-08,38.4
2012-03-09,55.8
2012-03-10,22.2
2012-03-11,16.2
2012-03-12,38.4
2012-03-13,51.6
2012-03-14,59.4
2012-03-15,36.6
2012-03-16,46.199999999999996
2012-03-17,13.2
2012-03-18,26.4
2012-03-19,46.199999999999996
2012-03-20,33.0
2012-03-21,48.6
2012-03-22,57.599999999999994
2012-03-23,43.8
2012-03-24,6.6
2012-03-25,32.4
2012-03-26,38.4
2012-03-27,43.8
2012-03-28,33.0
2012-03-29,28.2
2012-03-30,33.0
2012-03-31,24.599999999999998
2012-04-01,21.28
2012-04-02,40.32000000000001
2012-04-03,38.080000000000005
2012-04-04,42.56
2012-04-05,28.000000000000004
2012-04-06,28.000000000000004
2012-04-07,16.8
2012-04-08,8.96
2012-04-09,43.120000000000005
2012-04-10,49.84
2012-04-11,45.92
2012-04-12,27.44
2012-04-13,52.64000000000001
2012-04-14,18.48
2012-04-15,29.120000000000005
2012-04-16,44.24
2012-04-17,39.2
2012-04-18,31.360000000000003
2012-04-19,31.360000000000003
2012-04-20,26.320000000000004
2012-04-21,10.64
2012-04-22,17.92
2012-04-23,31.360000000000003
2012-04-24,28.560000000000002
2012-04-25,56.00000000000001
2012-04-26,31.360000000000003
2012-04-27,26.320000000000004
2012-04-28,10.64
2012-04-29,24.080000000000002
2012-04-30,18.48
2012-05-01,28.48
2012-05-02,27.59
2012-05-03,17.8
2012-05-04,27.59
2012-05-05,7.12
2012-05-06,7.12
2012-05-07,20.47
2012-05-08,28.48
2012-05-09,27.59
2012-05-10,36.49
2012-05-11,88.11
2012-05-12,35.6
2012-05-13,28.48
2012-05-14,61.410000000000004
2012-05-15,89.0
2012-05-16,45.39
2012-05-17,32.04
2012-05-18,34.71
2012-05-19,20.47
2012-05-20,15.13
2012-05-21,21.36
2012-05-22,32.04
2012-05-23,33.82
2012-05-24,24.92
2012-05-25,19.580000000000002
2012-05-26,16.91
2012-05-27,8.01
2012-05-28,16.02
2012-05-29,24.92
2012-05-30,24.03
2012-05-31,22.25
2012-06-01,35.699999999999996
2012-06-02,33.599999999999994
2012-06-03,14.7
2012-06-04,33.599999999999994
2012-06-05,32.9
2012-06-06,18.9
2012-06-07,15.399999999999999
2012-06-08,39.9
2012-06-09,19.599999999999998
2012-06-10,14.7
2012-06-11,11.2
2012-06-12,18.9
2012-06-13,56.699999999999996
2012-06-14,34.3
2012-06-15,40.599999999999994
2012-06-16,30.099999999999998
2012-06-17,20.299999999999997
2012-06-18,30.099999999999998
2012-06-19,38.5
2012-06-20,27.299999999999997
2012-06-21,70.0
2012-06-22,51.8
2012-06-23,19.599999999999998
2012-06-24,4.8999999999999995
2012-06-25,34.3
2012-06-26,41.3
2012-06-27,53.9
2012-06-28,30.799999999999997
2012-06-29,63.699999999999996
2012-06-30,29.4
2012-07-01,19.169999999999998
2012-07-02,43.309999999999995
2012-07-03,43.309999999999995
2012-07-04,18.46
2012-07-05,53.959999999999994
2012-07-06,36.21
2012-07-07,10.649999999999999
2012-07-08,19.169999999999998
2012-07-09,35.5
2012-07-10,53.959999999999994
2012-07-11,36.21
2012-07-12,38.339999999999996
2012-07-13,55.379999999999995
2012-07-14,24.14
2012-07-15,13.489999999999998
2012-07-16,42.599999999999994
2012-07-17,56.8
2012-07-18,42.599999999999994
2012-07-19,71.0
2012-07-20,58.93
2012-07-21,21.299999999999997
2012-07-22,13.489999999999998
2012-07-23,50.41
2012-07-24,39.76
2012-07-25,39.76
2012-07-26,42.599999999999994
2012-07-27,46.15
2012-07-28,20.59
2012-07-29,15.62
2012-07-30,54.669999999999995
2012-07-31,58.22
2012-08-01,63.84
2012-08-02,59.28
2012-08-03,61.56
2012-08-04,23.56
2012-08-05,47.12
2012-08-06,42.56
2012-08-07,47.88
2012-08-08,63.84
2012-08-09,63.84
2012-08-10,47.12
2012-08-11,33.44
2012-08-12,23.56
2012-08-13,42.56
2012-08-14,76.0
2012-08-15,74.48
2012-08-16,53.96
2012-08-17,72.96000000000001
2012-08-18,20.52
2012-08-19,13.68
2012-08-20,72.2
2012-08-21,58.52
2012-08-22,29.64
2012-08-23,41.04
2012-08-24,50.160000000000004
2012-08-25,19.76
2012-08-26,32.68
2012-08-27,62.32
2012-08-28,49.4
2012-08-29,60.8
2012-08-30,58.52
2012-08-31,60.8
2012-09-01,34.760000000000005
2012-09-02,15.8
2012-09-03,14.22
2012-09-04,46.61
2012-09-05,71.89
2012-09-06,55.300000000000004
2012-09-07,71.89
2012-09-08,38.71
2012-09-09,11.850000000000001
2012-09-10,46.61
2012-09-11,49.77
2012-09-12,60.830000000000005
2012-09-13,49.77
2012-09-14,28.44
2012-09-15,24.490000000000002
2012-09-16,24.490000000000002
2012-09-17,39.5
2012-09-18,37.92
2012-09-19,60.830000000000005
2012-09-20,64.78
2012-09-21,56.88
2012-09-22,33.97
2012-09-23,21.330000000000002
2012-09-24,53.72
2012-09-25,46.61
2012-09-26,75.05
2012-09-27,79.0
2012-09-28,61.620000000000005
2012-09-29,42.660000000000004
2012-09-30,21.330000000000002
2012-10-01,71.53999999999999
2012-10-02,60.589999999999996
2012-10-03,40.879999999999995
2012-10-04,54.019999999999996
2012-10-05,43.07
2012-10-06,35.769999999999996
2012-10-07,40.879999999999995
2012-10-08,43.07
2012-10-09,54.75
2012-10-10,50.37
2012-10-11,51.1
2012-10-12,62.78
2012-10-13,28.47
2012-10-14,15.33
2012-10-15,48.91
2012-10-16,59.129999999999995
2012-10-17,40.15
2012-10-18,40.15
2012-10-19,73.0
2012-10-20,44.53
2012-10-21,24.82
2012-10-22,59.129999999999995
2012-10-23,57.67
2012-10-24,36.5
2012-10-25,54.019999999999996
2012-10-26,33.58
2012-10-27,21.9
2012-10-28,18.25
2012-10-29,42.339999999999996
2012-10-30,56.21
2012-10-31,51.1
2012-11-01,60.48
2012-11-02,54.0
2012-11-03,28.799999999999997
2012-11-04,17.28
2012-11-05,38.879999999999995
2012-11-06,72.0
2012-11-07,34.56
2012-11-08,56.879999999999995
2012-11-09,41.76
2012-11-10,23.759999999999998
2012-11-11,20.16
2012-11-12,47.519999999999996
2012-11-13,30.24
2012-11-14,61.199999999999996
2012-11-15,38.16
2012-11-16,41.04
2012-11-17,23.04
2012-11-18,28.799999999999997
2012-11-19,44.64
2012-11-20,44.64
2012-11-21,67.67999999999999
2012-11-22,20.88
2012-11-23,22.32
2012-11-24,14.399999999999999
2012-11-25,33.12
2012-11-26,53.28
2012-11-27,53.28
2012-11-28,38.16
2012-11-29,41.76
2012-11-30,34.56
2012-12-01,30.09
2012-12-02,30.09
2012-12-03,56.05
2012-12-04,42.48
2012-12-05,53.099999999999994
2012-12-06,56.64
2012-12-07,27.729999999999997
2012-12-08,35.989999999999995
2012-12-09,8.85
2012-12-10,40.71
2012-12-11,47.79
2012-12-12,59.0
2012-12-13,49.559999999999995
2012-12-14,30.09
2012-12-15,24.189999999999998
2012-12-16,27.139999999999997
2012-12-17,54.279999999999994
2012-12-18,59.0
2012-12-19,50.15
2012-12-20,41.3
2012-12-21,37.76
2012-12-22,15.93
2012-12-23,12.979999999999999
2012-12-24,34.809999999999995
2012-12-25,21.24
2012-12-26,51.33
2012-12-27,43.07
2012-12-28,49.559999999999995
2012-12-29,15.34
2012-12-30,15.34
2012-12-31,46.61
2013-01-01,14.07
2013-01-02,28.810000000000002
2013-01-03,35.510000000000005
2013-01-04,32.830000000000005
2013-01-05,26.130000000000003
2013-01-06,17.42
2013-01-07,35.510000000000005
2013-01-08,40.2
2013-01-09,36.85
2013-01-10,29.48
2013-01-11,35.510000000000005
2013-01-12,22.110000000000003
2013-01-13,21.44
2013-01-14,27.470000000000002
2013-01-15,36.18
2013-01-16,67.0
2013-01-17,46.900000000000006
2013-01-18,48.910000000000004
2013-01-19,13.4
2013-01-20,8.71
2013-01-21,22.78
2013-01-22,30.150000000000002
2013-01-23,52.260000000000005
2013-01-24,41.54
2013-01-25,34.84
2013-01-26,34.17
2013-01-27,38.86
2013-01-28,38.86
2013-01-29,35.510000000000005
2013-01-30,45.56
2013-01-31,32.160000000000004
2013-02-01,39.76
2013-02-02,12.07
2013-02-03,22.009999999999998
2013-02-04,26.27
2013-02-05,38.339999999999996
2013-02-06,44.73
2013-02-07,28.4
2013-02-08,33.37
2013-02-09,41.89
2013-02-10,29.82
2013-02-11,45.44
2013-02-12,40.47
2013-02-13,41.89
2013-02-14,56.8
2013-02-15,41.18
2013-02-16,37.629999999999995
2013-02-17,14.91
2013-02-18,33.37
2013-02-19,49.699999999999996
2013-02-20,56.8
2013-02-21,46.15
2013-02-22,48.28
2013-02-23,24.14
2013-02-24,14.91
2013-02-25,51.12
2013-02-26,71.0
2013-02-27,43.309999999999995
2013-02-28,71.0
2013-03-01,63.64
2013-03-02,39.96
2013-03-03,31.82
2013-03-04,59.2
2013-03-05,49.58
2013-03-06,45.14
2013-03-07,44.4
2013-03-08,44.4
2013-03-09,42.92
2013-03-10,26.64
2013-03-11,50.32
2013-03-12,43.66
2013-03-13,41.44
2013-03-14,53.28
2013-03-15,74.0
2013-03-16,45.88
2013-03-17,26.64
2013-03-18,49.58
2013-03-19,66.6
2013-03-20,34.78
2013-03-21,59.94
2013-03-22,41.44
2013-03-23,10.36
2013-03-24,23.68
2013-03-25,61.42
2013-03-26,56.98
2013-03-27,31.82
2013-03-28,43.66
2013-03-29,39.22
2013-03-30,25.16
2013-03-31,19.98
2013-04-01,62.64
2013-04-02,60.48
2013-04-03,54.0
2013-04-04,30.24
2013-04-05,56.879999999999995
2013-04-06,21.599999999999998
2013-04-07,26.64
2013-04-08,53.28
2013-04-09,59.04
2013-04-10,72.0
2013-04-11,53.28
2013-04-12,51.12
2013-04-13,29.52
2013-04-14,28.799999999999997
2013-04-15,51.839999999999996
2013-04-16,41.76
2013-04-17,53.28
2013-04-18,46.8
2013-04-19,55.44
2013-04-20,35.28
2013-04-21,24.48
2013-04-22,49.68
2013-04-23,55.44
2013-04-24,48.96
2013-04-25,56.879999999999995
2013-04-26,43.199999999999996
2013-04-27,24.48
2013-04-28,24.48
2013-04-29,55.44
2013-04-30,44.64
2013-05-01,32.66
2013-05-02,50.41
2013-05-03,45.44
2013-05-04,13.489999999999998
2013-05-05,4.26
2013-05-06,44.019999999999996
2013-05-07,57.51
2013-05-08,36.21
2013-05-09,43.309999999999995
2013-05-10,38.339999999999996
2013-05-11,27.689999999999998
2013-05-12,9.23
2013-05-13,36.92
2013-05-14,51.83
2013-05-15,58.22
2013-05-16,55.379999999999995
2013-05-17,27.689999999999998
2013-05-18,9.23
2013-05-19,22.72
2013-05-20,43.309999999999995
2013-05-21,71.0
2013-05-22,54.669999999999995
2013-05-23,59.64
2013-05-24,46.86
2013-05-25,9.94
2013-05-26,4.97
2013-05-27,9.23
2013-05-28,44.019999999999996
2013-05-29,40.47
2013-05-30,26.27
2013-05-31,42.599999999999994
2013-06-01,3.5999999999999996
2013-06-02,15.12
2013-06-03,37.44
2013-06-04,42.48
2013-06-05,31.68
2013-06-06,31.68
2013-06-07,28.799999999999997
2013-06-08,19.439999999999998
2013-06-09,7.92
2013-06-10,42.48
2013-06-11,49.68
2013-06-12,37.44
2013-06-13,43.92
2013-06-14,36.72
2013-06-15,28.799999999999997
2013-06-16,12.24
2013-06-17,59.04
2013-06-18,48.96
2013-06-19,50.4
2013-06-20,34.56
2013-06-21,72.0
2013-06-22,4.32
2013-06-23,15.84
2013-06-24,28.08
2013-06-25,30.959999999999997
2013-06-26,37.44
2013-06-27,31.68
2013-06-28,25.919999999999998
2013-06-29,23.759999999999998
2013-06-30,12.24
2013-07-01,39.0
2013-07-02,45.75
2013-07-03,53.25
2013-07-04,30.0
2013-07-05,39.0
2013-07-06,27.0
2013-07-07,16.5
2013-07-08,51.0
2013-07-09,47.25
2013-07-10,34.5
2013-07-11,59.25
2013-07-12,64.5
2013-07-13,42.0
2013-07-14,25.5
2013-07-15,47.25
2013-07-16,51.0
2013-07-17,42.75
2013-07-18,52.5
2013-07-19,42.0
2013-07-20,18.75
2013-07-21,18.75
2013-07-22,70.5
2013-07-23,46.5
2013-07-24,68.25
2013-07-25,41.25
2013-07-26,51.75
2013-07-27,15.75
2013-07-28,48.0
2013-07-29,47.25
2013-07-30,42.75
2013-07-31,75.0
2013-08-01,72.2
2013-08-02,76.0
2013-08-03,28.88
2013-08-04,17.48
2013-08-05,46.36
2013-08-06,46.36
2013-08-07,63.08
2013-08-08,56.24
2013-08-09,45.6
2013-08-10,41.04
2013-08-11,17.48
2013-08-12,65.36
2013-08-13,55.480000000000004
2013-08-14,52.44
2013-08-15,64.6
2013-08-16,31.92
2013-08-17,14.44
2013-08-18,22.8
2013-08-19,57.76
2013-08-20,60.04
2013-08-21,58.52
2013-08-22,61.56
2013-08-23,63.08
2013-08-24,17.48
2013-08-25,11.4
2013-08-26,51.68
2013-08-27,60.04
2013-08-28,47.12
2013-08-29,55.480000000000004
2013-08-30,53.2
2013-08-31,41.8
2013-09-01,15.0
2013-09-02,33.75
2013-09-03,75.0
2013-09-04,28.5
2013-09-05,42.75
2013-09-06,44.25
2013-09-07,16.5
2013-09-08,16.5
2013-09-09,39.0
2013-09-10,39.75
2013-09-11,39.75
2013-09-12,45.75
2013-09-13,36.75
2013-09-14,24.75
2013-09-15,18.0
2013-09-16,39.75
2013-09-17,49.5
2013-09-18,32.25
2013-09-19,43.5
2013-09-20,36.75
2013-09-21,21.0
2013-09-22,18.75
2013-09-23,34.5
2013-09-24,52.5
2013-09-25,60.0
2013-09-26,59.25
2013-09-27,49.5
2013-09-28,9.0
2013-09-29,29.25
2013-09-30,40.5
2013-10-01,43.68
2013-10-02,74.75999999999999
2013-10-03,40.32
2013-10-04,63.839999999999996
2013-10-05,16.8
2013-10-06,29.4
2013-10-07,50.4
2013-10-08,72.24
2013-10-09,37.8
2013-10-10,59.64
2013-10-11,78.96
2013-10-12,43.68
2013-10-13,39.48
2013-10-14,45.36
2013-10-15,61.32
2013-10-16,83.16
2013-10-17,84.0
2013-10-18,59.64
2013-10-19,57.12
2013-10-20,42.839999999999996
2013-10-21,66.36
2013-10-22,62.16
2013-10-23,63.839999999999996
2013-10-24,75.6
2013-10-25,81.48
2013-10-26,26.88
2013-10-27,26.04
2013-10-28,54.6
2013-10-29,57.12
2013-10-30,81.48
2013-10-31,57.12
2013-11-01,26.909999999999997
2013-11-02,32.43
2013-11-03,22.08
2013-11-04,42.089999999999996
2013-11-05,37.949999999999996
2013-11-06,37.949999999999996
2013-11-07,22.77
2013-11-08,37.26
2013-11-09,26.22
2013-11-10,26.22
2013-11-11,35.879999999999995
2013-11-12,36.57
2013-11-13,40.019999999999996
2013-11-14,44.16
2013-11-15,43.47
2013-11-16,17.939999999999998
2013-11-17,19.32
2013-11-18,53.81999999999999
2013-11-19,69.0
2013-11-20,51.059999999999995
2013-11-21,25.529999999999998
2013-11-22,33.12
2013-11-23,25.529999999999998
2013-11-24,19.32
2013-11-25,33.12
2013-11-26,37.26
2013-11-27,52.44
2013-11-28,14.489999999999998
2013-11-29,28.979999999999997
2013-11-30,9.66
2013-12-01,11.88
2013-12-02,50.220000000000006
2013-12-03,39.42
2013-12-04,52.38
2013-12-05,46.440000000000005
2013-12-06,47.52
2013-12-07,17.28
2013-12-08,12.420000000000002
2013-12-09,43.74
2013-12-10,54.0
2013-12-11,51.300000000000004
2013-12-12,37.800000000000004
2013-12-13,46.980000000000004
2013-12-14,17.82
2013-12-15,20.520000000000003
2013-12-16,48.06
2013-12-17,43.74
2013-12-18,52.38
2013-12-19,52.38
2013-12-20,45.900000000000006
2013-12-21,21.6
2013-12-22,22.14
2013-12-23,35.64
2013-12-24,34.02
2013-12-25,24.840000000000003
2013-12-26,44.82
2013-12-27,21.6
2013-12-28,21.060000000000002
2013-12-29,15.66
2013-12-30,53.46
2013-12-31,34.56
2014-01-01,22.330000000000002
2014-01-02,53.9
2014-01-03,30.8
2014-01-04,24.64
2014-01-05,20.02
2014-01-06,34.65
2014-01-07,30.8
2014-01-08,70.07000000000001
2014-01-09,49.28
2014-01-10,42.35
2014-01-11,22.330000000000002
2014-01-12,31.57
2014-01-13,43.89
2014-01-14,77.0
2014-01-15,66.99
2014-01-16,52.36
2014-01-17,55.44
2014-01-18,27.72
2014-01-19,27.72
2014-01-20,30.8
2014-01-21,59.29
2014-01-22,43.89
2014-01-23,60.06
2014-01-24,40.81
2014-01-25,26.95
2014-01-26,35.42
2014-01-27,40.04
2014-01-28,60.06
2014-01-29,53.9
2014-01-30,45.43
2014-01-31,43.120000000000005
2014-02-01,22.0
2014-02-02,21.12
2014-02-03,43.12
2014-02-04,58.96
2014-02-05,39.6
2014-02-06,73.04
2014-02-07,40.48
2014-02-08,34.32
2014-02-09,21.12
2014-02-10,55.44
2014-02-11,62.48
2014-02-12,36.08
2014-02-13,40.48
2014-02-14,48.4
2014-02-15,28.16
2014-02-16,20.24
2014-02-17,28.16
2014-02-18,49.28
2014-02-19,88.0
2014-02-20,66.0
2014-02-21,76.56
2014-02-22,51.04
2014-02-23,19.36
2014-02-24,46.64
2014-02-25,66.0
2014-02-26,62.48
2014-02-27,58.08
2014-02-28,83.6
2014-03-01,42.14
2014-03-02,26.46
2014-03-03,98.0
2014-03-04,86.24
2014-03-05,81.34
2014-03-06,84.28
2014-03-07,56.839999999999996
2014-03-08,38.22
2014-03-09,27.439999999999998
2014-03-10,90.16
2014-03-11,66.64
2014-03-12,74.48
2014-03-13,69.58
2014-03-14,75.46
2014-03-15,42.14
2014-03-16,35.28
2014-03-17,86.24
2014-03-18,57.82
2014-03-19,64.67999999999999
2014-03-20,45.08
2014-03-21,86.24
2014-03-22,52.92
2014-03-23,43.12
2014-03-24,82.32
2014-03-25,69.58
2014-03-26,61.74
2014-03-27,80.36
2014-03-28,74.48
2014-03-29,43.12
2014-03-30,35.28
2014-03-31,66.64
2014-04-01,64.61
2014-04-02,58.24
2014-04-03,81.9
2014-04-04,60.06
2014-04-05,39.13
2014-04-06,26.39
2014-04-07,55.510000000000005
2014-04-08,64.61
2014-04-09,63.7
2014-04-10,61.88
2014-04-11,91.0
2014-04-12,42.77
2014-04-13,46.410000000000004
2014-04-14,72.8
2014-04-15,89.18
2014-04-16,42.77
2014-04-17,48.230000000000004
2014-04-18,44.59
2014-04-19,28.21
2014-04-20,20.93
2014-04-21,58.24
2014-04-22,56.42
2014-04-23,65.52
2014-04-24,59.15
2014-04-25,73.71000000000001
2014-04-26,35.49
2014-04-27,24.57
2014-04-28,72.8
2014-04-29,44.59
2014-04-30,54.6
2014-05-01,62.31999999999999
2014-05-02,31.979999999999997
2014-05-03,25.419999999999998
2014-05-04,22.959999999999997
2014-05-05,56.58
2014-05-06,45.919999999999995
2014-05-07,38.54
2014-05-08,67.24
2014-05-09,48.379999999999995
2014-05-10,15.579999999999998
2014-05-11,37.72
2014-05-12,44.279999999999994
2014-05-13,50.019999999999996
2014-05-14,57.4
2014-05-15,59.04
2014-05-16,56.58
2014-05-17,36.9
2014-05-18,18.86
2014-05-19,45.099999999999994
2014-05-20,68.88
2014-05-21,56.58
2014-05-22,53.3
2014-05-23,82.0
2014-05-24,15.579999999999998
2014-05-25,31.979999999999997
2014-05-26,22.959999999999997
2014-05-27,54.94
2014-05-28,67.24
2014-05-29,72.16
2014-05-30,57.4
2014-05-31,29.52
2014-06-01,21.75
2014-06-02,57.42
2014-06-03,54.81
2014-06-04,66.99
2014-06-05,58.29
2014-06-06,81.78
2014-06-07,38.28
2014-06-08,13.05
2014-06-09,87.0
2014-06-10,44.37
2014-06-11,60.03
2014-06-12,61.77
2014-06-13,63.51
2014-06-14,47.85
2014-06-15,20.01
2014-06-16,52.2
2014-06-17,56.55
2014-06-18,56.55
2014-06-19,62.64
2014-06-20,65.25
2014-06-21,37.41
2014-06-22,32.19
2014-06-23,64.38
2014-06-24,44.37
2014-06-25,83.52
2014-06-26,49.589999999999996
2014-06-27,56.55
2014-06-28,21.75
2014-06-29,31.32
2014-06-30,65.25
2014-07-01,54.510000000000005
2014-07-02,34.760000000000005
2014-07-03,49.77
2014-07-04,23.700000000000003
2014-07-05,51.35
2014-07-06,10.27
2014-07-07,47.400000000000006
2014-07-08,68.73
2014-07-09,60.040000000000006
2014-07-10,57.67
2014-07-11,54.510000000000005
2014-07-12,51.35
2014-07-13,12.64
2014-07-14,69.52000000000001
2014-07-15,79.0
2014-07-16,52.14
2014-07-17,68.73
2014-07-18,57.67
2014-07-19,26.07
2014-07-20,49.77
2014-07-21,52.14
2014-07-22,56.88
2014-07-23,57.67
2014-07-24,49.77
2014-07-25,51.35
2014-07-26,52.93
2014-07-27,39.5
2014-07-28,56.88
2014-07-29,53.72
2014-07-30,69.52000000000001
2014-07-31,74.26
2014-08-01,37.44
2014-08-02,28.799999999999997
2014-08-03,13.68
2014-08-04,56.879999999999995
2014-08-05,49.68
2014-08-06,37.44
2014-08-07,43.92
2014-08-08,45.36
2014-08-09,18.0
2014-08-10,25.2
2014-08-11,38.879999999999995
2014-08-12,51.12
2014-08-13,48.96
2014-08-14,30.24
2014-08-15,36.72
2014-08-16,15.84
2014-08-17,6.4799999999999995
2014-08-18,53.28
2014-08-19,45.36
2014-08-20,33.12
2014-08-21,49.68
2014-08-22,18.0
2014-08-23,21.599999999999998
2014-08-24,28.08
2014-08-25,30.959999999999997
2014-08-26,39.6
2014-08-27,38.16
2014-08-28,72.0
2014-08-29,43.199999999999996
2014-08-30,19.439999999999998
2014-08-31,22.32
2014-09-01,38.76
2014-09-02,69.16
2014-09-03,76.0
2014-09-04,62.32
2014-09-05,69.16
2014-09-06,22.8
2014-09-07,28.88
2014-09-08,53.2
2014-09-09,38.0
2014-09-10,63.84
2014-09-11,64.6
2014-09-12,73.72
2014-09-13,34.96
2014-09-14,17.48
2014-09-15,47.88
2014-09-16,45.6
2014-09-17,55.480000000000004
2014-09-18,48.64
2014-09-19,67.64
2014-09-20,17.48
2014-09-21,25.84
2014-09-22,57.0
2014-09-23,45.6
2014-09-24,44.08
2014-09-25,60.8
2014-09-26,44.08
2014-09-27,24.32
2014-09-28,35.72
2014-09-29,57.76
2014-09-30,52.44
2014-10-01,19.09
2014-10-02,38.18
2014-10-03,83.0
2014-10-04,17.43
2014-10-05,19.09
2014-10-06,24.9
2014-10-07,26.56
2014-10-08,30.709999999999997
2014-10-09,32.37
2014-10-10,28.22
2014-10-11,14.94
2014-10-12,4.9799999999999995
2014-10-13,19.09
2014-10-14,39.01
2014-10-15,22.41
2014-10-16,30.709999999999997
2014-10-17,19.919999999999998
2014-10-18,17.43
2014-10-19,4.9799999999999995
2014-10-20,24.9
2014-10-21,26.56
2014-10-22,22.41
2014-10-23,20.75
2014-10-24,34.03
2014-10-25,12.45
2014-10-26,7.47
2014-10-27,18.259999999999998
2014-10-28,29.88
2014-10-29,26.56
2014-10-30,34.03
2014-10-31,20.75
2014-11-01,27.16
2014-11-02,36.86
2014-11-03,57.23
2014-11-04,92.14999999999999
2014-11-05,71.78
2014-11-06,60.14
2014-11-07,87.3
2014-11-08,20.37
2014-11-09,46.56
2014-11-10,97.0
2014-11-11,53.35
2014-11-12,64.02
2014-11-13,48.5
2014-11-14,32.98
2014-11-15,39.769999999999996
2014-11-16,44.62
2014-11-17,60.14
2014-11-18,61.11
2014-11-19,58.199999999999996
2014-11-20,61.11
2014-11-21,62.08
2014-11-22,40.74
2014-11-23,9.7
2014-11-24,52.379999999999995
2014-11-25,72.75
2014-11-26,48.5
2014-11-27,15.52
2014-11-28,33.949999999999996
2014-11-29,26.189999999999998
2014-11-30,45.589999999999996
2014-12-01,77.28
2014-12-02,65.52
2014-12-03,50.4
2014-12-04,56.28
2014-12-05,50.4
2014-12-06,31.08
2014-12-07,24.36
2014-12-08,42.839999999999996
2014-12-09,49.559999999999995
2014-12-10,68.88
2014-12-11,84.0
2014-12-12,45.36
2014-12-13,26.04
2014-12-14,26.04
2014-12-15,58.8
2014-12-16,42.839999999999996
2014-12-17,53.76
2014-12-18,52.919999999999995
2014-12-19,42.839999999999996
2014-12-20,21.0
2014-12-21,32.76
2014-12-22,41.16
2014-12-23,36.96
2014-12-24,38.64
2014-12-25,21.0
2014-12-26,23.52
2014-12-27,36.96
2014-12-28,28.56
2014-12-29,57.96
2014-12-30,59.64
2014-12-31,67.2
2015-01-01,15.04
2015-01-02,49.82
2015-01-03,45.12
2015-01-04,19.74
2015-01-05,62.04
2015-01-06,76.14
2015-01-07,56.4
2015-01-08,51.699999999999996
2015-01-09,38.54
2015-01-10,30.08
2015-01-11,35.72
2015-01-12,54.519999999999996
2015-01-13,56.4
2015-01-14,94.0
2015-01-15,49.82
2015-01-16,44.18
2015-01-17,41.36
2015-01-18,30.08
2015-01-19,47.94
2015-01-20,58.279999999999994
2015-01-21,64.86
2015-01-22,83.66
2015-01-23,77.08
2015-01-24,31.959999999999997
2015-01-25,38.54
2015-01-26,63.919999999999995
2015-01-27,55.459999999999994
2015-01-28,48.879999999999995
2015-01-29,61.099999999999994
2015-01-30,53.58
2015-01-31,35.72
2015-02-01,35.88
2015-02-02,65.32000000000001
2015-02-03,75.44
2015-02-04,62.56
2015-02-05,78.2
2015-02-06,56.120000000000005
2015-02-07,39.56
2015-02-08,49.68
2015-02-09,56.120000000000005
2015-02-10,63.480000000000004
2015-02-11,58.88
2015-02-12,92.0
2015-02-13,59.800000000000004
2015-02-14,40.480000000000004
2015-02-15,34.96
2015-02-16,31.28
2015-02-17,58.88
2015-02-18,59.800000000000004
2015-02-19,59.800000000000004
2015-02-20,60.720000000000006
2015-02-21,44.160000000000004
2015-02-22,21.16
2015-02-23,43.24
2015-02-24,60.720000000000006
2015-02-25,64.4
2015-02-26,42.32
2015-02-27,72.68
2015-02-28,36.800000000000004
2015-03-01,18.259999999999998
2015-03-02,70.55
2015-03-03,49.8
2015-03-04,67.22999999999999
2015-03-05,51.46
2015-03-06,60.589999999999996
2015-03-07,16.599999999999998
2015-03-08,19.09
2015-03-09,54.779999999999994
2015-03-10,54.779999999999994
2015-03-11,38.18
2015-03-12,65.57
2015-03-13,35.69
2015-03-14,43.16
2015-03-15,22.41
2015-03-16,50.629999999999995
2015-03-17,34.86
2015-03-18,52.29
2015-03-19,83.0
2015-03-20,64.74
2015-03-21,36.519999999999996
2015-03-22,34.03
2015-03-23,68.06
2015-03-24,57.269999999999996
2015-03-25,48.97
2015-03-26,67.22999999999999
2015-03-27,48.14
2015-03-28,24.07
2015-03-29,15.77
2015-03-30,62.25
2015-03-31,62.25
2015-04-01,77.42
2015-04-02,72.52
2015-04-03,57.82
2015-04-04,38.22
2015-04-05,27.439999999999998
2015-04-06,63.699999999999996
2015-04-07,98.0
2015-04-08,84.28
2015-04-09,84.28
2015-04-10,82.32
2015-04-11,22.54
2015-04-12,46.06
2015-04-13,63.699999999999996
2015-04-14,86.24
2015-04-15,92.12
2015-04-16,93.1
2015-04-17,64.67999999999999
2015-04-18,42.14
2015-04-19,32.339999999999996
2015-04-20,85.26
2015-04-21,53.9
2015-04-22,63.699999999999996
2015-04-23,72.52
2015-04-24,72.52
2015-04-25,25.48
2015-04-26,57.82
2015-04-27,64.67999999999999
2015-04-28,57.82
2015-04-29,69.58
2015-04-30,90.16
2015-05-01,61.410000000000004
2015-05-02,16.02
2015-05-03,13.35
2015-05-04,64.97
2015-05-05,50.730000000000004
2015-05-06,71.2
2015-05-07,45.39
2015-05-08,58.74
2015-05-09,35.6
2015-05-10,30.26
2015-05-11,60.52
2015-05-12,58.74
2015-05-13,53.4
2015-05-14,56.07
2015-05-15,48.06
2015-05-16,27.59
2015-05-17,19.580000000000002
2015-05-18,45.39
2015-05-19,79.21000000000001
2015-05-20,82.77
2015-05-21,82.77
2015-05-22,59.63
2015-05-23,34.71
2015-05-24,32.93
2015-05-25,24.03
2015-05-26,69.42
2015-05-27,71.2
2015-05-28,78.32000000000001
2015-05-29,89.0
2015-05-30,30.26
2015-05-31,38.27
2015-06-01,62.0
2015-06-02,82.0
2015-06-03,39.0
2015-06-04,83.0
2015-06-05,68.0
2015-06-06,18.0
2015-06-07,30.0
2015-06-08,62.0
2015-06-09,59.0
2015-06-10,95.0
2015-06-11,73.0
2015-06-12,95.0
2015-06-13,33.0
2015-06-14,30.0
2015-06-15,43.0
2015-06-16,55.0
2015-06-17,76.0
2015-06-18,74.0
2015-06-19,54.0
2015-06-20,50.0
2015-06-21,9.0
2015-06-22,63.0
2015-06-23,61.0
2015-06-24,56.0
2015-06-25,57.0
2015-06-26,82.0
2015-06-27,35.0
2015-06-28,18.0
2015-06-29,100.0
2015-06-30,62.0
2015-07-01,76.0
2015-07-02,58.0
2015-07-03,71.0
2015-07-04,10.0
2015-07-05,27.0
2015-07-06,53.0
2015-07-07,88.0
2015-07-08,76.0
2015-07-09,83.0
2015-07-10,54.0
2015-07-11,37.0
2015-07-12,44.0
2015-07-13,74.0
2015-07-14,100.0
2015-07-15,62.0
2015-07-16,61.0
2015-07-17,63.0
2015-07-18,38.0
2015-07-19,43.0
2015-07-20,71.0
2015-07-21,75.0
2015-07-22,77.0
2015-07-23,47.0
2015-07-24,84.0
2015-07-25,55.0
2015-07-26,25.0
2015-07-27,64.0
2015-07-28,84.0
2015-07-29,78.0
2015-07-30,68.0
2015-07-31,55.0
2015-08-01,25.22
2015-08-02,31.04
2015-08-03,64.02
2015-08-04,58.199999999999996
2015-08-05,43.65
2015-08-06,59.17
2015-08-07,45.589999999999996
2015-08-08,25.22
2015-08-09,18.43
2015-08-10,97.0
2015-08-11,81.48
2015-08-12,72.75
2015-08-13,89.24
2015-08-14,65.96
2015-08-15,43.65
2015-08-16,36.86
2015-08-17,48.5
2015-08-18,42.68
2015-08-19,71.78
2015-08-20,82.45
2015-08-21,59.17
2015-08-22,30.07
2015-08-23,5.82
2015-08-24,79.53999999999999
2015-08-25,84.39
2015-08-26,97.0
2015-08-27,69.84
2015-08-28,53.35
2015-08-29,41.71
2015-08-30,30.07
2015-08-31,55.29
2015-09-01,59.84
2015-09-02,54.56
2015-09-03,78.32000000000001
2015-09-04,46.64
2015-09-05,33.44
2015-09-06,22.88
2015-09-07,34.32
2015-09-08,48.4
2015-09-09,69.52
2015-09-10,73.92
2015-09-11,66.0
2015-09-12,36.96
2015-09-13,29.04
2015-09-14,47.52
2015-09-15,53.68
2015-09-16,88.0
2015-09-17,41.36
2015-09-18,58.08
2015-09-19,35.2
2015-09-20,21.12
2015-09-21,51.04
2015-09-22,57.2
2015-09-23,67.76
2015-09-24,68.64
2015-09-25,68.64
2015-09-26,45.76
2015-09-27,26.4
2015-09-28,51.92
2015-09-29,58.08
2015-09-30,51.92
2015-10-01,49.019999999999996
2015-10-02,51.6
2015-10-03,32.68
2015-10-04,18.919999999999998
2015-10-05,46.44
2015-10-06,60.199999999999996
2015-10-07,43.86
2015-10-08,56.76
2015-10-09,60.199999999999996
2015-10-10,13.76
2015-10-11,16.34
2015-10-12,60.199999999999996
2015-10-13,69.66
2015-10-14,50.74
2015-10-15,47.3
2015-10-16,44.72
2015-10-17,18.919999999999998
2015-10-18,18.919999999999998
2015-10-19,86.0
2015-10-20,52.46
2015-10-21,68.8
2015-10-22,45.58
2015-10-23,56.76
2015-10-24,29.24
2015-10-25,31.82
2015-10-26,52.46
2015-10-27,71.38
2015-10-28,68.8
2015-10-29,40.42
2015-10-30,41.28
2015-10-31,26.66
2015-11-01,21.060000000000002
2015-11-02,46.02
2015-11-03,41.34
2015-11-04,56.940000000000005
2015-11-05,38.22
2015-11-06,49.92
2015-11-07,25.740000000000002
2015-11-08,17.94
2015-11-09,31.98
2015-11-10,53.82
2015-11-11,78.0
2015-11-12,39.0
2015-11-13,30.42
2015-11-14,29.64
2015-11-15,17.94
2015-11-16,33.54
2015-11-17,49.14
2015-11-18,49.92
2015-11-19,46.02
2015-11-20,29.64
2015-11-21,25.740000000000002
2015-11-22,21.060000000000002
2015-11-23,26.52
2015-11-24,58.5
2015-11-25,42.120000000000005
2015-11-26,16.38
2015-11-27,22.62
2015-11-28,27.3
2015-11-29,7.800000000000001
2015-11-30,31.200000000000003
2015-12-01,47.2
2015-12-02,48.0
2015-12-03,44.800000000000004
2015-12-04,53.6
2015-12-05,32.0
2015-12-06,34.4
2015-12-07,39.2
2015-12-08,39.2
2015-12-09,60.800000000000004
2015-12-10,45.6
2015-12-11,36.800000000000004
2015-12-12,41.6
2015-12-13,21.6
2015-12-14,48.800000000000004
2015-12-15,63.2
2015-12-16,35.2
2015-12-17,50.400000000000006
2015-12-18,44.0
2015-12-19,33.6
2015-12-20,12.8
2015-12-21,78.4
2015-12-22,60.0
2015-12-23,42.400000000000006
2015-12-24,40.800000000000004
2015-12-25,12.0
2015-12-26,16.0
2015-12-27,15.200000000000001
2015-12-28,80.0
2015-12-29,62.400000000000006
2015-12-30,68.0
2015-12-31,48.0
2016-01-01,22.62
2016-01-02,28.86
2016-01-03,28.080000000000002
2016-01-04,60.84
2016-01-05,63.96
2016-01-06,78.0
2016-01-07,58.5
2016-01-08,70.2
2016-01-09,31.98
2016-01-10,21.84
2016-01-11,74.10000000000001
2016-01-12,46.02
2016-01-13,49.14
2016-01-14,61.620000000000005
2016-01-15,63.18
2016-01-16,23.400000000000002
2016-01-17,14.82
2016-01-18,38.22
2016-01-19,60.84
2016-01-20,41.34
2016-01-21,41.34
2016-01-22,43.68
2016-01-23,24.96
2016-01-24,23.400000000000002
2016-01-25,75.66
2016-01-26,53.82
2016-01-27,56.160000000000004
2016-01-28,70.2
2016-01-29,59.28
2016-01-30,37.44
2016-01-31,34.32
2016-02-01,50.4
2016-02-02,69.84
2016-02-03,64.08
2016-02-04,55.44
2016-02-05,49.68
2016-02-06,31.68
2016-02-07,18.72
2016-02-08,54.0
2016-02-09,53.28
2016-02-10,53.28
2016-02-11,52.559999999999995
2016-02-12,51.12
2016-02-13,43.92
2016-02-14,30.959999999999997
2016-02-15,38.16
2016-02-16,33.839999999999996
2016-02-17,72.0
2016-02-18,65.52
2016-02-19,37.44
2016-02-20,19.439999999999998
2016-02-21,23.04
2016-02-22,58.32
2016-02-23,53.28
2016-02-24,51.12
2016-02-25,62.64
2016-02-26,54.0
2016-02-27,40.32
2016-02-28,19.439999999999998
2016-02-29,40.32
2016-03-01,36.96
2016-03-02,28.000000000000004
2016-03-03,56.00000000000001
2016-03-04,34.160000000000004
2016-03-05,12.88
2016-03-06,14.000000000000002
2016-03-07,22.96
2016-03-08,31.360000000000003
2016-03-09,39.2
2016-03-10,25.76
2016-03-11,28.560000000000002
2016-03-12,18.48
2016-03-13,14.560000000000002
2016-03-14,38.080000000000005
2016-03-15,31.92
2016-03-16,35.28
2016-03-17,29.120000000000005
2016-03-18,44.800000000000004
2016-03-19,29.120000000000005
2016-03-20,30.800000000000004
2016-03-21,47.6
2016-03-22,38.64
2016-03-23,45.36000000000001
2016-03-24,38.080000000000005
2016-03-25,40.32000000000001
2016-03-26,13.440000000000001
2016-03-27,9.520000000000001
2016-03-28,37.52
2016-03-29,47.6
2016-03-30,43.120000000000005
2016-03-31,39.2
2016-04-01,34.1
2016-04-02,32.24
2016-04-03,24.8
2016-04-04,36.58
2016-04-05,24.8
2016-04-06,44.02
2016-04-07,27.9
2016-04-08,48.98
2016-04-09,10.54
2016-04-10,24.18
2016-04-11,36.58
2016-04-12,34.1
2016-04-13,48.98
2016-04-14,49.6
2016-04-15,35.96
2016-04-16,27.9
2016-04-17,18.6
2016-04-18,35.96
2016-04-19,47.12
2016-04-20,45.88
2016-04-21,42.16
2016-04-22,33.48
2016-04-23,22.32
2016-04-24,13.02
2016-04-25,62.0
2016-04-26,27.9
2016-04-27,51.46
2016-04-28,34.1
2016-04-29,36.58
2016-04-30,17.98
2016-05-01,26.84
2016-05-02,58.56
2016-05-03,46.97
2016-05-04,52.46
2016-05-05,43.92
2016-05-06,42.089999999999996
2016-05-07,31.11
2016-05-08,11.59
2016-05-09,50.019999999999996
2016-05-10,45.75
2016-05-11,59.17
2016-05-12,31.72
2016-05-13,24.4
2016-05-14,28.669999999999998
2016-05-15,26.23
2016-05-16,54.29
2016-05-17,61.0
2016-05-18,32.94
2016-05-19,43.31
2016-05-20,36.6
2016-05-21,31.11
2016-05-22,14.03
2016-05-23,52.46
2016-05-24,58.56
2016-05-25,53.07
2016-05-26,39.65
2016-05-27,56.73
2016-05-28,24.4
2016-05-29,12.81
2016-05-30,39.04
2016-05-31,46.97
2016-06-01,46.8
2016-06-02,60.0
2016-06-03,45.6
2016-06-04,25.8
2016-06-05,17.4
2016-06-06,37.8
2016-06-07,37.8
2016-06-08,38.4
2016-06-09,31.799999999999997
2016-06-10,36.0
2016-06-11,12.6
2016-06-12,3.5999999999999996
2016-06-13,30.0
2016-06-14,27.599999999999998
2016-06-15,40.199999999999996
2016-06-16,22.8
2016-06-17,33.6
2016-06-18,25.2
2016-06-19,18.599999999999998
2016-06-20,39.0
2016-06-21,37.8
2016-06-22,39.0
2016-06-23,39.6
2016-06-24,45.0
2016-06-25,19.8
2016-06-26,18.0
2016-06-27,42.0
2016-06-28,27.0
2016-06-29,35.4
2016-06-30,34.199999999999996
2016-07-01,42.74999999999999
2016-07-02,20.52
2016-07-03,17.099999999999998
2016-07-04,14.249999999999998
2016-07-05,27.36
2016-07-06,43.88999999999999
2016-07-07,24.509999999999998
2016-07-08,43.88999999999999
2016-07-09,15.959999999999999
2016-07-10,14.249999999999998
2016-07-11,49.019999999999996
2016-07-12,34.769999999999996
2016-07-13,56.99999999999999
2016-07-14,35.339999999999996
2016-07-15,50.73
2016-07-16,20.52
2016-07-17,33.059999999999995
2016-07-18,26.22
2016-07-19,43.31999999999999
2016-07-20,31.919999999999998
2016-07-21,26.22
2016-07-22,21.09
2016-07-23,15.959999999999999
2016-07-24,20.52
2016-07-25,37.62
2016-07-26,35.91
2016-07-27,39.33
2016-07-28,35.91
2016-07-29,33.629999999999995
2016-07-30,11.969999999999999
2016-07-31,14.249999999999998
2016-08-01,31.349999999999998
2016-08-02,37.05
2016-08-03,39.33
2016-08-04,30.779999999999998
2016-08-05,42.18
2016-08-06,26.79
2016-08-07,30.779999999999998
2016-08-08,56.99999999999999
2016-08-09,29.069999999999997
2016-08-10,38.76
2016-08-11,21.09
2016-08-12,42.18
2016-08-13,21.659999999999997
2016-08-14,21.659999999999997
2016-08-15,22.799999999999997
2016-08-16,54.72
2016-08-17,34.199999999999996
2016-08-18,33.059999999999995
2016-08-19,21.659999999999997
2016-08-20,15.959999999999999
2016-08-21,22.229999999999997
2016-08-22,37.62
2016-08-23,31.919999999999998
2016-08-24,39.9
2016-08-25,41.61
2016-08-26,32.489999999999995
2016-08-27,20.52
2016-08-28,10.26
2016-08-29,34.199999999999996
2016-08-30,34.199999999999996
2016-08-31,32.489999999999995
2016-09-01,27.560000000000002
2016-09-02,28.080000000000002
2016-09-03,27.04
2016-09-04,16.64
2016-09-05,15.600000000000001
2016-09-06,37.44
2016-09-07,52.0
2016-09-08,42.120000000000005
2016-09-09,40.04
2016-09-10,12.48
2016-09-11,17.16
2016-09-12,36.92
2016-09-13,35.36
2016-09-14,34.32
2016-09-15,39.0
2016-09-16,26.0
2016-09-17,16.12
2016-09-18,33.800000000000004
2016-09-19,45.24
2016-09-20,41.08
2016-09-21,23.92
2016-09-22,28.6
2016-09-23,27.560000000000002
2016-09-24,18.2
2016-09-25,20.8
2016-09-26,26.52
2016-09-27,36.92
2016-09-28,34.32
2016-09-29,27.04
2016-09-30,22.880000000000003
2016-10-01,7.65
2016-10-02,22.44
2016-10-03,33.15
2016-10-04,32.64
2016-10-05,43.86
2016-10-06,25.5
2016-10-07,31.11
2016-10-08,32.13
2016-10-09,22.44
2016-10-10,32.13
2016-10-11,28.560000000000002
2016-10-12,40.29
2016-10-13,12.75
2016-10-14,30.09
2016-10-15,13.77
2016-10-16,18.36
2016-10-17,25.5
2016-10-18,37.74
2016-10-19,51.0
2016-10-20,28.560000000000002
2016-10-21,32.64
2016-10-22,23.97
2016-10-23,7.65
2016-10-24,21.93
2016-10-25,24.990000000000002
2016-10-26,24.990000000000002
2016-10-27,32.64
2016-10-28,41.31
2016-10-29,9.69
2016-10-30,13.26
2016-10-31,20.4
2016-11-01,38.160000000000004
2016-11-02,36.57
2016-11-03,33.92
2016-11-04,40.28
2016-11-05,25.970000000000002
2016-11-06,16.96
2016-11-07,36.04
2016-11-08,24.91
2016-11-09,26.5
2016-11-10,47.7
2016-11-11,36.57
2016-11-12,31.8
2016-11-13,22.790000000000003
2016-11-14,27.560000000000002
2016-11-15,48.230000000000004
2016-11-16,33.39
2016-11-17,40.81
2016-11-18,48.760000000000005
2016-11-19,27.560000000000002
2016-11-20,10.07
2016-11-21,47.7
2016-11-22,51.940000000000005
2016-11-23,24.91
2016-11-24,12.72
2016-11-25,33.39
2016-11-26,13.780000000000001
2016-11-27,30.21
2016-11-28,48.230000000000004
2016-11-29,45.050000000000004
2016-11-30,53.0
2016-12-01,27.54
2016-12-02,11.22
2016-12-03,13.26
2016-12-04,6.12
2016-12-05,37.230000000000004
2016-12-06,29.07
2016-12-07,38.25
2016-12-08,30.09
2016-12-09,22.44
2016-12-10,26.01
2016-12-11,19.38
2016-12-12,26.52
2016-12-13,18.87
2016-12-14,30.09
2016-12-15,35.7
2016-12-16,22.95
2016-12-17,20.4
2016-12-18,16.830000000000002
2016-12-19,25.5
2016-12-20,51.0
2016-12-21,15.3
2016-12-22,39.78
2016-12-23,31.62
2016-12-24,20.91
2016-12-25,15.3
2016-12-26,29.580000000000002
2016-12-27,32.64
2016-12-28,21.42
2016-12-29,38.76
2016-12-30,28.05
2016-12-31,12.75
2017-01-01,18.27
2017-01-02,28.98
2017-01-03,36.54
2017-01-04,30.240000000000002
2017-01-05,29.61
2017-01-06,36.54
2017-01-07,23.94
2017-01-08,13.86
2017-01-09,43.47
2017-01-10,63.0
2017-01-11,49.14
2017-01-12,47.25
2017-01-13,47.88
2017-01-14,17.01
2017-01-15,17.01
2017-01-16,39.69
2017-01-17,54.81
2017-01-18,52.29
2017-01-19,37.17
2017-01-20,54.81
2017-01-21,27.09
2017-01-22,29.61
2017-01-23,27.72
2017-01-24,37.17
2017-01-25,40.32
2017-01-26,36.54
2017-01-27,29.61
2017-01-28,44.73
2017-01-29,34.02
2017-01-30,45.36
2017-01-31,53.55
2017-02-01,27.060000000000002
2017-02-02,30.360000000000003
2017-02-03,39.6
2017-02-04,63.36
2017-02-05,19.14
2017-02-06,36.96
2017-02-07,52.14
2017-02-08,63.36
2017-02-09,25.080000000000002
2017-02-10,66.0
2017-02-11,16.5
2017-02-12,29.700000000000003
2017-02-13,34.980000000000004
2017-02-14,54.78
2017-02-15,56.760000000000005
2017-02-16,49.5
2017-02-17,52.14
2017-02-18,23.1
2017-02-19,6.6000000000000005
2017-02-20,20.46
2017-02-21,27.060000000000002
2017-02-22,43.56
2017-02-23,36.300000000000004
2017-02-24,39.6
2017-02-25,13.200000000000001
2017-02-26,6.6000000000000005
2017-02-27,30.360000000000003
2017-02-28,49.5
2017-03-01,67.0
2017-03-02,49.580000000000005
2017-03-03,44.220000000000006
2017-03-04,45.56
2017-03-05,32.160000000000004
2017-03-06,62.980000000000004
2017-03-07,45.56
2017-03-08,56.28
2017-03-09,46.230000000000004
2017-03-10,60.970000000000006
2017-03-11,25.46
2017-03-12,30.150000000000002
2017-03-13,40.870000000000005
2017-03-14,59.63
2017-03-15,60.300000000000004
2017-03-16,58.96
2017-03-17,20.77
2017-03-18,26.8
2017-03-19,28.14
2017-03-20,61.64
2017-03-21,45.56
2017-03-22,54.940000000000005
2017-03-23,50.92
2017-03-24,57.620000000000005
2017-03-25,26.130000000000003
2017-03-26,17.42
2017-03-27,54.27
2017-03-28,46.900000000000006
2017-03-29,52.260000000000005
2017-03-30,53.6
2017-03-31,46.900000000000006
2017-04-01,44.2
2017-04-02,26.650000000000002
2017-04-03,49.4
2017-04-04,61.1
2017-04-05,61.1
2017-04-06,39.65
2017-04-07,49.4
2017-04-08,18.2
2017-04-09,18.2
2017-04-10,43.550000000000004
2017-04-11,55.25
2017-04-12,29.25
2017-04-13,60.45
2017-04-14,53.300000000000004
2017-04-15,31.85
2017-04-16,27.95
2017-04-17,37.050000000000004
2017-04-18,35.75
2017-04-19,46.800000000000004
2017-04-20,29.25
2017-04-21,22.75
2017-04-22,39.65
2017-04-23,17.55
2017-04-24,65.0
2017-04-25,42.9
2017-04-26,62.400000000000006
2017-04-27,32.5
2017-04-28,48.75
2017-04-29,35.75
2017-04-30,31.200000000000003
2017-05-01,33.040000000000006
2017-05-02,26.320000000000004
2017-05-03,40.88
2017-05-04,32.480000000000004
2017-05-05,30.240000000000002
2017-05-06,24.080000000000002
2017-05-07,22.400000000000002
2017-05-08,28.000000000000004
2017-05-09,46.480000000000004
2017-05-10,36.96
2017-05-11,30.240000000000002
2017-05-12,32.480000000000004
2017-05-13,16.240000000000002
2017-05-14,14.560000000000002
2017-05-15,33.6
2017-05-16,39.2
2017-05-17,30.800000000000004
2017-05-18,30.240000000000002
2017-05-19,38.080000000000005
2017-05-20,11.200000000000001
2017-05-21,8.96
2017-05-22,50.96000000000001
2017-05-23,27.44
2017-05-24,27.44
2017-05-25,35.28
2017-05-26,39.2
2017-05-27,13.440000000000001
2017-05-28,13.440000000000001
2017-05-29,21.840000000000003
2017-05-30,56.00000000000001
2017-05-31,40.88
2017-06-01,44.099999999999994
2017-06-02,57.4
2017-06-03,25.2
2017-06-04,32.199999999999996
2017-06-05,49.0
2017-06-06,62.3
2017-06-07,52.5
2017-06-08,58.8
2017-06-09,39.199999999999996
2017-06-10,44.099999999999994
2017-06-11,28.0
2017-06-12,56.699999999999996
2017-06-13,40.599999999999994
2017-06-14,65.1
2017-06-15,44.8
2017-06-16,49.0
2017-06-17,18.2
2017-06-18,18.9
2017-06-19,49.0
2017-06-20,70.0
2017-06-21,49.0
2017-06-22,62.99999999999999
2017-06-23,64.39999999999999
2017-06-24,28.7
2017-06-25,30.099999999999998
2017-06-26,61.599999999999994
2017-06-27,37.8
2017-06-28,46.199999999999996
2017-06-29,60.199999999999996
2017-06-30,53.199999999999996
2017-07-01,27.09
2017-07-02,9.45
2017-07-03,19.53
2017-07-04,6.3
2017-07-05,29.61
2017-07-06,43.47
2017-07-07,25.830000000000002
2017-07-08,11.97
2017-07-09,15.120000000000001
2017-07-10,25.830000000000002
2017-07-11,38.43
2017-07-12,37.8
2017-07-13,35.910000000000004
2017-07-14,54.18
2017-07-15,26.46
2017-07-16,21.42
2017-07-17,30.87
2017-07-18,32.76
2017-07-19,42.84
2017-07-20,32.76
2017-07-21,25.830000000000002
2017-07-22,29.61
2017-07-23,11.97
2017-07-24,40.32
2017-07-25,22.68
2017-07-26,63.0
2017-07-27,32.76
2017-07-28,51.660000000000004
2017-07-29,11.97
2017-07-30,3.15
2017-07-31,35.28
2017-08-01,63.0
2017-08-02,45.99
2017-08-03,53.55
2017-08-04,46.62
2017-08-05,20.79
2017-08-06,14.49
2017-08-07,42.84
2017-08-08,36.54
2017-08-09,28.98
2017-08-10,30.240000000000002
2017-08-11,44.73
2017-08-12,32.13
2017-08-13,28.98
2017-08-14,52.92
2017-08-15,45.36
2017-08-16,36.54
2017-08-17,26.46
2017-08-18,35.28
2017-08-19,16.38
2017-08-20,11.97
2017-08-21,32.76
2017-08-22,32.76
2017-08-23,43.47
2017-08-24,44.1
2017-08-25,33.39
2017-08-26,19.53
2017-08-27,13.23
2017-08-28,28.98
2017-08-29,57.33
2017-08-30,28.98
2017-08-31,44.1
2017-09-01,37.1
2017-09-02,18.55
2017-09-03,15.370000000000001
2017-09-04,24.380000000000003
2017-09-05,32.86
2017-09-06,33.39
2017-09-07,30.21
2017-09-08,23.85
2017-09-09,16.43
2017-09-10,19.080000000000002
2017-09-11,31.8
2017-09-12,34.980000000000004
2017-09-13,40.28
2017-09-14,46.64
2017-09-15,28.62
2017-09-16,18.55
2017-09-17,16.43
2017-09-18,34.45
2017-09-19,41.34
2017-09-20,31.8
2017-09-21,40.81
2017-09-22,37.63
2017-09-23,27.03
2017-09-24,13.25
2017-09-25,33.39
2017-09-26,53.0
2017-09-27,46.11
2017-09-28,42.400000000000006
2017-09-29,43.46
2017-09-30,39.75
2017-10-01,21.08
2017-10-02,32.24
2017-10-03,48.36
2017-10-04,32.86
2017-10-05,49.6
2017-10-06,42.78
2017-10-07,16.74
2017-10-08,17.98
2017-10-09,43.4
2017-10-10,50.839999999999996
2017-10-11,50.22
2017-10-12,62.0
2017-10-13,35.96
2017-10-14,34.1
2017-10-15,18.6
2017-10-16,34.72
2017-10-17,58.28
2017-10-18,41.54
2017-10-19,41.54
2017-10-20,38.44
2017-10-21,30.38
2017-10-22,20.46
2017-10-23,51.46
2017-10-24,42.78
2017-10-25,55.8
2017-10-26,36.58
2017-10-27,34.72
2017-10-28,19.22
2017-10-29,26.66
2017-10-30,35.96
2017-10-31,53.32
2017-11-01,36.300000000000004
2017-11-02,51.150000000000006
2017-11-03,26.950000000000003
2017-11-04,28.05
2017-11-05,20.35
2017-11-06,25.85
2017-11-07,37.95
2017-11-08,41.25
2017-11-09,28.05
2017-11-10,42.900000000000006
2017-11-11,19.25
2017-11-12,13.750000000000002
2017-11-13,29.150000000000002
2017-11-14,40.7
2017-11-15,46.75000000000001
2017-11-16,40.7
2017-11-17,36.85
2017-11-18,29.700000000000003
2017-11-19,12.100000000000001
2017-11-20,31.900000000000002
2017-11-21,55.00000000000001
2017-11-22,35.75
2017-11-23,21.450000000000003
2017-11-24,26.950000000000003
2017-11-25,24.200000000000003
2017-11-26,10.450000000000001
2017-11-27,23.650000000000002
2017-11-28,29.700000000000003
2017-11-29,30.250000000000004
2017-11-30,44.0
2017-12-01,24.36
2017-12-02,34.22
2017-12-03,12.18
2017-12-04,31.319999999999997
2017-12-05,33.64
2017-12-06,44.66
2017-12-07,25.52
2017-12-08,30.74
2017-12-09,23.2
2017-12-10,3.4799999999999995
2017-12-11,33.64
2017-12-12,49.879999999999995
2017-12-13,30.159999999999997
2017-12-14,38.279999999999994
2017-12-15,28.419999999999998
2017-12-16,22.04
2017-12-17,12.76
2017-12-18,24.939999999999998
2017-12-19,46.98
2017-12-20,51.04
2017-12-21,43.5
2017-12-22,43.5
2017-12-23,23.2
2017-12-24,23.779999999999998
2017-12-25,0.0
2017-12-26,21.459999999999997
2017-12-27,41.18
2017-12-28,34.22
2017-12-29,57.99999999999999
2017-12-30,29.58
2017-12-31,25.52
2018-01-01,12.540000000000001
2018-01-02,29.040000000000003
2018-01-03,45.54
2018-01-04,30.360000000000003
2018-01-05,32.34
2018-01-06,17.82
2018-01-07,22.44
2018-01-08,25.740000000000002
2018-01-09,31.68
2018-01-10,33.660000000000004
2018-01-11,32.34
2018-01-12,33.660000000000004
2018-01-13,24.42
2018-01-14,9.24
2018-01-15,27.720000000000002
2018-01-16,30.360000000000003
2018-01-17,33.0
2018-01-18,34.32
2018-01-19,30.360000000000003
2018-01-20,16.5
2018-01-21,17.16
2018-01-22,35.64
2018-01-23,32.34
2018-01-24,45.54
2018-01-25,35.64
2018-01-26,34.980000000000004
2018-01-27,24.42
2018-01-28,10.56
2018-01-29,35.64
2018-01-30,66.0
2018-01-31,37.620000000000005
2018-02-01,46.2
2018-02-02,30.250000000000004
2018-02-03,17.05
2018-02-04,22.55
2018-02-05,29.700000000000003
2018-02-06,34.1
2018-02-07,36.85
2018-02-08,39.6
2018-02-09,55.00000000000001
2018-02-10,13.750000000000002
2018-02-11,14.850000000000001
2018-02-12,40.7
2018-02-13,45.650000000000006
2018-02-14,29.700000000000003
2018-02-15,48.95
2018-02-16,29.150000000000002
2018-02-17,21.450000000000003
2018-02-18,13.750000000000002
2018-02-19,26.950000000000003
2018-02-20,30.800000000000004
2018-02-21,25.85
2018-02-22,36.85
2018-02-23,46.2
2018-02-24,15.400000000000002
2018-02-25,7.700000000000001
2018-02-26,30.250000000000004
2018-02-27,33.0
2018-02-28,36.85
2018-03-01,42.6
2018-03-02,32.4
2018-03-03,21.0
2018-03-04,28.2
2018-03-05,34.199999999999996
2018-03-06,40.8
2018-03-07,37.8
2018-03-08,58.8
2018-03-09,42.6
2018-03-10,24.599999999999998
2018-03-11,10.2
2018-03-12,21.0
2018-03-13,38.4
2018-03-14,43.8
2018-03-15,30.0
2018-03-16,39.6
2018-03-17,50.4
2018-03-18,10.799999999999999
2018-03-19,59.4
2018-03-20,43.8
2018-03-21,49.8
2018-03-22,60.0
2018-03-23,39.6
2018-03-24,14.399999999999999
2018-03-25,28.799999999999997
2018-03-26,58.199999999999996
2018-03-27,39.6
2018-03-28,43.199999999999996
2018-03-29,43.8
2018-03-30,55.8
2018-03-31,28.799999999999997
2018-04-01,18.91
2018-04-02,32.33
2018-04-03,61.0
2018-04-04,45.75
2018-04-05,47.58
2018-04-06,41.48
2018-04-07,26.84
2018-04-08,23.79
2018-04-09,42.699999999999996
2018-04-10,42.699999999999996
2018-04-11,37.82
2018-04-12,44.53
2018-04-13,45.75
2018-04-14,14.64
2018-04-15,18.91
2018-04-16,29.89
2018-04-17,30.5
2018-04-18,40.26
2018-04-19,31.11
2018-04-20,34.769999999999996
2018-04-21,26.23
2018-04-22,16.47
2018-04-23,32.94
2018-04-24,31.72
2018-04-25,30.5
2018-04-26,28.06
2018-04-27,26.23
2018-04-28,9.76
2018-04-29,17.69
2018-04-30,43.92
2018-05-01,37.52
2018-05-02,40.88
2018-05-03,42.56
2018-05-04,23.520000000000003
2018-05-05,40.32000000000001
2018-05-06,17.92
2018-05-07,50.400000000000006
2018-05-08,48.720000000000006
2018-05-09,49.28
2018-05-10,47.6
2018-05-11,28.560000000000002
2018-05-12,30.800000000000004
2018-05-13,26.880000000000003
2018-05-14,30.240000000000002
2018-05-15,42.56
2018-05-16,56.00000000000001
2018-05-17,41.440000000000005
2018-05-18,19.040000000000003
2018-05-19,21.840000000000003
2018-05-20,18.48
2018-05-21,31.92
2018-05-22,44.800000000000004
2018-05-23,39.2
2018-05-24,47.6
2018-05-25,55.440000000000005
2018-05-26,25.200000000000003
2018-05-27,14.560000000000002
2018-05-28,15.680000000000001
2018-05-29,38.64
2018-05-30,30.240000000000002
2018-05-31,47.6
2018-06-01,40.32000000000001
2018-06-02,31.360000000000003
2018-06-03,31.92
2018-06-04,39.760000000000005
2018-06-05,39.760000000000005
2018-06-06,26.880000000000003
2018-06-07,49.84
2018-06-08,24.080000000000002
2018-06-09,27.44
2018-06-10,19.6
2018-06-11,29.120000000000005
2018-06-12,36.96
2018-06-13,44.24
2018-06-14,40.32000000000001
2018-06-15,56.00000000000001
2018-06-16,20.160000000000004
2018-06-17,7.840000000000001
2018-06-18,30.800000000000004
2018-06-19,39.760000000000005
2018-06-20,44.24
2018-06-21,24.080000000000002
2018-06-22,45.92
2018-06-23,3.9200000000000004
2018-06-24,15.680000000000001
2018-06-25,29.680000000000003
2018-06-26,40.88
2018-06-27,30.800000000000004
2018-06-28,34.160000000000004
2018-06-29,49.28
2018-06-30,28.000000000000004
2018-07-01,20.160000000000004
2018-07-02,47.040000000000006
2018-07-03,42.56
2018-07-04,24.080000000000002
2018-07-05,48.160000000000004
2018-07-06,26.320000000000004
2018-07-07,21.840000000000003
2018-07-08,34.720000000000006
2018-07-09,36.400000000000006
2018-07-10,39.760000000000005
2018-07-11,45.92
2018-07-12,33.040000000000006
2018-07-13,44.800000000000004
2018-07-14,15.120000000000001
2018-07-15,24.080000000000002
2018-07-16,52.64000000000001
2018-07-17,31.92
2018-07-18,26.880000000000003
2018-07-19,34.720000000000006
2018-07-20,47.040000000000006
2018-07-21,28.560000000000002
2018-07-22,21.840000000000003
2018-07-23,48.720000000000006
2018-07-24,56.00000000000001
2018-07-25,46.480000000000004
2018-07-26,38.080000000000005
2018-07-27,48.720000000000006
2018-07-28,21.840000000000003
2018-07-29,17.92
2018-07-30,35.84
2018-07-31,48.160000000000004
2018-08-01,35.4
2018-08-02,48.0
2018-08-03,50.4
2018-08-04,21.599999999999998
2018-08-05,33.6
2018-08-06,47.4
2018-08-07,60.0
2018-08-08,33.6
2018-08-09,49.199999999999996
2018-08-10,36.6
2018-08-11,29.4
2018-08-12,25.2
2018-08-13,51.0
2018-08-14,43.8
2018-08-15,36.0
2018-08-16,34.8
2018-08-17,48.0
2018-08-18,18.0
2018-08-19,24.0
2018-08-20,34.199999999999996
2018-08-21,43.199999999999996
2018-08-22,39.0
2018-08-23,29.4
2018-08-24,34.8
2018-08-25,24.0
2018-08-26,29.4
2018-08-27,31.799999999999997
2018-08-28,41.4
2018-08-29,48.0
2018-08-30,39.6
2018-08-31,25.2
2018-09-01,15.5
2018-09-02,5.0
2018-09-03,28.5
2018-09-04,35.0
2018-09-05,29.5
2018-09-06,25.5
2018-09-07,28.5
2018-09-08,12.0
2018-09-09,10.5
2018-09-10,24.5
2018-09-11,34.0
2018-09-12,34.0
2018-09-13,28.0
2018-09-14,50.0
2018-09-15,25.0
2018-09-16,13.5
2018-09-17,23.0
2018-09-18,24.0
2018-09-19,27.5
2018-09-20,38.5
2018-09-21,34.0
2018-09-22,17.5
2018-09-23,18.0
2018-09-24,19.5
2018-09-25,33.0
2018-09-26,34.0
2018-09-27,30.5
2018-09-28,37.5
2018-09-29,17.5
2018-09-30,15.5
2018-10-01,36.34
2018-10-02,19.78
2018-10-03,33.58
2018-10-04,17.02
2018-10-05,20.240000000000002
2018-10-06,13.8
2018-10-07,10.120000000000001
2018-10-08,31.28
2018-10-09,39.56
2018-10-10,22.540000000000003
2018-10-11,25.76
2018-10-12,32.660000000000004
2018-10-13,20.7
2018-10-14,17.48
2018-10-15,25.76
2018-10-16,45.54
2018-10-17,46.0
2018-10-18,38.18
2018-10-19,35.88
2018-10-20,37.260000000000005
2018-10-21,16.560000000000002
2018-10-22,28.52
2018-10-23,31.28
2018-10-24,24.84
2018-10-25,31.740000000000002
2018-10-26,9.200000000000001
2018-10-27,34.5
2018-10-28,20.240000000000002
2018-10-29,16.560000000000002
2018-10-30,42.78
2018-10-31,23.46
2018-11-01,29.759999999999998
2018-11-02,42.239999999999995
2018-11-03,26.88
2018-11-04,12.48
2018-11-05,39.36
2018-11-06,33.6
2018-11-07,26.4
2018-11-08,23.04
2018-11-09,24.0
2018-11-10,18.72
2018-11-11,16.8
2018-11-12,37.44
2018-11-13,32.64
2018-11-14,25.439999999999998
2018-11-15,33.12
2018-11-16,25.919999999999998
2018-11-17,14.879999999999999
2018-11-18,9.6
2018-11-19,24.48
2018-11-20,34.08
2018-11-21,39.839999999999996
2018-11-22,16.8
2018-11-23,17.759999999999998
2018-11-24,21.599999999999998
2018-11-25,16.32
2018-11-26,41.28
2018-11-27,33.12
2018-11-28,48.0
2018-11-29,23.04
2018-11-30,21.119999999999997
2018-12-01,6.63
2018-12-02,10.530000000000001
2018-12-03,39.0
2018-12-04,17.94
2018-12-05,29.25
2018-12-06,21.84
2018-12-07,29.64
2018-12-08,10.92
2018-12-09,13.26
2018-12-10,14.82
2018-12-11,29.25
2018-12-12,25.740000000000002
2018-12-13,18.330000000000002
2018-12-14,22.62
2018-12-15,12.48
2018-12-16,5.46
2018-12-17,17.94
2018-12-18,17.55
2018-12-19,24.96
2018-12-20,25.35
2018-12-21,30.42
2018-12-22,7.0200000000000005
2018-12-23,5.8500000000000005
2018-12-24,10.14
2018-12-25,19.11
2018-12-26,16.38
2018-12-27,20.28
2018-12-28,29.25
2018-12-29,10.92
2018-12-30,8.19
2018-12-31,14.040000000000001
2019-01-01,28.669999999999998
2019-01-02,26.32
2019-01-03,31.02
2019-01-04,32.43
2019-01-05,27.259999999999998
2019-01-06,13.629999999999999
2019-01-07,26.32
2019-01-08,32.9
2019-01-09,26.79
2019-01-10,32.9
2019-01-11,24.91
2019-01-12,21.15
2019-01-13,17.39
2019-01-14,45.589999999999996
2019-01-15,47.0
2019-01-16,40.89
2019-01-17,43.71
2019-01-18,39.48
2019-01-19,15.04
2019-01-20,16.45
2019-01-21,22.09
2019-01-22,30.08
2019-01-23,39.01
2019-01-24,28.669999999999998
2019-01-25,38.54
2019-01-26,21.619999999999997
2019-01-27,23.5
2019-01-28,31.02
2019-01-29,46.059999999999995
2019-01-30,47.0
2019-01-31,37.129999999999995
2019-02-01,43.24
2019-02-02,30.82
2019-02-03,9.200000000000001
2019-02-04,43.24
2019-02-05,34.5
2019-02-06,33.120000000000005
2019-02-07,24.84
2019-02-08,25.76
2019-02-09,17.02
2019-02-10,18.86
2019-02-11,40.02
2019-02-12,28.060000000000002
2019-02-13,33.58
2019-02-14,27.14
2019-02-15,36.800000000000004
2019-02-16,30.360000000000003
2019-02-17,18.86
2019-02-18,23.46
2019-02-19,40.02
2019-02-20,28.98
2019-02-21,31.740000000000002
2019-02-22,25.76
2019-02-23,14.72
2019-02-24,24.84
2019-02-25,34.04
2019-02-26,29.900000000000002
2019-02-27,46.0
2019-02-28,20.7
2019-03-01,30.72
2019-03-02,13.44
2019-03-03,13.44
2019-03-04,25.439999999999998
2019-03-05,27.84
2019-03-06,24.48
2019-03-07,30.72
2019-03-08,28.32
2019-03-09,15.84
2019-03-10,12.48
2019-03-11,27.36
2019-03-12,28.32
2019-03-13,36.48
2019-03-14,33.6
2019-03-15,24.0
2019-03-16,13.92
2019-03-17,8.16
2019-03-18,36.0
2019-03-19,48.0
2019-03-20,17.28
2019-03-21,23.52
2019-03-22,16.32
2019-03-23,18.72
2019-03-24,19.2
2019-03-25,29.279999999999998
2019-03-26,42.72
2019-03-27,37.92
2019-03-28,21.119999999999997
2019-03-29,44.64
2019-03-30,15.84
2019-03-31,10.559999999999999
2019-04-01,36.57
2019-04-02,35.510000000000005
2019-04-03,40.81
2019-04-04,45.580000000000005
2019-04-05,28.09
2019-04-06,18.55
2019-04-07,26.5
2019-04-08,30.740000000000002
2019-04-09,35.510000000000005
2019-04-10,33.92
2019-04-11,46.64
2019-04-12,52.470000000000006
2019-04-13,33.39
2019-04-14,14.31
2019-04-15,32.33
2019-04-16,41.34
2019-04-17,51.940000000000005
2019-04-18,41.870000000000005
2019-04-19,25.970000000000002
2019-04-20,19.080000000000002
2019-04-21,13.25
2019-04-22,33.92
2019-04-23,48.760000000000005
2019-04-24,27.560000000000002
2019-04-25,53.0
2019-04-26,23.85
2019-04-27,22.790000000000003
2019-04-28,16.43
2019-04-29,27.03
2019-04-30,44.52
2019-05-01,34.3
2019-05-02,29.4
2019-05-03,28.91
2019-05-04,25.48
2019-05-05,17.64
2019-05-06,36.26
2019-05-07,32.83
2019-05-08,33.32
2019-05-09,39.2
2019-05-10,27.439999999999998
2019-05-11,12.25
2019-05-12,18.13
2019-05-13,28.419999999999998
2019-05-14,43.61
2019-05-15,32.339999999999996
2019-05-16,33.81
2019-05-17,25.97
2019-05-18,14.7
2019-05-19,10.29
2019-05-20,36.75
2019-05-21,21.56
2019-05-22,32.339999999999996
2019-05-23,34.79
2019-05-24,32.339999999999996
2019-05-25,21.07
2019-05-26,10.78
2019-05-27,12.25
2019-05-28,38.71
2019-05-29,31.36
2019-05-30,36.75
2019-05-31,49.0
2019-06-01,14.7
2019-06-02,14.209999999999999
2019-06-03,22.05
2019-06-04,36.75
2019-06-05,49.0
2019-06-06,29.4
2019-06-07,29.89
2019-06-08,17.64
2019-06-09,11.76
2019-06-10,22.05
2019-06-11,27.439999999999998
2019-06-12,23.03
2019-06-13,29.4
2019-06-14,22.05
2019-06-15,11.27
2019-06-16,8.82
2019-06-17,17.64
2019-06-18,14.7
2019-06-19,44.1
2019-06-20,34.79
2019-06-21,37.73
2019-06-22,2.94
2019-06-23,15.19
2019-06-24,32.83
2019-06-25,24.99
2019-06-26,34.79
2019-06-27,31.849999999999998
2019-06-28,23.52
2019-06-29,21.07
2019-06-30,11.76
2019-07-01,29.58
2019-07-02,24.36
2019-07-03,23.779999999999998
2019-07-04,10.44
2019-07-05,27.839999999999996
2019-07-06,6.959999999999999
2019-07-07,12.76
2019-07-08,17.98
2019-07-09,26.68
2019-07-10,40.019999999999996
2019-07-11,57.99999999999999
2019-07-12,49.3
2019-07-13,21.459999999999997
2019-07-14,17.98
2019-07-15,33.059999999999995
2019-07-16,27.839999999999996
2019-07-17,17.98
2019-07-18,26.68
2019-07-19,19.139999999999997
2019-07-20,6.959999999999999
2019-07-21,13.34
2019-07-22,10.44
2019-07-23,22.04
2019-07-24,22.04
2019-07-25,16.82
2019-07-26,20.299999999999997
2019-07-27,16.24
2019-07-28,8.7
2019-07-29,18.56
2019-07-30,31.319999999999997
2019-07-31,15.659999999999998
2019-08-01,26.01
2019-08-02,23.97
2019-08-03,20.91
2019-08-04,14.790000000000001
2019-08-05,31.11
2019-08-06,29.580000000000002
2019-08-07,34.68
2019-08-08,26.52
2019-08-09,23.46
2019-08-10,26.52
2019-08-11,7.65
2019-08-12,35.19
2019-08-13,36.72
2019-08-14,40.29
2019-08-15,29.07
2019-08-16,32.64
2019-08-17,18.36
2019-08-18,18.87
2019-08-19,28.05
2019-08-20,48.96
2019-08-21,34.68
2019-08-22,38.25
2019-08-23,31.62
2019-08-24,22.44
2019-08-25,11.22
2019-08-26,26.52
2019-08-27,51.0
2019-08-28,23.46
2019-08-29,37.230000000000004
2019-08-30,37.74
2019-08-31,10.71
2019-09-01,15.51
2019-09-02,5.64
2019-09-03,35.72
2019-09-04,30.549999999999997
2019-09-05,20.209999999999997
2019-09-06,25.38
2019-09-07,15.04
2019-09-08,11.75
2019-09-09,38.54
2019-09-10,33.37
2019-09-11,30.549999999999997
2019-09-12,31.02
2019-09-13,41.36
2019-09-14,9.399999999999999
2019-09-15,17.39
2019-09-16,20.209999999999997
2019-09-17,22.56
2019-09-18,22.56
2019-09-19,15.51
2019-09-20,7.52
2019-09-21,18.33
2019-09-22,11.75
2019-09-23,20.209999999999997
2019-09-24,40.89
2019-09-25,36.19
2019-09-26,47.0
2019-09-27,37.129999999999995
2019-09-28,18.799999999999997
2019-09-29,24.439999999999998
2019-09-30,43.239999999999995
2019-10-01,45.12
2019-10-02,42.72
2019-10-03,36.96
2019-10-04,37.92
2019-10-05,32.64
2019-10-06,7.68
2019-10-07,40.32
2019-10-08,24.48
2019-10-09,41.28
2019-10-10,40.8
2019-10-11,36.48
2019-10-12,10.08
2019-10-13,15.36
2019-10-14,48.0
2019-10-15,45.12
2019-10-16,36.0
2019-10-17,32.64
2019-10-18,26.4
2019-10-19,21.119999999999997
2019-10-20,20.64
2019-10-21,45.12
2019-10-22,38.879999999999995
2019-10-23,41.28
2019-10-24,28.32
2019-10-25,36.48
2019-10-26,26.4
2019-10-27,7.68
2019-10-28,38.879999999999995
2019-10-29,19.2
2019-10-30,26.88
2019-10-31,32.64
2019-11-01,32.76
2019-11-02,15.12
2019-11-03,5.88
2019-11-04,31.08
2019-11-05,28.56
2019-11-06,28.14
2019-11-07,41.58
2019-11-08,23.52
2019-11-09,21.84
2019-11-10,12.6
2019-11-11,42.0
2019-11-12,35.699999999999996
2019-11-13,34.44
2019-11-14,36.12
2019-11-15,20.58
2019-11-16,17.22
2019-11-17,21.419999999999998
2019-11-18,26.88
2019-11-19,41.58
2019-11-20,31.5
2019-11-21,23.939999999999998
2019-11-22,20.16
2019-11-23,20.16
2019-11-24,11.34
2019-11-25,26.459999999999997
2019-11-26,26.88
2019-11-27,26.88
2019-11-28,8.4
2019-11-29,25.619999999999997
2019-11-30,8.4
2019-12-01,15.75
2019-12-02,37.35
2019-12-03,41.4
2019-12-04,36.45
2019-12-05,31.5
2019-12-06,33.75
2019-12-07,24.3
2019-12-08,20.25
2019-12-09,35.1
2019-12-10,41.85
2019-12-11,36.45
2019-12-12,37.800000000000004
2019-12-13,45.0
2019-12-14,16.650000000000002
2019-12-15,20.25
2019-12-16,23.400000000000002
2019-12-17,40.95
2019-12-18,35.550000000000004
2019-12-19,29.25
2019-12-20,28.8
2019-12-21,23.400000000000002
2019-12-22,11.700000000000001
2019-12-23,37.35
2019-12-24,17.1
2019-12-25,6.3
2019-12-26,29.7
2019-12-27,28.35
2019-12-28,17.1
2019-12-29,22.05
2019-12-30,32.4
2019-12-31,39.6
2020-01-01,17.28
2020-01-02,34.56
2020-01-03,35.519999999999996
2020-01-04,12.959999999999999
2020-01-05,20.64
2020-01-06,28.799999999999997
2020-01-07,28.799999999999997
2020-01-08,31.2
2020-01-09,26.88
2020-01-10,36.96
2020-01-11,14.399999999999999
2020-01-12,20.64
2020-01-13,32.16
2020-01-14,40.8
2020-01-15,41.76
2020-01-16,41.28
2020-01-17,33.12
2020-01-18,24.48
2020-01-19,11.04
2020-01-20,24.96
2020-01-21,29.759999999999998
2020-01-22,29.279999999999998
2020-01-23,38.879999999999995
2020-01-24,35.04
2020-01-25,17.759999999999998
2020-01-26,5.76
2020-01-27,34.08
2020-01-28,48.0
2020-01-29,38.879999999999995
2020-01-30,35.519999999999996
2020-01-31,34.08
2020-02-01,17.0
2020-02-02,26.0
2020-02-03,33.5
2020-02-04,32.0
2020-02-05,32.0
2020-02-06,32.0
2020-02-07,44.0
2020-02-08,22.5
2020-02-09,23.0
2020-02-10,35.5
2020-02-11,50.0
2020-02-12,50.0
2020-02-13,33.5
2020-02-14,44.5
2020-02-15,32.0
2020-02-16,11.0
2020-02-17,20.0
2020-02-18,40.0
2020-02-19,41.5
2020-02-20,49.0
2020-02-21,31.5
2020-02-22,23.5
2020-02-23,22.0
2020-02-24,31.0
2020-02-25,36.5
2020-02-26,33.0
2020-02-27,37.5
2020-02-28,37.5
2020-02-29,16.0
2020-03-01,8.84
2020-03-02,36.92
2020-03-03,34.84
2020-03-04,38.480000000000004
2020-03-05,36.92
2020-03-06,46.28
2020-03-07,21.32
2020-03-08,13.52
2020-03-09,49.92
2020-03-10,39.0
2020-03-11,33.800000000000004
2020-03-12,27.04
2020-03-13,25.48
2020-03-14,18.2
2020-03-15,18.72
2020-03-16,48.88
2020-03-17,44.72
2020-03-18,52.0
2020-03-19,36.92
2020-03-20,41.08
2020-03-21,22.36
2020-03-22,14.56
2020-03-23,38.480000000000004
2020-03-24,46.28
2020-03-25,23.92
2020-03-26,43.160000000000004
2020-03-27,28.6
2020-03-28,23.400000000000002
2020-03-29,15.08
2020-03-30,26.0
2020-03-31,33.28
2020-04-01,28.080000000000002
2020-04-02,36.72
2020-04-03,48.06
2020-04-04,33.480000000000004
2020-04-05,17.82
2020-04-06,48.6
2020-04-07,38.34
2020-04-08,23.76
2020-04-09,38.34
2020-04-10,24.3
2020-04-11,18.36
2020-04-12,14.040000000000001
2020-04-13,30.240000000000002
2020-04-14,54.0
2020-04-15,49.14
2020-04-16,29.160000000000004
2020-04-17,31.32
2020-04-18,16.200000000000003
2020-04-19,18.900000000000002
2020-04-20,27.0
2020-04-21,36.18
2020-04-22,24.3
2020-04-23,37.260000000000005
2020-04-24,19.44
2020-04-25,17.28
2020-04-26,16.200000000000003
2020-04-27,29.700000000000003
2020-04-28,28.62
2020-04-29,32.400000000000006
2020-04-30,40.5
