date,Merck
2011-01-01,20.68
2011-01-02,37.599999999999994
2011-01-03,47.0
2011-01-04,60.16
2011-01-05,53.58
2011-01-06,79.89999999999999
2011-01-07,47.0
2011-01-08,35.72
2011-01-09,37.599999999999994
2011-01-10,54.519999999999996
2011-01-11,59.22
2011-01-12,61.099999999999994
2011-01-13,94.0
2011-01-14,77.08
2011-01-15,38.54
2011-01-16,42.3
2011-01-17,52.64
2011-01-18,65.8
2011-01-19,54.519999999999996
2011-01-20,64.86
2011-01-21,49.82
2011-01-22,31.02
2011-01-23,29.139999999999997
2011-01-24,73.32
2011-01-25,71.44
2011-01-26,57.339999999999996
2011-01-27,54.519999999999996
2011-01-28,62.04
2011-01-29,21.619999999999997
2011-01-30,45.12
2011-01-31,61.099999999999994
2011-02-01,69.0
2011-02-02,63.0
2011-02-03,88.0
2011-02-04,68.0
2011-02-05,40.0
2011-02-06,46.0
2011-02-07,76.0
2011-02-08,71.0
2011-02-09,86.0
2011-02-10,76.0
2011-02-11,72.0
2011-02-12,35.0
2011-02-13,37.0
2011-02-14,73.0
2011-02-15,77.0
2011-02-16,65.0
2011-02-17,72.0
2011-02-18,69.0
2011-02-19,46.0
2011-02-20,48.0
2011-02-21,54.0
2011-02-22,100.0
2011-02-23,68.0
2011-02-24,56.0
2011-02-25,64.0
2011-02-26,56.0
2011-02-27,40.0
2011-02-28,81.0
2011-03-01,73.60000000000001
2011-03-02,69.92
2011-03-03,82.8
2011-03-04,52.440000000000005
2011-03-05,39.56
2011-03-06,46.92
2011-03-07,76.36
2011-03-08,92.0
2011-03-09,89.24000000000001
2011-03-10,71.76
2011-03-11,56.120000000000005
2011-03-12,50.6
2011-03-13,28.52
2011-03-14,63.480000000000004
2011-03-15,67.16
2011-03-16,65.32000000000001
2011-03-17,79.12
2011-03-18,63.480000000000004
2011-03-19,43.24
2011-03-20,43.24
2011-03-21,61.64
2011-03-22,84.64
2011-03-23,90.16000000000001
2011-03-24,79.12
2011-03-25,65.32000000000001
2011-03-26,33.120000000000005
2011-03-27,37.72
2011-03-28,73.60000000000001
2011-03-29,89.24000000000001
2011-03-30,78.2
2011-03-31,79.12
2011-04-01,69.0
2011-04-02,43.24
2011-04-03,33.120000000000005
2011-04-04,65.32000000000001
2011-04-05,78.2
2011-04-06,68.08
2011-04-07,76.36
2011-04-08,53.36
2011-04-09,31.28
2011-04-10,42.32
2011-04-11,61.64
2011-04-12,58.88
2011-04-13,77.28
2011-04-14,88.32000000000001
2011-04-15,92.0
2011-04-16,39.56
2011-04-17,39.56
2011-04-18,65.32000000000001
2011-04-19,57.96
2011-04-20,64.4
2011-04-21,66.24000000000001
2011-04-22,55.2
2011-04-23,25.76
2011-04-24,26.68
2011-04-25,89.24000000000001
2011-04-26,62.56
2011-04-27,64.4
2011-04-28,85.56
2011-04-29,79.12
2011-04-30,40.480000000000004
2011-05-01,43.0
2011-05-02,67.94
2011-05-03,73.96
2011-05-04,60.199999999999996
2011-05-05,53.32
2011-05-06,57.62
2011-05-07,28.38
2011-05-08,36.12
2011-05-09,44.72
2011-05-10,62.78
2011-05-11,72.24
2011-05-12,67.08
2011-05-13,73.1
2011-05-14,36.12
2011-05-15,23.22
2011-05-16,61.06
2011-05-17,77.4
2011-05-18,86.0
2011-05-19,65.36
2011-05-20,59.339999999999996
2011-05-21,36.98
2011-05-22,25.8
2011-05-23,55.9
2011-05-24,71.38
2011-05-25,57.62
2011-05-26,52.46
2011-05-27,36.98
2011-05-28,36.12
2011-05-29,28.38
2011-05-30,27.52
2011-05-31,57.62
2011-06-01,59.64
2011-06-02,72.24
2011-06-03,61.32
2011-06-04,29.4
2011-06-05,25.2
2011-06-06,52.08
2011-06-07,58.8
2011-06-08,73.08
2011-06-09,84.0
2011-06-10,61.32
2011-06-11,34.44
2011-06-12,39.48
2011-06-13,77.28
2011-06-14,61.32
2011-06-15,71.39999999999999
2011-06-16,44.519999999999996
2011-06-17,61.32
2011-06-18,30.24
2011-06-19,36.12
2011-06-20,49.559999999999995
2011-06-21,68.03999999999999
2011-06-22,65.52
2011-06-23,57.96
2011-06-24,57.96
2011-06-25,13.44
2011-06-26,19.32
2011-06-27,57.96
2011-06-28,52.08
2011-06-29,55.44
2011-06-30,57.96
2011-07-01,46.75
2011-07-02,24.65
2011-07-03,28.05
2011-07-04,33.15
2011-07-05,85.0
2011-07-06,46.75
2011-07-07,51.0
2011-07-08,46.75
2011-07-09,22.95
2011-07-10,30.599999999999998
2011-07-11,73.1
2011-07-12,57.8
2011-07-13,60.35
2011-07-14,66.3
2011-07-15,56.949999999999996
2011-07-16,19.55
2011-07-17,34.85
2011-07-18,55.25
2011-07-19,70.55
2011-07-20,61.199999999999996
2011-07-21,58.65
2011-07-22,62.05
2011-07-23,30.599999999999998
2011-07-24,25.5
2011-07-25,53.55
2011-07-26,56.949999999999996
2011-07-27,81.6
2011-07-28,68.0
2011-07-29,77.35
2011-07-30,47.6
2011-07-31,34.85
2011-08-01,87.0
2011-08-02,70.47
2011-08-03,66.12
2011-08-04,69.6
2011-08-05,52.2
2011-08-06,27.84
2011-08-07,43.5
2011-08-08,53.07
2011-08-09,66.99
2011-08-10,69.6
2011-08-11,57.42
2011-08-12,46.11
2011-08-13,27.84
2011-08-14,23.49
2011-08-15,43.5
2011-08-16,61.77
2011-08-17,61.77
2011-08-18,61.77
2011-08-19,56.55
2011-08-20,20.88
2011-08-21,23.49
2011-08-22,46.98
2011-08-23,54.81
2011-08-24,66.99
2011-08-25,69.6
2011-08-26,42.63
2011-08-27,29.58
2011-08-28,32.19
2011-08-29,50.46
2011-08-30,55.68
2011-08-31,63.51
2011-09-01,73.08
2011-09-02,49.589999999999996
2011-09-03,13.05
2011-09-04,21.75
2011-09-05,49.589999999999996
2011-09-06,72.21
2011-09-07,60.03
2011-09-08,80.91
2011-09-09,67.86
2011-09-10,39.15
2011-09-11,18.27
2011-09-12,87.0
2011-09-13,79.17
2011-09-14,87.0
2011-09-15,80.04
2011-09-16,79.17
2011-09-17,44.37
2011-09-18,34.8
2011-09-19,73.08
2011-09-20,81.78
2011-09-21,84.39
2011-09-22,74.82
2011-09-23,50.46
2011-09-24,39.15
2011-09-25,34.8
2011-09-26,63.51
2011-09-27,71.34
2011-09-28,65.25
2011-09-29,69.6
2011-09-30,60.03
2011-10-01,26.349999999999998
2011-10-02,39.1
2011-10-03,72.25
2011-10-04,61.199999999999996
2011-10-05,48.449999999999996
2011-10-06,73.1
2011-10-07,67.14999999999999
2011-10-08,22.099999999999998
2011-10-09,30.599999999999998
2011-10-10,65.45
2011-10-11,85.0
2011-10-12,74.8
2011-10-13,73.95
2011-10-14,72.25
2011-10-15,33.15
2011-10-16,36.55
2011-10-17,68.85
2011-10-18,76.5
2011-10-19,54.4
2011-10-20,85.0
2011-10-21,66.3
2011-10-22,48.449999999999996
2011-10-23,32.3
2011-10-24,85.0
2011-10-25,77.35
2011-10-26,79.05
2011-10-27,51.85
2011-10-28,81.6
2011-10-29,38.25
2011-10-30,47.6
2011-10-31,67.14999999999999
2011-11-01,64.5
2011-11-02,68.8
2011-11-03,68.8
2011-11-04,76.53999999999999
2011-11-05,29.24
2011-11-06,28.38
2011-11-07,68.8
2011-11-08,68.8
2011-11-09,60.199999999999996
2011-11-10,80.84
2011-11-11,79.98
2011-11-12,47.3
2011-11-13,31.82
2011-11-14,79.98
2011-11-15,59.339999999999996
2011-11-16,74.82
2011-11-17,63.64
2011-11-18,55.04
2011-11-19,31.82
2011-11-20,26.66
2011-11-21,68.8
2011-11-22,86.0
2011-11-23,69.66
2011-11-24,26.66
2011-11-25,30.099999999999998
2011-11-26,43.0
2011-11-27,52.46
2011-11-28,67.94
2011-11-29,78.26
2011-11-30,70.52
2011-12-01,67.32000000000001
2011-12-02,68.0
2011-12-03,34.0
2011-12-04,29.240000000000002
2011-12-05,51.68000000000001
2011-12-06,51.68000000000001
2011-12-07,58.480000000000004
2011-12-08,54.400000000000006
2011-12-09,49.64
2011-12-10,29.240000000000002
2011-12-11,29.92
2011-12-12,44.2
2011-12-13,39.440000000000005
2011-12-14,50.32
2011-12-15,46.24
2011-12-16,40.120000000000005
2011-12-17,22.44
2011-12-18,27.200000000000003
2011-12-19,47.6
2011-12-20,48.96
2011-12-21,40.800000000000004
2011-12-22,32.64
2011-12-23,35.36
2011-12-24,21.76
2011-12-25,13.600000000000001
2011-12-26,19.040000000000003
2011-12-27,27.880000000000003
2011-12-28,41.480000000000004
2011-12-29,28.560000000000002
2011-12-30,38.080000000000005
2011-12-31,16.32
2012-01-01,17.52
2012-01-02,40.879999999999995
2012-01-03,48.18
2012-01-04,58.4
2012-01-05,58.4
2012-01-06,65.7
2012-01-07,32.85
2012-01-08,33.58
2012-01-09,52.56
2012-01-10,56.21
2012-01-11,63.51
2012-01-12,62.05
2012-01-13,51.1
2012-01-14,27.74
2012-01-15,23.36
2012-01-16,43.8
2012-01-17,64.24
2012-01-18,70.08
2012-01-19,52.56
2012-01-20,73.0
2012-01-21,27.74
2012-01-22,38.69
2012-01-23,66.42999999999999
2012-01-24,63.51
2012-01-25,67.16
2012-01-26,62.05
2012-01-27,61.32
2012-01-28,30.66
2012-01-29,26.28
2012-01-30,64.24
2012-01-31,58.4
2012-02-01,69.16
2012-02-02,76.0
2012-02-03,67.64
2012-02-04,22.04
2012-02-05,31.16
2012-02-06,67.64
2012-02-07,70.68
2012-02-08,59.28
2012-02-09,72.96000000000001
2012-02-10,52.44
2012-02-11,31.92
2012-02-12,22.04
2012-02-13,64.6
2012-02-14,68.4
2012-02-15,61.56
2012-02-16,60.04
2012-02-17,60.04
2012-02-18,19.76
2012-02-19,34.96
2012-02-20,51.68
2012-02-21,63.84
2012-02-22,57.76
2012-02-23,57.0
2012-02-24,60.04
2012-02-25,35.72
2012-02-26,42.56
2012-02-27,60.04
2012-02-28,60.04
2012-02-29,73.72
2012-03-01,56.940000000000005
2012-03-02,51.480000000000004
2012-03-03,21.84
2012-03-04,20.28
2012-03-05,78.0
2012-03-06,60.06
2012-03-07,60.84
2012-03-08,53.82
2012-03-09,47.58
2012-03-10,34.32
2012-03-11,34.32
2012-03-12,50.7
2012-03-13,52.260000000000005
2012-03-14,60.06
2012-03-15,38.22
2012-03-16,53.04
2012-03-17,31.98
2012-03-18,30.42
2012-03-19,48.36
2012-03-20,57.72
2012-03-21,58.5
2012-03-22,46.800000000000004
2012-03-23,53.82
2012-03-24,39.78
2012-03-25,34.32
2012-03-26,63.96
2012-03-27,70.98
2012-03-28,49.92
2012-03-29,53.82
2012-03-30,42.120000000000005
2012-03-31,28.080000000000002
2012-04-01,24.18
2012-04-02,58.5
2012-04-03,52.260000000000005
2012-04-04,57.72
2012-04-05,48.36
2012-04-06,42.9
2012-04-07,42.120000000000005
2012-04-08,26.52
2012-04-09,53.04
2012-04-10,59.28
2012-04-11,63.18
2012-04-12,49.92
2012-04-13,46.800000000000004
2012-04-14,32.76
2012-04-15,31.98
2012-04-16,67.08
2012-04-17,42.9
2012-04-18,55.38
2012-04-19,45.24
2012-04-20,57.72
2012-04-21,46.800000000000004
2012-04-22,32.76
2012-04-23,66.3
2012-04-24,42.9
2012-04-25,78.0
2012-04-26,56.160000000000004
2012-04-27,47.58
2012-04-28,39.78
2012-04-29,33.54
2012-04-30,56.940000000000005
2012-05-01,61.42
2012-05-02,60.68
2012-05-03,60.68
2012-05-04,50.32
2012-05-05,35.519999999999996
2012-05-06,22.2
2012-05-07,49.58
2012-05-08,74.0
2012-05-09,51.06
2012-05-10,57.72
2012-05-11,45.88
2012-05-12,34.78
2012-05-13,22.2
2012-05-14,53.28
2012-05-15,61.42
2012-05-16,57.72
2012-05-17,58.46
2012-05-18,61.42
2012-05-19,25.9
2012-05-20,17.759999999999998
2012-05-21,61.42
2012-05-22,72.52
2012-05-23,60.68
2012-05-24,47.36
2012-05-25,51.8
2012-05-26,31.08
2012-05-27,28.86
2012-05-28,28.86
2012-05-29,56.24
2012-05-30,68.08
2012-05-31,56.24
2012-06-01,50.32
2012-06-02,23.68
2012-06-03,34.04
2012-06-04,56.24
2012-06-05,59.94
2012-06-06,62.16
2012-06-07,71.78
2012-06-08,48.1
2012-06-09,39.22
2012-06-10,26.64
2012-06-11,60.68
2012-06-12,58.46
2012-06-13,66.6
2012-06-14,62.9
2012-06-15,44.4
2012-06-16,38.48
2012-06-17,25.16
2012-06-18,57.72
2012-06-19,62.16
2012-06-20,56.98
2012-06-21,65.12
2012-06-22,57.72
2012-06-23,36.26
2012-06-24,19.98
2012-06-25,54.76
2012-06-26,68.82
2012-06-27,74.0
2012-06-28,62.16
2012-06-29,53.28
2012-06-30,30.34
2012-07-01,37.96
2012-07-02,60.589999999999996
2012-07-03,38.69
2012-07-04,25.55
2012-07-05,56.21
2012-07-06,40.879999999999995
2012-07-07,30.66
2012-07-08,16.79
2012-07-09,59.129999999999995
2012-07-10,60.589999999999996
2012-07-11,56.21
2012-07-12,73.0
2012-07-13,66.42999999999999
2012-07-14,21.169999999999998
2012-07-15,27.74
2012-07-16,64.97
2012-07-17,56.94
2012-07-18,55.48
2012-07-19,45.99
2012-07-20,32.85
2012-07-21,29.93
2012-07-22,25.55
2012-07-23,67.16
2012-07-24,53.29
2012-07-25,40.15
2012-07-26,56.94
2012-07-27,56.21
2012-07-28,23.36
2012-07-29,21.9
2012-07-30,57.67
2012-07-31,64.24
2012-08-01,56.0
2012-08-02,60.9
2012-08-03,58.099999999999994
2012-08-04,24.5
2012-08-05,21.0
2012-08-06,58.099999999999994
2012-08-07,61.599999999999994
2012-08-08,60.9
2012-08-09,65.8
2012-08-10,46.199999999999996
2012-08-11,15.399999999999999
2012-08-12,16.099999999999998
2012-08-13,46.9
2012-08-14,63.699999999999996
2012-08-15,56.699999999999996
2012-08-16,58.8
2012-08-17,59.49999999999999
2012-08-18,24.5
2012-08-19,37.099999999999994
2012-08-20,70.0
2012-08-21,55.3
2012-08-22,58.099999999999994
2012-08-23,46.199999999999996
2012-08-24,42.0
2012-08-25,18.2
2012-08-26,30.799999999999997
2012-08-27,53.9
2012-08-28,56.699999999999996
2012-08-29,70.0
2012-08-30,70.0
2012-08-31,53.199999999999996
2012-09-01,39.27
2012-09-02,18.48
2012-09-03,32.34
2012-09-04,63.14
2012-09-05,69.3
2012-09-06,56.21
2012-09-07,71.61
2012-09-08,43.120000000000005
2012-09-09,36.19
2012-09-10,60.83
2012-09-11,73.15
2012-09-12,50.82
2012-09-13,68.53
2012-09-14,53.13
2012-09-15,46.2
2012-09-16,60.06
2012-09-17,77.0
2012-09-18,73.15
2012-09-19,72.38
2012-09-20,56.21
2012-09-21,50.050000000000004
2012-09-22,28.490000000000002
2012-09-23,40.04
2012-09-24,56.21
2012-09-25,63.14
2012-09-26,59.29
2012-09-27,75.46000000000001
2012-09-28,44.660000000000004
2012-09-29,28.490000000000002
2012-09-30,22.330000000000002
2012-10-01,59.86
2012-10-02,64.24
2012-10-03,59.86
2012-10-04,51.83
2012-10-05,49.64
2012-10-06,25.55
2012-10-07,21.9
2012-10-08,59.129999999999995
2012-10-09,73.0
2012-10-10,65.7
2012-10-11,60.589999999999996
2012-10-12,44.53
2012-10-13,32.12
2012-10-14,27.74
2012-10-15,67.16
2012-10-16,68.62
2012-10-17,70.81
2012-10-18,64.24
2012-10-19,54.019999999999996
2012-10-20,25.55
2012-10-21,37.96
2012-10-22,65.7
2012-10-23,55.48
2012-10-24,57.67
2012-10-25,72.27
2012-10-26,64.97
2012-10-27,24.82
2012-10-28,27.009999999999998
2012-10-29,43.8
2012-10-30,40.15
2012-10-31,48.91
2012-11-01,40.32
2012-11-02,43.52
2012-11-03,24.96
2012-11-04,17.92
2012-11-05,50.56
2012-11-06,46.72
2012-11-07,64.0
2012-11-08,47.36
2012-11-09,48.64
2012-11-10,24.32
2012-11-11,23.04
2012-11-12,46.08
2012-11-13,56.32
2012-11-14,51.84
2012-11-15,48.0
2012-11-16,48.64
2012-11-17,21.76
2012-11-18,23.68
2012-11-19,40.96
2012-11-20,42.24
2012-11-21,32.0
2012-11-22,17.92
2012-11-23,23.04
2012-11-24,19.84
2012-11-25,15.36
2012-11-26,39.04
2012-11-27,47.36
2012-11-28,51.2
2012-11-29,51.2
2012-11-30,47.36
2012-12-01,24.0
2012-12-02,29.4
2012-12-03,50.4
2012-12-04,56.4
2012-12-05,52.8
2012-12-06,39.0
2012-12-07,46.199999999999996
2012-12-08,28.2
2012-12-09,28.799999999999997
2012-12-10,54.0
2012-12-11,49.199999999999996
2012-12-12,46.8
2012-12-13,60.0
2012-12-14,45.6
2012-12-15,30.599999999999998
2012-12-16,21.599999999999998
2012-12-17,39.6
2012-12-18,47.4
2012-12-19,48.0
2012-12-20,58.8
2012-12-21,53.4
2012-12-22,34.8
2012-12-23,20.4
2012-12-24,23.4
2012-12-25,15.6
2012-12-26,20.4
2012-12-27,28.2
2012-12-28,30.599999999999998
2012-12-29,21.599999999999998
2012-12-30,25.8
2012-12-31,35.4
2013-01-01,22.72
2013-01-02,55.379999999999995
2013-01-03,46.86
2013-01-04,43.309999999999995
2013-01-05,41.18
2013-01-06,34.79
2013-01-07,52.54
2013-01-08,67.45
2013-01-09,46.15
2013-01-10,42.599999999999994
2013-01-11,56.8
2013-01-12,30.529999999999998
2013-01-13,26.27
2013-01-14,60.349999999999994
2013-01-15,68.16
2013-01-16,49.699999999999996
2013-01-17,48.28
2013-01-18,61.769999999999996
2013-01-19,22.009999999999998
2013-01-20,25.56
2013-01-21,37.629999999999995
2013-01-22,51.12
2013-01-23,63.9
2013-01-24,58.93
2013-01-25,46.15
2013-01-26,28.4
2013-01-27,26.27
2013-01-28,35.5
2013-01-29,62.48
2013-01-30,66.74
2013-01-31,71.0
2013-02-01,62.9
2013-02-02,24.419999999999998
2013-02-03,38.48
2013-02-04,52.54
2013-02-05,71.78
2013-02-06,51.8
2013-02-07,37.74
2013-02-08,45.88
2013-02-09,22.94
2013-02-10,21.46
2013-02-11,62.9
2013-02-12,42.18
2013-02-13,57.72
2013-02-14,54.76
2013-02-15,43.66
2013-02-16,32.56
2013-02-17,42.18
2013-02-18,42.18
2013-02-19,74.0
2013-02-20,45.14
2013-02-21,61.42
2013-02-22,50.32
2013-02-23,29.6
2013-02-24,29.6
2013-02-25,42.18
2013-02-26,56.98
2013-02-27,59.94
2013-02-28,58.46
2013-03-01,70.07000000000001
2013-03-02,49.28
2013-03-03,27.72
2013-03-04,57.75
2013-03-05,69.3
2013-03-06,73.15
2013-03-07,66.22
2013-03-08,73.15
2013-03-09,32.34
2013-03-10,30.8
2013-03-11,50.050000000000004
2013-03-12,77.0
2013-03-13,73.15
2013-03-14,65.45
2013-03-15,60.83
2013-03-16,48.51
2013-03-17,22.330000000000002
2013-03-18,76.23
2013-03-19,56.21
2013-03-20,66.22
2013-03-21,62.370000000000005
2013-03-22,60.06
2013-03-23,40.04
2013-03-24,19.25
2013-03-25,70.07000000000001
2013-03-26,64.68
2013-03-27,61.6
2013-03-28,48.51
2013-03-29,61.6
2013-03-30,32.34
2013-03-31,31.57
2013-04-01,50.32
2013-04-02,51.8
2013-04-03,62.16
2013-04-04,48.839999999999996
2013-04-05,69.56
2013-04-06,40.7
2013-04-07,31.08
2013-04-08,50.32
2013-04-09,64.38
2013-04-10,74.0
2013-04-11,66.6
2013-04-12,62.16
2013-04-13,31.08
2013-04-14,27.38
2013-04-15,62.16
2013-04-16,57.72
2013-04-17,42.92
2013-04-18,63.64
2013-04-19,41.44
2013-04-20,27.38
2013-04-21,23.68
2013-04-22,53.28
2013-04-23,65.12
2013-04-24,61.42
2013-04-25,69.56
2013-04-26,44.4
2013-04-27,33.3
2013-04-28,28.86
2013-04-29,62.16
2013-04-30,56.24
2013-05-01,61.2
2013-05-02,60.52
2013-05-03,42.160000000000004
2013-05-04,34.0
2013-05-05,20.400000000000002
2013-05-06,54.400000000000006
2013-05-07,43.52
2013-05-08,51.00000000000001
2013-05-09,52.36000000000001
2013-05-10,53.040000000000006
2013-05-11,27.200000000000003
2013-05-12,19.040000000000003
2013-05-13,48.28
2013-05-14,44.88
2013-05-15,54.400000000000006
2013-05-16,55.760000000000005
2013-05-17,42.160000000000004
2013-05-18,28.560000000000002
2013-05-19,21.76
2013-05-20,55.080000000000005
2013-05-21,58.480000000000004
2013-05-22,55.760000000000005
2013-05-23,54.400000000000006
2013-05-24,50.32
2013-05-25,35.36
2013-05-26,19.040000000000003
2013-05-27,27.200000000000003
2013-05-28,51.68000000000001
2013-05-29,68.0
2013-05-30,54.400000000000006
2013-05-31,49.64
2013-06-01,20.46
2013-06-02,20.46
2013-06-03,66.0
2013-06-04,64.68
2013-06-05,50.82
2013-06-06,50.160000000000004
2013-06-07,36.96
2013-06-08,25.740000000000002
2013-06-09,26.400000000000002
2013-06-10,50.160000000000004
2013-06-11,50.160000000000004
2013-06-12,54.78
2013-06-13,49.5
2013-06-14,46.2
2013-06-15,22.44
2013-06-16,29.700000000000003
2013-06-17,48.18
2013-06-18,52.800000000000004
2013-06-19,59.400000000000006
2013-06-20,53.46
2013-06-21,36.300000000000004
2013-06-22,23.76
2013-06-23,16.5
2013-06-24,46.2
2013-06-25,50.82
2013-06-26,38.28
2013-06-27,48.84
2013-06-28,38.28
2013-06-29,22.44
2013-06-30,15.84
2013-07-01,40.95
2013-07-02,44.2
2013-07-03,40.95
2013-07-04,25.35
2013-07-05,27.95
2013-07-06,16.900000000000002
2013-07-07,23.400000000000002
2013-07-08,53.95
2013-07-09,65.0
2013-07-10,53.300000000000004
2013-07-11,39.65
2013-07-12,40.300000000000004
2013-07-13,22.75
2013-07-14,23.400000000000002
2013-07-15,48.1
2013-07-16,42.25
2013-07-17,50.050000000000004
2013-07-18,46.800000000000004
2013-07-19,52.0
2013-07-20,18.85
2013-07-21,22.1
2013-07-22,50.7
2013-07-23,45.5
2013-07-24,55.9
2013-07-25,42.9
2013-07-26,41.6
2013-07-27,22.1
2013-07-28,26.650000000000002
2013-07-29,48.75
2013-07-30,63.7
2013-07-31,61.1
2013-08-01,49.14
2013-08-02,42.84
2013-08-03,23.94
2013-08-04,22.05
2013-08-05,44.73
2013-08-06,63.0
2013-08-07,45.99
2013-08-08,53.55
2013-08-09,40.32
2013-08-10,22.05
2013-08-11,20.79
2013-08-12,46.62
2013-08-13,44.1
2013-08-14,48.51
2013-08-15,40.32
2013-08-16,50.4
2013-08-17,18.9
2013-08-18,20.16
2013-08-19,47.25
2013-08-20,44.73
2013-08-21,44.1
2013-08-22,51.03
2013-08-23,46.62
2013-08-24,28.98
2013-08-25,21.42
2013-08-26,44.1
2013-08-27,43.47
2013-08-28,46.62
2013-08-29,48.51
2013-08-30,44.73
2013-08-31,18.27
2013-09-01,25.080000000000002
2013-09-02,21.78
2013-09-03,62.040000000000006
2013-09-04,66.0
2013-09-05,55.440000000000005
2013-09-06,48.18
2013-09-07,25.740000000000002
2013-09-08,23.1
2013-09-09,46.2
2013-09-10,61.38
2013-09-11,60.06
2013-09-12,61.38
2013-09-13,50.82
2013-09-14,20.46
2013-09-15,22.44
2013-09-16,50.82
2013-09-17,54.78
2013-09-18,51.480000000000004
2013-09-19,52.14
2013-09-20,52.800000000000004
2013-09-21,27.720000000000002
2013-09-22,33.0
2013-09-23,55.440000000000005
2013-09-24,62.7
2013-09-25,55.440000000000005
2013-09-26,59.400000000000006
2013-09-27,65.34
2013-09-28,27.060000000000002
2013-09-29,24.42
2013-09-30,53.46
2013-10-01,88.0
2013-10-02,67.76
2013-10-03,48.4
2013-10-04,40.48
2013-10-05,18.48
2013-10-06,17.6
2013-10-07,26.4
2013-10-08,45.76
2013-10-09,30.8
2013-10-10,34.32
2013-10-11,30.8
2013-10-12,16.72
2013-10-13,23.76
2013-10-14,36.96
2013-10-15,29.92
2013-10-16,26.4
2013-10-17,29.92
2013-10-18,25.52
2013-10-19,13.2
2013-10-20,14.08
2013-10-21,32.56
2013-10-22,25.52
2013-10-23,39.6
2013-10-24,29.04
2013-10-25,24.64
2013-10-26,15.84
2013-10-27,19.36
2013-10-28,36.08
2013-10-29,35.2
2013-10-30,39.6
2013-10-31,39.6
2013-11-01,52.260000000000005
2013-11-02,36.18
2013-11-03,23.450000000000003
2013-11-04,54.27
2013-11-05,56.95
2013-11-06,54.940000000000005
2013-11-07,52.93
2013-11-08,54.27
2013-11-09,36.85
2013-11-10,32.160000000000004
2013-11-11,62.980000000000004
2013-11-12,57.620000000000005
2013-11-13,65.66000000000001
2013-11-14,59.63
2013-11-15,67.0
2013-11-16,26.8
2013-11-17,22.110000000000003
2013-11-18,50.92
2013-11-19,59.63
2013-11-20,64.32000000000001
2013-11-21,51.59
2013-11-22,50.92
2013-11-23,25.46
2013-11-24,23.450000000000003
2013-11-25,52.260000000000005
2013-11-26,52.93
2013-11-27,42.21
2013-11-28,28.810000000000002
2013-11-29,30.82
2013-11-30,22.110000000000003
2013-12-01,16.43
2013-12-02,36.57
2013-12-03,53.0
2013-12-04,43.46
2013-12-05,52.470000000000006
2013-12-06,49.82
2013-12-07,20.67
2013-12-08,17.490000000000002
2013-12-09,39.22
2013-12-10,53.0
2013-12-11,38.160000000000004
2013-12-12,39.22
2013-12-13,40.28
2013-12-14,15.9
2013-12-15,13.780000000000001
2013-12-16,37.1
2013-12-17,36.04
2013-12-18,29.150000000000002
2013-12-19,33.39
2013-12-20,43.46
2013-12-21,16.43
2013-12-22,11.13
2013-12-23,18.02
2013-12-24,25.970000000000002
2013-12-25,16.96
2013-12-26,22.26
2013-12-27,26.5
2013-12-28,28.62
2013-12-29,19.080000000000002
2013-12-30,31.270000000000003
2013-12-31,25.44
2014-01-01,17.68
2014-01-02,24.48
2014-01-03,36.04
2014-01-04,20.400000000000002
2014-01-05,14.96
2014-01-06,29.92
2014-01-07,34.68
2014-01-08,42.160000000000004
2014-01-09,44.2
2014-01-10,36.720000000000006
2014-01-11,19.720000000000002
2014-01-12,26.520000000000003
2014-01-13,54.400000000000006
2014-01-14,68.0
2014-01-15,60.52
2014-01-16,53.040000000000006
2014-01-17,53.040000000000006
2014-01-18,20.400000000000002
2014-01-19,21.76
2014-01-20,29.240000000000002
2014-01-21,48.96
2014-01-22,48.28
2014-01-23,42.160000000000004
2014-01-24,36.04
2014-01-25,18.360000000000003
2014-01-26,24.48
2014-01-27,33.32
2014-01-28,44.2
2014-01-29,51.00000000000001
2014-01-30,45.56
2014-01-31,42.160000000000004
2014-02-01,31.490000000000002
2014-02-02,19.43
2014-02-03,48.910000000000004
2014-02-04,50.92
2014-02-05,67.0
2014-02-06,54.27
2014-02-07,53.6
2014-02-08,24.790000000000003
2014-02-09,27.470000000000002
2014-02-10,47.57
2014-02-11,44.220000000000006
2014-02-12,47.57
2014-02-13,47.57
2014-02-14,48.24
2014-02-15,26.8
2014-02-16,22.110000000000003
2014-02-17,46.900000000000006
2014-02-18,48.24
2014-02-19,50.25
2014-02-20,50.92
2014-02-21,47.57
2014-02-22,34.17
2014-02-23,21.44
2014-02-24,49.580000000000005
2014-02-25,48.910000000000004
2014-02-26,44.220000000000006
2014-02-27,44.89
2014-02-28,56.28
2014-03-01,21.7
2014-03-02,29.759999999999998
2014-03-03,50.22
2014-03-04,39.68
2014-03-05,55.18
2014-03-06,51.46
2014-03-07,51.46
2014-03-08,19.84
2014-03-09,17.36
2014-03-10,45.88
2014-03-11,52.08
2014-03-12,37.2
2014-03-13,45.26
2014-03-14,51.46
2014-03-15,29.759999999999998
2014-03-16,24.18
2014-03-17,47.12
2014-03-18,48.36
2014-03-19,45.88
2014-03-20,42.78
2014-03-21,47.12
2014-03-22,31.62
2014-03-23,20.46
2014-03-24,52.08
2014-03-25,56.42
2014-03-26,47.12
2014-03-27,62.0
2014-03-28,51.46
2014-03-29,28.52
2014-03-30,21.08
2014-03-31,42.78
2014-04-01,46.23
2014-04-02,46.23
2014-04-03,49.67999999999999
2014-04-04,37.26
2014-04-05,24.15
2014-04-06,27.599999999999998
2014-04-07,37.26
2014-04-08,48.3
2014-04-09,46.23
2014-04-10,52.44
2014-04-11,46.23
2014-04-12,24.839999999999996
2014-04-13,17.25
2014-04-14,38.64
2014-04-15,40.019999999999996
2014-04-16,55.199999999999996
2014-04-17,49.67999999999999
2014-04-18,37.26
2014-04-19,17.25
2014-04-20,21.389999999999997
2014-04-21,50.37
2014-04-22,49.67999999999999
2014-04-23,37.949999999999996
2014-04-24,38.64
2014-04-25,36.57
2014-04-26,20.009999999999998
2014-04-27,25.529999999999998
2014-04-28,51.74999999999999
2014-04-29,69.0
2014-04-30,55.88999999999999
2014-05-01,42.9
2014-05-02,42.120000000000005
2014-05-03,24.18
2014-05-04,23.400000000000002
2014-05-05,46.800000000000004
2014-05-06,78.0
2014-05-07,41.34
2014-05-08,38.22
2014-05-09,31.200000000000003
2014-05-10,28.080000000000002
2014-05-11,7.800000000000001
2014-05-12,35.88
2014-05-13,33.54
2014-05-14,33.54
2014-05-15,33.54
2014-05-16,24.18
2014-05-17,13.26
2014-05-18,11.700000000000001
2014-05-19,32.76
2014-05-20,31.98
2014-05-21,31.98
2014-05-22,31.98
2014-05-23,25.740000000000002
2014-05-24,10.14
2014-05-25,10.14
2014-05-26,15.600000000000001
2014-05-27,39.0
2014-05-28,34.32
2014-05-29,28.080000000000002
2014-05-30,20.28
2014-05-31,14.040000000000001
2014-06-01,20.77
2014-06-02,38.86
2014-06-03,44.220000000000006
2014-06-04,45.56
2014-06-05,42.88
2014-06-06,36.85
2014-06-07,13.4
2014-06-08,20.1
2014-06-09,67.0
2014-06-10,51.59
2014-06-11,45.56
2014-06-12,44.89
2014-06-13,36.85
2014-06-14,16.75
2014-06-15,17.42
2014-06-16,49.580000000000005
2014-06-17,36.18
2014-06-18,40.870000000000005
2014-06-19,38.86
2014-06-20,42.21
2014-06-21,20.1
2014-06-22,22.110000000000003
2014-06-23,47.57
2014-06-24,37.52
2014-06-25,40.2
2014-06-26,44.220000000000006
2014-06-27,40.2
2014-06-28,20.1
2014-06-29,28.14
2014-06-30,38.86
2014-07-01,47.88
2014-07-02,41.58
2014-07-03,32.76
2014-07-04,27.72
2014-07-05,14.49
2014-07-06,15.75
2014-07-07,45.99
2014-07-08,49.77
2014-07-09,34.02
2014-07-10,40.32
2014-07-11,42.21
2014-07-12,20.16
2014-07-13,23.31
2014-07-14,47.25
2014-07-15,56.7
2014-07-16,42.21
2014-07-17,47.25
2014-07-18,39.06
2014-07-19,25.830000000000002
2014-07-20,21.42
2014-07-21,34.02
2014-07-22,53.55
2014-07-23,51.660000000000004
2014-07-24,51.03
2014-07-25,42.84
2014-07-26,23.31
2014-07-27,20.79
2014-07-28,45.99
2014-07-29,63.0
2014-07-30,58.59
2014-07-31,54.81
2014-08-01,32.94
2014-08-02,12.81
2014-08-03,13.42
2014-08-04,40.26
2014-08-05,48.8
2014-08-06,61.0
2014-08-07,45.14
2014-08-08,52.46
2014-08-09,22.57
2014-08-10,21.96
2014-08-11,49.41
2014-08-12,50.019999999999996
2014-08-13,55.51
2014-08-14,47.58
2014-08-15,46.97
2014-08-16,13.42
2014-08-17,21.96
2014-08-18,40.87
2014-08-19,47.58
2014-08-20,47.58
2014-08-21,52.46
2014-08-22,51.24
2014-08-23,24.4
2014-08-24,12.81
2014-08-25,44.53
2014-08-26,53.07
2014-08-27,61.0
2014-08-28,44.53
2014-08-29,18.91
2014-08-30,26.23
2014-08-31,21.96
2014-09-01,20.79
2014-09-02,38.5
2014-09-03,36.96
2014-09-04,55.44
2014-09-05,74.69
2014-09-06,30.03
2014-09-07,16.94
2014-09-08,53.9
2014-09-09,36.96
2014-09-10,48.51
2014-09-11,37.730000000000004
2014-09-12,39.27
2014-09-13,20.79
2014-09-14,21.560000000000002
2014-09-15,38.5
2014-09-16,43.120000000000005
2014-09-17,41.58
2014-09-18,45.43
2014-09-19,38.5
2014-09-20,22.330000000000002
2014-09-21,16.94
2014-09-22,77.0
2014-09-23,61.6
2014-09-24,48.51
2014-09-25,43.89
2014-09-26,35.42
2014-09-27,15.4
2014-09-28,24.64
2014-09-29,42.35
2014-09-30,49.28
2014-10-01,51.83
2014-10-02,49.699999999999996
2014-10-03,51.83
2014-10-04,26.27
2014-10-05,23.43
2014-10-06,36.92
2014-10-07,51.12
2014-10-08,55.379999999999995
2014-10-09,53.25
2014-10-10,49.699999999999996
2014-10-11,27.689999999999998
2014-10-12,17.04
2014-10-13,47.57
2014-10-14,52.54
2014-10-15,48.989999999999995
2014-10-16,55.379999999999995
2014-10-17,46.15
2014-10-18,31.24
2014-10-19,22.009999999999998
2014-10-20,53.25
2014-10-21,53.25
2014-10-22,54.669999999999995
2014-10-23,43.309999999999995
2014-10-24,41.18
2014-10-25,26.979999999999997
2014-10-26,13.489999999999998
2014-10-27,71.0
2014-10-28,36.21
2014-10-29,66.74
2014-10-30,56.089999999999996
2014-10-31,40.47
2014-11-01,20.16
2014-11-02,26.46
2014-11-03,48.51
2014-11-04,44.73
2014-11-05,51.03
2014-11-06,54.18
2014-11-07,47.88
2014-11-08,36.54
2014-11-09,29.61
2014-11-10,44.1
2014-11-11,63.0
2014-11-12,47.88
2014-11-13,49.77
2014-11-14,40.95
2014-11-15,30.240000000000002
2014-11-16,18.27
2014-11-17,51.660000000000004
2014-11-18,52.29
2014-11-19,44.1
2014-11-20,54.18
2014-11-21,47.25
2014-11-22,17.64
2014-11-23,27.09
2014-11-24,52.92
2014-11-25,48.51
2014-11-26,34.65
2014-11-27,13.86
2014-11-28,20.79
2014-11-29,17.01
2014-11-30,22.68
2014-12-01,33.39
2014-12-02,34.65
2014-12-03,36.54
2014-12-04,24.57
2014-12-05,32.13
2014-12-06,19.53
2014-12-07,22.05
2014-12-08,63.0
2014-12-09,45.99
2014-12-10,37.17
2014-12-11,34.02
2014-12-12,35.28
2014-12-13,17.01
2014-12-14,18.9
2014-12-15,34.02
2014-12-16,23.31
2014-12-17,33.39
2014-12-18,29.61
2014-12-19,35.28
2014-12-20,16.38
2014-12-21,11.34
2014-12-22,26.46
2014-12-23,29.61
2014-12-24,18.9
2014-12-25,13.86
2014-12-26,12.6
2014-12-27,10.71
2014-12-28,11.34
2014-12-29,23.94
2014-12-30,22.68
2014-12-31,21.42
2015-01-01,11.700000000000001
2015-01-02,24.05
2015-01-03,26.0
2015-01-04,20.8
2015-01-05,44.85
2015-01-06,44.85
2015-01-07,57.85
2015-01-08,48.1
2015-01-09,55.25
2015-01-10,26.0
2015-01-11,25.35
2015-01-12,47.45
2015-01-13,55.9
2015-01-14,38.35
2015-01-15,46.800000000000004
2015-01-16,53.95
2015-01-17,31.85
2015-01-18,26.650000000000002
2015-01-19,24.05
2015-01-20,45.5
2015-01-21,52.65
2015-01-22,65.0
2015-01-23,48.75
2015-01-24,27.3
2015-01-25,26.0
2015-01-26,52.65
2015-01-27,53.300000000000004
2015-01-28,61.75
2015-01-29,47.45
2015-01-30,45.5
2015-01-31,42.25
2015-02-01,28.4
2015-02-02,46.15
2015-02-03,55.379999999999995
2015-02-04,71.0
2015-02-05,59.64
2015-02-06,66.74
2015-02-07,23.43
2015-02-08,26.979999999999997
2015-02-09,57.51
2015-02-10,55.379999999999995
2015-02-11,45.44
2015-02-12,43.309999999999995
2015-02-13,47.57
2015-02-14,29.11
2015-02-15,17.04
2015-02-16,37.629999999999995
2015-02-17,51.12
2015-02-18,41.89
2015-02-19,53.25
2015-02-20,39.76
2015-02-21,21.299999999999997
2015-02-22,14.91
2015-02-23,53.25
2015-02-24,51.12
2015-02-25,46.86
2015-02-26,46.86
2015-02-27,48.989999999999995
2015-02-28,26.979999999999997
2015-03-01,21.44
2015-03-02,52.93
2015-03-03,63.650000000000006
2015-03-04,51.59
2015-03-05,45.56
2015-03-06,59.63
2015-03-07,28.14
2015-03-08,21.44
2015-03-09,42.88
2015-03-10,43.550000000000004
2015-03-11,52.260000000000005
2015-03-12,55.61000000000001
2015-03-13,51.59
2015-03-14,40.2
2015-03-15,28.14
2015-03-16,67.0
2015-03-17,50.92
2015-03-18,57.620000000000005
2015-03-19,49.580000000000005
2015-03-20,49.580000000000005
2015-03-21,20.77
2015-03-22,22.78
2015-03-23,43.550000000000004
2015-03-24,60.300000000000004
2015-03-25,46.900000000000006
2015-03-26,40.870000000000005
2015-03-27,50.92
2015-03-28,31.490000000000002
2015-03-29,28.14
2015-03-30,60.300000000000004
2015-03-31,48.910000000000004
2015-04-01,50.56
2015-04-02,42.88
2015-04-03,37.12
2015-04-04,36.480000000000004
2015-04-05,33.92
2015-04-06,43.52
2015-04-07,58.24
2015-04-08,42.24
2015-04-09,46.72
2015-04-10,40.96
2015-04-11,25.6
2015-04-12,23.68
2015-04-13,42.24
2015-04-14,52.480000000000004
2015-04-15,48.0
2015-04-16,39.04
2015-04-17,40.32
2015-04-18,19.2
2015-04-19,28.8
2015-04-20,49.92
2015-04-21,53.120000000000005
2015-04-22,55.04
2015-04-23,50.56
2015-04-24,37.76
2015-04-25,34.56
2015-04-26,17.92
2015-04-27,53.76
2015-04-28,62.08
2015-04-29,64.0
2015-04-30,49.28
2015-05-01,30.0
2015-05-02,19.2
2015-05-03,26.4
2015-05-04,38.4
2015-05-05,60.0
2015-05-06,39.6
2015-05-07,45.6
2015-05-08,37.199999999999996
2015-05-09,18.0
2015-05-10,14.399999999999999
2015-05-11,39.0
2015-05-12,44.4
2015-05-13,46.8
2015-05-14,36.6
2015-05-15,52.199999999999996
2015-05-16,28.799999999999997
2015-05-17,15.6
2015-05-18,37.199999999999996
2015-05-19,53.4
2015-05-20,34.8
2015-05-21,37.199999999999996
2015-05-22,46.199999999999996
2015-05-23,12.0
2015-05-24,19.8
2015-05-25,20.4
2015-05-26,45.0
2015-05-27,40.8
2015-05-28,40.199999999999996
2015-05-29,37.8
2015-05-30,12.0
2015-05-31,21.0
2015-06-01,51.35
2015-06-02,65.0
2015-06-03,60.45
2015-06-04,58.5
2015-06-05,49.4
2015-06-06,26.650000000000002
2015-06-07,31.85
2015-06-08,46.15
2015-06-09,64.35000000000001
2015-06-10,52.0
2015-06-11,44.2
2015-06-12,42.9
2015-06-13,21.45
2015-06-14,26.650000000000002
2015-06-15,48.1
2015-06-16,54.6
2015-06-17,56.550000000000004
2015-06-18,57.85
2015-06-19,36.4
2015-06-20,20.150000000000002
2015-06-21,16.900000000000002
2015-06-22,54.6
2015-06-23,61.1
2015-06-24,53.300000000000004
2015-06-25,40.95
2015-06-26,48.75
2015-06-27,22.1
2015-06-28,32.5
2015-06-29,62.400000000000006
2015-06-30,59.15
2015-07-01,54.81
2015-07-02,34.65
2015-07-03,21.42
2015-07-04,30.240000000000002
2015-07-05,18.9
2015-07-06,42.84
2015-07-07,45.99
2015-07-08,42.21
2015-07-09,39.06
2015-07-10,40.95
2015-07-11,27.72
2015-07-12,21.42
2015-07-13,34.02
2015-07-14,38.43
2015-07-15,42.21
2015-07-16,41.58
2015-07-17,38.43
2015-07-18,27.09
2015-07-19,18.9
2015-07-20,47.88
2015-07-21,48.51
2015-07-22,44.73
2015-07-23,50.4
2015-07-24,40.95
2015-07-25,19.53
2015-07-26,15.75
2015-07-27,54.81
2015-07-28,63.0
2015-07-29,60.480000000000004
2015-07-30,35.910000000000004
2015-07-31,51.660000000000004
2015-08-01,16.38
2015-08-02,23.94
2015-08-03,42.21
2015-08-04,41.58
2015-08-05,45.99
2015-08-06,40.95
2015-08-07,32.76
2015-08-08,18.9
2015-08-09,17.64
2015-08-10,32.13
2015-08-11,43.47
2015-08-12,56.07
2015-08-13,45.36
2015-08-14,28.35
2015-08-15,22.05
2015-08-16,18.27
2015-08-17,40.95
2015-08-18,47.25
2015-08-19,45.99
2015-08-20,48.51
2015-08-21,31.5
2015-08-22,18.9
2015-08-23,20.16
2015-08-24,42.21
2015-08-25,63.0
2015-08-26,40.32
2015-08-27,33.39
2015-08-28,41.58
2015-08-29,16.38
2015-08-30,22.05
2015-08-31,42.21
2015-09-01,59.519999999999996
2015-09-02,57.66
2015-09-03,45.26
2015-09-04,37.2
2015-09-05,19.84
2015-09-06,17.98
2015-09-07,32.86
2015-09-08,49.6
2015-09-09,52.7
2015-09-10,41.54
2015-09-11,45.88
2015-09-12,26.04
2015-09-13,27.28
2015-09-14,56.42
2015-09-15,58.28
2015-09-16,50.22
2015-09-17,51.46
2015-09-18,48.98
2015-09-19,18.6
2015-09-20,26.66
2015-09-21,54.56
2015-09-22,59.519999999999996
2015-09-23,58.9
2015-09-24,39.68
2015-09-25,45.26
2015-09-26,30.38
2015-09-27,19.84
2015-09-28,57.04
2015-09-29,53.32
2015-09-30,62.0
2015-10-01,50.25
2015-10-02,42.88
2015-10-03,17.42
2015-10-04,18.76
2015-10-05,64.32000000000001
2015-10-06,62.31
2015-10-07,67.0
2015-10-08,40.2
2015-10-09,38.190000000000005
2015-10-10,20.77
2015-10-11,23.450000000000003
2015-10-12,53.6
2015-10-13,50.25
2015-10-14,60.970000000000006
2015-10-15,60.970000000000006
2015-10-16,46.230000000000004
2015-10-17,45.56
2015-10-18,30.150000000000002
2015-10-19,60.300000000000004
2015-10-20,52.93
2015-10-21,57.620000000000005
2015-10-22,64.99000000000001
2015-10-23,51.59
2015-10-24,14.07
2015-10-25,30.82
2015-10-26,51.59
2015-10-27,55.61000000000001
2015-10-28,54.27
2015-10-29,46.900000000000006
2015-10-30,44.220000000000006
2015-10-31,27.470000000000002
2015-11-01,19.5
2015-11-02,46.800000000000004
2015-11-03,62.400000000000006
2015-11-04,43.550000000000004
2015-11-05,49.4
2015-11-06,43.550000000000004
2015-11-07,24.05
2015-11-08,18.85
2015-11-09,46.800000000000004
2015-11-10,55.9
2015-11-11,38.35
2015-11-12,57.2
2015-11-13,55.9
2015-11-14,24.05
2015-11-15,19.5
2015-11-16,50.050000000000004
2015-11-17,53.300000000000004
2015-11-18,63.050000000000004
2015-11-19,65.0
2015-11-20,45.5
2015-11-21,35.1
2015-11-22,26.0
2015-11-23,45.5
2015-11-24,35.75
2015-11-25,39.65
2015-11-26,15.600000000000001
2015-11-27,19.5
2015-11-28,13.0
2015-11-29,17.55
2015-11-30,40.95
2015-12-01,34.56
2015-12-02,41.580000000000005
2015-12-03,54.0
2015-12-04,43.74
2015-12-05,15.66
2015-12-06,25.92
2015-12-07,45.900000000000006
2015-12-08,53.46
2015-12-09,49.68000000000001
2015-12-10,34.56
2015-12-11,45.36
2015-12-12,17.28
2015-12-13,11.88
2015-12-14,41.580000000000005
2015-12-15,47.52
2015-12-16,50.760000000000005
2015-12-17,34.56
2015-12-18,49.14
2015-12-19,26.46
2015-12-20,19.98
2015-12-21,32.940000000000005
2015-12-22,34.56
2015-12-23,28.62
2015-12-24,20.520000000000003
2015-12-25,17.28
2015-12-26,11.34
2015-12-27,13.5
2015-12-28,32.400000000000006
2015-12-29,30.240000000000002
2015-12-30,23.76
2015-12-31,21.060000000000002
2016-01-01,10.8
2016-01-02,13.5
2016-01-03,9.18
2016-01-04,32.400000000000006
2016-01-05,37.800000000000004
2016-01-06,36.72
2016-01-07,35.1
2016-01-08,32.940000000000005
2016-01-09,16.200000000000003
2016-01-10,9.72
2016-01-11,42.120000000000005
2016-01-12,37.800000000000004
2016-01-13,37.260000000000005
2016-01-14,31.860000000000003
2016-01-15,35.1
2016-01-16,14.040000000000001
2016-01-17,10.260000000000002
2016-01-18,34.02
2016-01-19,37.800000000000004
2016-01-20,41.040000000000006
2016-01-21,38.88
2016-01-22,32.400000000000006
2016-01-23,15.66
2016-01-24,15.66
2016-01-25,35.1
2016-01-26,35.1
2016-01-27,29.160000000000004
2016-01-28,35.64
2016-01-29,54.0
2016-01-30,25.380000000000003
2016-01-31,15.120000000000001
2016-02-01,45.26
2016-02-02,45.26
2016-02-03,62.0
2016-02-04,47.12
2016-02-05,48.36
2016-02-06,17.98
2016-02-07,24.18
2016-02-08,33.48
2016-02-09,33.48
2016-02-10,48.36
2016-02-11,48.36
2016-02-12,45.88
2016-02-13,23.56
2016-02-14,17.98
2016-02-15,31.62
2016-02-16,48.36
2016-02-17,51.46
2016-02-18,40.92
2016-02-19,44.64
2016-02-20,19.84
2016-02-21,17.36
2016-02-22,45.26
2016-02-23,38.44
2016-02-24,41.54
2016-02-25,41.54
2016-02-26,35.339999999999996
2016-02-27,20.46
2016-02-28,22.94
2016-02-29,45.26
2016-03-01,55.459999999999994
2016-03-02,50.15
2016-03-03,44.25
2016-03-04,51.919999999999995
2016-03-05,30.09
2016-03-06,23.599999999999998
2016-03-07,54.87
2016-03-08,57.82
2016-03-09,52.51
2016-03-10,48.379999999999995
2016-03-11,48.97
2016-03-12,21.24
2016-03-13,27.729999999999997
2016-03-14,44.839999999999996
2016-03-15,51.33
2016-03-16,50.15
2016-03-17,49.559999999999995
2016-03-18,42.48
2016-03-19,28.91
2016-03-20,33.04
2016-03-21,47.199999999999996
2016-03-22,48.97
2016-03-23,59.0
2016-03-24,52.51
2016-03-25,48.379999999999995
2016-03-26,21.83
2016-03-27,23.009999999999998
2016-03-28,50.739999999999995
2016-03-29,56.64
2016-03-30,58.41
2016-03-31,54.87
2016-04-01,38.4
2016-04-02,22.8
2016-04-03,27.599999999999998
2016-04-04,45.6
2016-04-05,47.4
2016-04-06,51.0
2016-04-07,43.8
2016-04-08,43.199999999999996
2016-04-09,30.0
2016-04-10,25.8
2016-04-11,47.4
2016-04-12,46.199999999999996
2016-04-13,60.0
2016-04-14,46.8
2016-04-15,39.6
2016-04-16,29.4
2016-04-17,31.799999999999997
2016-04-18,46.199999999999996
2016-04-19,48.0
2016-04-20,37.8
2016-04-21,34.8
2016-04-22,40.199999999999996
2016-04-23,16.8
2016-04-24,22.8
2016-04-25,40.8
2016-04-26,52.199999999999996
2016-04-27,46.8
2016-04-28,52.8
2016-04-29,45.0
2016-04-30,28.799999999999997
2016-05-01,31.92
2016-05-02,47.040000000000006
2016-05-03,48.720000000000006
2016-05-04,40.32000000000001
2016-05-05,53.760000000000005
2016-05-06,42.56
2016-05-07,22.400000000000002
2016-05-08,22.400000000000002
2016-05-09,49.28
2016-05-10,46.480000000000004
2016-05-11,56.00000000000001
2016-05-12,39.2
2016-05-13,43.120000000000005
2016-05-14,21.28
2016-05-15,24.64
2016-05-16,51.52
2016-05-17,40.32000000000001
2016-05-18,43.68000000000001
2016-05-19,55.440000000000005
2016-05-20,42.56
2016-05-21,14.560000000000002
2016-05-22,18.48
2016-05-23,50.400000000000006
2016-05-24,53.2
2016-05-25,39.2
2016-05-26,39.2
2016-05-27,38.64
2016-05-28,11.760000000000002
2016-05-29,20.160000000000004
2016-05-30,26.320000000000004
2016-05-31,47.040000000000006
2016-06-01,47.58
2016-06-02,30.5
2016-06-03,44.53
2016-06-04,17.69
2016-06-05,18.91
2016-06-06,41.48
2016-06-07,61.0
2016-06-08,48.19
2016-06-09,61.0
2016-06-10,54.9
2016-06-11,22.57
2016-06-12,22.57
2016-06-13,51.24
2016-06-14,44.53
2016-06-15,46.97
2016-06-16,52.46
2016-06-17,56.73
2016-06-18,18.3
2016-06-19,15.86
2016-06-20,46.36
2016-06-21,41.48
2016-06-22,47.58
2016-06-23,44.53
2016-06-24,36.6
2016-06-25,14.64
2016-06-26,25.62
2016-06-27,41.48
2016-06-28,42.699999999999996
2016-06-29,46.36
2016-06-30,43.92
2016-07-01,33.480000000000004
2016-07-02,25.380000000000003
2016-07-03,23.220000000000002
2016-07-04,14.580000000000002
2016-07-05,43.2
2016-07-06,39.96
2016-07-07,28.62
2016-07-08,37.800000000000004
2016-07-09,19.44
2016-07-10,19.98
2016-07-11,45.900000000000006
2016-07-12,47.52
2016-07-13,49.68000000000001
2016-07-14,48.6
2016-07-15,41.580000000000005
2016-07-16,21.060000000000002
2016-07-17,23.76
2016-07-18,49.14
2016-07-19,54.0
2016-07-20,38.88
2016-07-21,41.040000000000006
2016-07-22,37.260000000000005
2016-07-23,17.28
2016-07-24,23.220000000000002
2016-07-25,44.82
2016-07-26,40.5
2016-07-27,42.660000000000004
2016-07-28,42.120000000000005
2016-07-29,42.120000000000005
2016-07-30,22.14
2016-07-31,25.92
2016-08-01,39.65
2016-08-02,53.68
2016-08-03,38.43
2016-08-04,42.089999999999996
2016-08-05,61.0
2016-08-06,32.33
2016-08-07,13.42
2016-08-08,54.9
2016-08-09,35.38
2016-08-10,46.97
2016-08-11,54.9
2016-08-12,35.38
2016-08-13,18.91
2016-08-14,9.76
2016-08-15,35.38
2016-08-16,37.82
2016-08-17,39.65
2016-08-18,38.43
2016-08-19,32.33
2016-08-20,15.86
2016-08-21,18.3
2016-08-22,42.089999999999996
2016-08-23,45.14
2016-08-24,36.6
2016-08-25,39.04
2016-08-26,28.06
2016-08-27,20.13
2016-08-28,22.57
2016-08-29,37.21
2016-08-30,36.6
2016-08-31,51.24
2016-09-01,36.400000000000006
2016-09-02,35.28
2016-09-03,17.360000000000003
2016-09-04,15.680000000000001
2016-09-05,22.96
2016-09-06,37.52
2016-09-07,34.720000000000006
2016-09-08,44.24
2016-09-09,30.240000000000002
2016-09-10,17.92
2016-09-11,16.8
2016-09-12,44.24
2016-09-13,52.080000000000005
2016-09-14,56.00000000000001
2016-09-15,45.92
2016-09-16,39.2
2016-09-17,11.200000000000001
2016-09-18,21.840000000000003
2016-09-19,47.040000000000006
2016-09-20,33.040000000000006
2016-09-21,49.28
2016-09-22,31.360000000000003
2016-09-23,39.2
2016-09-24,27.44
2016-09-25,17.92
2016-09-26,40.88
2016-09-27,35.28
2016-09-28,33.040000000000006
2016-09-29,40.88
2016-09-30,39.2
2016-10-01,15.079999999999998
2016-10-02,26.099999999999998
2016-10-03,36.54
2016-10-04,47.559999999999995
2016-10-05,41.76
2016-10-06,42.339999999999996
2016-10-07,41.76
2016-10-08,23.2
2016-10-09,25.52
2016-10-10,56.26
2016-10-11,51.04
2016-10-12,48.13999999999999
2016-10-13,54.519999999999996
2016-10-14,38.279999999999994
2016-10-15,19.139999999999997
2016-10-16,29.58
2016-10-17,35.379999999999995
2016-10-18,56.839999999999996
2016-10-19,55.099999999999994
2016-10-20,51.04
2016-10-21,49.879999999999995
2016-10-22,25.52
2016-10-23,17.4
2016-10-24,46.98
2016-10-25,56.839999999999996
2016-10-26,57.99999999999999
2016-10-27,55.099999999999994
2016-10-28,45.239999999999995
2016-10-29,27.839999999999996
2016-10-30,22.619999999999997
2016-10-31,44.66
2016-11-01,54.45
2016-11-02,55.00000000000001
2016-11-03,49.50000000000001
2016-11-04,47.300000000000004
2016-11-05,20.900000000000002
2016-11-06,24.750000000000004
2016-11-07,49.50000000000001
2016-11-08,42.900000000000006
2016-11-09,44.550000000000004
2016-11-10,47.85
2016-11-11,47.300000000000004
2016-11-12,18.700000000000003
2016-11-13,29.700000000000003
2016-11-14,43.45
2016-11-15,53.900000000000006
2016-11-16,51.150000000000006
2016-11-17,41.800000000000004
2016-11-18,37.95
2016-11-19,14.3
2016-11-20,24.750000000000004
2016-11-21,42.35
2016-11-22,40.7
2016-11-23,31.900000000000002
2016-11-24,11.0
2016-11-25,21.450000000000003
2016-11-26,22.0
2016-11-27,19.8
2016-11-28,41.25
2016-11-29,40.150000000000006
2016-11-30,48.400000000000006
2016-12-01,49.5
2016-12-02,48.5
2016-12-03,33.0
2016-12-04,19.5
2016-12-05,46.0
2016-12-06,47.5
2016-12-07,47.5
2016-12-08,40.5
2016-12-09,45.0
2016-12-10,25.5
2016-12-11,25.5
2016-12-12,36.0
2016-12-13,40.5
2016-12-14,50.0
2016-12-15,50.0
2016-12-16,45.0
2016-12-17,25.0
2016-12-18,19.0
2016-12-19,44.0
2016-12-20,37.5
2016-12-21,30.5
2016-12-22,27.5
2016-12-23,33.5
2016-12-24,19.5
2016-12-25,11.5
2016-12-26,22.5
2016-12-27,25.0
2016-12-28,36.5
2016-12-29,28.0
2016-12-30,27.5
2016-12-31,20.0
2017-01-01,12.76
2017-01-02,16.82
2017-01-03,46.98
2017-01-04,45.82
2017-01-05,34.8
2017-01-06,42.919999999999995
2017-01-07,19.72
2017-01-08,19.139999999999997
2017-01-09,42.339999999999996
2017-01-10,52.199999999999996
2017-01-11,48.72
2017-01-12,49.3
2017-01-13,41.18
2017-01-14,17.4
2017-01-15,17.4
2017-01-16,33.64
2017-01-17,43.5
2017-01-18,41.18
2017-01-19,38.86
2017-01-20,28.999999999999996
2017-01-21,21.459999999999997
2017-01-22,25.52
2017-01-23,52.779999999999994
2017-01-24,35.379999999999995
2017-01-25,47.559999999999995
2017-01-26,52.779999999999994
2017-01-27,55.099999999999994
2017-01-28,24.36
2017-01-29,23.2
2017-01-30,32.48
2017-01-31,57.99999999999999
2017-02-01,54.56
2017-02-02,52.7
2017-02-03,62.0
2017-02-04,32.86
2017-02-05,22.32
2017-02-06,44.02
2017-02-07,42.16
2017-02-08,49.6
2017-02-09,34.72
2017-02-10,37.2
2017-02-11,24.8
2017-02-12,29.14
2017-02-13,44.02
2017-02-14,48.98
2017-02-15,48.98
2017-02-16,47.74
2017-02-17,44.02
2017-02-18,24.18
2017-02-19,16.12
2017-02-20,37.82
2017-02-21,38.44
2017-02-22,42.78
2017-02-23,47.74
2017-02-24,43.4
2017-02-25,26.66
2017-02-26,24.8
2017-02-27,45.26
2017-02-28,47.74
2017-03-01,45.0
2017-03-02,55.8
2017-03-03,43.8
2017-03-04,21.599999999999998
2017-03-05,45.6
2017-03-06,49.8
2017-03-07,52.8
2017-03-08,60.0
2017-03-09,57.0
2017-03-10,50.4
2017-03-11,23.4
2017-03-12,28.2
2017-03-13,54.0
2017-03-14,37.8
2017-03-15,47.4
2017-03-16,45.6
2017-03-17,37.8
2017-03-18,25.2
2017-03-19,27.0
2017-03-20,45.6
2017-03-21,41.4
2017-03-22,52.199999999999996
2017-03-23,50.4
2017-03-24,55.199999999999996
2017-03-25,23.4
2017-03-26,28.799999999999997
2017-03-27,34.8
2017-03-28,46.199999999999996
2017-03-29,47.4
2017-03-30,43.8
2017-03-31,33.0
2017-04-01,19.040000000000003
2017-04-02,29.120000000000005
2017-04-03,42.00000000000001
2017-04-04,56.00000000000001
2017-04-05,49.84
2017-04-06,42.00000000000001
2017-04-07,37.52
2017-04-08,14.000000000000002
2017-04-09,24.080000000000002
2017-04-10,47.6
2017-04-11,45.36000000000001
2017-04-12,49.28
2017-04-13,45.36000000000001
2017-04-14,44.24
2017-04-15,20.160000000000004
2017-04-16,24.64
2017-04-17,38.64
2017-04-18,38.64
2017-04-19,47.040000000000006
2017-04-20,44.24
2017-04-21,37.52
2017-04-22,20.720000000000002
2017-04-23,22.96
2017-04-24,49.84
2017-04-25,47.6
2017-04-26,35.28
2017-04-27,50.400000000000006
2017-04-28,35.28
2017-04-29,20.160000000000004
2017-04-30,24.080000000000002
2017-05-01,48.379999999999995
2017-05-02,55.459999999999994
2017-05-03,42.48
2017-05-04,50.739999999999995
2017-05-05,39.53
2017-05-06,21.24
2017-05-07,26.549999999999997
2017-05-08,49.559999999999995
2017-05-09,59.0
2017-05-10,53.69
2017-05-11,50.15
2017-05-12,48.379999999999995
2017-05-13,25.369999999999997
2017-05-14,20.65
2017-05-15,49.559999999999995
2017-05-16,54.87
2017-05-17,48.379999999999995
2017-05-18,47.79
2017-05-19,35.4
2017-05-20,23.009999999999998
2017-05-21,22.419999999999998
2017-05-22,50.739999999999995
2017-05-23,58.41
2017-05-24,53.099999999999994
2017-05-25,39.53
2017-05-26,37.169999999999995
2017-05-27,20.65
2017-05-28,15.93
2017-05-29,24.189999999999998
2017-05-30,40.71
2017-05-31,55.459999999999994
2017-06-01,15.96
2017-06-02,14.44
2017-06-03,8.36
2017-06-04,5.32
2017-06-05,14.44
2017-06-06,13.68
2017-06-07,15.96
2017-06-08,14.44
2017-06-09,18.240000000000002
2017-06-10,9.120000000000001
2017-06-11,6.84
2017-06-12,15.96
2017-06-13,17.48
2017-06-14,15.2
2017-06-15,12.92
2017-06-16,12.16
2017-06-17,6.08
2017-06-18,5.32
2017-06-19,15.96
2017-06-20,15.96
2017-06-21,16.72
2017-06-22,13.68
2017-06-23,13.68
2017-06-24,6.08
2017-06-25,4.5600000000000005
2017-06-26,15.2
2017-06-27,76.0
2017-06-28,59.28
2017-06-29,34.96
2017-06-30,18.240000000000002
2017-07-01,37.8
2017-07-02,24.599999999999998
2017-07-03,49.199999999999996
2017-07-04,21.599999999999998
2017-07-05,52.199999999999996
2017-07-06,46.8
2017-07-07,40.8
2017-07-08,19.8
2017-07-09,22.2
2017-07-10,52.199999999999996
2017-07-11,51.0
2017-07-12,43.199999999999996
2017-07-13,45.6
2017-07-14,29.4
2017-07-15,24.599999999999998
2017-07-16,16.8
2017-07-17,45.0
2017-07-18,40.199999999999996
2017-07-19,47.4
2017-07-20,48.6
2017-07-21,41.4
2017-07-22,22.2
2017-07-23,18.0
2017-07-24,45.0
2017-07-25,45.0
2017-07-26,38.4
2017-07-27,60.0
2017-07-28,54.0
2017-07-29,21.599999999999998
2017-07-30,22.8
2017-07-31,45.0
2017-08-01,9.9
2017-08-02,8.1
2017-08-03,9.0
2017-08-04,6.3
2017-08-05,4.5
2017-08-06,3.6
2017-08-07,8.1
2017-08-08,8.1
2017-08-09,9.0
2017-08-10,9.9
2017-08-11,9.0
2017-08-12,4.5
2017-08-13,2.7
2017-08-14,90.0
2017-08-15,43.2
2017-08-16,20.7
2017-08-17,13.5
2017-08-18,8.1
2017-08-19,5.4
2017-08-20,4.5
2017-08-21,6.3
2017-08-22,9.0
2017-08-23,9.0
2017-08-24,8.1
2017-08-25,8.1
2017-08-26,2.7
2017-08-27,2.7
2017-08-28,9.9
2017-08-29,8.1
2017-08-30,7.2
2017-08-31,7.2
2017-09-01,31.860000000000003
2017-09-02,16.740000000000002
2017-09-03,15.66
2017-09-04,18.36
2017-09-05,40.5
2017-09-06,40.5
2017-09-07,43.2
2017-09-08,39.42
2017-09-09,17.28
2017-09-10,21.6
2017-09-11,33.480000000000004
2017-09-12,38.88
2017-09-13,54.0
2017-09-14,38.34
2017-09-15,45.900000000000006
2017-09-16,19.98
2017-09-17,16.740000000000002
2017-09-18,35.1
2017-09-19,41.580000000000005
2017-09-20,43.74
2017-09-21,42.660000000000004
2017-09-22,30.240000000000002
2017-09-23,25.380000000000003
2017-09-24,22.14
2017-09-25,41.580000000000005
2017-09-26,43.2
2017-09-27,42.120000000000005
2017-09-28,39.42
2017-09-29,45.36
2017-09-30,23.76
2017-10-01,22.05
2017-10-02,56.7
2017-10-03,42.21
2017-10-04,49.77
2017-10-05,43.47
2017-10-06,34.02
2017-10-07,22.05
2017-10-08,18.27
2017-10-09,33.39
2017-10-10,42.21
2017-10-11,45.99
2017-10-12,48.51
2017-10-13,38.43
2017-10-14,17.64
2017-10-15,26.46
2017-10-16,45.36
2017-10-17,44.1
2017-10-18,49.77
2017-10-19,54.18
2017-10-20,56.07
2017-10-21,21.42
2017-10-22,20.16
2017-10-23,54.81
2017-10-24,47.88
2017-10-25,48.51
2017-10-26,45.99
2017-10-27,63.0
2017-10-28,28.35
2017-10-29,22.68
2017-10-30,61.74
2017-10-31,54.81
2017-11-01,43.45
2017-11-02,45.650000000000006
2017-11-03,47.85
2017-11-04,24.200000000000003
2017-11-05,22.0
2017-11-06,41.800000000000004
2017-11-07,50.050000000000004
2017-11-08,40.150000000000006
2017-11-09,49.50000000000001
2017-11-10,51.150000000000006
2017-11-11,32.45
2017-11-12,30.800000000000004
2017-11-13,42.900000000000006
2017-11-14,50.050000000000004
2017-11-15,41.800000000000004
2017-11-16,44.550000000000004
2017-11-17,35.75
2017-11-18,27.500000000000004
2017-11-19,22.55
2017-11-20,38.5
2017-11-21,43.45
2017-11-22,38.5
2017-11-23,21.450000000000003
2017-11-24,23.1
2017-11-25,14.850000000000001
2017-11-26,15.400000000000002
2017-11-27,40.150000000000006
2017-11-28,50.6
2017-11-29,55.00000000000001
2017-11-30,46.75000000000001
2017-12-01,40.67
2017-12-02,24.99
2017-12-03,22.54
2017-12-04,48.019999999999996
2017-12-05,44.1
2017-12-06,43.12
2017-12-07,40.67
2017-12-08,49.0
2017-12-09,25.48
2017-12-10,18.62
2017-12-11,37.73
2017-12-12,43.12
2017-12-13,38.22
2017-12-14,32.83
2017-12-15,44.1
2017-12-16,29.4
2017-12-17,11.76
2017-12-18,34.79
2017-12-19,44.589999999999996
2017-12-20,46.55
2017-12-21,44.1
2017-12-22,24.009999999999998
2017-12-23,19.11
2017-12-24,17.15
2017-12-25,10.29
2017-12-26,27.93
2017-12-27,37.24
2017-12-28,30.38
2017-12-29,24.5
2017-12-30,27.439999999999998
2017-12-31,14.209999999999999
2018-01-01,14.249999999999998
2018-01-02,25.65
2018-01-03,42.18
2018-01-04,37.62
2018-01-05,36.48
2018-01-06,29.639999999999997
2018-01-07,23.939999999999998
2018-01-08,42.18
2018-01-09,35.339999999999996
2018-01-10,37.05
2018-01-11,39.33
2018-01-12,42.74999999999999
2018-01-13,15.389999999999999
2018-01-14,17.669999999999998
2018-01-15,24.509999999999998
2018-01-16,54.72
2018-01-17,56.99999999999999
2018-01-18,44.459999999999994
2018-01-19,38.76
2018-01-20,11.399999999999999
2018-01-21,20.52
2018-01-22,41.61
2018-01-23,48.449999999999996
2018-01-24,48.449999999999996
2018-01-25,39.33
2018-01-26,45.029999999999994
2018-01-27,23.939999999999998
2018-01-28,23.939999999999998
2018-01-29,41.61
2018-01-30,39.33
2018-01-31,43.31999999999999
2018-02-01,49.8
2018-02-02,42.0
2018-02-03,21.599999999999998
2018-02-04,18.0
2018-02-05,39.0
2018-02-06,37.8
2018-02-07,46.199999999999996
2018-02-08,37.199999999999996
2018-02-09,39.0
2018-02-10,26.4
2018-02-11,23.4
2018-02-12,34.199999999999996
2018-02-13,36.6
2018-02-14,60.0
2018-02-15,45.0
2018-02-16,37.199999999999996
2018-02-17,16.8
2018-02-18,17.4
2018-02-19,39.0
2018-02-20,34.8
2018-02-21,34.199999999999996
2018-02-22,36.0
2018-02-23,40.8
2018-02-24,15.0
2018-02-25,16.2
2018-02-26,35.4
2018-02-27,37.199999999999996
2018-02-28,36.6
2018-03-01,44.550000000000004
2018-03-02,43.45
2018-03-03,24.200000000000003
2018-03-04,25.85
2018-03-05,44.0
2018-03-06,46.2
2018-03-07,54.45
2018-03-08,47.300000000000004
2018-03-09,41.800000000000004
2018-03-10,39.6
2018-03-11,25.85
2018-03-12,53.35
2018-03-13,44.0
2018-03-14,41.25
2018-03-15,43.45
2018-03-16,39.050000000000004
2018-03-17,23.650000000000002
2018-03-18,27.500000000000004
2018-03-19,42.35
2018-03-20,51.150000000000006
2018-03-21,47.300000000000004
2018-03-22,40.7
2018-03-23,52.25000000000001
2018-03-24,25.3
2018-03-25,26.950000000000003
2018-03-26,55.00000000000001
2018-03-27,54.45
2018-03-28,52.800000000000004
2018-03-29,40.7
2018-03-30,38.5
2018-03-31,25.3
2018-04-01,16.38
2018-04-02,44.1
2018-04-03,41.58
2018-04-04,39.69
2018-04-05,50.4
2018-04-06,38.43
2018-04-07,28.98
2018-04-08,16.38
2018-04-09,45.99
2018-04-10,54.81
2018-04-11,43.47
2018-04-12,48.51
2018-04-13,45.36
2018-04-14,24.57
2018-04-15,29.61
2018-04-16,51.03
2018-04-17,55.44
2018-04-18,50.4
2018-04-19,63.0
2018-04-20,50.4
2018-04-21,23.31
2018-04-22,18.9
2018-04-23,44.73
2018-04-24,48.51
2018-04-25,49.14
2018-04-26,37.17
2018-04-27,35.910000000000004
2018-04-28,17.01
2018-04-29,19.53
2018-04-30,45.99
2018-05-01,56.00000000000001
2018-05-02,43.120000000000005
2018-05-03,44.800000000000004
2018-05-04,35.28
2018-05-05,17.360000000000003
2018-05-06,18.48
2018-05-07,42.56
2018-05-08,40.32000000000001
2018-05-09,38.64
2018-05-10,39.2
2018-05-11,40.88
2018-05-12,19.6
2018-05-13,22.400000000000002
2018-05-14,38.080000000000005
2018-05-15,38.64
2018-05-16,38.080000000000005
2018-05-17,42.56
2018-05-18,34.160000000000004
2018-05-19,18.48
2018-05-20,29.680000000000003
2018-05-21,41.440000000000005
2018-05-22,39.2
2018-05-23,42.00000000000001
2018-05-24,29.680000000000003
2018-05-25,28.560000000000002
2018-05-26,14.000000000000002
2018-05-27,16.8
2018-05-28,19.040000000000003
2018-05-29,33.040000000000006
2018-05-30,34.720000000000006
2018-05-31,43.120000000000005
2018-06-01,47.040000000000006
2018-06-02,26.880000000000003
2018-06-03,33.040000000000006
2018-06-04,56.00000000000001
2018-06-05,43.68000000000001
2018-06-06,51.52
2018-06-07,48.160000000000004
2018-06-08,40.32000000000001
2018-06-09,24.64
2018-06-10,15.680000000000001
2018-06-11,44.800000000000004
2018-06-12,43.120000000000005
2018-06-13,45.36000000000001
2018-06-14,44.24
2018-06-15,45.92
2018-06-16,24.080000000000002
2018-06-17,17.92
2018-06-18,35.28
2018-06-19,37.52
2018-06-20,42.56
2018-06-21,47.040000000000006
2018-06-22,48.160000000000004
2018-06-23,21.840000000000003
2018-06-24,15.120000000000001
2018-06-25,40.32000000000001
2018-06-26,34.160000000000004
2018-06-27,39.2
2018-06-28,48.160000000000004
2018-06-29,47.040000000000006
2018-06-30,19.6
2018-07-01,20.88
2018-07-02,38.279999999999994
2018-07-03,35.379999999999995
2018-07-04,16.24
2018-07-05,35.96
2018-07-06,40.019999999999996
2018-07-07,15.079999999999998
2018-07-08,29.58
2018-07-09,41.76
2018-07-10,38.279999999999994
2018-07-11,42.919999999999995
2018-07-12,51.62
2018-07-13,41.18
2018-07-14,22.04
2018-07-15,24.939999999999998
2018-07-16,57.99999999999999
2018-07-17,51.62
2018-07-18,49.879999999999995
2018-07-19,41.76
2018-07-20,49.3
2018-07-21,28.419999999999998
2018-07-22,23.2
2018-07-23,50.459999999999994
2018-07-24,46.4
2018-07-25,45.239999999999995
2018-07-26,49.3
2018-07-27,56.839999999999996
2018-07-28,30.74
2018-07-29,19.139999999999997
2018-07-30,50.459999999999994
2018-07-31,48.13999999999999
2018-08-01,47.199999999999996
2018-08-02,42.48
2018-08-03,40.12
2018-08-04,17.7
2018-08-05,20.65
2018-08-06,46.019999999999996
2018-08-07,50.15
2018-08-08,40.71
2018-08-09,42.48
2018-08-10,45.43
2018-08-11,19.47
2018-08-12,25.369999999999997
2018-08-13,51.919999999999995
2018-08-14,40.71
2018-08-15,46.61
2018-08-16,56.05
2018-08-17,59.0
2018-08-18,32.449999999999996
2018-08-19,24.189999999999998
2018-08-20,53.099999999999994
2018-08-21,50.15
2018-08-22,42.48
2018-08-23,50.739999999999995
2018-08-24,48.97
2018-08-25,20.65
2018-08-26,20.06
2018-08-27,44.839999999999996
2018-08-28,48.379999999999995
2018-08-29,46.61
2018-08-30,44.839999999999996
2018-08-31,35.989999999999995
2018-09-01,22.799999999999997
2018-09-02,17.099999999999998
2018-09-03,25.08
2018-09-04,39.33
2018-09-05,39.9
2018-09-06,41.61
2018-09-07,45.599999999999994
2018-09-08,26.22
2018-09-09,21.09
2018-09-10,41.04
2018-09-11,49.589999999999996
2018-09-12,51.3
2018-09-13,44.459999999999994
2018-09-14,38.76
2018-09-15,22.799999999999997
2018-09-16,19.95
2018-09-17,46.169999999999995
2018-09-18,43.31999999999999
2018-09-19,42.74999999999999
2018-09-20,46.739999999999995
2018-09-21,47.879999999999995
2018-09-22,19.95
2018-09-23,25.08
2018-09-24,47.879999999999995
2018-09-25,41.04
2018-09-26,56.99999999999999
2018-09-27,47.309999999999995
2018-09-28,38.19
2018-09-29,20.52
2018-09-30,18.24
2018-10-01,47.88
2018-10-02,55.44
2018-10-03,57.96
2018-10-04,61.11
2018-10-05,47.25
2018-10-06,25.830000000000002
2018-10-07,25.830000000000002
2018-10-08,56.7
2018-10-09,58.59
2018-10-10,55.44
2018-10-11,57.96
2018-10-12,63.0
2018-10-13,35.910000000000004
2018-10-14,25.830000000000002
2018-10-15,51.660000000000004
2018-10-16,57.33
2018-10-17,61.74
2018-10-18,56.07
2018-10-19,51.660000000000004
2018-10-20,30.240000000000002
2018-10-21,29.61
2018-10-22,57.96
2018-10-23,53.55
2018-10-24,40.95
2018-10-25,61.11
2018-10-26,60.480000000000004
2018-10-27,23.31
2018-10-28,32.13
2018-10-29,54.18
2018-10-30,57.33
2018-10-31,57.96
2018-11-01,56.00000000000001
2018-11-02,42.56
2018-11-03,16.8
2018-11-04,21.840000000000003
2018-11-05,39.2
2018-11-06,39.760000000000005
2018-11-07,34.720000000000006
2018-11-08,44.24
2018-11-09,43.120000000000005
2018-11-10,20.720000000000002
2018-11-11,17.92
2018-11-12,45.92
2018-11-13,50.96000000000001
2018-11-14,53.2
2018-11-15,35.28
2018-11-16,34.720000000000006
2018-11-17,15.120000000000001
2018-11-18,33.040000000000006
2018-11-19,33.040000000000006
2018-11-20,36.96
2018-11-21,26.880000000000003
2018-11-22,12.32
2018-11-23,14.000000000000002
2018-11-24,15.680000000000001
2018-11-25,16.8
2018-11-26,27.44
2018-11-27,44.24
2018-11-28,45.36000000000001
2018-11-29,48.720000000000006
2018-11-30,36.96
2018-12-01,24.990000000000002
2018-12-02,19.89
2018-12-03,44.37
2018-12-04,51.0
2018-12-05,40.8
2018-12-06,46.92
2018-12-07,47.94
2018-12-08,27.54
2018-12-09,28.05
2018-12-10,46.92
2018-12-11,36.72
2018-12-12,45.39
2018-12-13,42.84
2018-12-14,36.72
2018-12-15,17.34
2018-12-16,18.87
2018-12-17,37.230000000000004
2018-12-18,39.78
2018-12-19,39.27
2018-12-20,40.8
2018-12-21,43.35
2018-12-22,22.95
2018-12-23,9.18
2018-12-24,18.36
2018-12-25,12.75
2018-12-26,25.5
2018-12-27,31.11
2018-12-28,43.86
2018-12-29,18.36
2018-12-30,18.36
2018-12-31,39.78
2019-01-01,13.2
2019-01-02,39.6
2019-01-03,60.0
2019-01-04,52.8
2019-01-05,28.799999999999997
2019-01-06,27.0
2019-01-07,45.0
2019-01-08,51.6
2019-01-09,60.0
2019-01-10,57.599999999999994
2019-01-11,48.0
2019-01-12,31.2
2019-01-13,13.799999999999999
2019-01-14,50.4
2019-01-15,42.0
2019-01-16,51.6
2019-01-17,51.6
2019-01-18,40.8
2019-01-19,21.599999999999998
2019-01-20,25.2
2019-01-21,27.0
2019-01-22,55.199999999999996
2019-01-23,57.0
2019-01-24,60.0
2019-01-25,60.0
2019-01-26,24.0
2019-01-27,24.0
2019-01-28,58.8
2019-01-29,43.199999999999996
2019-01-30,49.199999999999996
2019-01-31,44.4
2019-02-01,65.0
2019-02-02,35.1
2019-02-03,26.0
2019-02-04,45.5
2019-02-05,58.5
2019-02-06,64.35000000000001
2019-02-07,63.050000000000004
2019-02-08,42.9
2019-02-09,35.75
2019-02-10,31.85
2019-02-11,49.4
2019-02-12,59.15
2019-02-13,48.75
2019-02-14,62.400000000000006
2019-02-15,47.45
2019-02-16,27.95
2019-02-17,27.3
2019-02-18,38.35
2019-02-19,58.5
2019-02-20,63.050000000000004
2019-02-21,63.7
2019-02-22,56.550000000000004
2019-02-23,40.300000000000004
2019-02-24,27.3
2019-02-25,55.25
2019-02-26,59.15
2019-02-27,61.75
2019-02-28,50.050000000000004
2019-03-01,60.39
2019-03-02,37.21
2019-03-03,39.65
2019-03-04,48.8
2019-03-05,43.31
2019-03-06,53.68
2019-03-07,53.07
2019-03-08,55.51
2019-03-09,17.08
2019-03-10,19.52
2019-03-11,53.07
2019-03-12,46.97
2019-03-13,59.78
2019-03-14,54.29
2019-03-15,61.0
2019-03-16,34.16
2019-03-17,26.23
2019-03-18,59.17
2019-03-19,56.73
2019-03-20,51.85
2019-03-21,48.19
2019-03-22,43.31
2019-03-23,25.62
2019-03-24,21.96
2019-03-25,38.43
2019-03-26,60.39
2019-03-27,61.0
2019-03-28,47.58
2019-03-29,53.68
2019-03-30,35.99
2019-03-31,24.4
2019-04-01,46.800000000000004
2019-04-02,59.800000000000004
2019-04-03,48.1
2019-04-04,62.400000000000006
2019-04-05,46.800000000000004
2019-04-06,26.650000000000002
2019-04-07,19.5
2019-04-08,48.1
2019-04-09,44.85
2019-04-10,45.5
2019-04-11,51.35
2019-04-12,44.85
2019-04-13,20.8
2019-04-14,20.8
2019-04-15,46.800000000000004
2019-04-16,48.1
2019-04-17,51.35
2019-04-18,59.800000000000004
2019-04-19,36.4
2019-04-20,20.150000000000002
2019-04-21,12.35
2019-04-22,51.35
2019-04-23,58.5
2019-04-24,49.4
2019-04-25,56.550000000000004
2019-04-26,45.5
2019-04-27,22.75
2019-04-28,16.900000000000002
2019-04-29,50.7
2019-04-30,65.0
2019-05-01,48.97
2019-05-02,50.15
2019-05-03,39.53
2019-05-04,15.93
2019-05-05,16.52
2019-05-06,29.5
2019-05-07,32.449999999999996
2019-05-08,32.449999999999996
2019-05-09,45.43
2019-05-10,40.12
2019-05-11,26.549999999999997
2019-05-12,15.34
2019-05-13,40.12
2019-05-14,45.43
2019-05-15,33.629999999999995
2019-05-16,47.199999999999996
2019-05-17,30.09
2019-05-18,21.24
2019-05-19,14.75
2019-05-20,38.94
2019-05-21,59.0
2019-05-22,53.69
2019-05-23,41.3
2019-05-24,43.07
2019-05-25,17.11
2019-05-26,10.03
2019-05-27,12.389999999999999
2019-05-28,38.94
2019-05-29,47.79
2019-05-30,44.839999999999996
2019-05-31,36.58
2019-06-01,20.13
2019-06-02,19.52
2019-06-03,41.48
2019-06-04,43.31
2019-06-05,53.07
2019-06-06,49.41
2019-06-07,43.31
2019-06-08,23.79
2019-06-09,17.08
2019-06-10,51.24
2019-06-11,61.0
2019-06-12,52.46
2019-06-13,51.24
2019-06-14,46.97
2019-06-15,17.69
2019-06-16,23.18
2019-06-17,50.629999999999995
2019-06-18,50.629999999999995
2019-06-19,57.949999999999996
2019-06-20,50.019999999999996
2019-06-21,51.24
2019-06-22,25.62
2019-06-23,16.47
2019-06-24,48.19
2019-06-25,43.92
2019-06-26,50.629999999999995
2019-06-27,54.9
2019-06-28,41.48
2019-06-29,21.349999999999998
2019-06-30,18.3
2019-07-01,40.47
2019-07-02,38.76
2019-07-03,31.349999999999998
2019-07-04,21.659999999999997
2019-07-05,27.929999999999996
2019-07-06,13.11
2019-07-07,15.389999999999999
2019-07-08,44.459999999999994
2019-07-09,50.16
2019-07-10,47.879999999999995
2019-07-11,56.99999999999999
2019-07-12,48.449999999999996
2019-07-13,19.38
2019-07-14,22.229999999999997
2019-07-15,37.05
2019-07-16,44.459999999999994
2019-07-17,46.169999999999995
2019-07-18,44.459999999999994
2019-07-19,37.05
2019-07-20,18.24
2019-07-21,11.399999999999999
2019-07-22,33.059999999999995
2019-07-23,38.76
2019-07-24,37.05
2019-07-25,50.16
2019-07-26,54.15
2019-07-27,23.369999999999997
2019-07-28,15.389999999999999
2019-07-29,42.18
2019-07-30,49.019999999999996
2019-07-31,41.61
2019-08-01,55.440000000000005
2019-08-02,47.6
2019-08-03,21.28
2019-08-04,21.840000000000003
2019-08-05,50.400000000000006
2019-08-06,49.84
2019-08-07,53.760000000000005
2019-08-08,53.2
2019-08-09,45.36000000000001
2019-08-10,17.92
2019-08-11,22.96
2019-08-12,35.28
2019-08-13,51.52
2019-08-14,51.52
2019-08-15,43.120000000000005
2019-08-16,54.32000000000001
2019-08-17,28.000000000000004
2019-08-18,16.8
2019-08-19,56.00000000000001
2019-08-20,46.480000000000004
2019-08-21,50.400000000000006
2019-08-22,45.92
2019-08-23,44.24
2019-08-24,23.520000000000003
2019-08-25,25.200000000000003
2019-08-26,43.68000000000001
2019-08-27,41.440000000000005
2019-08-28,47.6
2019-08-29,37.52
2019-08-30,48.720000000000006
2019-08-31,17.92
2019-09-01,15.680000000000001
2019-09-02,19.040000000000003
2019-09-03,34.720000000000006
2019-09-04,44.24
2019-09-05,39.760000000000005
2019-09-06,40.88
2019-09-07,14.560000000000002
2019-09-08,18.48
2019-09-09,42.00000000000001
2019-09-10,56.00000000000001
2019-09-11,46.480000000000004
2019-09-12,53.760000000000005
2019-09-13,40.32000000000001
2019-09-14,18.48
2019-09-15,16.8
2019-09-16,45.92
2019-09-17,37.52
2019-09-18,48.720000000000006
2019-09-19,43.120000000000005
2019-09-20,42.56
2019-09-21,19.6
2019-09-22,17.92
2019-09-23,35.84
2019-09-24,43.120000000000005
2019-09-25,40.88
2019-09-26,39.760000000000005
2019-09-27,43.68000000000001
2019-09-28,23.520000000000003
2019-09-29,24.080000000000002
2019-09-30,35.28
2019-10-01,50.4
2019-10-02,48.51
2019-10-03,47.88
2019-10-04,44.1
2019-10-05,28.98
2019-10-06,26.46
2019-10-07,40.32
2019-10-08,45.36
2019-10-09,47.88
2019-10-10,34.02
2019-10-11,55.44
2019-10-12,20.16
2019-10-13,18.9
2019-10-14,44.73
2019-10-15,43.47
2019-10-16,43.47
2019-10-17,52.92
2019-10-18,47.88
2019-10-19,17.64
2019-10-20,13.86
2019-10-21,44.73
2019-10-22,45.36
2019-10-23,52.92
2019-10-24,37.8
2019-10-25,37.17
2019-10-26,18.9
2019-10-27,17.64
2019-10-28,49.77
2019-10-29,63.0
2019-10-30,47.88
2019-10-31,47.88
2019-11-01,43.74
2019-11-02,18.900000000000002
2019-11-03,23.220000000000002
2019-11-04,46.440000000000005
2019-11-05,50.760000000000005
2019-11-06,52.92
2019-11-07,46.980000000000004
2019-11-08,41.580000000000005
2019-11-09,28.62
2019-11-10,16.200000000000003
2019-11-11,34.02
2019-11-12,43.74
2019-11-13,54.0
2019-11-14,38.34
2019-11-15,46.440000000000005
2019-11-16,19.44
2019-11-17,15.120000000000001
2019-11-18,32.940000000000005
2019-11-19,52.38
2019-11-20,48.6
2019-11-21,46.440000000000005
2019-11-22,41.580000000000005
2019-11-23,28.080000000000002
2019-11-24,20.520000000000003
2019-11-25,41.040000000000006
2019-11-26,36.72
2019-11-27,40.5
2019-11-28,18.36
2019-11-29,20.520000000000003
2019-11-30,18.36
2019-12-01,6.93
2019-12-02,18.48
2019-12-03,19.25
2019-12-04,23.1
2019-12-05,24.64
2019-12-06,20.02
2019-12-07,13.09
2019-12-08,8.47
2019-12-09,20.79
2019-12-10,18.48
2019-12-11,17.71
2019-12-12,41.58
2019-12-13,68.53
2019-12-14,77.0
2019-12-15,77.0
2019-12-16,53.13
2019-12-17,56.980000000000004
2019-12-18,20.79
2019-12-19,24.64
2019-12-20,20.02
2019-12-21,8.47
2019-12-22,6.93
2019-12-23,12.32
2019-12-24,8.47
2019-12-25,4.62
2019-12-26,13.09
2019-12-27,20.79
2019-12-28,10.01
2019-12-29,4.62
2019-12-30,11.55
2019-12-31,11.55
2020-01-01,9.1
2020-01-02,24.05
2020-01-03,22.1
2020-01-04,11.05
2020-01-05,9.1
2020-01-06,24.05
2020-01-07,28.6
2020-01-08,31.200000000000003
2020-01-09,27.95
2020-01-10,27.95
2020-01-11,16.900000000000002
2020-01-12,9.75
2020-01-13,26.0
2020-01-14,25.35
2020-01-15,32.5
2020-01-16,30.55
2020-01-17,26.0
2020-01-18,14.3
2020-01-19,12.35
2020-01-20,23.400000000000002
2020-01-21,27.3
2020-01-22,31.85
2020-01-23,50.050000000000004
2020-01-24,65.0
2020-01-25,46.800000000000004
2020-01-26,11.700000000000001
2020-01-27,24.05
2020-01-28,26.650000000000002
2020-01-29,29.25
2020-01-30,31.200000000000003
2020-01-31,27.3
2020-02-01,22.75
2020-02-02,14.3
2020-02-03,29.900000000000002
2020-02-04,24.7
2020-02-05,65.0
2020-02-06,42.25
2020-02-07,33.800000000000004
2020-02-08,16.25
2020-02-09,18.2
2020-02-10,27.3
2020-02-11,27.95
2020-02-12,37.050000000000004
2020-02-13,29.25
2020-02-14,35.1
2020-02-15,18.2
2020-02-16,20.150000000000002
2020-02-17,19.5
2020-02-18,25.35
2020-02-19,29.25
2020-02-20,27.95
2020-02-21,31.200000000000003
2020-02-22,16.900000000000002
2020-02-23,18.2
2020-02-24,24.7
2020-02-25,38.35
2020-02-26,36.4
2020-02-27,39.65
2020-02-28,31.200000000000003
2020-02-29,20.8
2020-03-01,25.6
2020-03-02,48.64
2020-03-03,49.28
2020-03-04,61.44
2020-03-05,56.32
2020-03-06,51.2
2020-03-07,28.16
2020-03-08,26.240000000000002
2020-03-09,58.24
2020-03-10,50.56
2020-03-11,46.72
2020-03-12,51.2
2020-03-13,57.6
2020-03-14,38.4
2020-03-15,29.44
2020-03-16,60.800000000000004
2020-03-17,64.0
2020-03-18,53.120000000000005
2020-03-19,53.120000000000005
2020-03-20,40.96
2020-03-21,33.28
2020-03-22,28.8
2020-03-23,53.120000000000005
2020-03-24,49.28
2020-03-25,50.56
2020-03-26,54.4
2020-03-27,46.72
2020-03-28,30.72
2020-03-29,27.52
2020-03-30,56.32
2020-03-31,39.68
2020-04-01,31.72
2020-04-02,33.55
2020-04-03,38.43
2020-04-04,21.349999999999998
2020-04-05,20.13
2020-04-06,43.31
2020-04-07,43.31
2020-04-08,41.48
2020-04-09,39.04
2020-04-10,27.45
2020-04-11,23.18
2020-04-12,15.86
2020-04-13,29.89
2020-04-14,41.48
2020-04-15,35.38
2020-04-16,32.33
2020-04-17,45.14
2020-04-18,25.009999999999998
2020-04-19,12.2
2020-04-20,31.72
2020-04-21,39.04
2020-04-22,35.38
2020-04-23,29.89
2020-04-24,32.94
2020-04-25,17.69
2020-04-26,19.52
2020-04-27,39.65
2020-04-28,61.0
2020-04-29,45.14
2020-04-30,40.87
