date,Netflix
2011-01-01,66.0
2011-01-02,75.0
2011-01-03,53.25
2011-01-04,47.25
2011-01-05,42.75
2011-01-06,43.5
2011-01-07,45.75
2011-01-08,64.5
2011-01-09,65.25
2011-01-10,46.5
2011-01-11,44.25
2011-01-12,46.5
2011-01-13,44.25
2011-01-14,44.25
2011-01-15,65.25
2011-01-16,64.5
2011-01-17,57.0
2011-01-18,44.25
2011-01-19,45.0
2011-01-20,43.5
2011-01-21,45.0
2011-01-22,67.5
2011-01-23,67.5
2011-01-24,45.0
2011-01-25,43.5
2011-01-26,42.75
2011-01-27,44.25
2011-01-28,50.25
2011-01-29,66.0
2011-01-30,66.75
2011-01-31,53.25
2011-02-01,46.24
2011-02-02,47.6
2011-02-03,42.84
2011-02-04,45.56
2011-02-05,65.96000000000001
2011-02-06,64.60000000000001
2011-02-07,39.440000000000005
2011-02-08,43.52
2011-02-09,40.800000000000004
2011-02-10,40.120000000000005
2011-02-11,41.480000000000004
2011-02-12,62.56
2011-02-13,65.96000000000001
2011-02-14,42.160000000000004
2011-02-15,42.160000000000004
2011-02-16,40.120000000000005
2011-02-17,40.120000000000005
2011-02-18,44.2
2011-02-19,63.24
2011-02-20,65.28
2011-02-21,53.040000000000006
2011-02-22,44.2
2011-02-23,43.52
2011-02-24,41.480000000000004
2011-02-25,44.2
2011-02-26,65.28
2011-02-27,68.0
2011-02-28,46.92
2011-03-01,41.3
2011-03-02,39.199999999999996
2011-03-03,39.9
2011-03-04,42.699999999999996
2011-03-05,62.99999999999999
2011-03-06,68.6
2011-03-07,44.8
2011-03-08,41.3
2011-03-09,42.0
2011-03-10,39.9
2011-03-11,40.599999999999994
2011-03-12,53.199999999999996
2011-03-13,51.8
2011-03-14,42.699999999999996
2011-03-15,42.699999999999996
2011-03-16,42.699999999999996
2011-03-17,41.3
2011-03-18,46.199999999999996
2011-03-19,63.699999999999996
2011-03-20,69.3
2011-03-21,45.5
2011-03-22,56.0
2011-03-23,69.3
2011-03-24,44.099999999999994
2011-03-25,45.5
2011-03-26,63.699999999999996
2011-03-27,70.0
2011-03-28,48.3
2011-03-29,44.8
2011-03-30,43.4
2011-03-31,42.0
2011-04-01,45.54
2011-04-02,62.78999999999999
2011-04-03,65.55
2011-04-04,47.61
2011-04-05,43.47
2011-04-06,41.4
2011-04-07,42.779999999999994
2011-04-08,44.16
2011-04-09,68.30999999999999
2011-04-10,65.55
2011-04-11,44.849999999999994
2011-04-12,42.779999999999994
2011-04-13,45.54
2011-04-14,41.4
2011-04-15,44.16
2011-04-16,62.099999999999994
2011-04-17,64.86
2011-04-18,45.54
2011-04-19,44.16
2011-04-20,44.16
2011-04-21,44.16
2011-04-22,51.059999999999995
2011-04-23,66.92999999999999
2011-04-24,69.0
2011-04-25,49.67999999999999
2011-04-26,44.16
2011-04-27,41.4
2011-04-28,40.019999999999996
2011-04-29,39.33
2011-04-30,60.029999999999994
2011-05-01,63.64
2011-05-02,39.22
2011-05-03,38.48
2011-05-04,38.48
2011-05-05,36.26
2011-05-06,39.22
2011-05-07,55.5
2011-05-08,60.68
2011-05-09,41.44
2011-05-10,47.36
2011-05-11,39.96
2011-05-12,39.96
2011-05-13,45.14
2011-05-14,65.86
2011-05-15,70.3
2011-05-16,48.1
2011-05-17,44.4
2011-05-18,42.92
2011-05-19,42.18
2011-05-20,42.92
2011-05-21,60.68
2011-05-22,64.38
2011-05-23,47.36
2011-05-24,42.92
2011-05-25,39.96
2011-05-26,40.7
2011-05-27,47.36
2011-05-28,64.38
2011-05-29,74.0
2011-05-30,67.34
2011-05-31,48.839999999999996
2011-06-01,47.559999999999995
2011-06-02,52.48
2011-06-03,49.199999999999996
2011-06-04,68.06
2011-06-05,72.16
2011-06-06,49.199999999999996
2011-06-07,48.379999999999995
2011-06-08,49.199999999999996
2011-06-09,49.199999999999996
2011-06-10,49.199999999999996
2011-06-11,68.88
2011-06-12,71.33999999999999
2011-06-13,52.48
2011-06-14,60.68
2011-06-15,50.019999999999996
2011-06-16,49.199999999999996
2011-06-17,53.3
2011-06-18,69.7
2011-06-19,76.25999999999999
2011-06-20,82.0
2011-06-21,52.48
2011-06-22,52.48
2011-06-23,50.839999999999996
2011-06-24,55.76
2011-06-25,68.88
2011-06-26,72.97999999999999
2011-06-27,54.12
2011-06-28,51.66
2011-06-29,51.66
2011-06-30,52.48
2011-07-01,55.68
2011-07-02,66.12
2011-07-03,72.21
2011-07-04,69.6
2011-07-05,53.07
2011-07-06,53.94
2011-07-07,53.07
2011-07-08,55.68
2011-07-09,68.73
2011-07-10,72.21
2011-07-11,52.2
2011-07-12,66.99
2011-07-13,87.0
2011-07-14,67.86
2011-07-15,59.16
2011-07-16,69.6
2011-07-17,85.26
2011-07-18,77.42999999999999
2011-07-19,53.94
2011-07-20,52.2
2011-07-21,54.81
2011-07-22,53.07
2011-07-23,64.38
2011-07-24,68.73
2011-07-25,53.07
2011-07-26,53.94
2011-07-27,53.07
2011-07-28,49.589999999999996
2011-07-29,53.07
2011-07-30,64.38
2011-07-31,69.6
2011-08-01,57.0
2011-08-02,55.480000000000004
2011-08-03,57.76
2011-08-04,51.68
2011-08-05,53.96
2011-08-06,68.4
2011-08-07,71.44
2011-08-08,54.72
2011-08-09,75.24
2011-08-10,53.2
2011-08-11,53.2
2011-08-12,52.44
2011-08-13,71.44
2011-08-14,76.0
2011-08-15,56.24
2011-08-16,56.24
2011-08-17,53.96
2011-08-18,53.96
2011-08-19,55.480000000000004
2011-08-20,71.44
2011-08-21,74.48
2011-08-22,55.480000000000004
2011-08-23,50.92
2011-08-24,49.4
2011-08-25,50.160000000000004
2011-08-26,59.28
2011-08-27,73.72
2011-08-28,75.24
2011-08-29,50.92
2011-08-30,50.160000000000004
2011-08-31,50.160000000000004
2011-09-01,48.839999999999996
2011-09-02,53.28
2011-09-03,66.6
2011-09-04,71.03999999999999
2011-09-05,72.52
2011-09-06,50.32
2011-09-07,48.839999999999996
2011-09-08,43.66
2011-09-09,45.88
2011-09-10,67.34
2011-09-11,67.34
2011-09-12,48.1
2011-09-13,44.4
2011-09-14,43.66
2011-09-15,46.62
2011-09-16,51.8
2011-09-17,71.03999999999999
2011-09-18,65.12
2011-09-19,69.56
2011-09-20,60.68
2011-09-21,48.839999999999996
2011-09-22,48.1
2011-09-23,46.62
2011-09-24,66.6
2011-09-25,74.0
2011-09-26,48.1
2011-09-27,42.18
2011-09-28,45.88
2011-09-29,42.92
2011-09-30,46.62
2011-10-01,55.88999999999999
2011-10-02,52.44
2011-10-03,36.57
2011-10-04,35.19
2011-10-05,33.809999999999995
2011-10-06,31.74
2011-10-07,35.879999999999995
2011-10-08,50.37
2011-10-09,69.0
2011-10-10,50.37
2011-10-11,39.33
2011-10-12,35.19
2011-10-13,34.5
2011-10-14,37.26
2011-10-15,48.989999999999995
2011-10-16,52.44
2011-10-17,35.879999999999995
2011-10-18,34.5
2011-10-19,34.5
2011-10-20,33.809999999999995
2011-10-21,37.26
2011-10-22,50.37
2011-10-23,51.059999999999995
2011-10-24,42.089999999999996
2011-10-25,41.4
2011-10-26,36.57
2011-10-27,34.5
2011-10-28,36.57
2011-10-29,51.059999999999995
2011-10-30,52.44
2011-10-31,38.64
2011-11-01,42.9
2011-11-02,41.6
2011-11-03,38.35
2011-11-04,41.6
2011-11-05,59.15
2011-11-06,58.5
2011-11-07,41.6
2011-11-08,37.050000000000004
2011-11-09,34.45
2011-11-10,35.75
2011-11-11,43.550000000000004
2011-11-12,56.550000000000004
2011-11-13,57.2
2011-11-14,39.0
2011-11-15,37.7
2011-11-16,39.65
2011-11-17,40.95
2011-11-18,42.25
2011-11-19,58.5
2011-11-20,60.45
2011-11-21,44.2
2011-11-22,43.550000000000004
2011-11-23,44.85
2011-11-24,53.95
2011-11-25,53.300000000000004
2011-11-26,61.1
2011-11-27,65.0
2011-11-28,58.5
2011-11-29,40.95
2011-11-30,39.65
2011-12-01,35.769999999999996
2011-12-02,37.23
2011-12-03,54.019999999999996
2011-12-04,54.75
2011-12-05,37.96
2011-12-06,37.96
2011-12-07,37.96
2011-12-08,35.769999999999996
2011-12-09,37.96
2011-12-10,54.019999999999996
2011-12-11,56.21
2011-12-12,39.42
2011-12-13,37.96
2011-12-14,38.69
2011-12-15,40.879999999999995
2011-12-16,43.8
2011-12-17,54.019999999999996
2011-12-18,57.67
2011-12-19,44.53
2011-12-20,43.07
2011-12-21,46.72
2011-12-22,44.53
2011-12-23,51.83
2011-12-24,59.129999999999995
2011-12-25,73.0
2011-12-26,67.89
2011-12-27,56.94
2011-12-28,53.29
2011-12-29,53.29
2011-12-30,54.019999999999996
2011-12-31,59.86
2012-01-01,73.0
2012-01-02,67.89
2012-01-03,53.29
2012-01-04,48.91
2012-01-05,47.449999999999996
2012-01-06,48.91
2012-01-07,67.89
2012-01-08,70.08
2012-01-09,49.64
2012-01-10,46.72
2012-01-11,46.72
2012-01-12,45.26
2012-01-13,50.37
2012-01-14,67.89
2012-01-15,69.35
2012-01-16,62.05
2012-01-17,47.449999999999996
2012-01-18,45.26
2012-01-19,45.26
2012-01-20,45.99
2012-01-21,69.35
2012-01-22,68.62
2012-01-23,46.72
2012-01-24,45.99
2012-01-25,45.26
2012-01-26,45.99
2012-01-27,46.72
2012-01-28,65.7
2012-01-29,69.35
2012-01-30,48.18
2012-01-31,44.53
2012-02-01,42.84
2012-02-02,41.480000000000004
2012-02-03,44.2
2012-02-04,61.88
2012-02-05,62.56
2012-02-06,42.84
2012-02-07,43.52
2012-02-08,44.88
2012-02-09,42.84
2012-02-10,44.2
2012-02-11,64.60000000000001
2012-02-12,63.92
2012-02-13,43.52
2012-02-14,40.800000000000004
2012-02-15,42.84
2012-02-16,40.800000000000004
2012-02-17,44.2
2012-02-18,61.88
2012-02-19,68.0
2012-02-20,53.040000000000006
2012-02-21,43.52
2012-02-22,44.2
2012-02-23,42.84
2012-02-24,45.56
2012-02-25,63.92
2012-02-26,68.0
2012-02-27,48.28
2012-02-28,44.2
2012-02-29,44.2
2012-03-01,45.56
2012-03-02,46.24
2012-03-03,67.32000000000001
2012-03-04,68.0
2012-03-05,46.92
2012-03-06,43.52
2012-03-07,41.480000000000004
2012-03-08,40.120000000000005
2012-03-09,42.160000000000004
2012-03-10,58.480000000000004
2012-03-11,63.24
2012-03-12,44.88
2012-03-13,42.160000000000004
2012-03-14,40.800000000000004
2012-03-15,42.160000000000004
2012-03-16,42.160000000000004
2012-03-17,58.480000000000004
2012-03-18,62.56
2012-03-19,42.84
2012-03-20,40.120000000000005
2012-03-21,40.800000000000004
2012-03-22,38.760000000000005
2012-03-23,41.480000000000004
2012-03-24,57.120000000000005
2012-03-25,61.2
2012-03-26,42.84
2012-03-27,39.440000000000005
2012-03-28,39.440000000000005
2012-03-29,36.720000000000006
2012-03-30,40.120000000000005
2012-03-31,53.720000000000006
2012-04-01,61.38
2012-04-02,43.4
2012-04-03,40.3
2012-04-04,40.92
2012-04-05,42.16
2012-04-06,48.36
2012-04-07,60.76
2012-04-08,60.14
2012-04-09,42.16
2012-04-10,38.44
2012-04-11,39.68
2012-04-12,39.68
2012-04-13,42.16
2012-04-14,55.8
2012-04-15,59.519999999999996
2012-04-16,41.54
2012-04-17,39.06
2012-04-18,38.44
2012-04-19,39.06
2012-04-20,41.54
2012-04-21,57.04
2012-04-22,62.0
2012-04-23,42.16
2012-04-24,41.54
2012-04-25,37.82
2012-04-26,38.44
2012-04-27,40.3
2012-04-28,56.42
2012-04-29,60.76
2012-04-30,43.4
2012-05-01,36.0
2012-05-02,34.199999999999996
2012-05-03,35.4
2012-05-04,37.199999999999996
2012-05-05,51.6
2012-05-06,54.6
2012-05-07,37.199999999999996
2012-05-08,36.0
2012-05-09,36.6
2012-05-10,36.0
2012-05-11,38.4
2012-05-12,52.199999999999996
2012-05-13,56.4
2012-05-14,39.6
2012-05-15,37.199999999999996
2012-05-16,37.199999999999996
2012-05-17,36.0
2012-05-18,37.8
2012-05-19,51.6
2012-05-20,54.6
2012-05-21,39.0
2012-05-22,38.4
2012-05-23,36.6
2012-05-24,38.4
2012-05-25,42.0
2012-05-26,57.599999999999994
2012-05-27,60.0
2012-05-28,58.199999999999996
2012-05-29,42.6
2012-05-30,40.199999999999996
2012-05-31,41.4
2012-06-01,33.37
2012-06-02,43.309999999999995
2012-06-03,47.57
2012-06-04,33.37
2012-06-05,34.08
2012-06-06,31.95
2012-06-07,32.66
2012-06-08,32.66
2012-06-09,44.019999999999996
2012-06-10,46.15
2012-06-11,36.21
2012-06-12,34.08
2012-06-13,32.66
2012-06-14,32.66
2012-06-15,34.08
2012-06-16,44.73
2012-06-17,46.86
2012-06-18,36.92
2012-06-19,34.79
2012-06-20,31.95
2012-06-21,33.37
2012-06-22,34.79
2012-06-23,46.15
2012-06-24,49.699999999999996
2012-06-25,36.92
2012-06-26,33.37
2012-06-27,33.37
2012-06-28,32.66
2012-06-29,34.79
2012-06-30,71.0
2012-07-01,67.61999999999999
2012-07-02,51.059999999999995
2012-07-03,49.67999999999999
2012-07-04,61.41
2012-07-05,48.3
2012-07-06,52.44
2012-07-07,60.72
2012-07-08,65.55
2012-07-09,49.67999999999999
2012-07-10,47.61
2012-07-11,49.67999999999999
2012-07-12,47.61
2012-07-13,49.67999999999999
2012-07-14,61.41
2012-07-15,69.0
2012-07-16,51.059999999999995
2012-07-17,48.989999999999995
2012-07-18,48.3
2012-07-19,46.919999999999995
2012-07-20,46.23
2012-07-21,60.029999999999994
2012-07-22,64.17
2012-07-23,48.989999999999995
2012-07-24,48.989999999999995
2012-07-25,46.23
2012-07-26,48.3
2012-07-27,46.919999999999995
2012-07-28,55.199999999999996
2012-07-29,60.029999999999994
2012-07-30,47.61
2012-07-31,44.16
2012-08-01,44.2
2012-08-02,41.6
2012-08-03,41.6
2012-08-04,52.65
2012-08-05,57.85
2012-08-06,44.2
2012-08-07,41.6
2012-08-08,42.9
2012-08-09,41.6
2012-08-10,42.9
2012-08-11,55.9
2012-08-12,56.550000000000004
2012-08-13,44.85
2012-08-14,44.2
2012-08-15,44.85
2012-08-16,46.15
2012-08-17,45.5
2012-08-18,61.1
2012-08-19,64.35000000000001
2012-08-20,45.5
2012-08-21,44.2
2012-08-22,42.25
2012-08-23,42.9
2012-08-24,45.5
2012-08-25,60.45
2012-08-26,65.0
2012-08-27,46.15
2012-08-28,44.85
2012-08-29,41.6
2012-08-30,41.6
2012-08-31,42.9
2012-09-01,58.74
2012-09-02,66.0
2012-09-03,64.68
2012-09-04,46.2
2012-09-05,43.56
2012-09-06,40.260000000000005
2012-09-07,42.24
2012-09-08,58.74
2012-09-09,65.34
2012-09-10,42.24
2012-09-11,40.92
2012-09-12,38.28
2012-09-13,39.6
2012-09-14,42.24
2012-09-15,60.06
2012-09-16,62.040000000000006
2012-09-17,43.56
2012-09-18,43.56
2012-09-19,40.92
2012-09-20,39.6
2012-09-21,42.9
2012-09-22,62.040000000000006
2012-09-23,62.7
2012-09-24,44.88
2012-09-25,42.24
2012-09-26,41.580000000000005
2012-09-27,42.24
2012-09-28,44.22
2012-09-29,63.36
2012-09-30,62.040000000000006
2012-10-01,44.89
2012-10-02,41.54
2012-10-03,40.870000000000005
2012-10-04,45.56
2012-10-05,43.550000000000004
2012-10-06,62.980000000000004
2012-10-07,65.66000000000001
2012-10-08,48.910000000000004
2012-10-09,44.220000000000006
2012-10-10,47.57
2012-10-11,42.88
2012-10-12,44.220000000000006
2012-10-13,64.99000000000001
2012-10-14,67.0
2012-10-15,46.230000000000004
2012-10-16,43.550000000000004
2012-10-17,40.870000000000005
2012-10-18,44.220000000000006
2012-10-19,46.230000000000004
2012-10-20,64.99000000000001
2012-10-21,67.0
2012-10-22,47.57
2012-10-23,43.550000000000004
2012-10-24,44.220000000000006
2012-10-25,42.88
2012-10-26,46.230000000000004
2012-10-27,64.32000000000001
2012-10-28,67.0
2012-10-29,53.6
2012-10-30,46.230000000000004
2012-10-31,45.56
2012-11-01,44.849999999999994
2012-11-02,47.61
2012-11-03,63.48
2012-11-04,63.48
2012-11-05,44.16
2012-11-06,42.089999999999996
2012-11-07,34.5
2012-11-08,42.089999999999996
2012-11-09,44.16
2012-11-10,65.55
2012-11-11,66.92999999999999
2012-11-12,49.67999999999999
2012-11-13,42.779999999999994
2012-11-14,42.779999999999994
2012-11-15,40.709999999999994
2012-11-16,44.16
2012-11-17,66.92999999999999
2012-11-18,66.24
2012-11-19,46.919999999999995
2012-11-20,45.54
2012-11-21,48.3
2012-11-22,57.959999999999994
2012-11-23,58.65
2012-11-24,69.0
2012-11-25,67.61999999999999
2012-11-26,46.919999999999995
2012-11-27,44.849999999999994
2012-11-28,42.779999999999994
2012-11-29,41.4
2012-11-30,43.47
2012-12-01,31.54
2012-12-02,34.03
2012-12-03,22.41
2012-12-04,22.41
2012-12-05,22.41
2012-12-06,22.41
2012-12-07,23.24
2012-12-08,33.199999999999996
2012-12-09,34.03
2012-12-10,23.24
2012-12-11,22.41
2012-12-12,22.41
2012-12-13,22.41
2012-12-14,22.41
2012-12-15,32.37
2012-12-16,33.199999999999996
2012-12-17,23.24
2012-12-18,23.24
2012-12-19,24.9
2012-12-20,25.73
2012-12-21,26.56
2012-12-22,34.86
2012-12-23,34.86
2012-12-24,37.35
2012-12-25,83.0
2012-12-26,39.01
2012-12-27,34.86
2012-12-28,32.37
2012-12-29,39.01
2012-12-30,39.01
2012-12-31,34.86
2013-01-01,76.44
2013-01-02,63.96
2013-01-03,58.5
2013-01-04,60.84
2013-01-05,73.32000000000001
2013-01-06,78.0
2013-01-07,56.160000000000004
2013-01-08,49.92
2013-01-09,49.14
2013-01-10,49.14
2013-01-11,53.04
2013-01-12,70.98
2013-01-13,72.54
2013-01-14,53.04
2013-01-15,49.14
2013-01-16,47.58
2013-01-17,46.800000000000004
2013-01-18,48.36
2013-01-19,67.86
2013-01-20,72.54
2013-01-21,61.620000000000005
2013-01-22,48.36
2013-01-23,47.58
2013-01-24,49.14
2013-01-25,52.260000000000005
2013-01-26,70.98
2013-01-27,74.10000000000001
2013-01-28,52.260000000000005
2013-01-29,47.58
2013-01-30,46.800000000000004
2013-01-31,44.46
2013-02-01,48.1
2013-02-02,68.08
2013-02-03,68.82
2013-02-04,42.92
2013-02-05,48.1
2013-02-06,44.4
2013-02-07,45.88
2013-02-08,50.32
2013-02-09,69.56
2013-02-10,74.0
2013-02-11,46.62
2013-02-12,43.66
2013-02-13,40.7
2013-02-14,41.44
2013-02-15,45.14
2013-02-16,63.64
2013-02-17,69.56
2013-02-18,56.24
2013-02-19,45.88
2013-02-20,45.14
2013-02-21,45.14
2013-02-22,48.839999999999996
2013-02-23,66.6
2013-02-24,71.03999999999999
2013-02-25,48.1
2013-02-26,46.62
2013-02-27,43.66
2013-02-28,42.92
2013-03-01,49.68
2013-03-02,68.39999999999999
2013-03-03,72.0
2013-03-04,47.519999999999996
2013-03-05,45.36
2013-03-06,43.92
2013-03-07,43.92
2013-03-08,47.519999999999996
2013-03-09,66.24
2013-03-10,69.12
2013-03-11,48.239999999999995
2013-03-12,45.36
2013-03-13,44.64
2013-03-14,46.08
2013-03-15,48.239999999999995
2013-03-16,63.36
2013-03-17,67.67999999999999
2013-03-18,48.239999999999995
2013-03-19,46.08
2013-03-20,44.64
2013-03-21,43.199999999999996
2013-03-22,47.519999999999996
2013-03-23,64.08
2013-03-24,69.84
2013-03-25,51.12
2013-03-26,46.08
2013-03-27,44.64
2013-03-28,44.64
2013-03-29,49.68
2013-03-30,63.36
2013-03-31,66.96
2013-04-01,49.580000000000005
2013-04-02,48.910000000000004
2013-04-03,45.56
2013-04-04,45.56
2013-04-05,47.57
2013-04-06,62.31
2013-04-07,67.0
2013-04-08,45.56
2013-04-09,41.54
2013-04-10,42.21
2013-04-11,42.88
2013-04-12,45.56
2013-04-13,63.650000000000006
2013-04-14,65.66000000000001
2013-04-15,42.88
2013-04-16,41.54
2013-04-17,42.21
2013-04-18,41.54
2013-04-19,44.220000000000006
2013-04-20,61.64
2013-04-21,66.33
2013-04-22,46.230000000000004
2013-04-23,46.900000000000006
2013-04-24,42.21
2013-04-25,42.88
2013-04-26,44.89
2013-04-27,62.980000000000004
2013-04-28,67.0
2013-04-29,44.220000000000006
2013-04-30,42.21
2013-05-01,37.949999999999996
2013-05-02,37.949999999999996
2013-05-03,37.949999999999996
2013-05-04,51.059999999999995
2013-05-05,55.199999999999996
2013-05-06,38.64
2013-05-07,35.19
2013-05-08,33.809999999999995
2013-05-09,35.19
2013-05-10,37.949999999999996
2013-05-11,51.059999999999995
2013-05-12,53.129999999999995
2013-05-13,37.949999999999996
2013-05-14,35.879999999999995
2013-05-15,33.809999999999995
2013-05-16,35.19
2013-05-17,37.26
2013-05-18,53.81999999999999
2013-05-19,55.88999999999999
2013-05-20,39.33
2013-05-21,37.26
2013-05-22,37.949999999999996
2013-05-23,37.949999999999996
2013-05-24,43.47
2013-05-25,55.88999999999999
2013-05-26,69.0
2013-05-27,64.17
2013-05-28,46.23
2013-05-29,42.779999999999994
2013-05-30,43.47
2013-05-31,40.709999999999994
2013-06-01,64.6
2013-06-02,65.36
2013-06-03,51.68
2013-06-04,49.4
2013-06-05,47.12
2013-06-06,76.0
2013-06-07,52.44
2013-06-08,65.36
2013-06-09,67.64
2013-06-10,51.68
2013-06-11,48.64
2013-06-12,46.36
2013-06-13,47.12
2013-06-14,48.64
2013-06-15,75.24
2013-06-16,63.08
2013-06-17,50.92
2013-06-18,51.68
2013-06-19,44.84
2013-06-20,47.12
2013-06-21,48.64
2013-06-22,62.32
2013-06-23,65.36
2013-06-24,52.44
2013-06-25,48.64
2013-06-26,48.64
2013-06-27,47.12
2013-06-28,50.92
2013-06-29,63.84
2013-06-30,66.12
2013-07-01,56.24
2013-07-02,57.0
2013-07-03,53.96
2013-07-04,65.36
2013-07-05,60.04
2013-07-06,71.44
2013-07-07,73.72
2013-07-08,57.76
2013-07-09,53.2
2013-07-10,51.68
2013-07-11,54.72
2013-07-12,55.480000000000004
2013-07-13,68.4
2013-07-14,69.16
2013-07-15,56.24
2013-07-16,52.44
2013-07-17,53.2
2013-07-18,54.72
2013-07-19,57.0
2013-07-20,69.92
2013-07-21,75.24
2013-07-22,58.52
2013-07-23,56.24
2013-07-24,52.44
2013-07-25,53.96
2013-07-26,56.24
2013-07-27,69.92
2013-07-28,76.0
2013-07-29,58.52
2013-07-30,55.480000000000004
2013-07-31,55.480000000000004
2013-08-01,55.5
2013-08-02,57.72
2013-08-03,70.3
2013-08-04,73.26
2013-08-05,55.5
2013-08-06,55.5
2013-08-07,52.54
2013-08-08,53.28
2013-08-09,54.76
2013-08-10,70.3
2013-08-11,74.0
2013-08-12,57.72
2013-08-13,55.5
2013-08-14,52.54
2013-08-15,51.8
2013-08-16,53.28
2013-08-17,65.86
2013-08-18,71.03999999999999
2013-08-19,54.019999999999996
2013-08-20,52.54
2013-08-21,50.32
2013-08-22,52.54
2013-08-23,51.06
2013-08-24,68.08
2013-08-25,70.3
2013-08-26,51.06
2013-08-27,49.58
2013-08-28,48.839999999999996
2013-08-29,48.1
2013-08-30,51.8
2013-08-31,68.08
2013-09-01,69.84
2013-09-02,72.0
2013-09-03,50.4
2013-09-04,47.519999999999996
2013-09-05,45.36
2013-09-06,46.08
2013-09-07,67.67999999999999
2013-09-08,65.52
2013-09-09,46.08
2013-09-10,44.64
2013-09-11,46.08
2013-09-12,46.8
2013-09-13,47.519999999999996
2013-09-14,65.52
2013-09-15,66.24
2013-09-16,46.08
2013-09-17,45.36
2013-09-18,44.64
2013-09-19,43.92
2013-09-20,46.8
2013-09-21,67.67999999999999
2013-09-22,67.67999999999999
2013-09-23,50.4
2013-09-24,46.8
2013-09-25,45.36
2013-09-26,45.36
2013-09-27,49.68
2013-09-28,69.12
2013-09-29,70.56
2013-09-30,49.68
2013-10-01,46.8
2013-10-02,46.08
2013-10-03,44.64
2013-10-04,48.239999999999995
2013-10-05,65.52
2013-10-06,66.96
2013-10-07,47.519999999999996
2013-10-08,43.92
2013-10-09,46.08
2013-10-10,48.96
2013-10-11,48.96
2013-10-12,72.0
2013-10-13,69.84
2013-10-14,53.28
2013-10-15,48.239999999999995
2013-10-16,48.96
2013-10-17,45.36
2013-10-18,48.239999999999995
2013-10-19,62.64
2013-10-20,65.52
2013-10-21,47.519999999999996
2013-10-22,45.36
2013-10-23,43.92
2013-10-24,43.199999999999996
2013-10-25,59.76
2013-10-26,64.08
2013-10-27,63.36
2013-10-28,43.199999999999996
2013-10-29,43.199999999999996
2013-10-30,41.04
2013-10-31,43.92
2013-11-01,48.75
2013-11-02,67.5
2013-11-03,69.0
2013-11-04,48.0
2013-11-05,44.25
2013-11-06,44.25
2013-11-07,45.75
2013-11-08,48.0
2013-11-09,69.0
2013-11-10,72.0
2013-11-11,54.0
2013-11-12,47.25
2013-11-13,50.25
2013-11-14,47.25
2013-11-15,49.5
2013-11-16,70.5
2013-11-17,71.25
2013-11-18,48.0
2013-11-19,45.75
2013-11-20,46.5
2013-11-21,45.75
2013-11-22,50.25
2013-11-23,72.0
2013-11-24,75.0
2013-11-25,51.0
2013-11-26,53.25
2013-11-27,59.25
2013-11-28,65.25
2013-11-29,66.75
2013-11-30,73.5
2013-12-01,61.199999999999996
2013-12-02,44.199999999999996
2013-12-03,42.5
2013-12-04,42.5
2013-12-05,42.5
2013-12-06,45.9
2013-12-07,64.6
2013-12-08,66.3
2013-12-09,47.6
2013-12-10,45.05
2013-12-11,44.199999999999996
2013-12-12,42.5
2013-12-13,45.9
2013-12-14,66.3
2013-12-15,69.7
2013-12-16,48.449999999999996
2013-12-17,47.6
2013-12-18,45.9
2013-12-19,49.3
2013-12-20,55.25
2013-12-21,67.14999999999999
2013-12-22,69.7
2013-12-23,62.9
2013-12-24,67.14999999999999
2013-12-25,85.0
2013-12-26,73.1
2013-12-27,75.64999999999999
2013-12-28,77.35
2013-12-29,79.89999999999999
2013-12-30,68.0
2013-12-31,74.8
2014-01-01,85.26
2014-01-02,76.56
2014-01-03,78.3
2014-01-04,83.52
2014-01-05,87.0
2014-01-06,66.12
2014-01-07,59.16
2014-01-08,57.42
2014-01-09,53.94
2014-01-10,57.42
2014-01-11,77.42999999999999
2014-01-12,79.17
2014-01-13,58.29
2014-01-14,51.33
2014-01-15,51.33
2014-01-16,51.33
2014-01-17,53.94
2014-01-18,75.69
2014-01-19,78.3
2014-01-20,64.38
2014-01-21,54.81
2014-01-22,54.81
2014-01-23,53.94
2014-01-24,55.68
2014-01-25,77.42999999999999
2014-01-26,80.04
2014-01-27,53.07
2014-01-28,56.55
2014-01-29,51.33
2014-01-30,48.72
2014-01-31,47.85
2014-02-01,69.16
2014-02-02,68.4
2014-02-03,47.12
2014-02-04,47.88
2014-02-05,48.64
2014-02-06,46.36
2014-02-07,45.6
2014-02-08,66.88
2014-02-09,69.92
2014-02-10,47.12
2014-02-11,43.32
2014-02-12,44.08
2014-02-13,50.160000000000004
2014-02-14,53.2
2014-02-15,74.48
2014-02-16,76.0
2014-02-17,60.04
2014-02-18,49.4
2014-02-19,44.84
2014-02-20,43.32
2014-02-21,46.36
2014-02-22,65.36
2014-02-23,69.16
2014-02-24,50.92
2014-02-25,45.6
2014-02-26,45.6
2014-02-27,43.32
2014-02-28,46.36
2014-03-01,63.92
2014-03-02,68.0
2014-03-03,48.28
2014-03-04,42.84
2014-03-05,39.440000000000005
2014-03-06,38.760000000000005
2014-03-07,40.800000000000004
2014-03-08,55.760000000000005
2014-03-09,61.2
2014-03-10,41.480000000000004
2014-03-11,38.080000000000005
2014-03-12,38.760000000000005
2014-03-13,39.440000000000005
2014-03-14,40.800000000000004
2014-03-15,54.400000000000006
2014-03-16,59.84
2014-03-17,42.160000000000004
2014-03-18,38.760000000000005
2014-03-19,36.720000000000006
2014-03-20,36.04
2014-03-21,38.080000000000005
2014-03-22,51.68000000000001
2014-03-23,57.120000000000005
2014-03-24,41.480000000000004
2014-03-25,36.04
2014-03-26,36.720000000000006
2014-03-27,36.720000000000006
2014-03-28,39.440000000000005
2014-03-29,54.400000000000006
2014-03-30,57.800000000000004
2014-03-31,40.120000000000005
2014-04-01,45.44
2014-04-02,46.08
2014-04-03,42.88
2014-04-04,47.36
2014-04-05,62.08
2014-04-06,64.0
2014-04-07,44.160000000000004
2014-04-08,40.96
2014-04-09,40.96
2014-04-10,40.96
2014-04-11,44.800000000000004
2014-04-12,59.52
2014-04-13,63.36
2014-04-14,44.160000000000004
2014-04-15,44.800000000000004
2014-04-16,43.52
2014-04-17,42.88
2014-04-18,51.84
2014-04-19,62.72
2014-04-20,64.0
2014-04-21,46.08
2014-04-22,47.36
2014-04-23,43.52
2014-04-24,41.6
2014-04-25,44.160000000000004
2014-04-26,60.800000000000004
2014-04-27,63.36
2014-04-28,42.88
2014-04-29,43.52
2014-04-30,50.56
2014-05-01,61.11
2014-05-02,42.84
2014-05-03,57.33
2014-05-04,60.480000000000004
2014-05-05,42.84
2014-05-06,37.8
2014-05-07,38.43
2014-05-08,38.43
2014-05-09,41.58
2014-05-10,57.96
2014-05-11,57.96
2014-05-12,40.95
2014-05-13,40.32
2014-05-14,39.06
2014-05-15,42.84
2014-05-16,41.58
2014-05-17,59.85
2014-05-18,63.0
2014-05-19,42.84
2014-05-20,40.95
2014-05-21,40.32
2014-05-22,40.32
2014-05-23,45.36
2014-05-24,59.85
2014-05-25,60.480000000000004
2014-05-26,60.480000000000004
2014-05-27,44.73
2014-05-28,42.84
2014-05-29,42.21
2014-05-30,44.1
2014-05-31,57.96
2014-06-01,65.32
2014-06-02,48.989999999999995
2014-06-03,46.86
2014-06-04,46.15
2014-06-05,48.989999999999995
2014-06-06,58.22
2014-06-07,68.16
2014-06-08,71.0
2014-06-09,54.669999999999995
2014-06-10,54.669999999999995
2014-06-11,52.54
2014-06-12,51.83
2014-06-13,53.959999999999994
2014-06-14,64.61
2014-06-15,67.45
2014-06-16,51.12
2014-06-17,49.699999999999996
2014-06-18,50.41
2014-06-19,53.25
2014-06-20,53.959999999999994
2014-06-21,65.32
2014-06-22,70.28999999999999
2014-06-23,53.25
2014-06-24,50.41
2014-06-25,51.83
2014-06-26,48.28
2014-06-27,54.669999999999995
2014-06-28,63.9
2014-06-29,67.45
2014-06-30,53.959999999999994
2014-07-01,51.12
2014-07-02,52.559999999999995
2014-07-03,52.559999999999995
2014-07-04,61.919999999999995
2014-07-05,64.8
2014-07-06,69.12
2014-07-07,56.879999999999995
2014-07-08,51.12
2014-07-09,50.4
2014-07-10,52.559999999999995
2014-07-11,54.72
2014-07-12,66.24
2014-07-13,67.67999999999999
2014-07-14,55.44
2014-07-15,51.839999999999996
2014-07-16,51.12
2014-07-17,48.96
2014-07-18,54.0
2014-07-19,69.84
2014-07-20,72.0
2014-07-21,56.16
2014-07-22,54.72
2014-07-23,52.559999999999995
2014-07-24,51.12
2014-07-25,51.12
2014-07-26,64.8
2014-07-27,72.0
2014-07-28,56.879999999999995
2014-07-29,49.68
2014-07-30,50.4
2014-07-31,48.96
2014-08-01,50.41
2014-08-02,67.45
2014-08-03,71.0
2014-08-04,54.669999999999995
2014-08-05,51.12
2014-08-06,50.41
2014-08-07,51.83
2014-08-08,51.83
2014-08-09,63.9
2014-08-10,66.03
2014-08-11,51.83
2014-08-12,51.83
2014-08-13,51.12
2014-08-14,48.28
2014-08-15,48.989999999999995
2014-08-16,63.19
2014-08-17,69.58
2014-08-18,50.41
2014-08-19,48.28
2014-08-20,53.959999999999994
2014-08-21,48.989999999999995
2014-08-22,50.41
2014-08-23,64.61
2014-08-24,68.86999999999999
2014-08-25,49.699999999999996
2014-08-26,48.989999999999995
2014-08-27,46.86
2014-08-28,45.44
2014-08-29,51.83
2014-08-30,66.03
2014-08-31,70.28999999999999
2014-09-01,65.0
2014-09-02,44.85
2014-09-03,41.6
2014-09-04,39.65
2014-09-05,42.9
2014-09-06,60.45
2014-09-07,61.1
2014-09-08,44.2
2014-09-09,40.300000000000004
2014-09-10,42.25
2014-09-11,40.95
2014-09-12,43.550000000000004
2014-09-13,61.1
2014-09-14,61.75
2014-09-15,43.550000000000004
2014-09-16,40.300000000000004
2014-09-17,39.0
2014-09-18,39.65
2014-09-19,42.25
2014-09-20,57.85
2014-09-21,58.5
2014-09-22,42.9
2014-09-23,43.550000000000004
2014-09-24,40.95
2014-09-25,40.95
2014-09-26,42.25
2014-09-27,57.2
2014-09-28,59.800000000000004
2014-09-29,42.9
2014-09-30,41.6
2014-10-01,43.550000000000004
2014-10-02,44.2
2014-10-03,44.85
2014-10-04,64.35000000000001
2014-10-05,65.0
2014-10-06,44.85
2014-10-07,42.25
2014-10-08,40.95
2014-10-09,40.95
2014-10-10,43.550000000000004
2014-10-11,61.1
2014-10-12,60.45
2014-10-13,47.45
2014-10-14,41.6
2014-10-15,43.550000000000004
2014-10-16,43.550000000000004
2014-10-17,45.5
2014-10-18,61.1
2014-10-19,61.1
2014-10-20,42.25
2014-10-21,40.300000000000004
2014-10-22,39.65
2014-10-23,40.300000000000004
2014-10-24,42.9
2014-10-25,60.45
2014-10-26,59.800000000000004
2014-10-27,40.95
2014-10-28,40.95
2014-10-29,42.9
2014-10-30,39.0
2014-10-31,46.15
2014-11-01,66.5
2014-11-02,70.0
2014-11-03,41.3
2014-11-04,49.699999999999996
2014-11-05,36.4
2014-11-06,39.199999999999996
2014-11-07,42.0
2014-11-08,57.4
2014-11-09,60.9
2014-11-10,41.3
2014-11-11,43.4
2014-11-12,37.8
2014-11-13,37.8
2014-11-14,41.3
2014-11-15,57.4
2014-11-16,60.9
2014-11-17,40.599999999999994
2014-11-18,39.9
2014-11-19,37.099999999999994
2014-11-20,39.199999999999996
2014-11-21,40.599999999999994
2014-11-22,59.49999999999999
2014-11-23,61.599999999999994
2014-11-24,44.099999999999994
2014-11-25,42.0
2014-11-26,48.3
2014-11-27,56.699999999999996
2014-11-28,57.4
2014-11-29,65.8
2014-11-30,64.39999999999999
2014-12-01,44.660000000000004
2014-12-02,45.43
2014-12-03,40.81
2014-12-04,40.04
2014-12-05,42.35
2014-12-06,63.14
2014-12-07,63.14
2014-12-08,43.89
2014-12-09,40.81
2014-12-10,41.58
2014-12-11,41.58
2014-12-12,44.660000000000004
2014-12-13,62.370000000000005
2014-12-14,66.22
2014-12-15,46.2
2014-12-16,43.89
2014-12-17,45.43
2014-12-18,46.2
2014-12-19,51.59
2014-12-20,63.910000000000004
2014-12-21,66.99
2014-12-22,56.980000000000004
2014-12-23,56.21
2014-12-24,63.14
2014-12-25,77.0
2014-12-26,72.38
2014-12-27,76.23
2014-12-28,75.46000000000001
2014-12-29,65.45
2014-12-30,61.6
2014-12-31,66.22
2015-01-01,76.0
2015-01-02,64.6
2015-01-03,69.16
2015-01-04,66.88
2015-01-05,47.88
2015-01-06,42.56
2015-01-07,40.28
2015-01-08,41.04
2015-01-09,41.8
2015-01-10,57.76
2015-01-11,58.52
2015-01-12,42.56
2015-01-13,38.76
2015-01-14,38.0
2015-01-15,38.0
2015-01-16,40.28
2015-01-17,58.52
2015-01-18,57.76
2015-01-19,50.160000000000004
2015-01-20,38.76
2015-01-21,38.0
2015-01-22,38.0
2015-01-23,41.04
2015-01-24,58.52
2015-01-25,63.08
2015-01-26,44.08
2015-01-27,43.32
2015-01-28,38.0
2015-01-29,34.96
2015-01-30,37.24
2015-01-31,53.96
2015-02-01,61.599999999999994
2015-02-02,42.699999999999996
2015-02-03,49.699999999999996
2015-02-04,58.8
2015-02-05,39.9
2015-02-06,42.699999999999996
2015-02-07,61.599999999999994
2015-02-08,63.699999999999996
2015-02-09,41.3
2015-02-10,38.5
2015-02-11,38.5
2015-02-12,39.199999999999996
2015-02-13,44.8
2015-02-14,58.099999999999994
2015-02-15,70.0
2015-02-16,53.9
2015-02-17,46.9
2015-02-18,43.4
2015-02-19,41.3
2015-02-20,44.099999999999994
2015-02-21,62.3
2015-02-22,65.1
2015-02-23,44.099999999999994
2015-02-24,42.0
2015-02-25,43.4
2015-02-26,42.699999999999996
2015-02-27,46.199999999999996
2015-02-28,67.19999999999999
2015-03-01,66.0
2015-03-02,42.24
2015-03-03,38.940000000000005
2015-03-04,37.620000000000005
2015-03-05,42.24
2015-03-06,42.9
2015-03-07,58.080000000000005
2015-03-08,59.400000000000006
2015-03-09,40.92
2015-03-10,38.28
2015-03-11,36.96
2015-03-12,36.96
2015-03-13,40.260000000000005
2015-03-14,55.440000000000005
2015-03-15,56.760000000000005
2015-03-16,38.28
2015-03-17,36.300000000000004
2015-03-18,36.300000000000004
2015-03-19,36.96
2015-03-20,41.580000000000005
2015-03-21,55.440000000000005
2015-03-22,57.42
2015-03-23,38.940000000000005
2015-03-24,38.28
2015-03-25,44.88
2015-03-26,34.32
2015-03-27,41.580000000000005
2015-03-28,54.78
2015-03-29,53.46
2015-03-30,40.260000000000005
2015-03-31,38.940000000000005
2015-04-01,41.580000000000005
2015-04-02,44.88
2015-04-03,50.82
2015-04-04,58.080000000000005
2015-04-05,60.720000000000006
2015-04-06,46.2
2015-04-07,41.580000000000005
2015-04-08,40.92
2015-04-09,42.24
2015-04-10,51.480000000000004
2015-04-11,66.0
2015-04-12,66.0
2015-04-13,45.54
2015-04-14,40.92
2015-04-15,42.24
2015-04-16,43.56
2015-04-17,45.54
2015-04-18,58.74
2015-04-19,66.0
2015-04-20,42.9
2015-04-21,42.24
2015-04-22,42.24
2015-04-23,42.24
2015-04-24,44.88
2015-04-25,60.06
2015-04-26,62.040000000000006
2015-04-27,42.9
2015-04-28,40.260000000000005
2015-04-29,38.28
2015-04-30,38.940000000000005
2015-05-01,40.870000000000005
2015-05-02,55.61000000000001
2015-05-03,54.27
2015-05-04,39.53
2015-05-05,37.52
2015-05-06,36.85
2015-05-07,38.190000000000005
2015-05-08,43.550000000000004
2015-05-09,58.290000000000006
2015-05-10,60.970000000000006
2015-05-11,42.21
2015-05-12,40.870000000000005
2015-05-13,40.2
2015-05-14,40.2
2015-05-15,44.220000000000006
2015-05-16,58.290000000000006
2015-05-17,60.970000000000006
2015-05-18,42.88
2015-05-19,41.54
2015-05-20,41.54
2015-05-21,42.21
2015-05-22,48.910000000000004
2015-05-23,60.300000000000004
2015-05-24,64.32000000000001
2015-05-25,65.66000000000001
2015-05-26,46.230000000000004
2015-05-27,44.220000000000006
2015-05-28,42.88
2015-05-29,48.24
2015-05-30,59.63
2015-05-31,67.0
2015-06-01,53.2
2015-06-02,50.92
2015-06-03,47.88
2015-06-04,50.160000000000004
2015-06-05,52.44
2015-06-06,63.84
2015-06-07,66.12
2015-06-08,51.68
2015-06-09,51.68
2015-06-10,51.68
2015-06-11,53.96
2015-06-12,63.84
2015-06-13,74.48
2015-06-14,72.2
2015-06-15,60.04
2015-06-16,56.24
2015-06-17,54.72
2015-06-18,57.0
2015-06-19,56.24
2015-06-20,66.12
2015-06-21,71.44
2015-06-22,57.0
2015-06-23,53.96
2015-06-24,55.480000000000004
2015-06-25,55.480000000000004
2015-06-26,54.72
2015-06-27,69.16
2015-06-28,76.0
2015-06-29,54.72
2015-06-30,54.72
2015-07-01,55.5
2015-07-02,56.25
2015-07-03,63.75
2015-07-04,69.0
2015-07-05,70.5
2015-07-06,58.5
2015-07-07,55.5
2015-07-08,54.75
2015-07-09,54.0
2015-07-10,57.0
2015-07-11,68.25
2015-07-12,72.75
2015-07-13,57.0
2015-07-14,55.5
2015-07-15,54.0
2015-07-16,56.25
2015-07-17,57.0
2015-07-18,68.25
2015-07-19,75.0
2015-07-20,55.5
2015-07-21,54.0
2015-07-22,52.5
2015-07-23,53.25
2015-07-24,54.0
2015-07-25,66.75
2015-07-26,72.0
2015-07-27,57.0
2015-07-28,54.75
2015-07-29,53.25
2015-07-30,51.75
2015-07-31,55.5
2015-08-01,66.12
2015-08-02,70.68
2015-08-03,57.0
2015-08-04,53.2
2015-08-05,59.28
2015-08-06,53.2
2015-08-07,52.44
2015-08-08,66.12
2015-08-09,70.68
2015-08-10,57.0
2015-08-11,53.96
2015-08-12,53.2
2015-08-13,51.68
2015-08-14,51.68
2015-08-15,66.12
2015-08-16,71.44
2015-08-17,55.480000000000004
2015-08-18,53.2
2015-08-19,53.2
2015-08-20,53.2
2015-08-21,54.72
2015-08-22,69.16
2015-08-23,74.48
2015-08-24,54.72
2015-08-25,51.68
2015-08-26,50.160000000000004
2015-08-27,50.92
2015-08-28,54.72
2015-08-29,71.44
2015-08-30,76.0
2015-08-31,53.2
2015-09-01,51.12
2015-09-02,48.96
2015-09-03,47.519999999999996
2015-09-04,50.4
2015-09-05,64.8
2015-09-06,69.84
2015-09-07,72.0
2015-09-08,48.239999999999995
2015-09-09,46.08
2015-09-10,46.08
2015-09-11,47.519999999999996
2015-09-12,64.08
2015-09-13,64.8
2015-09-14,45.36
2015-09-15,43.199999999999996
2015-09-16,43.92
2015-09-17,42.48
2015-09-18,47.519999999999996
2015-09-19,68.39999999999999
2015-09-20,70.56
2015-09-21,47.519999999999996
2015-09-22,46.8
2015-09-23,46.8
2015-09-24,46.08
2015-09-25,50.4
2015-09-26,66.24
2015-09-27,69.12
2015-09-28,46.8
2015-09-29,49.68
2015-09-30,49.68
2015-10-01,47.519999999999996
2015-10-02,52.559999999999995
2015-10-03,72.0
2015-10-04,71.28
2015-10-05,46.8
2015-10-06,46.08
2015-10-07,45.36
2015-10-08,45.36
2015-10-09,49.68
2015-10-10,64.8
2015-10-11,65.52
2015-10-12,48.239999999999995
2015-10-13,43.199999999999996
2015-10-14,43.92
2015-10-15,59.04
2015-10-16,48.239999999999995
2015-10-17,61.199999999999996
2015-10-18,61.199999999999996
2015-10-19,44.64
2015-10-20,43.199999999999996
2015-10-21,43.92
2015-10-22,41.04
2015-10-23,46.08
2015-10-24,62.64
2015-10-25,64.08
2015-10-26,46.8
2015-10-27,42.48
2015-10-28,43.199999999999996
2015-10-29,43.92
2015-10-30,51.839999999999996
2015-10-31,64.08
2015-11-01,70.0
2015-11-02,45.5
2015-11-03,44.099999999999994
2015-11-04,42.0
2015-11-05,42.699999999999996
2015-11-06,45.5
2015-11-07,62.99999999999999
2015-11-08,62.99999999999999
2015-11-09,43.4
2015-11-10,42.0
2015-11-11,47.599999999999994
2015-11-12,40.599999999999994
2015-11-13,42.699999999999996
2015-11-14,55.3
2015-11-15,58.099999999999994
2015-11-16,45.5
2015-11-17,39.9
2015-11-18,38.5
2015-11-19,43.4
2015-11-20,46.9
2015-11-21,61.599999999999994
2015-11-22,63.699999999999996
2015-11-23,47.599999999999994
2015-11-24,46.9
2015-11-25,49.699999999999996
2015-11-26,56.0
2015-11-27,58.8
2015-11-28,63.699999999999996
2015-11-29,65.1
2015-11-30,42.699999999999996
2015-12-01,41.61
2015-12-02,40.879999999999995
2015-12-03,39.42
2015-12-04,42.339999999999996
2015-12-05,57.67
2015-12-06,58.4
2015-12-07,43.07
2015-12-08,39.42
2015-12-09,38.69
2015-12-10,39.42
2015-12-11,45.26
2015-12-12,59.86
2015-12-13,60.589999999999996
2015-12-14,42.339999999999996
2015-12-15,41.61
2015-12-16,43.07
2015-12-17,48.18
2015-12-18,51.83
2015-12-19,60.589999999999996
2015-12-20,61.32
2015-12-21,51.1
2015-12-22,52.56
2015-12-23,54.75
2015-12-24,59.86
2015-12-25,70.08
2015-12-26,73.0
2015-12-27,73.0
2015-12-28,64.97
2015-12-29,62.05
2015-12-30,61.32
2015-12-31,62.05
2016-01-01,65.52
2016-01-02,72.0
2016-01-03,69.12
2016-01-04,51.839999999999996
2016-01-05,48.239999999999995
2016-01-06,48.239999999999995
2016-01-07,47.519999999999996
2016-01-08,48.239999999999995
2016-01-09,62.64
2016-01-10,58.32
2016-01-11,46.08
2016-01-12,41.76
2016-01-13,43.92
2016-01-14,41.04
2016-01-15,46.08
2016-01-16,59.04
2016-01-17,62.64
2016-01-18,58.32
2016-01-19,45.36
2016-01-20,43.199999999999996
2016-01-21,43.199999999999996
2016-01-22,46.8
2016-01-23,66.96
2016-01-24,64.08
2016-01-25,45.36
2016-01-26,41.76
2016-01-27,40.32
2016-01-28,39.6
2016-01-29,40.32
2016-01-30,56.16
2016-01-31,59.76
2016-02-01,43.8
2016-02-02,39.6
2016-02-03,38.4
2016-02-04,36.0
2016-02-05,39.0
2016-02-06,52.8
2016-02-07,52.8
2016-02-08,35.4
2016-02-09,37.199999999999996
2016-02-10,36.0
2016-02-11,36.0
2016-02-12,40.199999999999996
2016-02-13,53.4
2016-02-14,57.599999999999994
2016-02-15,51.0
2016-02-16,40.199999999999996
2016-02-17,37.8
2016-02-18,34.8
2016-02-19,37.8
2016-02-20,53.4
2016-02-21,55.8
2016-02-22,40.8
2016-02-23,38.4
2016-02-24,37.8
2016-02-25,38.4
2016-02-26,46.199999999999996
2016-02-27,60.0
2016-02-28,58.8
2016-02-29,41.4
2016-03-01,39.0
2016-03-02,40.199999999999996
2016-03-03,40.199999999999996
2016-03-04,43.8
2016-03-05,57.599999999999994
2016-03-06,58.8
2016-03-07,43.199999999999996
2016-03-08,38.4
2016-03-09,40.8
2016-03-10,38.4
2016-03-11,40.8
2016-03-12,53.4
2016-03-13,58.8
2016-03-14,43.199999999999996
2016-03-15,39.0
2016-03-16,37.199999999999996
2016-03-17,37.199999999999996
2016-03-18,44.4
2016-03-19,56.4
2016-03-20,60.0
2016-03-21,44.4
2016-03-22,40.8
2016-03-23,41.4
2016-03-24,42.0
2016-03-25,46.8
2016-03-26,54.6
2016-03-27,57.0
2016-03-28,46.199999999999996
2016-03-29,41.4
2016-03-30,40.8
2016-03-31,40.199999999999996
2016-04-01,42.18
2016-04-02,56.99999999999999
2016-04-03,54.72
2016-04-04,35.339999999999996
2016-04-05,34.769999999999996
2016-04-06,32.489999999999995
2016-04-07,32.489999999999995
2016-04-08,37.05
2016-04-09,46.739999999999995
2016-04-10,50.16
2016-04-11,35.91
2016-04-12,33.059999999999995
2016-04-13,32.489999999999995
2016-04-14,33.059999999999995
2016-04-15,33.059999999999995
2016-04-16,42.18
2016-04-17,44.459999999999994
2016-04-18,33.629999999999995
2016-04-19,32.489999999999995
2016-04-20,30.779999999999998
2016-04-21,29.069999999999997
2016-04-22,31.349999999999998
2016-04-23,41.04
2016-04-24,42.74999999999999
2016-04-25,30.779999999999998
2016-04-26,30.779999999999998
2016-04-27,30.209999999999997
2016-04-28,29.639999999999997
2016-04-29,31.349999999999998
2016-04-30,42.18
2016-05-01,53.900000000000006
2016-05-02,37.400000000000006
2016-05-03,34.650000000000006
2016-05-04,34.650000000000006
2016-05-05,35.75
2016-05-06,37.400000000000006
2016-05-07,45.650000000000006
2016-05-08,49.50000000000001
2016-05-09,36.85
2016-05-10,36.300000000000004
2016-05-11,36.300000000000004
2016-05-12,36.85
2016-05-13,38.5
2016-05-14,50.6
2016-05-15,53.900000000000006
2016-05-16,40.150000000000006
2016-05-17,36.85
2016-05-18,36.300000000000004
2016-05-19,37.400000000000006
2016-05-20,40.150000000000006
2016-05-21,48.95
2016-05-22,52.25000000000001
2016-05-23,39.050000000000004
2016-05-24,39.6
2016-05-25,39.050000000000004
2016-05-26,40.150000000000006
2016-05-27,43.45
2016-05-28,48.95
2016-05-29,54.45
2016-05-30,55.00000000000001
2016-05-31,42.35
2016-06-01,46.8
2016-06-02,46.199999999999996
2016-06-03,46.199999999999996
2016-06-04,56.4
2016-06-05,60.0
2016-06-06,45.0
2016-06-07,43.199999999999996
2016-06-08,42.6
2016-06-09,43.199999999999996
2016-06-10,45.6
2016-06-11,52.199999999999996
2016-06-12,57.599999999999994
2016-06-13,44.4
2016-06-14,43.199999999999996
2016-06-15,45.0
2016-06-16,45.6
2016-06-17,50.4
2016-06-18,58.199999999999996
2016-06-19,58.8
2016-06-20,51.0
2016-06-21,48.0
2016-06-22,47.4
2016-06-23,46.199999999999996
2016-06-24,44.4
2016-06-25,52.8
2016-06-26,58.199999999999996
2016-06-27,45.6
2016-06-28,46.199999999999996
2016-06-29,47.4
2016-06-30,47.4
2016-07-01,42.6
2016-07-02,48.6
2016-07-03,49.8
2016-07-04,48.0
2016-07-05,39.6
2016-07-06,40.199999999999996
2016-07-07,37.199999999999996
2016-07-08,36.6
2016-07-09,43.199999999999996
2016-07-10,46.199999999999996
2016-07-11,39.6
2016-07-12,39.6
2016-07-13,37.199999999999996
2016-07-14,35.4
2016-07-15,36.0
2016-07-16,42.0
2016-07-17,47.4
2016-07-18,39.6
2016-07-19,39.0
2016-07-20,36.0
2016-07-21,35.4
2016-07-22,36.6
2016-07-23,42.6
2016-07-24,48.0
2016-07-25,38.4
2016-07-26,36.6
2016-07-27,36.0
2016-07-28,36.0
2016-07-29,36.6
2016-07-30,47.4
2016-07-31,60.0
2016-08-01,45.1
2016-08-02,41.800000000000004
2016-08-03,42.35
2016-08-04,38.5
2016-08-05,39.6
2016-08-06,43.45
2016-08-07,47.300000000000004
2016-08-08,37.400000000000006
2016-08-09,36.85
2016-08-10,34.650000000000006
2016-08-11,35.2
2016-08-12,37.400000000000006
2016-08-13,46.2
2016-08-14,49.50000000000001
2016-08-15,40.7
2016-08-16,37.95
2016-08-17,37.95
2016-08-18,37.400000000000006
2016-08-19,37.400000000000006
2016-08-20,47.300000000000004
2016-08-21,50.050000000000004
2016-08-22,40.150000000000006
2016-08-23,39.6
2016-08-24,37.95
2016-08-25,37.95
2016-08-26,41.25
2016-08-27,51.7
2016-08-28,55.00000000000001
2016-08-29,40.150000000000006
2016-08-30,39.050000000000004
2016-08-31,39.050000000000004
2016-09-01,41.76
2016-09-02,45.239999999999995
2016-09-03,52.199999999999996
2016-09-04,55.67999999999999
2016-09-05,57.99999999999999
2016-09-06,41.76
2016-09-07,38.279999999999994
2016-09-08,37.12
2016-09-09,39.44
2016-09-10,50.459999999999994
2016-09-11,49.879999999999995
2016-09-12,38.279999999999994
2016-09-13,37.12
2016-09-14,38.279999999999994
2016-09-15,37.699999999999996
2016-09-16,38.86
2016-09-17,49.879999999999995
2016-09-18,51.62
2016-09-19,40.599999999999994
2016-09-20,37.12
2016-09-21,35.96
2016-09-22,36.54
2016-09-23,40.599999999999994
2016-09-24,52.199999999999996
2016-09-25,52.779999999999994
2016-09-26,38.279999999999994
2016-09-27,34.22
2016-09-28,36.54
2016-09-29,37.12
2016-09-30,44.08
2016-10-01,59.0
2016-10-02,45.43
2016-10-03,35.4
2016-10-04,31.27
2016-10-05,30.09
2016-10-06,29.5
2016-10-07,31.27
2016-10-08,38.35
2016-10-09,39.53
2016-10-10,30.09
2016-10-11,28.32
2016-10-12,29.5
2016-10-13,29.5
2016-10-14,30.68
2016-10-15,38.94
2016-10-16,39.53
2016-10-17,30.68
2016-10-18,29.5
2016-10-19,28.91
2016-10-20,27.139999999999997
2016-10-21,36.58
2016-10-22,40.12
2016-10-23,40.71
2016-10-24,30.68
2016-10-25,28.32
2016-10-26,27.729999999999997
2016-10-27,27.729999999999997
2016-10-28,30.68
2016-10-29,37.169999999999995
2016-10-30,40.12
2016-10-31,30.09
2016-11-01,37.699999999999996
2016-11-02,34.22
2016-11-03,30.74
2016-11-04,38.279999999999994
2016-11-05,50.459999999999994
2016-11-06,48.72
2016-11-07,36.54
2016-11-08,31.9
2016-11-09,23.2
2016-11-10,32.48
2016-11-11,38.279999999999994
2016-11-12,49.3
2016-11-13,49.879999999999995
2016-11-14,35.379999999999995
2016-11-15,33.64
2016-11-16,34.8
2016-11-17,34.8
2016-11-18,36.54
2016-11-19,48.13999999999999
2016-11-20,49.879999999999995
2016-11-21,40.019999999999996
2016-11-22,39.44
2016-11-23,42.919999999999995
2016-11-24,46.98
2016-11-25,57.419999999999995
2016-11-26,57.99999999999999
2016-11-27,56.26
2016-11-28,37.12
2016-11-29,35.379999999999995
2016-11-30,39.44
2016-12-01,42.88
2016-12-02,42.88
2016-12-03,52.480000000000004
2016-12-04,53.120000000000005
2016-12-05,39.68
2016-12-06,37.76
2016-12-07,36.480000000000004
2016-12-08,36.480000000000004
2016-12-09,38.4
2016-12-10,48.64
2016-12-11,55.04
2016-12-12,41.6
2016-12-13,39.04
2016-12-14,39.04
2016-12-15,40.96
2016-12-16,46.08
2016-12-17,56.96
2016-12-18,56.96
2016-12-19,48.0
2016-12-20,45.44
2016-12-21,47.36
2016-12-22,48.0
2016-12-23,50.56
2016-12-24,53.76
2016-12-25,62.08
2016-12-26,64.0
2016-12-27,56.96
2016-12-28,55.04
2016-12-29,53.76
2016-12-30,51.84
2016-12-31,55.68
2017-01-01,61.38
2017-01-02,64.68
2017-01-03,50.82
2017-01-04,44.22
2017-01-05,44.22
2017-01-06,46.2
2017-01-07,64.02
2017-01-08,62.040000000000006
2017-01-09,47.52
2017-01-10,38.940000000000005
2017-01-11,38.940000000000005
2017-01-12,39.6
2017-01-13,47.52
2017-01-14,66.0
2017-01-15,64.02
2017-01-16,55.440000000000005
2017-01-17,43.56
2017-01-18,40.92
2017-01-19,40.260000000000005
2017-01-20,41.580000000000005
2017-01-21,52.800000000000004
2017-01-22,56.760000000000005
2017-01-23,41.580000000000005
2017-01-24,39.6
2017-01-25,38.28
2017-01-26,37.620000000000005
2017-01-27,39.6
2017-01-28,52.800000000000004
2017-01-29,56.760000000000005
2017-01-30,39.6
2017-01-31,36.96
2017-02-01,37.05
2017-02-02,39.9
2017-02-03,41.04
2017-02-04,55.28999999999999
2017-02-05,53.01
2017-02-06,35.339999999999996
2017-02-07,39.33
2017-02-08,39.33
2017-02-09,42.18
2017-02-10,42.74999999999999
2017-02-11,53.58
2017-02-12,56.99999999999999
2017-02-13,39.9
2017-02-14,36.48
2017-02-15,37.05
2017-02-16,35.339999999999996
2017-02-17,38.19
2017-02-18,49.589999999999996
2017-02-19,53.01
2017-02-20,45.029999999999994
2017-02-21,37.05
2017-02-22,35.339999999999996
2017-02-23,34.769999999999996
2017-02-24,37.05
2017-02-25,48.449999999999996
2017-02-26,51.87
2017-02-27,50.16
2017-02-28,36.48
2017-03-01,34.769999999999996
2017-03-02,35.339999999999996
2017-03-03,35.91
2017-03-04,47.879999999999995
2017-03-05,52.44
2017-03-06,35.91
2017-03-07,32.489999999999995
2017-03-08,32.489999999999995
2017-03-09,31.919999999999998
2017-03-10,35.91
2017-03-11,46.739999999999995
2017-03-12,50.73
2017-03-13,37.62
2017-03-14,41.04
2017-03-15,38.19
2017-03-16,35.339999999999996
2017-03-17,38.76
2017-03-18,49.589999999999996
2017-03-19,51.87
2017-03-20,39.33
2017-03-21,39.9
2017-03-22,42.18
2017-03-23,43.31999999999999
2017-03-24,42.74999999999999
2017-03-25,52.44
2017-03-26,56.99999999999999
2017-03-27,42.74999999999999
2017-03-28,37.62
2017-03-29,38.19
2017-03-30,38.76
2017-03-31,45.029999999999994
2017-04-01,58.8
2017-04-02,60.0
2017-04-03,42.0
2017-04-04,40.199999999999996
2017-04-05,39.6
2017-04-06,40.8
2017-04-07,41.4
2017-04-08,51.6
2017-04-09,52.8
2017-04-10,40.8
2017-04-11,38.4
2017-04-12,40.199999999999996
2017-04-13,38.4
2017-04-14,43.199999999999996
2017-04-15,47.4
2017-04-16,49.8
2017-04-17,40.8
2017-04-18,38.4
2017-04-19,38.4
2017-04-20,37.199999999999996
2017-04-21,39.6
2017-04-22,51.6
2017-04-23,52.199999999999996
2017-04-24,39.6
2017-04-25,37.199999999999996
2017-04-26,36.6
2017-04-27,36.6
2017-04-28,36.6
2017-04-29,49.199999999999996
2017-04-30,54.6
2017-05-01,40.88
2017-05-02,37.52
2017-05-03,36.96
2017-05-04,35.84
2017-05-05,38.64
2017-05-06,45.92
2017-05-07,49.84
2017-05-08,38.080000000000005
2017-05-09,35.28
2017-05-10,34.160000000000004
2017-05-11,36.400000000000006
2017-05-12,38.64
2017-05-13,48.160000000000004
2017-05-14,48.720000000000006
2017-05-15,38.080000000000005
2017-05-16,35.84
2017-05-17,35.28
2017-05-18,34.720000000000006
2017-05-19,39.760000000000005
2017-05-20,47.040000000000006
2017-05-21,48.720000000000006
2017-05-22,38.080000000000005
2017-05-23,36.400000000000006
2017-05-24,37.52
2017-05-25,40.88
2017-05-26,42.56
2017-05-27,47.040000000000006
2017-05-28,50.96000000000001
2017-05-29,56.00000000000001
2017-05-30,44.800000000000004
2017-05-31,40.88
2017-06-01,42.339999999999996
2017-06-02,44.08
2017-06-03,50.459999999999994
2017-06-04,53.94
2017-06-05,42.339999999999996
2017-06-06,41.76
2017-06-07,40.019999999999996
2017-06-08,38.86
2017-06-09,43.5
2017-06-10,47.559999999999995
2017-06-11,53.94
2017-06-12,42.339999999999996
2017-06-13,39.44
2017-06-14,40.599999999999994
2017-06-15,42.919999999999995
2017-06-16,43.5
2017-06-17,51.62
2017-06-18,51.62
2017-06-19,45.239999999999995
2017-06-20,45.239999999999995
2017-06-21,43.5
2017-06-22,42.339999999999996
2017-06-23,45.239999999999995
2017-06-24,52.199999999999996
2017-06-25,57.99999999999999
2017-06-26,45.82
2017-06-27,42.919999999999995
2017-06-28,44.66
2017-06-29,46.4
2017-06-30,45.82
2017-07-01,57.04
2017-07-02,58.9
2017-07-03,52.7
2017-07-04,58.28
2017-07-05,47.12
2017-07-06,47.74
2017-07-07,49.6
2017-07-08,57.04
2017-07-09,60.14
2017-07-10,47.74
2017-07-11,47.12
2017-07-12,43.4
2017-07-13,44.64
2017-07-14,45.26
2017-07-15,55.18
2017-07-16,58.28
2017-07-17,48.36
2017-07-18,47.74
2017-07-19,44.64
2017-07-20,43.4
2017-07-21,47.12
2017-07-22,58.28
2017-07-23,62.0
2017-07-24,49.6
2017-07-25,47.12
2017-07-26,46.5
2017-07-27,44.64
2017-07-28,48.36
2017-07-29,55.18
2017-07-30,59.519999999999996
2017-07-31,47.74
2017-08-01,46.4
2017-08-02,44.66
2017-08-03,42.919999999999995
2017-08-04,44.08
2017-08-05,51.62
2017-08-06,55.099999999999994
2017-08-07,42.919999999999995
2017-08-08,43.5
2017-08-09,43.5
2017-08-10,42.339999999999996
2017-08-11,40.599999999999994
2017-08-12,51.04
2017-08-13,54.519999999999996
2017-08-14,41.76
2017-08-15,41.18
2017-08-16,39.44
2017-08-17,39.44
2017-08-18,44.08
2017-08-19,52.199999999999996
2017-08-20,53.94
2017-08-21,37.699999999999996
2017-08-22,41.18
2017-08-23,38.86
2017-08-24,39.44
2017-08-25,45.239999999999995
2017-08-26,57.99999999999999
2017-08-27,55.099999999999994
2017-08-28,42.919999999999995
2017-08-29,40.599999999999994
2017-08-30,41.18
2017-08-31,40.019999999999996
2017-09-01,41.440000000000005
2017-09-02,52.64000000000001
2017-09-03,56.00000000000001
2017-09-04,54.32000000000001
2017-09-05,38.080000000000005
2017-09-06,35.28
2017-09-07,36.400000000000006
2017-09-08,34.720000000000006
2017-09-09,45.36000000000001
2017-09-10,46.480000000000004
2017-09-11,36.400000000000006
2017-09-12,35.28
2017-09-13,35.28
2017-09-14,34.720000000000006
2017-09-15,36.96
2017-09-16,46.480000000000004
2017-09-17,47.6
2017-09-18,39.2
2017-09-19,36.400000000000006
2017-09-20,36.96
2017-09-21,37.52
2017-09-22,39.760000000000005
2017-09-23,49.84
2017-09-24,50.96000000000001
2017-09-25,40.32000000000001
2017-09-26,35.28
2017-09-27,36.400000000000006
2017-09-28,34.720000000000006
2017-09-29,36.96
2017-09-30,51.52
2017-10-01,59.0
2017-10-02,38.94
2017-10-03,37.169999999999995
2017-10-04,36.58
2017-10-05,41.3
2017-10-06,43.66
2017-10-07,50.739999999999995
2017-10-08,56.05
2017-10-09,44.25
2017-10-10,37.76
2017-10-11,40.12
2017-10-12,42.48
2017-10-13,44.25
2017-10-14,55.459999999999994
2017-10-15,56.05
2017-10-16,43.66
2017-10-17,39.53
2017-10-18,38.35
2017-10-19,37.76
2017-10-20,41.3
2017-10-21,51.919999999999995
2017-10-22,56.05
2017-10-23,43.66
2017-10-24,41.3
2017-10-25,38.35
2017-10-26,38.35
2017-10-27,47.79
2017-10-28,55.459999999999994
2017-10-29,57.82
2017-10-30,46.61
2017-10-31,43.66
2017-11-01,39.0
2017-11-02,35.4
2017-11-03,40.199999999999996
2017-11-04,52.199999999999996
2017-11-05,53.4
2017-11-06,38.4
2017-11-07,37.199999999999996
2017-11-08,36.6
2017-11-09,37.199999999999996
2017-11-10,41.4
2017-11-11,51.0
2017-11-12,54.0
2017-11-13,40.199999999999996
2017-11-14,35.4
2017-11-15,34.8
2017-11-16,36.0
2017-11-17,41.4
2017-11-18,54.6
2017-11-19,55.8
2017-11-20,43.8
2017-11-21,43.199999999999996
2017-11-22,46.8
2017-11-23,51.6
2017-11-24,51.6
2017-11-25,57.0
2017-11-26,60.0
2017-11-27,39.6
2017-11-28,36.6
2017-11-29,36.6
2017-11-30,36.0
2017-12-01,40.599999999999994
2017-12-02,54.599999999999994
2017-12-03,58.8
2017-12-04,43.4
2017-12-05,41.3
2017-12-06,42.0
2017-12-07,42.0
2017-12-08,42.699999999999996
2017-12-09,58.099999999999994
2017-12-10,58.8
2017-12-11,42.0
2017-12-12,39.9
2017-12-13,39.199999999999996
2017-12-14,42.0
2017-12-15,44.8
2017-12-16,55.3
2017-12-17,57.4
2017-12-18,47.599999999999994
2017-12-19,45.5
2017-12-20,46.9
2017-12-21,50.4
2017-12-22,57.4
2017-12-23,62.3
2017-12-24,62.3
2017-12-25,70.0
2017-12-26,67.19999999999999
2017-12-27,62.3
2017-12-28,60.199999999999996
2017-12-29,60.9
2017-12-30,66.5
2017-12-31,67.89999999999999
2018-01-01,70.0
2018-01-02,60.9
2018-01-03,52.5
2018-01-04,53.9
2018-01-05,54.599999999999994
2018-01-06,67.19999999999999
2018-01-07,65.8
2018-01-08,52.5
2018-01-09,41.3
2018-01-10,42.0
2018-01-11,42.699999999999996
2018-01-12,47.599999999999994
2018-01-13,60.9
2018-01-14,62.99999999999999
2018-01-15,56.699999999999996
2018-01-16,47.599999999999994
2018-01-17,47.599999999999994
2018-01-18,44.099999999999994
2018-01-19,45.5
2018-01-20,57.4
2018-01-21,60.9
2018-01-22,46.9
2018-01-23,46.199999999999996
2018-01-24,43.4
2018-01-25,43.4
2018-01-26,46.199999999999996
2018-01-27,59.49999999999999
2018-01-28,64.39999999999999
2018-01-29,45.5
2018-01-30,42.699999999999996
2018-01-31,38.5
2018-02-01,40.87
2018-02-02,42.699999999999996
2018-02-03,55.51
2018-02-04,56.12
2018-02-05,39.65
2018-02-06,39.04
2018-02-07,39.65
2018-02-08,37.82
2018-02-09,40.26
2018-02-10,53.07
2018-02-11,61.0
2018-02-12,40.87
2018-02-13,36.6
2018-02-14,35.99
2018-02-15,37.82
2018-02-16,39.65
2018-02-17,50.019999999999996
2018-02-18,57.949999999999996
2018-02-19,46.97
2018-02-20,39.04
2018-02-21,37.21
2018-02-22,37.82
2018-02-23,39.65
2018-02-24,55.51
2018-02-25,59.17
2018-02-26,42.089999999999996
2018-02-27,38.43
2018-02-28,37.82
2018-03-01,41.58
2018-03-02,45.36
2018-03-03,58.59
2018-03-04,63.0
2018-03-05,46.62
2018-03-06,42.21
2018-03-07,45.99
2018-03-08,45.99
2018-03-09,47.88
2018-03-10,58.59
2018-03-11,63.0
2018-03-12,47.25
2018-03-13,44.73
2018-03-14,41.58
2018-03-15,40.95
2018-03-16,42.84
2018-03-17,54.18
2018-03-18,56.7
2018-03-19,43.47
2018-03-20,41.58
2018-03-21,46.62
2018-03-22,42.84
2018-03-23,44.73
2018-03-24,57.96
2018-03-25,61.11
2018-03-26,45.99
2018-03-27,44.1
2018-03-28,41.58
2018-03-29,45.36
2018-03-30,50.4
2018-03-31,60.480000000000004
2018-04-01,61.0
2018-04-02,48.19
2018-04-03,39.65
2018-04-04,39.65
2018-04-05,38.43
2018-04-06,42.089999999999996
2018-04-07,54.29
2018-04-08,56.12
2018-04-09,40.87
2018-04-10,35.99
2018-04-11,34.16
2018-04-12,34.16
2018-04-13,39.65
2018-04-14,51.85
2018-04-15,58.56
2018-04-16,41.48
2018-04-17,38.43
2018-04-18,36.6
2018-04-19,35.99
2018-04-20,38.43
2018-04-21,49.41
2018-04-22,53.68
2018-04-23,38.43
2018-04-24,37.21
2018-04-25,35.38
2018-04-26,34.769999999999996
2018-04-27,36.6
2018-04-28,47.58
2018-04-29,52.46
2018-04-30,38.43
2018-05-01,37.21
2018-05-02,37.21
2018-05-03,37.21
2018-05-04,39.04
2018-05-05,47.58
2018-05-06,52.46
2018-05-07,37.82
2018-05-08,35.38
2018-05-09,35.38
2018-05-10,37.21
2018-05-11,40.26
2018-05-12,52.46
2018-05-13,56.73
2018-05-14,42.089999999999996
2018-05-15,39.65
2018-05-16,40.26
2018-05-17,40.87
2018-05-18,46.97
2018-05-19,53.68
2018-05-20,59.78
2018-05-21,47.58
2018-05-22,46.97
2018-05-23,45.75
2018-05-24,47.58
2018-05-25,45.75
2018-05-26,52.46
2018-05-27,59.17
2018-05-28,61.0
2018-05-29,45.75
2018-05-30,43.92
2018-05-31,44.53
2018-06-01,46.72
2018-06-02,56.96
2018-06-03,60.800000000000004
2018-06-04,46.08
2018-06-05,45.44
2018-06-06,44.160000000000004
2018-06-07,41.6
2018-06-08,44.160000000000004
2018-06-09,51.84
2018-06-10,61.44
2018-06-11,64.0
2018-06-12,45.44
2018-06-13,46.08
2018-06-14,46.08
2018-06-15,48.64
2018-06-16,53.76
2018-06-17,56.96
2018-06-18,49.28
2018-06-19,45.44
2018-06-20,44.800000000000004
2018-06-21,45.44
2018-06-22,46.08
2018-06-23,55.68
2018-06-24,60.160000000000004
2018-06-25,48.0
2018-06-26,45.44
2018-06-27,44.160000000000004
2018-06-28,44.800000000000004
2018-06-29,46.72
2018-06-30,53.120000000000005
2018-07-01,59.22
2018-07-02,47.25
2018-07-03,44.73
2018-07-04,53.55
2018-07-05,45.99
2018-07-06,45.99
2018-07-07,51.660000000000004
2018-07-08,56.07
2018-07-09,45.99
2018-07-10,41.58
2018-07-11,40.32
2018-07-12,42.21
2018-07-13,42.84
2018-07-14,49.14
2018-07-15,53.55
2018-07-16,49.77
2018-07-17,48.51
2018-07-18,41.58
2018-07-19,41.58
2018-07-20,43.47
2018-07-21,52.92
2018-07-22,59.22
2018-07-23,44.73
2018-07-24,43.47
2018-07-25,44.73
2018-07-26,46.62
2018-07-27,48.51
2018-07-28,57.96
2018-07-29,63.0
2018-07-30,51.03
2018-07-31,46.62
2018-08-01,48.19
2018-08-02,45.14
2018-08-03,45.75
2018-08-04,51.85
2018-08-05,58.56
2018-08-06,45.14
2018-08-07,42.089999999999996
2018-08-08,43.92
2018-08-09,40.26
2018-08-10,42.699999999999996
2018-08-11,54.29
2018-08-12,56.73
2018-08-13,46.97
2018-08-14,44.53
2018-08-15,43.31
2018-08-16,43.92
2018-08-17,45.14
2018-08-18,58.56
2018-08-19,61.0
2018-08-20,48.19
2018-08-21,43.92
2018-08-22,42.699999999999996
2018-08-23,43.31
2018-08-24,44.53
2018-08-25,56.73
2018-08-26,61.0
2018-08-27,45.75
2018-08-28,43.92
2018-08-29,40.26
2018-08-30,42.089999999999996
2018-08-31,43.92
2018-09-01,51.6
2018-09-02,58.199999999999996
2018-09-03,60.0
2018-09-04,43.8
2018-09-05,40.8
2018-09-06,39.0
2018-09-07,39.6
2018-09-08,54.6
2018-09-09,54.0
2018-09-10,42.6
2018-09-11,37.8
2018-09-12,38.4
2018-09-13,39.0
2018-09-14,40.8
2018-09-15,50.4
2018-09-16,51.0
2018-09-17,40.8
2018-09-18,40.199999999999996
2018-09-19,40.8
2018-09-20,38.4
2018-09-21,43.199999999999996
2018-09-22,57.599999999999994
2018-09-23,58.8
2018-09-24,43.8
2018-09-25,40.199999999999996
2018-09-26,39.6
2018-09-27,36.0
2018-09-28,38.4
2018-09-29,48.0
2018-09-30,51.6
2018-10-01,41.48
2018-10-02,38.43
2018-10-03,39.04
2018-10-04,38.43
2018-10-05,40.87
2018-10-06,50.019999999999996
2018-10-07,53.07
2018-10-08,42.699999999999996
2018-10-09,37.82
2018-10-10,39.65
2018-10-11,41.48
2018-10-12,43.92
2018-10-13,56.73
2018-10-14,58.56
2018-10-15,43.92
2018-10-16,45.14
2018-10-17,41.48
2018-10-18,39.65
2018-10-19,44.53
2018-10-20,54.9
2018-10-21,58.56
2018-10-22,46.36
2018-10-23,40.87
2018-10-24,39.04
2018-10-25,42.089999999999996
2018-10-26,48.19
2018-10-27,58.56
2018-10-28,61.0
2018-10-29,47.58
2018-10-30,43.31
2018-10-31,47.58
2018-11-01,49.199999999999996
2018-11-02,50.4
2018-11-03,57.599999999999994
2018-11-04,57.0
2018-11-05,41.4
2018-11-06,37.199999999999996
2018-11-07,32.4
2018-11-08,37.8
2018-11-09,43.199999999999996
2018-11-10,54.6
2018-11-11,57.0
2018-11-12,46.199999999999996
2018-11-13,40.199999999999996
2018-11-14,39.0
2018-11-15,38.4
2018-11-16,42.0
2018-11-17,53.4
2018-11-18,57.0
2018-11-19,45.0
2018-11-20,42.6
2018-11-21,47.4
2018-11-22,53.4
2018-11-23,54.6
2018-11-24,57.0
2018-11-25,60.0
2018-11-26,42.0
2018-11-27,39.0
2018-11-28,39.6
2018-11-29,38.4
2018-11-30,42.0
2018-12-01,42.400000000000006
2018-12-02,45.6
2018-12-03,38.400000000000006
2018-12-04,32.800000000000004
2018-12-05,31.200000000000003
2018-12-06,30.400000000000002
2018-12-07,33.6
2018-12-08,43.2
2018-12-09,45.6
2018-12-10,36.0
2018-12-11,31.200000000000003
2018-12-12,32.0
2018-12-13,32.0
2018-12-14,34.4
2018-12-15,43.2
2018-12-16,45.6
2018-12-17,35.2
2018-12-18,34.4
2018-12-19,36.0
2018-12-20,40.0
2018-12-21,42.400000000000006
2018-12-22,50.400000000000006
2018-12-23,56.800000000000004
2018-12-24,63.2
2018-12-25,73.60000000000001
2018-12-26,71.2
2018-12-27,72.0
2018-12-28,73.60000000000001
2018-12-29,80.0
2018-12-30,73.60000000000001
2018-12-31,65.60000000000001
2019-01-01,87.0
2019-01-02,75.69
2019-01-03,66.12
2019-01-04,60.9
2019-01-05,72.21
2019-01-06,73.95
2019-01-07,60.9
2019-01-08,47.85
2019-01-09,49.589999999999996
2019-01-10,51.33
2019-01-11,56.55
2019-01-12,74.82
2019-01-13,76.56
2019-01-14,59.16
2019-01-15,59.16
2019-01-16,58.29
2019-01-17,52.2
2019-01-18,55.68
2019-01-19,78.3
2019-01-20,80.04
2019-01-21,65.25
2019-01-22,53.07
2019-01-23,49.589999999999996
2019-01-24,49.589999999999996
2019-01-25,52.2
2019-01-26,72.21
2019-01-27,79.17
2019-01-28,55.68
2019-01-29,48.72
2019-01-30,53.07
2019-01-31,49.589999999999996
2019-02-01,48.84
2019-02-02,62.7
2019-02-03,65.34
2019-02-04,42.24
2019-02-05,41.580000000000005
2019-02-06,40.260000000000005
2019-02-07,40.92
2019-02-08,43.56
2019-02-09,60.720000000000006
2019-02-10,66.0
2019-02-11,44.88
2019-02-12,41.580000000000005
2019-02-13,39.6
2019-02-14,39.6
2019-02-15,46.2
2019-02-16,56.760000000000005
2019-02-17,64.68
2019-02-18,53.46
2019-02-19,42.9
2019-02-20,42.9
2019-02-21,42.24
2019-02-22,43.56
2019-02-23,55.440000000000005
2019-02-24,62.040000000000006
2019-02-25,44.88
2019-02-26,38.28
2019-02-27,36.300000000000004
2019-02-28,36.96
2019-03-01,41.58
2019-03-02,55.44
2019-03-03,61.74
2019-03-04,45.36
2019-03-05,38.43
2019-03-06,36.54
2019-03-07,37.8
2019-03-08,43.47
2019-03-09,57.33
2019-03-10,63.0
2019-03-11,44.1
2019-03-12,39.06
2019-03-13,39.06
2019-03-14,38.43
2019-03-15,40.32
2019-03-16,51.660000000000004
2019-03-17,57.33
2019-03-18,40.32
2019-03-19,38.43
2019-03-20,39.06
2019-03-21,38.43
2019-03-22,43.47
2019-03-23,54.18
2019-03-24,56.7
2019-03-25,43.47
2019-03-26,39.69
2019-03-27,37.8
2019-03-28,35.910000000000004
2019-03-29,44.1
2019-03-30,52.92
2019-03-31,59.22
2019-04-01,46.019999999999996
2019-04-02,43.07
2019-04-03,41.3
2019-04-04,41.3
2019-04-05,45.43
2019-04-06,53.69
2019-04-07,57.82
2019-04-08,43.07
2019-04-09,37.76
2019-04-10,39.53
2019-04-11,40.71
2019-04-12,47.199999999999996
2019-04-13,54.279999999999994
2019-04-14,57.82
2019-04-15,41.89
2019-04-16,40.12
2019-04-17,44.25
2019-04-18,43.07
2019-04-19,46.019999999999996
2019-04-20,56.05
2019-04-21,56.64
2019-04-22,42.48
2019-04-23,38.94
2019-04-24,39.53
2019-04-25,42.48
2019-04-26,44.25
2019-04-27,54.87
2019-04-28,59.0
2019-04-29,41.3
2019-04-30,40.12
2019-05-01,39.65
2019-05-02,39.0
2019-05-03,46.800000000000004
2019-05-04,60.45
2019-05-05,61.1
2019-05-06,42.25
2019-05-07,39.65
2019-05-08,40.300000000000004
2019-05-09,39.65
2019-05-10,43.550000000000004
2019-05-11,53.300000000000004
2019-05-12,59.15
2019-05-13,41.6
2019-05-14,39.65
2019-05-15,39.65
2019-05-16,40.95
2019-05-17,42.9
2019-05-18,51.35
2019-05-19,57.2
2019-05-20,42.25
2019-05-21,41.6
2019-05-22,44.2
2019-05-23,44.2
2019-05-24,46.800000000000004
2019-05-25,58.5
2019-05-26,62.400000000000006
2019-05-27,65.0
2019-05-28,50.050000000000004
2019-05-29,47.45
2019-05-30,46.800000000000004
2019-05-31,47.45
2019-06-01,62.980000000000004
2019-06-02,67.0
2019-06-03,52.93
2019-06-04,48.910000000000004
2019-06-05,50.25
2019-06-06,49.580000000000005
2019-06-07,48.910000000000004
2019-06-08,57.620000000000005
2019-06-09,64.99000000000001
2019-06-10,49.580000000000005
2019-06-11,45.56
2019-06-12,47.57
2019-06-13,46.900000000000006
2019-06-14,46.900000000000006
2019-06-15,57.620000000000005
2019-06-16,62.980000000000004
2019-06-17,50.92
2019-06-18,48.910000000000004
2019-06-19,48.24
2019-06-20,50.92
2019-06-21,51.59
2019-06-22,61.64
2019-06-23,65.66000000000001
2019-06-24,52.93
2019-06-25,46.900000000000006
2019-06-26,50.92
2019-06-27,46.230000000000004
2019-06-28,46.900000000000006
2019-06-29,55.61000000000001
2019-06-30,62.31
2019-07-01,52.93
2019-07-02,48.910000000000004
2019-07-03,47.57
2019-07-04,59.63
2019-07-05,54.940000000000005
2019-07-06,60.300000000000004
2019-07-07,62.980000000000004
2019-07-08,52.260000000000005
2019-07-09,49.580000000000005
2019-07-10,50.92
2019-07-11,50.25
2019-07-12,49.580000000000005
2019-07-13,59.63
2019-07-14,64.99000000000001
2019-07-15,51.59
2019-07-16,46.900000000000006
2019-07-17,50.25
2019-07-18,52.93
2019-07-19,53.6
2019-07-20,65.66000000000001
2019-07-21,67.0
2019-07-22,54.27
2019-07-23,48.24
2019-07-24,48.910000000000004
2019-07-25,48.24
2019-07-26,50.92
2019-07-27,59.63
2019-07-28,64.99000000000001
2019-07-29,53.6
2019-07-30,48.910000000000004
2019-07-31,46.900000000000006
2019-08-01,45.26
2019-08-02,47.74
2019-08-03,53.94
2019-08-04,57.04
2019-08-05,46.5
2019-08-06,44.02
2019-08-07,44.02
2019-08-08,43.4
2019-08-09,44.02
2019-08-10,54.56
2019-08-11,58.28
2019-08-12,46.5
2019-08-13,44.64
2019-08-14,41.54
2019-08-15,42.16
2019-08-16,44.64
2019-08-17,53.94
2019-08-18,60.14
2019-08-19,46.5
2019-08-20,43.4
2019-08-21,44.64
2019-08-22,44.64
2019-08-23,47.12
2019-08-24,58.28
2019-08-25,62.0
2019-08-26,47.74
2019-08-27,45.88
2019-08-28,45.26
2019-08-29,44.02
2019-08-30,45.26
2019-08-31,54.56
2019-09-01,62.0
2019-09-02,62.0
2019-09-03,45.26
2019-09-04,40.3
2019-09-05,39.68
2019-09-06,42.16
2019-09-07,52.7
2019-09-08,53.32
2019-09-09,41.54
2019-09-10,38.44
2019-09-11,39.06
2019-09-12,39.06
2019-09-13,43.4
2019-09-14,57.04
2019-09-15,60.76
2019-09-16,47.12
2019-09-17,43.4
2019-09-18,42.78
2019-09-19,44.02
2019-09-20,45.26
2019-09-21,55.18
2019-09-22,58.9
2019-09-23,45.88
2019-09-24,42.78
2019-09-25,40.3
2019-09-26,39.68
2019-09-27,42.16
2019-09-28,57.04
2019-09-29,57.04
2019-09-30,44.64
2019-10-01,42.6
2019-10-02,40.8
2019-10-03,39.0
2019-10-04,42.0
2019-10-05,52.199999999999996
2019-10-06,55.8
2019-10-07,42.6
2019-10-08,40.199999999999996
2019-10-09,42.0
2019-10-10,42.6
2019-10-11,49.199999999999996
2019-10-12,54.6
2019-10-13,56.4
2019-10-14,45.6
2019-10-15,39.0
2019-10-16,42.6
2019-10-17,41.4
2019-10-18,42.6
2019-10-19,55.8
2019-10-20,60.0
2019-10-21,45.0
2019-10-22,41.4
2019-10-23,41.4
2019-10-24,40.8
2019-10-25,45.0
2019-10-26,54.6
2019-10-27,58.199999999999996
2019-10-28,43.199999999999996
2019-10-29,39.6
2019-10-30,40.8
2019-10-31,45.0
2019-11-01,50.4
2019-11-02,62.37
2019-11-03,63.0
2019-11-04,44.1
2019-11-05,42.84
2019-11-06,39.69
2019-11-07,40.95
2019-11-08,43.47
2019-11-09,55.44
2019-11-10,59.85
2019-11-11,49.14
2019-11-12,44.1
2019-11-13,44.73
2019-11-14,42.84
2019-11-15,42.21
2019-11-16,53.55
2019-11-17,57.33
2019-11-18,42.84
2019-11-19,37.17
2019-11-20,39.06
2019-11-21,40.95
2019-11-22,42.21
2019-11-23,51.03
2019-11-24,56.7
2019-11-25,43.47
2019-11-26,44.1
2019-11-27,49.77
2019-11-28,52.92
2019-11-29,53.55
2019-11-30,56.07
2019-12-01,56.0
2019-12-02,41.3
2019-12-03,37.8
2019-12-04,37.099999999999994
2019-12-05,36.4
2019-12-06,37.8
2019-12-07,47.599999999999994
2019-12-08,49.699999999999996
2019-12-09,39.9
2019-12-10,38.5
2019-12-11,38.5
2019-12-12,38.5
2019-12-13,39.199999999999996
2019-12-14,50.4
2019-12-15,51.8
2019-12-16,42.699999999999996
2019-12-17,43.4
2019-12-18,43.4
2019-12-19,45.5
2019-12-20,57.4
2019-12-21,62.99999999999999
2019-12-22,62.3
2019-12-23,56.699999999999996
2019-12-24,54.599999999999994
2019-12-25,69.3
2019-12-26,69.3
2019-12-27,67.19999999999999
2019-12-28,67.89999999999999
2019-12-29,70.0
2019-12-30,65.8
2019-12-31,67.89999999999999
2020-01-01,75.0
2020-01-02,68.25
2020-01-03,58.5
2020-01-04,65.25
2020-01-05,63.75
2020-01-06,54.75
2020-01-07,46.5
2020-01-08,42.75
2020-01-09,44.25
2020-01-10,44.25
2020-01-11,55.5
2020-01-12,55.5
2020-01-13,42.0
2020-01-14,38.25
2020-01-15,41.25
2020-01-16,42.0
2020-01-17,45.75
2020-01-18,61.5
2020-01-19,60.0
2020-01-20,55.5
2020-01-21,46.5
2020-01-22,42.0
2020-01-23,42.0
2020-01-24,42.75
2020-01-25,55.5
2020-01-26,53.25
2020-01-27,37.5
2020-01-28,36.0
2020-01-29,34.5
2020-01-30,36.0
2020-01-31,40.5
2020-02-01,59.400000000000006
2020-02-02,60.06
2020-02-03,38.940000000000005
2020-02-04,40.92
2020-02-05,40.260000000000005
2020-02-06,42.24
2020-02-07,46.86
2020-02-08,60.06
2020-02-09,66.0
2020-02-10,46.86
2020-02-11,41.580000000000005
2020-02-12,40.92
2020-02-13,39.6
2020-02-14,44.22
2020-02-15,56.760000000000005
2020-02-16,62.7
2020-02-17,52.14
2020-02-18,40.260000000000005
2020-02-19,39.6
2020-02-20,38.940000000000005
2020-02-21,41.580000000000005
2020-02-22,51.480000000000004
2020-02-23,57.42
2020-02-24,42.9
2020-02-25,40.260000000000005
2020-02-26,38.28
2020-02-27,41.580000000000005
2020-02-28,44.88
2020-02-29,53.46
2020-03-01,50.160000000000004
2020-03-02,38.72
2020-03-03,32.56
2020-03-04,30.8
2020-03-05,32.56
2020-03-06,35.2
2020-03-07,44.88
2020-03-08,47.52
2020-03-09,34.32
2020-03-10,31.68
2020-03-11,31.68
2020-03-12,32.56
2020-03-13,40.48
2020-03-14,58.08
2020-03-15,60.72
2020-03-16,47.52
2020-03-17,51.92
2020-03-18,59.84
2020-03-19,60.72
2020-03-20,62.48
2020-03-21,80.96
2020-03-22,88.0
2020-03-23,64.24
2020-03-24,63.36
2020-03-25,59.84
2020-03-26,58.96
2020-03-27,61.6
2020-03-28,84.48
2020-03-29,84.48
2020-03-30,61.6
2020-03-31,61.6
2020-04-01,76.0
2020-04-02,76.0
2020-04-03,79.0
2020-04-04,97.0
2020-04-05,100.0
2020-04-06,71.0
2020-04-07,68.0
2020-04-08,68.0
2020-04-09,68.0
2020-04-10,76.0
2020-04-11,90.0
2020-04-12,92.0
2020-04-13,72.0
2020-04-14,64.0
2020-04-15,61.0
2020-04-16,67.0
2020-04-17,72.0
2020-04-18,95.0
2020-04-19,100.0
2020-04-20,83.0
2020-04-21,77.0
2020-04-22,77.0
2020-04-23,74.0
2020-04-24,74.0
2020-04-25,91.0
2020-04-26,93.0
2020-04-27,69.0
2020-04-28,66.0
2020-04-29,67.0
2020-04-30,67.0
