date,Pepsi
2011-01-01,16.64
2011-01-02,17.68
2011-01-03,24.44
2011-01-04,23.14
2011-01-05,22.62
2011-01-06,22.36
2011-01-07,24.44
2011-01-08,18.46
2011-01-09,24.7
2011-01-10,18.72
2011-01-11,20.8
2011-01-12,22.62
2011-01-13,17.42
2011-01-14,17.16
2011-01-15,25.220000000000002
2011-01-16,21.32
2011-01-17,18.2
2011-01-18,26.0
2011-01-19,19.240000000000002
2011-01-20,21.060000000000002
2011-01-21,21.84
2011-01-22,21.060000000000002
2011-01-23,21.84
2011-01-24,20.8
2011-01-25,23.14
2011-01-26,22.1
2011-01-27,21.060000000000002
2011-01-28,21.060000000000002
2011-01-29,17.94
2011-01-30,21.84
2011-01-31,21.32
2011-02-01,9.6
2011-02-02,7.8
2011-02-03,8.7
2011-02-04,9.299999999999999
2011-02-05,9.299999999999999
2011-02-06,10.5
2011-02-07,30.0
2011-02-08,16.2
2011-02-09,14.1
2011-02-10,10.799999999999999
2011-02-11,11.1
2011-02-12,10.5
2011-02-13,9.299999999999999
2011-02-14,9.299999999999999
2011-02-15,8.7
2011-02-16,10.5
2011-02-17,10.2
2011-02-18,8.4
2011-02-19,6.8999999999999995
2011-02-20,7.199999999999999
2011-02-21,8.1
2011-02-22,7.199999999999999
2011-02-23,8.7
2011-02-24,8.7
2011-02-25,6.3
2011-02-26,7.199999999999999
2011-02-27,7.199999999999999
2011-02-28,7.8
2011-03-01,17.16
2011-03-02,19.5
2011-03-03,18.72
2011-03-04,15.860000000000001
2011-03-05,15.34
2011-03-06,16.38
2011-03-07,16.12
2011-03-08,16.64
2011-03-09,18.46
2011-03-10,14.82
2011-03-11,14.3
2011-03-12,12.74
2011-03-13,15.860000000000001
2011-03-14,17.42
2011-03-15,19.5
2011-03-16,20.02
2011-03-17,26.0
2011-03-18,23.66
2011-03-19,16.900000000000002
2011-03-20,15.860000000000001
2011-03-21,18.72
2011-03-22,19.5
2011-03-23,23.400000000000002
2011-03-24,24.44
2011-03-25,20.28
2011-03-26,18.72
2011-03-27,13.26
2011-03-28,17.68
2011-03-29,18.98
2011-03-30,19.5
2011-03-31,21.84
2011-04-01,23.04
2011-04-02,19.439999999999998
2011-04-03,18.0
2011-04-04,21.84
2011-04-05,21.119999999999997
2011-04-06,20.64
2011-04-07,21.599999999999998
2011-04-08,19.919999999999998
2011-04-09,19.68
2011-04-10,15.84
2011-04-11,16.8
2011-04-12,21.119999999999997
2011-04-13,22.32
2011-04-14,22.8
2011-04-15,20.16
2011-04-16,16.32
2011-04-17,18.48
2011-04-18,22.32
2011-04-19,19.68
2011-04-20,24.0
2011-04-21,22.56
2011-04-22,20.16
2011-04-23,14.399999999999999
2011-04-24,15.12
2011-04-25,19.68
2011-04-26,21.119999999999997
2011-04-27,20.88
2011-04-28,19.68
2011-04-29,18.48
2011-04-30,18.72
2011-05-01,20.02
2011-05-02,24.18
2011-05-03,18.46
2011-05-04,23.400000000000002
2011-05-05,26.0
2011-05-06,21.84
2011-05-07,17.94
2011-05-08,18.2
2011-05-09,22.1
2011-05-10,22.62
2011-05-11,24.44
2011-05-12,20.54
2011-05-13,18.2
2011-05-14,15.08
2011-05-15,19.76
2011-05-16,22.62
2011-05-17,23.400000000000002
2011-05-18,20.02
2011-05-19,22.62
2011-05-20,20.28
2011-05-21,16.38
2011-05-22,25.220000000000002
2011-05-23,21.84
2011-05-24,21.060000000000002
2011-05-25,21.580000000000002
2011-05-26,23.66
2011-05-27,19.5
2011-05-28,19.76
2011-05-29,18.46
2011-05-30,18.46
2011-05-31,21.060000000000002
2011-06-01,21.119999999999997
2011-06-02,24.0
2011-06-03,18.72
2011-06-04,17.04
2011-06-05,17.759999999999998
2011-06-06,21.599999999999998
2011-06-07,21.36
2011-06-08,19.2
2011-06-09,18.48
2011-06-10,22.32
2011-06-11,19.919999999999998
2011-06-12,15.12
2011-06-13,19.919999999999998
2011-06-14,20.16
2011-06-15,22.8
2011-06-16,22.56
2011-06-17,19.2
2011-06-18,15.84
2011-06-19,18.24
2011-06-20,21.119999999999997
2011-06-21,20.4
2011-06-22,21.36
2011-06-23,17.28
2011-06-24,18.24
2011-06-25,18.0
2011-06-26,15.36
2011-06-27,18.24
2011-06-28,22.56
2011-06-29,22.08
2011-06-30,22.8
2011-07-01,19.71
2011-07-02,15.66
2011-07-03,18.09
2011-07-04,15.120000000000001
2011-07-05,16.200000000000003
2011-07-06,17.01
2011-07-07,19.44
2011-07-08,19.71
2011-07-09,14.850000000000001
2011-07-10,15.66
2011-07-11,17.01
2011-07-12,22.950000000000003
2011-07-13,22.14
2011-07-14,19.71
2011-07-15,27.0
2011-07-16,25.92
2011-07-17,22.950000000000003
2011-07-18,23.220000000000002
2011-07-19,24.03
2011-07-20,26.73
2011-07-21,25.380000000000003
2011-07-22,20.790000000000003
2011-07-23,16.200000000000003
2011-07-24,16.470000000000002
2011-07-25,18.900000000000002
2011-07-26,17.01
2011-07-27,17.55
2011-07-28,18.09
2011-07-29,17.28
2011-07-30,16.470000000000002
2011-07-31,16.470000000000002
2011-08-01,17.94
2011-08-02,19.32
2011-08-03,23.0
2011-08-04,19.78
2011-08-05,21.16
2011-08-06,19.78
2011-08-07,17.48
2011-08-08,20.93
2011-08-09,20.470000000000002
2011-08-10,22.540000000000003
2011-08-11,18.86
2011-08-12,20.01
2011-08-13,18.17
2011-08-14,20.01
2011-08-15,17.25
2011-08-16,16.560000000000002
2011-08-17,17.94
2011-08-18,18.17
2011-08-19,19.09
2011-08-20,15.41
2011-08-21,16.330000000000002
2011-08-22,17.94
2011-08-23,17.25
2011-08-24,17.71
2011-08-25,15.180000000000001
2011-08-26,15.180000000000001
2011-08-27,14.030000000000001
2011-08-28,14.49
2011-08-29,15.41
2011-08-30,16.1
2011-08-31,17.02
2011-09-01,18.5
2011-09-02,16.75
2011-09-03,13.5
2011-09-04,17.0
2011-09-05,15.5
2011-09-06,19.0
2011-09-07,22.25
2011-09-08,25.0
2011-09-09,22.5
2011-09-10,20.5
2011-09-11,18.75
2011-09-12,21.0
2011-09-13,17.75
2011-09-14,21.25
2011-09-15,18.5
2011-09-16,18.0
2011-09-17,15.0
2011-09-18,13.0
2011-09-19,17.25
2011-09-20,19.5
2011-09-21,19.25
2011-09-22,20.0
2011-09-23,22.0
2011-09-24,19.25
2011-09-25,16.5
2011-09-26,17.25
2011-09-27,18.25
2011-09-28,19.0
2011-09-29,20.25
2011-09-30,18.75
2011-10-01,13.2
2011-10-02,15.84
2011-10-03,17.6
2011-10-04,14.74
2011-10-05,15.18
2011-10-06,16.72
2011-10-07,17.6
2011-10-08,14.08
2011-10-09,12.76
2011-10-10,14.96
2011-10-11,22.0
2011-10-12,19.8
2011-10-13,17.16
2011-10-14,15.18
2011-10-15,14.3
2011-10-16,13.64
2011-10-17,17.16
2011-10-18,15.84
2011-10-19,14.08
2011-10-20,16.28
2011-10-21,16.94
2011-10-22,14.08
2011-10-23,14.3
2011-10-24,14.74
2011-10-25,15.4
2011-10-26,18.7
2011-10-27,13.86
2011-10-28,12.1
2011-10-29,11.66
2011-10-30,12.98
2011-10-31,14.52
2011-11-01,16.330000000000002
2011-11-02,17.94
2011-11-03,18.86
2011-11-04,23.0
2011-11-05,17.48
2011-11-06,16.330000000000002
2011-11-07,17.02
2011-11-08,20.01
2011-11-09,18.86
2011-11-10,20.93
2011-11-11,18.400000000000002
2011-11-12,15.870000000000001
2011-11-13,14.030000000000001
2011-11-14,18.86
2011-11-15,17.02
2011-11-16,20.01
2011-11-17,19.55
2011-11-18,21.85
2011-11-19,17.02
2011-11-20,15.41
2011-11-21,18.630000000000003
2011-11-22,17.94
2011-11-23,16.330000000000002
2011-11-24,17.48
2011-11-25,14.030000000000001
2011-11-26,14.72
2011-11-27,15.180000000000001
2011-11-28,17.71
2011-11-29,17.02
2011-11-30,19.78
2011-12-01,16.56
2011-12-02,15.6
2011-12-03,10.799999999999999
2011-12-04,10.799999999999999
2011-12-05,12.24
2011-12-06,12.0
2011-12-07,12.24
2011-12-08,15.36
2011-12-09,15.6
2011-12-10,13.2
2011-12-11,12.0
2011-12-12,12.959999999999999
2011-12-13,13.2
2011-12-14,13.44
2011-12-15,15.36
2011-12-16,13.68
2011-12-17,13.92
2011-12-18,23.279999999999998
2011-12-19,24.0
2011-12-20,17.52
2011-12-21,12.959999999999999
2011-12-22,11.76
2011-12-23,13.44
2011-12-24,9.36
2011-12-25,11.52
2011-12-26,12.959999999999999
2011-12-27,10.32
2011-12-28,12.719999999999999
2011-12-29,12.24
2011-12-30,11.28
2011-12-31,9.84
2012-01-01,15.6
2012-01-02,15.12
2012-01-03,18.0
2012-01-04,18.96
2012-01-05,24.0
2012-01-06,20.88
2012-01-07,17.759999999999998
2012-01-08,19.439999999999998
2012-01-09,16.32
2012-01-10,20.16
2012-01-11,20.64
2012-01-12,19.68
2012-01-13,20.4
2012-01-14,18.96
2012-01-15,17.759999999999998
2012-01-16,20.64
2012-01-17,16.8
2012-01-18,15.36
2012-01-19,16.56
2012-01-20,17.52
2012-01-21,17.28
2012-01-22,17.759999999999998
2012-01-23,18.24
2012-01-24,20.16
2012-01-25,19.439999999999998
2012-01-26,18.72
2012-01-27,20.4
2012-01-28,19.919999999999998
2012-01-29,19.2
2012-01-30,19.439999999999998
2012-01-31,21.119999999999997
2012-02-01,6.460000000000001
2012-02-02,8.16
2012-02-03,8.16
2012-02-04,8.5
2012-02-05,20.400000000000002
2012-02-06,22.1
2012-02-07,12.58
2012-02-08,8.5
2012-02-09,10.200000000000001
2012-02-10,9.180000000000001
2012-02-11,7.140000000000001
2012-02-12,7.48
2012-02-13,34.0
2012-02-14,7.82
2012-02-15,8.5
2012-02-16,7.82
2012-02-17,8.84
2012-02-18,7.140000000000001
2012-02-19,6.460000000000001
2012-02-20,6.800000000000001
2012-02-21,6.800000000000001
2012-02-22,7.48
2012-02-23,7.140000000000001
2012-02-24,7.48
2012-02-25,6.12
2012-02-26,5.1000000000000005
2012-02-27,6.800000000000001
2012-02-28,8.5
2012-02-29,8.16
2012-03-01,16.529999999999998
2012-03-02,16.529999999999998
2012-03-03,14.79
2012-03-04,12.76
2012-03-05,19.139999999999997
2012-03-06,21.75
2012-03-07,18.27
2012-03-08,19.139999999999997
2012-03-09,28.999999999999996
2012-03-10,22.04
2012-03-11,18.56
2012-03-12,22.33
2012-03-13,20.88
2012-03-14,19.72
2012-03-15,19.72
2012-03-16,16.529999999999998
2012-03-17,14.499999999999998
2012-03-18,18.27
2012-03-19,21.169999999999998
2012-03-20,23.49
2012-03-21,21.459999999999997
2012-03-22,19.139999999999997
2012-03-23,16.82
2012-03-24,16.529999999999998
2012-03-25,17.11
2012-03-26,19.139999999999997
2012-03-27,22.04
2012-03-28,22.04
2012-03-29,21.459999999999997
2012-03-30,20.59
2012-03-31,20.88
2012-04-01,26.320000000000004
2012-04-02,25.76
2012-04-03,24.64
2012-04-04,28.000000000000004
2012-04-05,27.44
2012-04-06,25.76
2012-04-07,22.12
2012-04-08,25.76
2012-04-09,24.92
2012-04-10,26.880000000000003
2012-04-11,21.560000000000002
2012-04-12,26.320000000000004
2012-04-13,23.8
2012-04-14,20.160000000000004
2012-04-15,22.96
2012-04-16,26.040000000000003
2012-04-17,24.92
2012-04-18,22.12
2012-04-19,21.840000000000003
2012-04-20,21.560000000000002
2012-04-21,21.560000000000002
2012-04-22,19.040000000000003
2012-04-23,24.080000000000002
2012-04-24,22.680000000000003
2012-04-25,24.360000000000003
2012-04-26,19.880000000000003
2012-04-27,24.080000000000002
2012-04-28,17.64
2012-04-29,26.040000000000003
2012-04-30,26.6
2012-05-01,22.950000000000003
2012-05-02,22.14
2012-05-03,25.110000000000003
2012-05-04,23.76
2012-05-05,19.17
2012-05-06,21.330000000000002
2012-05-07,27.0
2012-05-08,25.92
2012-05-09,24.3
2012-05-10,25.650000000000002
2012-05-11,24.3
2012-05-12,20.790000000000003
2012-05-13,20.520000000000003
2012-05-14,22.41
2012-05-15,23.490000000000002
2012-05-16,19.17
2012-05-17,20.520000000000003
2012-05-18,19.71
2012-05-19,20.520000000000003
2012-05-20,21.060000000000002
2012-05-21,22.14
2012-05-22,22.68
2012-05-23,22.14
2012-05-24,23.76
2012-05-25,21.87
2012-05-26,15.66
2012-05-27,21.87
2012-05-28,18.900000000000002
2012-05-29,21.6
2012-05-30,19.71
2012-05-31,21.330000000000002
2012-06-01,15.25
2012-06-02,17.75
2012-06-03,14.0
2012-06-04,15.75
2012-06-05,20.25
2012-06-06,19.0
2012-06-07,16.75
2012-06-08,15.25
2012-06-09,14.0
2012-06-10,16.0
2012-06-11,16.5
2012-06-12,17.0
2012-06-13,25.0
2012-06-14,15.0
2012-06-15,18.75
2012-06-16,16.75
2012-06-17,13.5
2012-06-18,18.5
2012-06-19,15.75
2012-06-20,17.25
2012-06-21,14.75
2012-06-22,20.0
2012-06-23,12.75
2012-06-24,15.75
2012-06-25,14.5
2012-06-26,17.25
2012-06-27,16.0
2012-06-28,15.75
2012-06-29,15.5
2012-06-30,13.0
2012-07-01,20.470000000000002
2012-07-02,22.080000000000002
2012-07-03,20.240000000000002
2012-07-04,20.240000000000002
2012-07-05,17.94
2012-07-06,19.55
2012-07-07,20.470000000000002
2012-07-08,18.86
2012-07-09,23.0
2012-07-10,18.86
2012-07-11,22.77
2012-07-12,18.630000000000003
2012-07-13,20.240000000000002
2012-07-14,18.86
2012-07-15,20.01
2012-07-16,19.78
2012-07-17,20.01
2012-07-18,20.240000000000002
2012-07-19,19.32
2012-07-20,17.48
2012-07-21,15.180000000000001
2012-07-22,17.02
2012-07-23,20.470000000000002
2012-07-24,20.93
2012-07-25,20.93
2012-07-26,19.09
2012-07-27,17.71
2012-07-28,15.41
2012-07-29,17.71
2012-07-30,17.25
2012-07-31,18.17
2012-08-01,15.4
2012-08-02,16.5
2012-08-03,16.5
2012-08-04,14.3
2012-08-05,15.18
2012-08-06,16.06
2012-08-07,15.18
2012-08-08,15.4
2012-08-09,15.84
2012-08-10,14.52
2012-08-11,19.36
2012-08-12,16.72
2012-08-13,20.24
2012-08-14,21.56
2012-08-15,22.0
2012-08-16,18.04
2012-08-17,15.84
2012-08-18,15.62
2012-08-19,16.94
2012-08-20,14.96
2012-08-21,16.06
2012-08-22,13.86
2012-08-23,13.86
2012-08-24,16.94
2012-08-25,13.86
2012-08-26,13.2
2012-08-27,15.62
2012-08-28,18.04
2012-08-29,16.5
2012-08-30,17.82
2012-08-31,16.28
2012-09-01,13.86
2012-09-02,16.38
2012-09-03,14.7
2012-09-04,13.44
2012-09-05,17.22
2012-09-06,21.0
2012-09-07,16.59
2012-09-08,14.7
2012-09-09,14.28
2012-09-10,17.009999999999998
2012-09-11,16.38
2012-09-12,15.33
2012-09-13,16.169999999999998
2012-09-14,14.49
2012-09-15,13.86
2012-09-16,12.6
2012-09-17,15.12
2012-09-18,15.75
2012-09-19,15.959999999999999
2012-09-20,18.06
2012-09-21,15.54
2012-09-22,12.809999999999999
2012-09-23,12.809999999999999
2012-09-24,13.02
2012-09-25,16.38
2012-09-26,15.959999999999999
2012-09-27,17.64
2012-09-28,15.54
2012-09-29,13.65
2012-09-30,13.65
2012-10-01,14.7
2012-10-02,14.91
2012-10-03,18.06
2012-10-04,15.12
2012-10-05,13.229999999999999
2012-10-06,11.34
2012-10-07,12.389999999999999
2012-10-08,14.7
2012-10-09,14.7
2012-10-10,18.48
2012-10-11,20.58
2012-10-12,17.43
2012-10-13,15.75
2012-10-14,16.169999999999998
2012-10-15,17.22
2012-10-16,17.009999999999998
2012-10-17,16.8
2012-10-18,17.43
2012-10-19,16.169999999999998
2012-10-20,15.33
2012-10-21,21.0
2012-10-22,15.12
2012-10-23,17.009999999999998
2012-10-24,15.75
2012-10-25,16.38
2012-10-26,15.33
2012-10-27,13.44
2012-10-28,20.16
2012-10-29,15.33
2012-10-30,13.86
2012-10-31,14.49
2012-11-01,15.870000000000001
2012-11-02,15.41
2012-11-03,14.49
2012-11-04,21.62
2012-11-05,16.560000000000002
2012-11-06,16.79
2012-11-07,13.110000000000001
2012-11-08,15.870000000000001
2012-11-09,18.17
2012-11-10,16.1
2012-11-11,19.78
2012-11-12,16.79
2012-11-13,21.85
2012-11-14,23.0
2012-11-15,20.470000000000002
2012-11-16,18.86
2012-11-17,15.41
2012-11-18,19.78
2012-11-19,17.71
2012-11-20,18.17
2012-11-21,16.560000000000002
2012-11-22,17.25
2012-11-23,19.55
2012-11-24,13.34
2012-11-25,17.48
2012-11-26,15.41
2012-11-27,17.71
2012-11-28,17.48
2012-11-29,18.630000000000003
2012-11-30,16.79
2012-12-01,14.72
2012-12-02,16.79
2012-12-03,14.72
2012-12-04,17.94
2012-12-05,15.180000000000001
2012-12-06,21.16
2012-12-07,14.950000000000001
2012-12-08,14.030000000000001
2012-12-09,14.49
2012-12-10,17.94
2012-12-11,21.39
2012-12-12,17.25
2012-12-13,16.79
2012-12-14,16.1
2012-12-15,14.72
2012-12-16,22.080000000000002
2012-12-17,23.0
2012-12-18,15.64
2012-12-19,15.41
2012-12-20,14.26
2012-12-21,12.88
2012-12-22,12.88
2012-12-23,14.950000000000001
2012-12-24,12.190000000000001
2012-12-25,17.02
2012-12-26,14.72
2012-12-27,14.49
2012-12-28,13.34
2012-12-29,13.8
2012-12-30,16.330000000000002
2012-12-31,20.240000000000002
2013-01-01,19.439999999999998
2013-01-02,16.08
2013-01-03,20.88
2013-01-04,15.36
2013-01-05,20.4
2013-01-06,22.08
2013-01-07,21.119999999999997
2013-01-08,20.16
2013-01-09,19.439999999999998
2013-01-10,17.28
2013-01-11,18.72
2013-01-12,21.36
2013-01-13,24.0
2013-01-14,18.24
2013-01-15,18.48
2013-01-16,20.64
2013-01-17,18.24
2013-01-18,16.8
2013-01-19,18.72
2013-01-20,17.28
2013-01-21,20.88
2013-01-22,18.24
2013-01-23,15.84
2013-01-24,18.0
2013-01-25,17.52
2013-01-26,17.52
2013-01-27,20.64
2013-01-28,20.16
2013-01-29,21.599999999999998
2013-01-30,20.16
2013-01-31,20.64
2013-02-01,12.96
2013-02-02,12.15
2013-02-03,25.92
2013-02-04,27.0
2013-02-05,14.31
2013-02-06,12.690000000000001
2013-02-07,11.07
2013-02-08,11.07
2013-02-09,10.530000000000001
2013-02-10,9.450000000000001
2013-02-11,18.09
2013-02-12,10.8
2013-02-13,11.07
2013-02-14,10.260000000000002
2013-02-15,11.34
2013-02-16,9.99
2013-02-17,11.34
2013-02-18,12.690000000000001
2013-02-19,13.23
2013-02-20,12.96
2013-02-21,12.96
2013-02-22,12.96
2013-02-23,9.99
2013-02-24,9.450000000000001
2013-02-25,10.530000000000001
2013-02-26,11.610000000000001
2013-02-27,9.99
2013-02-28,10.8
2013-03-01,11.200000000000001
2013-03-02,10.8
2013-03-03,9.600000000000001
2013-03-04,11.200000000000001
2013-03-05,11.200000000000001
2013-03-06,11.600000000000001
2013-03-07,10.4
2013-03-08,12.0
2013-03-09,10.0
2013-03-10,8.8
2013-03-11,11.200000000000001
2013-03-12,13.600000000000001
2013-03-13,31.6
2013-03-14,40.0
2013-03-15,36.0
2013-03-16,28.8
2013-03-17,31.200000000000003
2013-03-18,21.200000000000003
2013-03-19,21.200000000000003
2013-03-20,18.400000000000002
2013-03-21,18.0
2013-03-22,19.6
2013-03-23,22.8
2013-03-24,31.200000000000003
2013-03-25,18.8
2013-03-26,18.400000000000002
2013-03-27,18.400000000000002
2013-03-28,18.0
2013-03-29,18.400000000000002
2013-03-30,19.6
2013-03-31,23.200000000000003
2013-04-01,21.45
2013-04-02,21.78
2013-04-03,21.45
2013-04-04,30.69
2013-04-05,31.68
2013-04-06,29.700000000000003
2013-04-07,33.0
2013-04-08,22.44
2013-04-09,21.12
2013-04-10,20.130000000000003
2013-04-11,19.8
2013-04-12,20.46
2013-04-13,18.150000000000002
2013-04-14,23.76
2013-04-15,17.16
2013-04-16,17.490000000000002
2013-04-17,17.16
2013-04-18,16.5
2013-04-19,16.830000000000002
2013-04-20,15.84
2013-04-21,25.080000000000002
2013-04-22,17.82
2013-04-23,19.8
2013-04-24,20.790000000000003
2013-04-25,21.12
2013-04-26,22.11
2013-04-27,19.14
2013-04-28,22.44
2013-04-29,16.5
2013-04-30,19.14
2013-05-01,15.400000000000002
2013-05-02,17.92
2013-05-03,15.120000000000001
2013-05-04,17.080000000000002
2013-05-05,28.000000000000004
2013-05-06,17.64
2013-05-07,14.280000000000001
2013-05-08,12.040000000000001
2013-05-09,12.88
2013-05-10,14.280000000000001
2013-05-11,12.040000000000001
2013-05-12,20.160000000000004
2013-05-13,14.560000000000002
2013-05-14,13.440000000000001
2013-05-15,12.88
2013-05-16,12.600000000000001
2013-05-17,13.440000000000001
2013-05-18,16.8
2013-05-19,13.440000000000001
2013-05-20,12.040000000000001
2013-05-21,12.040000000000001
2013-05-22,11.200000000000001
2013-05-23,11.200000000000001
2013-05-24,10.360000000000001
2013-05-25,11.48
2013-05-26,11.760000000000002
2013-05-27,11.200000000000001
2013-05-28,12.88
2013-05-29,10.360000000000001
2013-05-30,12.600000000000001
2013-05-31,10.080000000000002
2013-06-01,22.32
2013-06-02,24.0
2013-06-03,19.439999999999998
2013-06-04,18.24
2013-06-05,18.96
2013-06-06,21.36
2013-06-07,18.48
2013-06-08,17.04
2013-06-09,17.28
2013-06-10,19.919999999999998
2013-06-11,16.8
2013-06-12,18.96
2013-06-13,16.8
2013-06-14,14.879999999999999
2013-06-15,18.0
2013-06-16,18.96
2013-06-17,22.32
2013-06-18,17.04
2013-06-19,17.759999999999998
2013-06-20,16.8
2013-06-21,16.32
2013-06-22,18.24
2013-06-23,18.48
2013-06-24,17.28
2013-06-25,17.52
2013-06-26,17.28
2013-06-27,17.52
2013-06-28,14.639999999999999
2013-06-29,17.759999999999998
2013-06-30,19.919999999999998
2013-07-01,15.5
2013-07-02,14.25
2013-07-03,19.25
2013-07-04,25.0
2013-07-05,19.25
2013-07-06,19.5
2013-07-07,17.5
2013-07-08,17.5
2013-07-09,17.25
2013-07-10,15.5
2013-07-11,17.5
2013-07-12,15.75
2013-07-13,15.0
2013-07-14,17.25
2013-07-15,16.75
2013-07-16,17.75
2013-07-17,17.75
2013-07-18,19.5
2013-07-19,15.25
2013-07-20,18.75
2013-07-21,17.5
2013-07-22,16.5
2013-07-23,17.25
2013-07-24,19.25
2013-07-25,16.25
2013-07-26,18.5
2013-07-27,18.5
2013-07-28,23.75
2013-07-29,17.25
2013-07-30,19.5
2013-07-31,16.75
2013-08-01,17.94
2013-08-02,18.400000000000002
2013-08-03,18.400000000000002
2013-08-04,21.85
2013-08-05,18.17
2013-08-06,18.400000000000002
2013-08-07,20.240000000000002
2013-08-08,16.560000000000002
2013-08-09,18.630000000000003
2013-08-10,20.01
2013-08-11,23.0
2013-08-12,16.79
2013-08-13,14.950000000000001
2013-08-14,18.17
2013-08-15,17.94
2013-08-16,20.470000000000002
2013-08-17,18.630000000000003
2013-08-18,21.62
2013-08-19,17.94
2013-08-20,16.79
2013-08-21,16.79
2013-08-22,17.02
2013-08-23,19.32
2013-08-24,18.400000000000002
2013-08-25,18.86
2013-08-26,20.01
2013-08-27,16.1
2013-08-28,17.48
2013-08-29,16.330000000000002
2013-08-30,17.94
2013-08-31,16.330000000000002
2013-09-01,16.400000000000002
2013-09-02,20.0
2013-09-03,16.400000000000002
2013-09-04,18.0
2013-09-05,17.6
2013-09-06,17.2
2013-09-07,14.4
2013-09-08,19.8
2013-09-09,15.600000000000001
2013-09-10,18.400000000000002
2013-09-11,14.200000000000001
2013-09-12,19.8
2013-09-13,19.0
2013-09-14,14.0
2013-09-15,14.8
2013-09-16,16.400000000000002
2013-09-17,18.8
2013-09-18,17.8
2013-09-19,18.6
2013-09-20,17.2
2013-09-21,13.600000000000001
2013-09-22,16.6
2013-09-23,16.0
2013-09-24,16.6
2013-09-25,16.6
2013-09-26,16.2
2013-09-27,17.2
2013-09-28,14.8
2013-09-29,14.8
2013-09-30,14.8
2013-10-01,15.18
2013-10-02,13.86
2013-10-03,14.08
2013-10-04,12.98
2013-10-05,12.1
2013-10-06,11.44
2013-10-07,11.66
2013-10-08,12.76
2013-10-09,13.42
2013-10-10,13.64
2013-10-11,16.5
2013-10-12,12.98
2013-10-13,14.74
2013-10-14,13.86
2013-10-15,16.28
2013-10-16,16.94
2013-10-17,15.4
2013-10-18,13.2
2013-10-19,11.22
2013-10-20,12.32
2013-10-21,14.74
2013-10-22,14.3
2013-10-23,15.4
2013-10-24,18.7
2013-10-25,22.0
2013-10-26,13.42
2013-10-27,20.46
2013-10-28,17.16
2013-10-29,17.6
2013-10-30,13.86
2013-10-31,15.4
2013-11-01,15.8
2013-11-02,14.200000000000001
2013-11-03,20.0
2013-11-04,15.8
2013-11-05,19.6
2013-11-06,15.8
2013-11-07,16.2
2013-11-08,15.8
2013-11-09,15.8
2013-11-10,16.400000000000002
2013-11-11,16.2
2013-11-12,17.8
2013-11-13,16.400000000000002
2013-11-14,18.400000000000002
2013-11-15,17.0
2013-11-16,16.0
2013-11-17,17.0
2013-11-18,14.8
2013-11-19,17.400000000000002
2013-11-20,18.2
2013-11-21,16.0
2013-11-22,15.8
2013-11-23,12.200000000000001
2013-11-24,13.600000000000001
2013-11-25,15.4
2013-11-26,14.600000000000001
2013-11-27,14.0
2013-11-28,13.4
2013-11-29,12.600000000000001
2013-11-30,15.4
2013-12-01,12.6
2013-12-02,16.56
2013-12-03,17.64
2013-12-04,17.82
2013-12-05,18.0
2013-12-06,15.299999999999999
2013-12-07,15.299999999999999
2013-12-08,17.28
2013-12-09,16.56
2013-12-10,16.919999999999998
2013-12-11,15.299999999999999
2013-12-12,17.64
2013-12-13,16.56
2013-12-14,15.299999999999999
2013-12-15,14.04
2013-12-16,16.2
2013-12-17,16.02
2013-12-18,15.12
2013-12-19,14.76
2013-12-20,14.219999999999999
2013-12-21,11.879999999999999
2013-12-22,17.28
2013-12-23,16.919999999999998
2013-12-24,14.58
2013-12-25,12.78
2013-12-26,16.2
2013-12-27,15.12
2013-12-28,14.94
2013-12-29,15.66
2013-12-30,16.919999999999998
2013-12-31,16.2
2014-01-01,10.58
2014-01-02,11.73
2014-01-03,12.190000000000001
2014-01-04,14.26
2014-01-05,17.02
2014-01-06,12.65
2014-01-07,12.65
2014-01-08,12.88
2014-01-09,14.72
2014-01-10,12.65
2014-01-11,12.42
2014-01-12,17.02
2014-01-13,13.57
2014-01-14,13.8
2014-01-15,14.030000000000001
2014-01-16,13.57
2014-01-17,13.110000000000001
2014-01-18,11.73
2014-01-19,14.950000000000001
2014-01-20,15.180000000000001
2014-01-21,13.8
2014-01-22,16.79
2014-01-23,15.180000000000001
2014-01-24,16.79
2014-01-25,12.190000000000001
2014-01-26,13.8
2014-01-27,23.0
2014-01-28,15.41
2014-01-29,13.8
2014-01-30,16.560000000000002
2014-01-31,16.330000000000002
2014-02-01,14.0
2014-02-02,14.5
2014-02-03,22.5
2014-02-04,15.75
2014-02-05,12.0
2014-02-06,13.5
2014-02-07,13.0
2014-02-08,10.75
2014-02-09,12.0
2014-02-10,10.0
2014-02-11,12.0
2014-02-12,10.5
2014-02-13,11.0
2014-02-14,9.5
2014-02-15,10.0
2014-02-16,11.25
2014-02-17,10.75
2014-02-18,11.75
2014-02-19,11.0
2014-02-20,11.25
2014-02-21,12.0
2014-02-22,10.25
2014-02-23,10.75
2014-02-24,10.5
2014-02-25,11.25
2014-02-26,12.0
2014-02-27,16.5
2014-02-28,25.0
2014-03-01,17.28
2014-03-02,27.0
2014-03-03,15.39
2014-03-04,13.5
2014-03-05,11.88
2014-03-06,12.96
2014-03-07,11.88
2014-03-08,10.530000000000001
2014-03-09,12.96
2014-03-10,11.07
2014-03-11,12.690000000000001
2014-03-12,11.34
2014-03-13,12.96
2014-03-14,12.690000000000001
2014-03-15,15.120000000000001
2014-03-16,11.88
2014-03-17,11.34
2014-03-18,12.420000000000002
2014-03-19,11.610000000000001
2014-03-20,9.72
2014-03-21,11.88
2014-03-22,12.15
2014-03-23,11.88
2014-03-24,11.07
2014-03-25,12.690000000000001
2014-03-26,14.040000000000001
2014-03-27,12.15
2014-03-28,12.15
2014-03-29,10.8
2014-03-30,12.15
2014-03-31,10.8
2014-04-01,19.74
2014-04-02,18.689999999999998
2014-04-03,20.58
2014-04-04,17.22
2014-04-05,15.12
2014-04-06,16.38
2014-04-07,17.009999999999998
2014-04-08,15.75
2014-04-09,17.64
2014-04-10,18.06
2014-04-11,14.91
2014-04-12,13.86
2014-04-13,14.7
2014-04-14,16.8
2014-04-15,15.959999999999999
2014-04-16,17.009999999999998
2014-04-17,21.0
2014-04-18,15.33
2014-04-19,16.59
2014-04-20,14.91
2014-04-21,14.28
2014-04-22,17.43
2014-04-23,19.11
2014-04-24,19.11
2014-04-25,20.37
2014-04-26,15.33
2014-04-27,15.33
2014-04-28,20.79
2014-04-29,16.8
2014-04-30,17.43
2014-05-01,17.2
2014-05-02,14.600000000000001
2014-05-03,12.200000000000001
2014-05-04,16.0
2014-05-05,18.0
2014-05-06,16.2
2014-05-07,16.8
2014-05-08,16.400000000000002
2014-05-09,15.600000000000001
2014-05-10,11.8
2014-05-11,15.4
2014-05-12,13.0
2014-05-13,14.4
2014-05-14,16.6
2014-05-15,15.200000000000001
2014-05-16,14.600000000000001
2014-05-17,13.600000000000001
2014-05-18,14.600000000000001
2014-05-19,16.0
2014-05-20,20.0
2014-05-21,16.400000000000002
2014-05-22,12.200000000000001
2014-05-23,15.0
2014-05-24,14.0
2014-05-25,13.4
2014-05-26,16.2
2014-05-27,15.600000000000001
2014-05-28,16.8
2014-05-29,16.2
2014-05-30,15.0
2014-05-31,15.0
2014-06-01,17.0
2014-06-02,18.6
2014-06-03,17.2
2014-06-04,16.6
2014-06-05,18.0
2014-06-06,19.0
2014-06-07,17.400000000000002
2014-06-08,14.200000000000001
2014-06-09,15.8
2014-06-10,17.8
2014-06-11,16.8
2014-06-12,19.6
2014-06-13,16.2
2014-06-14,18.8
2014-06-15,17.2
2014-06-16,17.0
2014-06-17,17.2
2014-06-18,17.400000000000002
2014-06-19,18.0
2014-06-20,16.400000000000002
2014-06-21,18.8
2014-06-22,18.8
2014-06-23,20.0
2014-06-24,17.2
2014-06-25,18.0
2014-06-26,18.0
2014-06-27,17.2
2014-06-28,16.400000000000002
2014-06-29,19.6
2014-06-30,19.400000000000002
2014-07-01,15.84
2014-07-02,16.72
2014-07-03,20.24
2014-07-04,16.06
2014-07-05,19.36
2014-07-06,19.580000000000002
2014-07-07,19.14
2014-07-08,17.16
2014-07-09,19.580000000000002
2014-07-10,19.8
2014-07-11,16.5
2014-07-12,17.38
2014-07-13,20.68
2014-07-14,18.04
2014-07-15,18.26
2014-07-16,19.14
2014-07-17,17.6
2014-07-18,16.72
2014-07-19,13.86
2014-07-20,15.84
2014-07-21,17.6
2014-07-22,16.72
2014-07-23,18.04
2014-07-24,16.5
2014-07-25,22.0
2014-07-26,16.94
2014-07-27,18.26
2014-07-28,19.580000000000002
2014-07-29,17.82
2014-07-30,17.38
2014-07-31,19.14
2014-08-01,17.400000000000002
2014-08-02,20.0
2014-08-03,17.0
2014-08-04,13.8
2014-08-05,15.4
2014-08-06,15.600000000000001
2014-08-07,14.600000000000001
2014-08-08,16.2
2014-08-09,16.2
2014-08-10,13.8
2014-08-11,14.200000000000001
2014-08-12,13.600000000000001
2014-08-13,14.0
2014-08-14,14.8
2014-08-15,14.8
2014-08-16,14.8
2014-08-17,13.200000000000001
2014-08-18,17.0
2014-08-19,14.200000000000001
2014-08-20,16.0
2014-08-21,14.0
2014-08-22,14.200000000000001
2014-08-23,15.8
2014-08-24,15.200000000000001
2014-08-25,14.8
2014-08-26,13.600000000000001
2014-08-27,15.8
2014-08-28,13.200000000000001
2014-08-29,13.8
2014-08-30,13.4
2014-08-31,15.8
2014-09-01,14.200000000000001
2014-09-02,13.600000000000001
2014-09-03,17.2
2014-09-04,14.8
2014-09-05,16.0
2014-09-06,12.8
2014-09-07,15.0
2014-09-08,14.0
2014-09-09,14.4
2014-09-10,16.2
2014-09-11,14.200000000000001
2014-09-12,15.4
2014-09-13,13.8
2014-09-14,13.8
2014-09-15,19.6
2014-09-16,19.8
2014-09-17,20.0
2014-09-18,19.0
2014-09-19,14.200000000000001
2014-09-20,14.600000000000001
2014-09-21,15.8
2014-09-22,18.0
2014-09-23,18.2
2014-09-24,19.400000000000002
2014-09-25,18.2
2014-09-26,17.400000000000002
2014-09-27,14.8
2014-09-28,16.6
2014-09-29,17.6
2014-09-30,16.400000000000002
2014-10-01,19.0
2014-10-02,18.240000000000002
2014-10-03,14.25
2014-10-04,12.540000000000001
2014-10-05,13.870000000000001
2014-10-06,13.68
2014-10-07,14.82
2014-10-08,14.44
2014-10-09,14.25
2014-10-10,13.3
2014-10-11,12.35
2014-10-12,11.78
2014-10-13,12.35
2014-10-14,14.06
2014-10-15,13.11
2014-10-16,13.3
2014-10-17,13.68
2014-10-18,12.92
2014-10-19,12.35
2014-10-20,13.11
2014-10-21,15.96
2014-10-22,16.34
2014-10-23,14.82
2014-10-24,13.11
2014-10-25,12.16
2014-10-26,13.49
2014-10-27,14.25
2014-10-28,14.82
2014-10-29,11.97
2014-10-30,15.2
2014-10-31,12.540000000000001
2014-11-01,12.24
2014-11-02,13.139999999999999
2014-11-03,14.58
2014-11-04,14.399999999999999
2014-11-05,14.219999999999999
2014-11-06,14.94
2014-11-07,14.04
2014-11-08,14.219999999999999
2014-11-09,13.86
2014-11-10,14.399999999999999
2014-11-11,16.74
2014-11-12,15.299999999999999
2014-11-13,18.0
2014-11-14,14.58
2014-11-15,11.52
2014-11-16,12.42
2014-11-17,13.32
2014-11-18,14.219999999999999
2014-11-19,15.84
2014-11-20,14.76
2014-11-21,16.2
2014-11-22,12.059999999999999
2014-11-23,13.68
2014-11-24,14.399999999999999
2014-11-25,12.059999999999999
2014-11-26,15.66
2014-11-27,12.959999999999999
2014-11-28,13.139999999999999
2014-11-29,13.139999999999999
2014-11-30,14.219999999999999
2014-12-01,13.600000000000001
2014-12-02,13.600000000000001
2014-12-03,17.0
2014-12-04,12.58
2014-12-05,15.64
2014-12-06,12.920000000000002
2014-12-07,15.81
2014-12-08,13.600000000000001
2014-12-09,12.750000000000002
2014-12-10,13.940000000000001
2014-12-11,12.07
2014-12-12,11.56
2014-12-13,11.56
2014-12-14,16.150000000000002
2014-12-15,13.430000000000001
2014-12-16,12.24
2014-12-17,14.110000000000001
2014-12-18,14.110000000000001
2014-12-19,11.9
2014-12-20,11.22
2014-12-21,14.110000000000001
2014-12-22,10.370000000000001
2014-12-23,13.770000000000001
2014-12-24,10.200000000000001
2014-12-25,11.22
2014-12-26,11.05
2014-12-27,12.750000000000002
2014-12-28,12.750000000000002
2014-12-29,10.540000000000001
2014-12-30,12.41
2014-12-31,12.07
2015-01-01,11.969999999999999
2015-01-02,10.5
2015-01-03,8.82
2015-01-04,12.389999999999999
2015-01-05,10.5
2015-01-06,13.65
2015-01-07,12.389999999999999
2015-01-08,11.969999999999999
2015-01-09,11.969999999999999
2015-01-10,13.65
2015-01-11,12.809999999999999
2015-01-12,11.129999999999999
2015-01-13,11.76
2015-01-14,11.969999999999999
2015-01-15,13.02
2015-01-16,21.0
2015-01-17,14.49
2015-01-18,15.33
2015-01-19,14.91
2015-01-20,10.709999999999999
2015-01-21,13.229999999999999
2015-01-22,14.49
2015-01-23,10.08
2015-01-24,11.34
2015-01-25,11.549999999999999
2015-01-26,11.34
2015-01-27,13.229999999999999
2015-01-28,13.02
2015-01-29,14.07
2015-01-30,15.12
2015-01-31,12.809999999999999
2015-02-01,12.4
2015-02-02,20.0
2015-02-03,11.600000000000001
2015-02-04,11.8
2015-02-05,11.8
2015-02-06,12.4
2015-02-07,10.8
2015-02-08,10.200000000000001
2015-02-09,11.8
2015-02-10,11.8
2015-02-11,9.200000000000001
2015-02-12,10.4
2015-02-13,10.8
2015-02-14,9.4
2015-02-15,10.0
2015-02-16,10.200000000000001
2015-02-17,10.600000000000001
2015-02-18,12.200000000000001
2015-02-19,11.600000000000001
2015-02-20,10.4
2015-02-21,9.200000000000001
2015-02-22,10.4
2015-02-23,10.8
2015-02-24,9.0
2015-02-25,10.4
2015-02-26,11.4
2015-02-27,7.4
2015-02-28,10.0
2015-03-01,16.8
2015-03-02,15.75
2015-03-03,18.06
2015-03-04,17.64
2015-03-05,17.64
2015-03-06,16.169999999999998
2015-03-07,16.8
2015-03-08,15.75
2015-03-09,18.06
2015-03-10,16.169999999999998
2015-03-11,18.06
2015-03-12,15.959999999999999
2015-03-13,17.43
2015-03-14,11.549999999999999
2015-03-15,15.54
2015-03-16,16.38
2015-03-17,18.27
2015-03-18,20.79
2015-03-19,20.79
2015-03-20,21.0
2015-03-21,17.43
2015-03-22,18.9
2015-03-23,18.689999999999998
2015-03-24,19.95
2015-03-25,18.689999999999998
2015-03-26,19.529999999999998
2015-03-27,20.58
2015-03-28,15.54
2015-03-29,18.689999999999998
2015-03-30,19.11
2015-03-31,18.9
2015-04-01,18.630000000000003
2015-04-02,16.1
2015-04-03,13.8
2015-04-04,15.180000000000001
2015-04-05,15.64
2015-04-06,14.030000000000001
2015-04-07,17.48
2015-04-08,18.17
2015-04-09,17.71
2015-04-10,14.49
2015-04-11,17.48
2015-04-12,15.41
2015-04-13,17.71
2015-04-14,18.630000000000003
2015-04-15,17.02
2015-04-16,17.02
2015-04-17,17.02
2015-04-18,15.870000000000001
2015-04-19,16.560000000000002
2015-04-20,15.870000000000001
2015-04-21,15.870000000000001
2015-04-22,17.71
2015-04-23,16.79
2015-04-24,22.77
2015-04-25,23.0
2015-04-26,15.870000000000001
2015-04-27,17.02
2015-04-28,16.79
2015-04-29,17.94
2015-04-30,15.870000000000001
2015-05-01,15.75
2015-05-02,14.91
2015-05-03,14.49
2015-05-04,21.0
2015-05-05,15.75
2015-05-06,15.959999999999999
2015-05-07,16.8
2015-05-08,17.22
2015-05-09,13.86
2015-05-10,13.44
2015-05-11,15.75
2015-05-12,15.33
2015-05-13,16.8
2015-05-14,14.49
2015-05-15,15.75
2015-05-16,13.65
2015-05-17,16.169999999999998
2015-05-18,15.54
2015-05-19,16.8
2015-05-20,16.59
2015-05-21,14.28
2015-05-22,14.07
2015-05-23,11.129999999999999
2015-05-24,18.48
2015-05-25,16.169999999999998
2015-05-26,13.86
2015-05-27,13.02
2015-05-28,15.54
2015-05-29,13.44
2015-05-30,12.18
2015-05-31,15.54
2015-06-01,12.42
2015-06-02,12.42
2015-06-03,13.57
2015-06-04,12.190000000000001
2015-06-05,13.110000000000001
2015-06-06,11.73
2015-06-07,12.42
2015-06-08,12.88
2015-06-09,13.57
2015-06-10,16.1
2015-06-11,23.0
2015-06-12,17.94
2015-06-13,13.8
2015-06-14,14.26
2015-06-15,13.57
2015-06-16,14.030000000000001
2015-06-17,11.270000000000001
2015-06-18,14.26
2015-06-19,13.110000000000001
2015-06-20,12.190000000000001
2015-06-21,11.270000000000001
2015-06-22,11.270000000000001
2015-06-23,10.58
2015-06-24,12.65
2015-06-25,13.34
2015-06-26,12.190000000000001
2015-06-27,13.57
2015-06-28,12.88
2015-06-29,13.57
2015-06-30,12.65
2015-07-01,17.16
2015-07-02,19.36
2015-07-03,14.52
2015-07-04,18.7
2015-07-05,22.0
2015-07-06,22.0
2015-07-07,18.26
2015-07-08,20.24
2015-07-09,21.34
2015-07-10,19.580000000000002
2015-07-11,18.26
2015-07-12,20.9
2015-07-13,16.28
2015-07-14,16.28
2015-07-15,21.34
2015-07-16,17.38
2015-07-17,14.52
2015-07-18,13.86
2015-07-19,18.7
2015-07-20,15.84
2015-07-21,18.04
2015-07-22,18.7
2015-07-23,20.24
2015-07-24,19.36
2015-07-25,18.04
2015-07-26,18.04
2015-07-27,18.7
2015-07-28,19.8
2015-07-29,18.04
2015-07-30,20.9
2015-07-31,19.14
2015-08-01,14.74
2015-08-02,16.06
2015-08-03,13.64
2015-08-04,16.06
2015-08-05,16.28
2015-08-06,19.580000000000002
2015-08-07,17.16
2015-08-08,17.38
2015-08-09,18.04
2015-08-10,20.24
2015-08-11,22.0
2015-08-12,18.7
2015-08-13,16.72
2015-08-14,16.5
2015-08-15,16.06
2015-08-16,16.94
2015-08-17,14.74
2015-08-18,15.4
2015-08-19,16.72
2015-08-20,14.74
2015-08-21,13.64
2015-08-22,14.52
2015-08-23,16.5
2015-08-24,15.4
2015-08-25,15.18
2015-08-26,16.5
2015-08-27,15.18
2015-08-28,15.18
2015-08-29,14.3
2015-08-30,16.28
2015-08-31,17.16
2015-09-01,18.48
2015-09-02,19.32
2015-09-03,18.27
2015-09-04,17.009999999999998
2015-09-05,20.79
2015-09-06,21.0
2015-09-07,20.37
2015-09-08,16.169999999999998
2015-09-09,16.59
2015-09-10,19.11
2015-09-11,17.64
2015-09-12,15.959999999999999
2015-09-13,14.07
2015-09-14,18.48
2015-09-15,18.48
2015-09-16,19.74
2015-09-17,16.169999999999998
2015-09-18,19.32
2015-09-19,17.22
2015-09-20,18.9
2015-09-21,17.64
2015-09-22,19.95
2015-09-23,18.27
2015-09-24,19.11
2015-09-25,16.59
2015-09-26,16.169999999999998
2015-09-27,19.32
2015-09-28,18.9
2015-09-29,19.74
2015-09-30,18.48
2015-10-01,4.48
2015-10-02,4.16
2015-10-03,3.52
2015-10-04,4.16
2015-10-05,7.04
2015-10-06,8.64
2015-10-07,6.72
2015-10-08,6.4
2015-10-09,6.4
2015-10-10,5.76
2015-10-11,4.48
2015-10-12,5.76
2015-10-13,5.76
2015-10-14,6.08
2015-10-15,5.76
2015-10-16,5.12
2015-10-17,4.48
2015-10-18,5.12
2015-10-19,6.4
2015-10-20,7.36
2015-10-21,32.0
2015-10-22,12.48
2015-10-23,6.4
2015-10-24,4.48
2015-10-25,5.12
2015-10-26,4.8
2015-10-27,4.48
2015-10-28,4.48
2015-10-29,4.8
2015-10-30,4.48
2015-10-31,3.84
2015-11-01,11.040000000000001
2015-11-02,13.34
2015-11-03,23.0
2015-11-04,13.57
2015-11-05,11.73
2015-11-06,11.73
2015-11-07,11.5
2015-11-08,9.200000000000001
2015-11-09,11.270000000000001
2015-11-10,11.73
2015-11-11,11.5
2015-11-12,13.34
2015-11-13,11.5
2015-11-14,11.5
2015-11-15,10.58
2015-11-16,12.88
2015-11-17,13.110000000000001
2015-11-18,13.34
2015-11-19,14.030000000000001
2015-11-20,14.030000000000001
2015-11-21,11.5
2015-11-22,14.030000000000001
2015-11-23,11.73
2015-11-24,10.81
2015-11-25,10.120000000000001
2015-11-26,11.96
2015-11-27,8.74
2015-11-28,10.35
2015-11-29,9.200000000000001
2015-11-30,10.35
2015-12-01,11.440000000000001
2015-12-02,12.22
2015-12-03,13.0
2015-12-04,13.0
2015-12-05,11.18
2015-12-06,13.26
2015-12-07,10.92
2015-12-08,15.34
2015-12-09,26.0
2015-12-10,23.400000000000002
2015-12-11,17.16
2015-12-12,14.040000000000001
2015-12-13,14.56
2015-12-14,14.82
2015-12-15,16.12
2015-12-16,14.56
2015-12-17,20.8
2015-12-18,13.780000000000001
2015-12-19,11.700000000000001
2015-12-20,13.52
2015-12-21,12.22
2015-12-22,13.780000000000001
2015-12-23,11.96
2015-12-24,14.040000000000001
2015-12-25,14.040000000000001
2015-12-26,13.52
2015-12-27,14.56
2015-12-28,12.22
2015-12-29,11.700000000000001
2015-12-30,13.0
2015-12-31,11.96
2016-01-01,13.110000000000001
2016-01-02,12.65
2016-01-03,13.34
2016-01-04,13.34
2016-01-05,11.5
2016-01-06,12.65
2016-01-07,13.110000000000001
2016-01-08,13.110000000000001
2016-01-09,11.040000000000001
2016-01-10,17.48
2016-01-11,13.8
2016-01-12,13.110000000000001
2016-01-13,12.65
2016-01-14,11.270000000000001
2016-01-15,11.73
2016-01-16,17.02
2016-01-17,20.470000000000002
2016-01-18,12.65
2016-01-19,12.88
2016-01-20,14.26
2016-01-21,14.030000000000001
2016-01-22,12.42
2016-01-23,12.190000000000001
2016-01-24,23.0
2016-01-25,18.86
2016-01-26,13.8
2016-01-27,15.180000000000001
2016-01-28,14.030000000000001
2016-01-29,14.49
2016-01-30,12.88
2016-01-31,14.950000000000001
2016-02-01,11.75
2016-02-02,10.75
2016-02-03,12.25
2016-02-04,13.0
2016-02-05,12.5
2016-02-06,11.0
2016-02-07,11.25
2016-02-08,25.0
2016-02-09,14.25
2016-02-10,13.5
2016-02-11,15.25
2016-02-12,11.25
2016-02-13,11.75
2016-02-14,10.25
2016-02-15,11.0
2016-02-16,16.75
2016-02-17,12.25
2016-02-18,11.5
2016-02-19,11.5
2016-02-20,10.75
2016-02-21,11.0
2016-02-22,11.75
2016-02-23,11.75
2016-02-24,11.25
2016-02-25,11.75
2016-02-26,11.5
2016-02-27,11.75
2016-02-28,10.25
2016-02-29,11.5
2016-03-01,21.16
2016-03-02,18.630000000000003
2016-03-03,20.470000000000002
2016-03-04,17.71
2016-03-05,18.630000000000003
2016-03-06,16.79
2016-03-07,21.62
2016-03-08,19.55
2016-03-09,18.400000000000002
2016-03-10,19.09
2016-03-11,19.32
2016-03-12,16.79
2016-03-13,19.32
2016-03-14,20.01
2016-03-15,19.78
2016-03-16,19.09
2016-03-17,20.93
2016-03-18,19.32
2016-03-19,19.55
2016-03-20,15.64
2016-03-21,20.470000000000002
2016-03-22,20.93
2016-03-23,18.400000000000002
2016-03-24,19.09
2016-03-25,19.78
2016-03-26,17.25
2016-03-27,17.25
2016-03-28,19.78
2016-03-29,18.17
2016-03-30,23.0
2016-03-31,20.01
2016-04-01,19.5
2016-04-02,17.75
2016-04-03,17.0
2016-04-04,21.5
2016-04-05,20.25
2016-04-06,19.5
2016-04-07,20.75
2016-04-08,19.75
2016-04-09,19.75
2016-04-10,25.0
2016-04-11,21.75
2016-04-12,22.0
2016-04-13,22.5
2016-04-14,20.25
2016-04-15,20.0
2016-04-16,20.0
2016-04-17,22.25
2016-04-18,19.5
2016-04-19,22.5
2016-04-20,20.75
2016-04-21,21.75
2016-04-22,18.25
2016-04-23,20.5
2016-04-24,23.25
2016-04-25,20.0
2016-04-26,19.75
2016-04-27,22.5
2016-04-28,20.75
2016-04-29,20.0
2016-04-30,21.5
2016-05-01,18.7
2016-05-02,20.24
2016-05-03,21.78
2016-05-04,16.5
2016-05-05,22.0
2016-05-06,15.4
2016-05-07,19.580000000000002
2016-05-08,17.38
2016-05-09,19.36
2016-05-10,17.16
2016-05-11,18.7
2016-05-12,19.8
2016-05-13,21.12
2016-05-14,20.46
2016-05-15,17.38
2016-05-16,17.82
2016-05-17,18.48
2016-05-18,18.26
2016-05-19,17.16
2016-05-20,17.6
2016-05-21,21.78
2016-05-22,16.28
2016-05-23,18.92
2016-05-24,14.96
2016-05-25,16.5
2016-05-26,19.8
2016-05-27,14.74
2016-05-28,15.18
2016-05-29,17.82
2016-05-30,18.7
2016-05-31,18.48
2016-06-01,11.5
2016-06-02,11.73
2016-06-03,12.88
2016-06-04,12.190000000000001
2016-06-05,12.190000000000001
2016-06-06,14.72
2016-06-07,12.65
2016-06-08,15.870000000000001
2016-06-09,16.330000000000002
2016-06-10,15.180000000000001
2016-06-11,13.110000000000001
2016-06-12,11.040000000000001
2016-06-13,13.8
2016-06-14,14.72
2016-06-15,12.190000000000001
2016-06-16,12.88
2016-06-17,13.34
2016-06-18,13.110000000000001
2016-06-19,13.57
2016-06-20,12.190000000000001
2016-06-21,12.190000000000001
2016-06-22,14.72
2016-06-23,12.190000000000001
2016-06-24,14.49
2016-06-25,11.73
2016-06-26,13.57
2016-06-27,16.79
2016-06-28,17.02
2016-06-29,19.55
2016-06-30,23.0
2016-07-01,23.0
2016-07-02,20.93
2016-07-03,23.0
2016-07-04,18.17
2016-07-05,18.86
2016-07-06,17.48
2016-07-07,18.17
2016-07-08,16.1
2016-07-09,17.02
2016-07-10,17.71
2016-07-11,18.400000000000002
2016-07-12,18.630000000000003
2016-07-13,21.39
2016-07-14,19.09
2016-07-15,17.71
2016-07-16,19.32
2016-07-17,19.09
2016-07-18,18.86
2016-07-19,19.32
2016-07-20,19.32
2016-07-21,18.400000000000002
2016-07-22,18.630000000000003
2016-07-23,17.71
2016-07-24,18.17
2016-07-25,16.79
2016-07-26,17.48
2016-07-27,15.870000000000001
2016-07-28,17.71
2016-07-29,15.64
2016-07-30,16.560000000000002
2016-07-31,19.09
2016-08-01,15.36
2016-08-02,17.92
2016-08-03,15.040000000000001
2016-08-04,16.32
2016-08-05,17.28
2016-08-06,16.64
2016-08-07,17.92
2016-08-08,24.0
2016-08-09,32.0
2016-08-10,30.72
2016-08-11,30.080000000000002
2016-08-12,26.240000000000002
2016-08-13,28.16
2016-08-14,30.080000000000002
2016-08-15,25.28
2016-08-16,22.400000000000002
2016-08-17,21.76
2016-08-18,21.44
2016-08-19,22.400000000000002
2016-08-20,26.88
2016-08-21,24.64
2016-08-22,21.12
2016-08-23,18.88
2016-08-24,20.48
2016-08-25,20.16
2016-08-26,23.04
2016-08-27,22.400000000000002
2016-08-28,23.04
2016-08-29,22.080000000000002
2016-08-30,19.84
2016-08-31,17.92
2016-09-01,20.02
2016-09-02,20.02
2016-09-03,20.24
2016-09-04,22.0
2016-09-05,19.8
2016-09-06,17.16
2016-09-07,16.94
2016-09-08,18.04
2016-09-09,18.26
2016-09-10,16.72
2016-09-11,15.84
2016-09-12,15.84
2016-09-13,18.92
2016-09-14,16.72
2016-09-15,17.16
2016-09-16,16.72
2016-09-17,16.06
2016-09-18,15.84
2016-09-19,16.72
2016-09-20,14.96
2016-09-21,16.5
2016-09-22,17.6
2016-09-23,15.84
2016-09-24,12.540000000000001
2016-09-25,17.82
2016-09-26,14.3
2016-09-27,14.08
2016-09-28,15.4
2016-09-29,16.06
2016-09-30,15.4
2016-10-01,16.2
2016-10-02,17.400000000000002
2016-10-03,16.6
2016-10-04,15.8
2016-10-05,18.0
2016-10-06,15.8
2016-10-07,15.8
2016-10-08,15.600000000000001
2016-10-09,13.600000000000001
2016-10-10,13.4
2016-10-11,16.0
2016-10-12,14.4
2016-10-13,17.2
2016-10-14,17.2
2016-10-15,15.600000000000001
2016-10-16,14.4
2016-10-17,17.6
2016-10-18,20.0
2016-10-19,18.400000000000002
2016-10-20,17.2
2016-10-21,14.600000000000001
2016-10-22,18.6
2016-10-23,16.2
2016-10-24,15.8
2016-10-25,16.8
2016-10-26,17.2
2016-10-27,19.6
2016-10-28,16.400000000000002
2016-10-29,15.4
2016-10-30,14.0
2016-10-31,15.8
2016-11-01,10.78
2016-11-02,11.66
2016-11-03,9.9
2016-11-04,11.0
2016-11-05,11.22
2016-11-06,8.8
2016-11-07,10.56
2016-11-08,11.22
2016-11-09,7.48
2016-11-10,11.0
2016-11-11,9.9
2016-11-12,10.56
2016-11-13,12.32
2016-11-14,14.96
2016-11-15,22.0
2016-11-16,21.12
2016-11-17,18.48
2016-11-18,15.84
2016-11-19,13.86
2016-11-20,13.64
2016-11-21,13.42
2016-11-22,11.0
2016-11-23,11.88
2016-11-24,9.24
2016-11-25,7.92
2016-11-26,9.46
2016-11-27,9.24
2016-11-28,10.78
2016-11-29,11.0
2016-11-30,11.22
2016-12-01,17.64
2016-12-02,17.099999999999998
2016-12-03,14.219999999999999
2016-12-04,16.02
2016-12-05,15.12
2016-12-06,15.84
2016-12-07,13.86
2016-12-08,14.219999999999999
2016-12-09,15.479999999999999
2016-12-10,15.299999999999999
2016-12-11,15.12
2016-12-12,14.94
2016-12-13,18.0
2016-12-14,16.02
2016-12-15,17.099999999999998
2016-12-16,16.56
2016-12-17,15.12
2016-12-18,14.219999999999999
2016-12-19,14.399999999999999
2016-12-20,16.38
2016-12-21,13.86
2016-12-22,14.94
2016-12-23,14.58
2016-12-24,13.5
2016-12-25,12.42
2016-12-26,12.42
2016-12-27,14.219999999999999
2016-12-28,15.479999999999999
2016-12-29,15.299999999999999
2016-12-30,14.94
2016-12-31,14.219999999999999
2017-01-01,13.229999999999999
2017-01-02,13.86
2017-01-03,16.59
2017-01-04,13.02
2017-01-05,17.64
2017-01-06,15.959999999999999
2017-01-07,16.8
2017-01-08,17.22
2017-01-09,17.009999999999998
2017-01-10,19.529999999999998
2017-01-11,17.43
2017-01-12,20.58
2017-01-13,17.43
2017-01-14,20.58
2017-01-15,19.74
2017-01-16,19.529999999999998
2017-01-17,16.169999999999998
2017-01-18,19.74
2017-01-19,18.06
2017-01-20,15.33
2017-01-21,18.27
2017-01-22,18.48
2017-01-23,18.06
2017-01-24,20.37
2017-01-25,21.0
2017-01-26,18.48
2017-01-27,17.22
2017-01-28,19.529999999999998
2017-01-29,17.64
2017-01-30,19.529999999999998
2017-01-31,19.32
2017-02-01,11.66
2017-02-02,12.32
2017-02-03,12.540000000000001
2017-02-04,11.22
2017-02-05,13.64
2017-02-06,22.0
2017-02-07,11.88
2017-02-08,10.56
2017-02-09,11.22
2017-02-10,11.22
2017-02-11,11.44
2017-02-12,10.56
2017-02-13,11.44
2017-02-14,11.22
2017-02-15,11.0
2017-02-16,11.44
2017-02-17,10.56
2017-02-18,9.24
2017-02-19,9.24
2017-02-20,9.46
2017-02-21,10.34
2017-02-22,12.32
2017-02-23,11.88
2017-02-24,9.68
2017-02-25,9.68
2017-02-26,10.78
2017-02-27,11.44
2017-02-28,8.58
2017-03-01,16.8
2017-03-02,19.200000000000003
2017-03-03,18.400000000000002
2017-03-04,16.8
2017-03-05,13.8
2017-03-06,19.400000000000002
2017-03-07,17.8
2017-03-08,16.2
2017-03-09,16.6
2017-03-10,17.2
2017-03-11,15.8
2017-03-12,15.4
2017-03-13,15.0
2017-03-14,16.0
2017-03-15,15.8
2017-03-16,15.0
2017-03-17,16.2
2017-03-18,16.400000000000002
2017-03-19,18.0
2017-03-20,14.4
2017-03-21,16.6
2017-03-22,20.0
2017-03-23,18.2
2017-03-24,14.8
2017-03-25,16.0
2017-03-26,14.8
2017-03-27,15.600000000000001
2017-03-28,16.400000000000002
2017-03-29,15.8
2017-03-30,15.600000000000001
2017-03-31,16.400000000000002
2017-04-01,3.0
2017-04-02,4.0
2017-04-03,4.0
2017-04-04,6.0
2017-04-05,95.0
2017-04-06,100.0
2017-04-07,45.0
2017-04-08,30.0
2017-04-09,33.0
2017-04-10,26.0
2017-04-11,31.0
2017-04-12,34.0
2017-04-13,20.0
2017-04-14,11.0
2017-04-15,10.0
2017-04-16,17.0
2017-04-17,11.0
2017-04-18,8.0
2017-04-19,7.0
2017-04-20,6.0
2017-04-21,6.0
2017-04-22,5.0
2017-04-23,5.0
2017-04-24,5.0
2017-04-25,6.0
2017-04-26,5.0
2017-04-27,7.0
2017-04-28,7.0
2017-04-29,6.0
2017-04-30,5.0
2017-05-01,17.25
2017-05-02,17.75
2017-05-03,15.0
2017-05-04,14.75
2017-05-05,15.25
2017-05-06,12.75
2017-05-07,11.25
2017-05-08,14.25
2017-05-09,13.75
2017-05-10,13.0
2017-05-11,14.0
2017-05-12,13.0
2017-05-13,12.5
2017-05-14,12.5
2017-05-15,13.25
2017-05-16,15.5
2017-05-17,13.75
2017-05-18,12.0
2017-05-19,13.0
2017-05-20,13.25
2017-05-21,12.25
2017-05-22,12.25
2017-05-23,13.75
2017-05-24,15.75
2017-05-25,17.25
2017-05-26,16.25
2017-05-27,20.25
2017-05-28,25.0
2017-05-29,25.0
2017-05-30,18.5
2017-05-31,17.75
2017-06-01,23.92
2017-06-02,19.240000000000002
2017-06-03,24.96
2017-06-04,23.14
2017-06-05,18.72
2017-06-06,22.1
2017-06-07,21.060000000000002
2017-06-08,22.880000000000003
2017-06-09,21.060000000000002
2017-06-10,18.46
2017-06-11,26.0
2017-06-12,17.68
2017-06-13,19.5
2017-06-14,18.72
2017-06-15,19.5
2017-06-16,22.36
2017-06-17,21.060000000000002
2017-06-18,22.62
2017-06-19,21.060000000000002
2017-06-20,21.84
2017-06-21,21.84
2017-06-22,23.66
2017-06-23,22.880000000000003
2017-06-24,21.32
2017-06-25,22.62
2017-06-26,20.02
2017-06-27,21.32
2017-06-28,20.02
2017-06-29,20.02
2017-06-30,24.7
2017-07-01,20.25
2017-07-02,18.25
2017-07-03,17.0
2017-07-04,20.25
2017-07-05,16.0
2017-07-06,16.75
2017-07-07,17.5
2017-07-08,16.75
2017-07-09,19.25
2017-07-10,19.75
2017-07-11,20.5
2017-07-12,19.0
2017-07-13,18.25
2017-07-14,25.0
2017-07-15,24.5
2017-07-16,25.0
2017-07-17,24.75
2017-07-18,20.75
2017-07-19,21.25
2017-07-20,18.25
2017-07-21,18.75
2017-07-22,20.75
2017-07-23,17.0
2017-07-24,19.25
2017-07-25,20.5
2017-07-26,18.75
2017-07-27,19.0
2017-07-28,19.0
2017-07-29,19.0
2017-07-30,18.5
2017-07-31,19.5
2017-08-01,13.57
2017-08-02,17.71
2017-08-03,14.950000000000001
2017-08-04,13.34
2017-08-05,12.190000000000001
2017-08-06,10.120000000000001
2017-08-07,10.81
2017-08-08,10.35
2017-08-09,11.73
2017-08-10,11.5
2017-08-11,10.58
2017-08-12,10.58
2017-08-13,12.42
2017-08-14,11.73
2017-08-15,12.88
2017-08-16,14.49
2017-08-17,12.190000000000001
2017-08-18,11.270000000000001
2017-08-19,11.96
2017-08-20,11.73
2017-08-21,9.43
2017-08-22,22.540000000000003
2017-08-23,23.0
2017-08-24,17.25
2017-08-25,14.950000000000001
2017-08-26,11.73
2017-08-27,10.120000000000001
2017-08-28,11.5
2017-08-29,13.57
2017-08-30,13.34
2017-08-31,11.040000000000001
2017-09-01,15.37
2017-09-02,19.139999999999997
2017-09-03,16.529999999999998
2017-09-04,16.529999999999998
2017-09-05,18.27
2017-09-06,17.11
2017-09-07,17.11
2017-09-08,19.72
2017-09-09,18.56
2017-09-10,19.43
2017-09-11,22.33
2017-09-12,25.81
2017-09-13,28.999999999999996
2017-09-14,24.939999999999998
2017-09-15,22.33
2017-09-16,16.82
2017-09-17,15.659999999999998
2017-09-18,17.98
2017-09-19,19.72
2017-09-20,22.91
2017-09-21,25.81
2017-09-22,24.36
2017-09-23,23.779999999999998
2017-09-24,24.36
2017-09-25,22.91
2017-09-26,22.619999999999997
2017-09-27,22.04
2017-09-28,18.849999999999998
2017-09-29,16.24
2017-09-30,16.529999999999998
2017-10-01,8.0
2017-10-02,25.0
2017-10-03,21.0
2017-10-04,13.75
2017-10-05,10.75
2017-10-06,8.75
2017-10-07,9.25
2017-10-08,8.0
2017-10-09,10.75
2017-10-10,10.0
2017-10-11,9.0
2017-10-12,8.25
2017-10-13,8.75
2017-10-14,8.25
2017-10-15,8.25
2017-10-16,9.0
2017-10-17,9.75
2017-10-18,8.5
2017-10-19,8.75
2017-10-20,8.0
2017-10-21,8.75
2017-10-22,8.25
2017-10-23,8.25
2017-10-24,8.5
2017-10-25,8.0
2017-10-26,9.0
2017-10-27,7.5
2017-10-28,6.5
2017-10-29,8.5
2017-10-30,7.5
2017-10-31,8.0
2017-11-01,13.8
2017-11-02,16.2
2017-11-03,15.4
2017-11-04,13.4
2017-11-05,14.8
2017-11-06,14.600000000000001
2017-11-07,15.600000000000001
2017-11-08,17.8
2017-11-09,16.6
2017-11-10,15.4
2017-11-11,17.6
2017-11-12,17.400000000000002
2017-11-13,17.8
2017-11-14,17.400000000000002
2017-11-15,18.6
2017-11-16,17.0
2017-11-17,16.2
2017-11-18,14.0
2017-11-19,14.200000000000001
2017-11-20,15.200000000000001
2017-11-21,16.0
2017-11-22,12.8
2017-11-23,13.200000000000001
2017-11-24,11.8
2017-11-25,13.0
2017-11-26,13.8
2017-11-27,15.4
2017-11-28,14.0
2017-11-29,16.2
2017-11-30,20.0
2017-12-01,18.0
2017-12-02,16.56
2017-12-03,17.099999999999998
2017-12-04,16.02
2017-12-05,15.12
2017-12-06,16.02
2017-12-07,14.58
2017-12-08,13.68
2017-12-09,13.139999999999999
2017-12-10,14.58
2017-12-11,14.94
2017-12-12,15.12
2017-12-13,16.74
2017-12-14,14.94
2017-12-15,15.12
2017-12-16,12.42
2017-12-17,11.52
2017-12-18,16.38
2017-12-19,14.04
2017-12-20,14.219999999999999
2017-12-21,13.32
2017-12-22,11.879999999999999
2017-12-23,11.7
2017-12-24,13.32
2017-12-25,14.04
2017-12-26,12.6
2017-12-27,15.299999999999999
2017-12-28,13.139999999999999
2017-12-29,16.74
2017-12-30,13.86
2017-12-31,14.399999999999999
2018-01-01,16.1
2018-01-02,15.41
2018-01-03,16.560000000000002
2018-01-04,16.1
2018-01-05,18.400000000000002
2018-01-06,18.86
2018-01-07,18.400000000000002
2018-01-08,18.400000000000002
2018-01-09,15.870000000000001
2018-01-10,16.79
2018-01-11,18.400000000000002
2018-01-12,17.02
2018-01-13,15.64
2018-01-14,21.62
2018-01-15,17.25
2018-01-16,18.86
2018-01-17,17.48
2018-01-18,18.17
2018-01-19,22.77
2018-01-20,23.0
2018-01-21,20.7
2018-01-22,19.78
2018-01-23,22.080000000000002
2018-01-24,20.470000000000002
2018-01-25,21.62
2018-01-26,20.01
2018-01-27,18.630000000000003
2018-01-28,19.09
2018-01-29,20.470000000000002
2018-01-30,21.39
2018-01-31,20.470000000000002
2018-02-01,14.000000000000002
2018-02-02,14.280000000000001
2018-02-03,14.000000000000002
2018-02-04,16.8
2018-02-05,28.000000000000004
2018-02-06,16.8
2018-02-07,14.000000000000002
2018-02-08,13.72
2018-02-09,13.440000000000001
2018-02-10,24.64
2018-02-11,14.280000000000001
2018-02-12,13.440000000000001
2018-02-13,15.120000000000001
2018-02-14,14.280000000000001
2018-02-15,15.400000000000002
2018-02-16,14.000000000000002
2018-02-17,14.000000000000002
2018-02-18,15.680000000000001
2018-02-19,13.160000000000002
2018-02-20,12.32
2018-02-21,10.920000000000002
2018-02-22,11.200000000000001
2018-02-23,11.760000000000002
2018-02-24,13.160000000000002
2018-02-25,12.32
2018-02-26,12.32
2018-02-27,12.32
2018-02-28,12.040000000000001
2018-03-01,19.78
2018-03-02,19.09
2018-03-03,17.25
2018-03-04,21.85
2018-03-05,17.94
2018-03-06,19.32
2018-03-07,18.630000000000003
2018-03-08,18.86
2018-03-09,16.560000000000002
2018-03-10,18.86
2018-03-11,18.630000000000003
2018-03-12,17.94
2018-03-13,19.09
2018-03-14,23.0
2018-03-15,19.32
2018-03-16,17.48
2018-03-17,17.71
2018-03-18,21.62
2018-03-19,18.630000000000003
2018-03-20,20.7
2018-03-21,20.7
2018-03-22,19.55
2018-03-23,20.01
2018-03-24,19.78
2018-03-25,19.09
2018-03-26,18.400000000000002
2018-03-27,17.94
2018-03-28,19.32
2018-03-29,18.86
2018-03-30,17.25
2018-03-31,20.470000000000002
2018-04-01,14.600000000000001
2018-04-02,15.4
2018-04-03,19.400000000000002
2018-04-04,17.6
2018-04-05,19.8
2018-04-06,17.2
2018-04-07,19.6
2018-04-08,15.600000000000001
2018-04-09,19.200000000000003
2018-04-10,18.8
2018-04-11,16.0
2018-04-12,20.0
2018-04-13,17.400000000000002
2018-04-14,17.2
2018-04-15,14.600000000000001
2018-04-16,17.2
2018-04-17,16.8
2018-04-18,19.0
2018-04-19,16.400000000000002
2018-04-20,17.0
2018-04-21,15.600000000000001
2018-04-22,16.2
2018-04-23,17.0
2018-04-24,15.4
2018-04-25,15.8
2018-04-26,15.600000000000001
2018-04-27,17.8
2018-04-28,17.2
2018-04-29,15.0
2018-04-30,16.0
2018-05-01,16.5
2018-05-02,19.8
2018-05-03,19.8
2018-05-04,17.38
2018-05-05,17.16
2018-05-06,16.28
2018-05-07,18.04
2018-05-08,19.8
2018-05-09,19.580000000000002
2018-05-10,20.68
2018-05-11,22.0
2018-05-12,19.580000000000002
2018-05-13,17.6
2018-05-14,17.82
2018-05-15,20.9
2018-05-16,18.04
2018-05-17,18.04
2018-05-18,16.94
2018-05-19,15.62
2018-05-20,17.6
2018-05-21,20.68
2018-05-22,18.04
2018-05-23,21.56
2018-05-24,20.46
2018-05-25,19.36
2018-05-26,18.92
2018-05-27,21.12
2018-05-28,19.580000000000002
2018-05-29,20.02
2018-05-30,18.92
2018-05-31,18.7
2018-06-01,17.02
2018-06-02,18.86
2018-06-03,19.55
2018-06-04,19.32
2018-06-05,18.630000000000003
2018-06-06,19.09
2018-06-07,17.02
2018-06-08,16.330000000000002
2018-06-09,16.560000000000002
2018-06-10,17.94
2018-06-11,17.48
2018-06-12,19.55
2018-06-13,18.630000000000003
2018-06-14,17.71
2018-06-15,18.630000000000003
2018-06-16,17.71
2018-06-17,17.94
2018-06-18,18.17
2018-06-19,18.630000000000003
2018-06-20,17.71
2018-06-21,23.0
2018-06-22,17.71
2018-06-23,17.71
2018-06-24,19.09
2018-06-25,18.630000000000003
2018-06-26,19.32
2018-06-27,18.400000000000002
2018-06-28,19.09
2018-06-29,18.86
2018-06-30,23.0
2018-07-01,22.0
2018-07-02,18.75
2018-07-03,20.75
2018-07-04,22.75
2018-07-05,17.5
2018-07-06,18.0
2018-07-07,25.0
2018-07-08,20.5
2018-07-09,19.0
2018-07-10,19.75
2018-07-11,19.5
2018-07-12,20.0
2018-07-13,19.75
2018-07-14,17.25
2018-07-15,15.75
2018-07-16,18.75
2018-07-17,19.0
2018-07-18,21.5
2018-07-19,21.25
2018-07-20,21.25
2018-07-21,20.75
2018-07-22,17.75
2018-07-23,18.0
2018-07-24,20.0
2018-07-25,19.75
2018-07-26,17.5
2018-07-27,19.25
2018-07-28,19.75
2018-07-29,17.25
2018-07-30,18.0
2018-07-31,18.5
2018-08-01,18.17
2018-08-02,17.48
2018-08-03,15.41
2018-08-04,15.64
2018-08-05,17.25
2018-08-06,23.0
2018-08-07,22.080000000000002
2018-08-08,19.55
2018-08-09,17.02
2018-08-10,19.09
2018-08-11,19.55
2018-08-12,16.1
2018-08-13,15.64
2018-08-14,15.41
2018-08-15,17.71
2018-08-16,16.79
2018-08-17,16.330000000000002
2018-08-18,14.72
2018-08-19,16.330000000000002
2018-08-20,22.540000000000003
2018-08-21,18.86
2018-08-22,18.630000000000003
2018-08-23,15.180000000000001
2018-08-24,17.02
2018-08-25,15.870000000000001
2018-08-26,15.180000000000001
2018-08-27,16.560000000000002
2018-08-28,17.25
2018-08-29,17.25
2018-08-30,16.330000000000002
2018-08-31,18.17
2018-09-01,17.849999999999998
2018-09-02,21.0
2018-09-03,20.58
2018-09-04,17.64
2018-09-05,19.95
2018-09-06,19.74
2018-09-07,18.27
2018-09-08,16.8
2018-09-09,18.06
2018-09-10,18.689999999999998
2018-09-11,16.38
2018-09-12,18.06
2018-09-13,15.75
2018-09-14,16.59
2018-09-15,14.07
2018-09-16,15.12
2018-09-17,19.95
2018-09-18,18.9
2018-09-19,18.27
2018-09-20,18.9
2018-09-21,17.849999999999998
2018-09-22,14.91
2018-09-23,18.06
2018-09-24,16.8
2018-09-25,17.43
2018-09-26,18.48
2018-09-27,15.959999999999999
2018-09-28,16.169999999999998
2018-09-29,14.07
2018-09-30,14.49
2018-10-01,17.849999999999998
2018-10-02,19.95
2018-10-03,21.0
2018-10-04,18.689999999999998
2018-10-05,18.48
2018-10-06,18.689999999999998
2018-10-07,16.8
2018-10-08,18.9
2018-10-09,17.22
2018-10-10,17.64
2018-10-11,18.48
2018-10-12,18.06
2018-10-13,15.33
2018-10-14,18.9
2018-10-15,16.38
2018-10-16,16.38
2018-10-17,17.22
2018-10-18,17.849999999999998
2018-10-19,17.849999999999998
2018-10-20,14.07
2018-10-21,16.59
2018-10-22,17.009999999999998
2018-10-23,17.43
2018-10-24,17.009999999999998
2018-10-25,18.9
2018-10-26,19.32
2018-10-27,14.91
2018-10-28,17.849999999999998
2018-10-29,17.64
2018-10-30,18.27
2018-10-31,17.22
2018-11-01,13.68
2018-11-02,13.870000000000001
2018-11-03,14.82
2018-11-04,12.73
2018-11-05,13.870000000000001
2018-11-06,15.77
2018-11-07,13.870000000000001
2018-11-08,12.73
2018-11-09,13.11
2018-11-10,15.58
2018-11-11,16.34
2018-11-12,14.44
2018-11-13,13.3
2018-11-14,19.0
2018-11-15,13.49
2018-11-16,13.870000000000001
2018-11-17,13.68
2018-11-18,14.25
2018-11-19,13.68
2018-11-20,12.540000000000001
2018-11-21,13.11
2018-11-22,10.07
2018-11-23,12.16
2018-11-24,11.4
2018-11-25,11.97
2018-11-26,12.35
2018-11-27,14.25
2018-11-28,15.39
2018-11-29,14.06
2018-11-30,12.35
2018-12-01,15.12
2018-12-02,14.219999999999999
2018-12-03,15.84
2018-12-04,16.02
2018-12-05,15.12
2018-12-06,16.919999999999998
2018-12-07,16.02
2018-12-08,14.58
2018-12-09,12.959999999999999
2018-12-10,12.959999999999999
2018-12-11,14.76
2018-12-12,16.74
2018-12-13,16.919999999999998
2018-12-14,14.219999999999999
2018-12-15,15.479999999999999
2018-12-16,13.68
2018-12-17,14.58
2018-12-18,18.0
2018-12-19,16.2
2018-12-20,15.66
2018-12-21,12.959999999999999
2018-12-22,14.58
2018-12-23,14.76
2018-12-24,12.059999999999999
2018-12-25,12.6
2018-12-26,12.78
2018-12-27,12.78
2018-12-28,12.6
2018-12-29,14.94
2018-12-30,14.58
2018-12-31,14.399999999999999
2019-01-01,15.6
2019-01-02,15.36
2019-01-03,15.6
2019-01-04,16.08
2019-01-05,15.36
2019-01-06,16.32
2019-01-07,20.4
2019-01-08,21.36
2019-01-09,19.919999999999998
2019-01-10,24.0
2019-01-11,21.119999999999997
2019-01-12,19.68
2019-01-13,23.52
2019-01-14,20.16
2019-01-15,22.32
2019-01-16,21.36
2019-01-17,20.16
2019-01-18,20.64
2019-01-19,19.439999999999998
2019-01-20,18.24
2019-01-21,18.0
2019-01-22,17.52
2019-01-23,18.96
2019-01-24,20.16
2019-01-25,19.68
2019-01-26,18.0
2019-01-27,17.52
2019-01-28,17.52
2019-01-29,20.4
2019-01-30,21.119999999999997
2019-01-31,23.279999999999998
2019-02-01,9.86
2019-02-02,9.86
2019-02-03,11.02
2019-02-04,28.999999999999996
2019-02-05,12.469999999999999
2019-02-06,9.569999999999999
2019-02-07,10.149999999999999
2019-02-08,10.44
2019-02-09,9.569999999999999
2019-02-10,9.28
2019-02-11,10.729999999999999
2019-02-12,9.569999999999999
2019-02-13,8.7
2019-02-14,8.41
2019-02-15,10.149999999999999
2019-02-16,8.7
2019-02-17,9.86
2019-02-18,8.99
2019-02-19,9.28
2019-02-20,8.7
2019-02-21,8.99
2019-02-22,8.99
2019-02-23,7.829999999999999
2019-02-24,9.86
2019-02-25,8.41
2019-02-26,8.99
2019-02-27,9.28
2019-02-28,9.86
2019-03-01,17.02
2019-03-02,18.630000000000003
2019-03-03,16.79
2019-03-04,16.560000000000002
2019-03-05,18.630000000000003
2019-03-06,17.71
2019-03-07,17.94
2019-03-08,20.7
2019-03-09,20.470000000000002
2019-03-10,17.02
2019-03-11,16.1
2019-03-12,17.25
2019-03-13,18.17
2019-03-14,17.25
2019-03-15,15.870000000000001
2019-03-16,16.1
2019-03-17,16.1
2019-03-18,17.02
2019-03-19,16.1
2019-03-20,16.560000000000002
2019-03-21,15.41
2019-03-22,16.330000000000002
2019-03-23,16.1
2019-03-24,15.64
2019-03-25,16.330000000000002
2019-03-26,20.7
2019-03-27,20.93
2019-03-28,17.94
2019-03-29,23.0
2019-03-30,18.400000000000002
2019-03-31,17.71
2019-04-01,18.7
2019-04-02,20.9
2019-04-03,20.24
2019-04-04,19.36
2019-04-05,18.92
2019-04-06,18.04
2019-04-07,17.6
2019-04-08,16.5
2019-04-09,18.04
2019-04-10,20.46
2019-04-11,17.38
2019-04-12,17.38
2019-04-13,17.82
2019-04-14,16.06
2019-04-15,19.580000000000002
2019-04-16,21.78
2019-04-17,20.24
2019-04-18,18.04
2019-04-19,17.6
2019-04-20,16.5
2019-04-21,14.74
2019-04-22,17.82
2019-04-23,22.0
2019-04-24,18.26
2019-04-25,17.38
2019-04-26,20.46
2019-04-27,19.36
2019-04-28,17.6
2019-04-29,18.7
2019-04-30,20.68
2019-05-01,18.86
2019-05-02,18.400000000000002
2019-05-03,19.78
2019-05-04,16.560000000000002
2019-05-05,15.64
2019-05-06,18.400000000000002
2019-05-07,19.78
2019-05-08,20.93
2019-05-09,18.17
2019-05-10,17.94
2019-05-11,16.560000000000002
2019-05-12,17.94
2019-05-13,15.41
2019-05-14,23.0
2019-05-15,17.48
2019-05-16,19.32
2019-05-17,18.17
2019-05-18,15.64
2019-05-19,16.79
2019-05-20,18.400000000000002
2019-05-21,19.32
2019-05-22,19.55
2019-05-23,18.17
2019-05-24,17.25
2019-05-25,18.400000000000002
2019-05-26,15.64
2019-05-27,16.1
2019-05-28,18.17
2019-05-29,16.79
2019-05-30,17.25
2019-05-31,15.41
2019-06-01,11.0
2019-06-02,10.34
2019-06-03,12.1
2019-06-04,11.66
2019-06-05,10.78
2019-06-06,10.78
2019-06-07,11.44
2019-06-08,10.78
2019-06-09,11.88
2019-06-10,11.44
2019-06-11,12.32
2019-06-12,11.66
2019-06-13,11.0
2019-06-14,10.12
2019-06-15,9.68
2019-06-16,10.78
2019-06-17,10.56
2019-06-18,11.66
2019-06-19,12.1
2019-06-20,22.0
2019-06-21,18.7
2019-06-22,16.94
2019-06-23,14.96
2019-06-24,12.540000000000001
2019-06-25,12.76
2019-06-26,12.98
2019-06-27,11.66
2019-06-28,11.22
2019-06-29,11.44
2019-06-30,10.34
2019-07-01,17.43
2019-07-02,17.22
2019-07-03,16.8
2019-07-04,15.33
2019-07-05,14.91
2019-07-06,15.33
2019-07-07,16.59
2019-07-08,15.12
2019-07-09,17.64
2019-07-10,21.0
2019-07-11,19.529999999999998
2019-07-12,19.529999999999998
2019-07-13,18.48
2019-07-14,17.009999999999998
2019-07-15,16.169999999999998
2019-07-16,17.64
2019-07-17,18.27
2019-07-18,15.75
2019-07-19,17.849999999999998
2019-07-20,15.959999999999999
2019-07-21,13.229999999999999
2019-07-22,15.959999999999999
2019-07-23,14.91
2019-07-24,15.12
2019-07-25,17.22
2019-07-26,17.009999999999998
2019-07-27,15.959999999999999
2019-07-28,14.28
2019-07-29,17.22
2019-07-30,16.169999999999998
2019-07-31,15.54
2019-08-01,16.0
2019-08-02,16.8
2019-08-03,17.6
2019-08-04,13.600000000000001
2019-08-05,15.8
2019-08-06,15.4
2019-08-07,15.4
2019-08-08,15.200000000000001
2019-08-09,16.8
2019-08-10,11.8
2019-08-11,13.0
2019-08-12,17.0
2019-08-13,15.4
2019-08-14,16.400000000000002
2019-08-15,14.600000000000001
2019-08-16,15.0
2019-08-17,17.400000000000002
2019-08-18,14.600000000000001
2019-08-19,20.0
2019-08-20,19.8
2019-08-21,15.200000000000001
2019-08-22,16.0
2019-08-23,15.0
2019-08-24,15.200000000000001
2019-08-25,14.0
2019-08-26,13.4
2019-08-27,14.600000000000001
2019-08-28,14.8
2019-08-29,15.600000000000001
2019-08-30,14.600000000000001
2019-08-31,15.4
2019-09-01,14.44
2019-09-02,14.82
2019-09-03,14.25
2019-09-04,15.39
2019-09-05,17.29
2019-09-06,18.62
2019-09-07,13.870000000000001
2019-09-08,13.870000000000001
2019-09-09,14.63
2019-09-10,17.67
2019-09-11,16.53
2019-09-12,16.34
2019-09-13,18.62
2019-09-14,15.58
2019-09-15,15.01
2019-09-16,15.96
2019-09-17,19.0
2019-09-18,16.91
2019-09-19,16.34
2019-09-20,16.91
2019-09-21,17.1
2019-09-22,17.67
2019-09-23,18.240000000000002
2019-09-24,16.15
2019-09-25,18.43
2019-09-26,14.44
2019-09-27,15.96
2019-09-28,14.82
2019-09-29,15.77
2019-09-30,16.15
2019-10-01,18.43
2019-10-02,17.86
2019-10-03,18.05
2019-10-04,17.67
2019-10-05,16.34
2019-10-06,15.2
2019-10-07,16.53
2019-10-08,17.67
2019-10-09,17.1
2019-10-10,18.05
2019-10-11,17.1
2019-10-12,17.1
2019-10-13,15.96
2019-10-14,17.86
2019-10-15,17.86
2019-10-16,17.67
2019-10-17,17.29
2019-10-18,16.72
2019-10-19,15.39
2019-10-20,15.01
2019-10-21,17.29
2019-10-22,16.15
2019-10-23,17.1
2019-10-24,16.34
2019-10-25,15.77
2019-10-26,15.01
2019-10-27,17.67
2019-10-28,16.53
2019-10-29,19.0
2019-10-30,17.1
2019-10-31,16.91
2019-11-01,12.92
2019-11-02,12.92
2019-11-03,13.49
2019-11-04,16.15
2019-11-05,14.82
2019-11-06,14.82
2019-11-07,17.1
2019-11-08,18.240000000000002
2019-11-09,19.0
2019-11-10,18.05
2019-11-11,16.34
2019-11-12,14.44
2019-11-13,15.96
2019-11-14,14.25
2019-11-15,15.39
2019-11-16,13.3
2019-11-17,14.63
2019-11-18,15.2
2019-11-19,15.58
2019-11-20,17.29
2019-11-21,18.81
2019-11-22,15.96
2019-11-23,14.82
2019-11-24,15.39
2019-11-25,16.15
2019-11-26,15.2
2019-11-27,12.92
2019-11-28,16.34
2019-11-29,15.2
2019-11-30,12.16
2019-12-01,13.68
2019-12-02,13.68
2019-12-03,15.299999999999999
2019-12-04,16.74
2019-12-05,16.74
2019-12-06,15.479999999999999
2019-12-07,15.299999999999999
2019-12-08,13.86
2019-12-09,16.02
2019-12-10,14.399999999999999
2019-12-11,14.94
2019-12-12,17.46
2019-12-13,18.0
2019-12-14,16.56
2019-12-15,13.86
2019-12-16,14.399999999999999
2019-12-17,14.219999999999999
2019-12-18,13.86
2019-12-19,15.84
2019-12-20,13.5
2019-12-21,15.299999999999999
2019-12-22,13.32
2019-12-23,15.12
2019-12-24,13.86
2019-12-25,14.04
2019-12-26,16.02
2019-12-27,14.58
2019-12-28,16.38
2019-12-29,14.219999999999999
2019-12-30,13.86
2019-12-31,16.02
2020-01-01,14.4
2020-01-02,14.200000000000001
2020-01-03,13.4
2020-01-04,14.4
2020-01-05,15.600000000000001
2020-01-06,17.0
2020-01-07,15.600000000000001
2020-01-08,15.0
2020-01-09,14.8
2020-01-10,14.8
2020-01-11,16.400000000000002
2020-01-12,18.2
2020-01-13,17.0
2020-01-14,17.2
2020-01-15,16.0
2020-01-16,18.8
2020-01-17,14.600000000000001
2020-01-18,14.8
2020-01-19,16.6
2020-01-20,16.0
2020-01-21,16.0
2020-01-22,14.600000000000001
2020-01-23,16.400000000000002
2020-01-24,15.600000000000001
2020-01-25,14.8
2020-01-26,14.8
2020-01-27,16.8
2020-01-28,16.6
2020-01-29,18.0
2020-01-30,17.8
2020-01-31,20.0
2020-02-01,8.97
2020-02-02,9.43
2020-02-03,23.0
2020-02-04,10.58
2020-02-05,8.05
2020-02-06,8.97
2020-02-07,9.200000000000001
2020-02-08,7.82
2020-02-09,8.74
2020-02-10,8.74
2020-02-11,8.51
2020-02-12,8.280000000000001
2020-02-13,9.89
2020-02-14,8.51
2020-02-15,7.590000000000001
2020-02-16,8.280000000000001
2020-02-17,8.51
2020-02-18,9.200000000000001
2020-02-19,8.74
2020-02-20,7.36
2020-02-21,7.82
2020-02-22,8.05
2020-02-23,7.590000000000001
2020-02-24,7.82
2020-02-25,7.82
2020-02-26,8.51
2020-02-27,7.82
2020-02-28,7.36
2020-02-29,7.13
2020-03-01,13.139999999999999
2020-03-02,12.959999999999999
2020-03-03,12.959999999999999
2020-03-04,14.399999999999999
2020-03-05,14.58
2020-03-06,11.52
2020-03-07,13.139999999999999
2020-03-08,13.32
2020-03-09,13.68
2020-03-10,13.32
2020-03-11,15.479999999999999
2020-03-12,18.0
2020-03-13,14.399999999999999
2020-03-14,11.879999999999999
2020-03-15,11.7
2020-03-16,10.62
2020-03-17,10.26
2020-03-18,12.24
2020-03-19,8.82
2020-03-20,9.36
2020-03-21,9.54
2020-03-22,9.54
2020-03-23,10.08
2020-03-24,10.44
2020-03-25,11.7
2020-03-26,11.52
2020-03-27,10.44
2020-03-28,9.54
2020-03-29,10.08
2020-03-30,10.799999999999999
2020-03-31,9.9
2020-04-01,12.9
2020-04-02,11.25
2020-04-03,12.15
2020-04-04,12.45
2020-04-05,11.25
2020-04-06,12.299999999999999
2020-04-07,13.35
2020-04-08,13.2
2020-04-09,13.2
2020-04-10,12.6
2020-04-11,11.7
2020-04-12,10.2
2020-04-13,12.15
2020-04-14,13.35
2020-04-15,12.299999999999999
2020-04-16,12.9
2020-04-17,12.299999999999999
2020-04-18,15.0
2020-04-19,13.35
2020-04-20,11.85
2020-04-21,14.1
2020-04-22,13.049999999999999
2020-04-23,11.25
2020-04-24,11.1
2020-04-25,10.5
2020-04-26,11.25
2020-04-27,11.85
2020-04-28,13.95
2020-04-29,13.049999999999999
2020-04-30,12.0
