date,Pfizer
2011-01-01,17.36
2011-01-02,29.759999999999998
2011-01-03,39.06
2011-01-04,45.26
2011-01-05,42.78
2011-01-06,31.62
2011-01-07,45.26
2011-01-08,28.52
2011-01-09,22.94
2011-01-10,40.3
2011-01-11,44.64
2011-01-12,47.74
2011-01-13,40.3
2011-01-14,38.44
2011-01-15,30.38
2011-01-16,29.14
2011-01-17,24.18
2011-01-18,57.04
2011-01-19,45.26
2011-01-20,30.38
2011-01-21,44.64
2011-01-22,26.66
2011-01-23,16.12
2011-01-24,56.42
2011-01-25,62.0
2011-01-26,34.1
2011-01-27,42.16
2011-01-28,40.92
2011-01-29,35.339999999999996
2011-01-30,22.94
2011-01-31,40.92
2011-02-01,65.0
2011-02-02,53.300000000000004
2011-02-03,48.75
2011-02-04,44.85
2011-02-05,22.75
2011-02-06,16.25
2011-02-07,36.4
2011-02-08,33.15
2011-02-09,33.800000000000004
2011-02-10,31.200000000000003
2011-02-11,34.45
2011-02-12,19.5
2011-02-13,17.55
2011-02-14,26.0
2011-02-15,36.4
2011-02-16,35.1
2011-02-17,33.800000000000004
2011-02-18,37.050000000000004
2011-02-19,14.950000000000001
2011-02-20,17.55
2011-02-21,30.55
2011-02-22,29.900000000000002
2011-02-23,32.5
2011-02-24,31.85
2011-02-25,33.800000000000004
2011-02-26,17.55
2011-02-27,20.150000000000002
2011-02-28,24.7
2011-03-01,51.480000000000004
2011-03-02,36.300000000000004
2011-03-03,47.52
2011-03-04,45.54
2011-03-05,29.040000000000003
2011-03-06,21.12
2011-03-07,58.74
2011-03-08,53.46
2011-03-09,56.760000000000005
2011-03-10,50.82
2011-03-11,51.480000000000004
2011-03-12,27.060000000000002
2011-03-13,18.48
2011-03-14,50.82
2011-03-15,66.0
2011-03-16,58.080000000000005
2011-03-17,56.1
2011-03-18,46.2
2011-03-19,25.080000000000002
2011-03-20,27.720000000000002
2011-03-21,38.28
2011-03-22,50.160000000000004
2011-03-23,62.7
2011-03-24,42.9
2011-03-25,42.9
2011-03-26,29.700000000000003
2011-03-27,29.700000000000003
2011-03-28,60.06
2011-03-29,52.800000000000004
2011-03-30,44.22
2011-03-31,40.260000000000005
2011-04-01,45.14
2011-04-02,28.06
2011-04-03,25.009999999999998
2011-04-04,42.699999999999996
2011-04-05,42.699999999999996
2011-04-06,46.97
2011-04-07,45.14
2011-04-08,37.82
2011-04-09,22.57
2011-04-10,25.62
2011-04-11,43.92
2011-04-12,46.97
2011-04-13,45.14
2011-04-14,61.0
2011-04-15,43.31
2011-04-16,23.79
2011-04-17,27.45
2011-04-18,41.48
2011-04-19,44.53
2011-04-20,40.87
2011-04-21,51.85
2011-04-22,32.94
2011-04-23,14.03
2011-04-24,17.69
2011-04-25,35.99
2011-04-26,46.97
2011-04-27,44.53
2011-04-28,46.97
2011-04-29,35.99
2011-04-30,14.03
2011-05-01,25.65
2011-05-02,56.99999999999999
2011-05-03,55.85999999999999
2011-05-04,45.029999999999994
2011-05-05,53.01
2011-05-06,45.599999999999994
2011-05-07,26.22
2011-05-08,25.65
2011-05-09,50.16
2011-05-10,42.18
2011-05-11,50.16
2011-05-12,43.88999999999999
2011-05-13,35.91
2011-05-14,21.659999999999997
2011-05-15,24.509999999999998
2011-05-16,49.589999999999996
2011-05-17,45.599999999999994
2011-05-18,31.919999999999998
2011-05-19,46.169999999999995
2011-05-20,36.48
2011-05-21,27.929999999999996
2011-05-22,27.36
2011-05-23,42.74999999999999
2011-05-24,42.74999999999999
2011-05-25,46.739999999999995
2011-05-26,47.309999999999995
2011-05-27,43.31999999999999
2011-05-28,19.38
2011-05-29,13.68
2011-05-30,23.369999999999997
2011-05-31,49.589999999999996
2011-06-01,60.76
2011-06-02,51.46
2011-06-03,34.1
2011-06-04,16.74
2011-06-05,18.6
2011-06-06,40.3
2011-06-07,50.22
2011-06-08,50.22
2011-06-09,52.7
2011-06-10,37.2
2011-06-11,13.64
2011-06-12,15.5
2011-06-13,58.9
2011-06-14,38.44
2011-06-15,40.92
2011-06-16,48.36
2011-06-17,45.88
2011-06-18,19.84
2011-06-19,22.94
2011-06-20,44.64
2011-06-21,45.26
2011-06-22,62.0
2011-06-23,50.839999999999996
2011-06-24,47.12
2011-06-25,19.84
2011-06-26,19.84
2011-06-27,42.78
2011-06-28,42.16
2011-06-29,33.48
2011-06-30,35.339999999999996
2011-07-01,35.84
2011-07-02,16.240000000000002
2011-07-03,20.160000000000004
2011-07-04,31.360000000000003
2011-07-05,49.28
2011-07-06,49.28
2011-07-07,56.00000000000001
2011-07-08,44.800000000000004
2011-07-09,20.720000000000002
2011-07-10,25.200000000000003
2011-07-11,44.24
2011-07-12,48.720000000000006
2011-07-13,43.68000000000001
2011-07-14,45.36000000000001
2011-07-15,41.440000000000005
2011-07-16,17.92
2011-07-17,24.080000000000002
2011-07-18,37.52
2011-07-19,33.6
2011-07-20,44.800000000000004
2011-07-21,42.00000000000001
2011-07-22,29.120000000000005
2011-07-23,22.400000000000002
2011-07-24,24.080000000000002
2011-07-25,46.480000000000004
2011-07-26,51.52
2011-07-27,38.64
2011-07-28,45.36000000000001
2011-07-29,49.84
2011-07-30,22.400000000000002
2011-07-31,17.92
2011-08-01,40.3
2011-08-02,48.98
2011-08-03,48.36
2011-08-04,52.7
2011-08-05,52.7
2011-08-06,26.04
2011-08-07,25.419999999999998
2011-08-08,47.12
2011-08-09,62.0
2011-08-10,54.56
2011-08-11,43.4
2011-08-12,40.92
2011-08-13,26.04
2011-08-14,20.46
2011-08-15,57.04
2011-08-16,44.02
2011-08-17,45.88
2011-08-18,42.78
2011-08-19,40.92
2011-08-20,26.66
2011-08-21,25.419999999999998
2011-08-22,46.5
2011-08-23,39.06
2011-08-24,49.6
2011-08-25,37.82
2011-08-26,29.14
2011-08-27,25.419999999999998
2011-08-28,25.419999999999998
2011-08-29,44.02
2011-08-30,42.78
2011-08-31,45.26
2011-09-01,48.230000000000004
2011-09-02,33.39
2011-09-03,22.26
2011-09-04,24.91
2011-09-05,29.150000000000002
2011-09-06,40.81
2011-09-07,53.0
2011-09-08,46.64
2011-09-09,33.39
2011-09-10,20.67
2011-09-11,21.73
2011-09-12,39.75
2011-09-13,43.99
2011-09-14,40.81
2011-09-15,45.050000000000004
2011-09-16,40.81
2011-09-17,13.780000000000001
2011-09-18,28.62
2011-09-19,45.050000000000004
2011-09-20,50.35
2011-09-21,45.050000000000004
2011-09-22,48.230000000000004
2011-09-23,33.92
2011-09-24,27.03
2011-09-25,23.85
2011-09-26,37.63
2011-09-27,46.11
2011-09-28,32.86
2011-09-29,37.1
2011-09-30,34.45
2011-10-01,20.8
2011-10-02,18.2
2011-10-03,37.96
2011-10-04,49.92
2011-10-05,52.0
2011-10-06,49.4
2011-10-07,32.76
2011-10-08,27.560000000000002
2011-10-09,21.84
2011-10-10,44.72
2011-10-11,43.160000000000004
2011-10-12,47.32
2011-10-13,45.24
2011-10-14,36.92
2011-10-15,29.12
2011-10-16,26.52
2011-10-17,34.32
2011-10-18,42.120000000000005
2011-10-19,37.96
2011-10-20,48.36
2011-10-21,44.2
2011-10-22,15.08
2011-10-23,27.560000000000002
2011-10-24,40.56
2011-10-25,46.28
2011-10-26,40.04
2011-10-27,41.08
2011-10-28,33.800000000000004
2011-10-29,18.72
2011-10-30,26.0
2011-10-31,38.480000000000004
2011-11-01,50.220000000000006
2011-11-02,30.240000000000002
2011-11-03,36.18
2011-11-04,27.540000000000003
2011-11-05,16.740000000000002
2011-11-06,14.580000000000002
2011-11-07,30.78
2011-11-08,32.400000000000006
2011-11-09,36.72
2011-11-10,42.120000000000005
2011-11-11,33.480000000000004
2011-11-12,21.6
2011-11-13,19.98
2011-11-14,31.860000000000003
2011-11-15,29.700000000000003
2011-11-16,32.400000000000006
2011-11-17,32.400000000000006
2011-11-18,34.02
2011-11-19,12.96
2011-11-20,17.82
2011-11-21,27.540000000000003
2011-11-22,35.1
2011-11-23,25.92
2011-11-24,17.82
2011-11-25,14.580000000000002
2011-11-26,21.6
2011-11-27,17.82
2011-11-28,28.080000000000002
2011-11-29,37.260000000000005
2011-11-30,54.0
2011-12-01,44.0
2011-12-02,33.44
2011-12-03,22.0
2011-12-04,15.4
2011-12-05,36.08
2011-12-06,39.160000000000004
2011-12-07,39.160000000000004
2011-12-08,31.68
2011-12-09,29.92
2011-12-10,18.92
2011-12-11,17.6
2011-12-12,38.28
2011-12-13,39.6
2011-12-14,32.12
2011-12-15,33.44
2011-12-16,40.04
2011-12-17,16.28
2011-12-18,19.8
2011-12-19,37.4
2011-12-20,29.48
2011-12-21,28.16
2011-12-22,32.12
2011-12-23,23.32
2011-12-24,11.88
2011-12-25,7.92
2011-12-26,18.04
2011-12-27,20.68
2011-12-28,24.64
2011-12-29,24.64
2011-12-30,17.6
2011-12-31,16.28
2012-01-01,13.780000000000001
2012-01-02,16.96
2012-01-03,32.86
2012-01-04,34.980000000000004
2012-01-05,29.150000000000002
2012-01-06,34.45
2012-01-07,14.84
2012-01-08,13.25
2012-01-09,40.28
2012-01-10,37.1
2012-01-11,37.1
2012-01-12,37.1
2012-01-13,34.980000000000004
2012-01-14,28.09
2012-01-15,16.43
2012-01-16,27.03
2012-01-17,36.57
2012-01-18,30.21
2012-01-19,30.21
2012-01-20,35.510000000000005
2012-01-21,21.73
2012-01-22,18.02
2012-01-23,25.44
2012-01-24,41.34
2012-01-25,36.04
2012-01-26,37.1
2012-01-27,33.39
2012-01-28,25.44
2012-01-29,24.380000000000003
2012-01-30,39.75
2012-01-31,53.0
2012-02-01,100.0
2012-02-02,60.0
2012-02-03,20.0
2012-02-04,11.0
2012-02-05,11.0
2012-02-06,11.0
2012-02-07,12.0
2012-02-08,10.0
2012-02-09,9.0
2012-02-10,9.0
2012-02-11,6.0
2012-02-12,5.0
2012-02-13,8.0
2012-02-14,10.0
2012-02-15,8.0
2012-02-16,7.0
2012-02-17,8.0
2012-02-18,7.0
2012-02-19,6.0
2012-02-20,9.0
2012-02-21,11.0
2012-02-22,12.0
2012-02-23,7.0
2012-02-24,9.0
2012-02-25,4.0
2012-02-26,3.0
2012-02-27,9.0
2012-02-28,11.0
2012-02-29,11.0
2012-03-01,34.68
2012-03-02,39.78
2012-03-03,16.32
2012-03-04,19.89
2012-03-05,46.410000000000004
2012-03-06,26.52
2012-03-07,36.21
2012-03-08,29.580000000000002
2012-03-09,39.27
2012-03-10,18.87
2012-03-11,13.26
2012-03-12,30.6
2012-03-13,36.72
2012-03-14,32.13
2012-03-15,41.82
2012-03-16,38.25
2012-03-17,19.38
2012-03-18,23.46
2012-03-19,41.82
2012-03-20,41.82
2012-03-21,51.0
2012-03-22,27.54
2012-03-23,28.05
2012-03-24,2.04
2012-03-25,11.22
2012-03-26,29.580000000000002
2012-03-27,40.8
2012-03-28,44.37
2012-03-29,33.660000000000004
2012-03-30,31.62
2012-03-31,12.75
2012-04-01,14.84
2012-04-02,37.1
2012-04-03,36.57
2012-04-04,29.68
2012-04-05,32.33
2012-04-06,25.970000000000002
2012-04-07,16.96
2012-04-08,19.080000000000002
2012-04-09,36.04
2012-04-10,38.690000000000005
2012-04-11,34.980000000000004
2012-04-12,27.560000000000002
2012-04-13,23.85
2012-04-14,24.380000000000003
2012-04-15,18.02
2012-04-16,31.8
2012-04-17,35.510000000000005
2012-04-18,40.81
2012-04-19,41.870000000000005
2012-04-20,36.57
2012-04-21,28.09
2012-04-22,24.91
2012-04-23,53.0
2012-04-24,36.04
2012-04-25,34.45
2012-04-26,39.22
2012-04-27,41.34
2012-04-28,20.14
2012-04-29,20.67
2012-04-30,41.34
2012-05-01,60.0
2012-05-02,46.8
2012-05-03,46.8
2012-05-04,44.4
2012-05-05,30.599999999999998
2012-05-06,27.0
2012-05-07,48.6
2012-05-08,47.4
2012-05-09,40.199999999999996
2012-05-10,45.6
2012-05-11,43.199999999999996
2012-05-12,27.599999999999998
2012-05-13,24.0
2012-05-14,41.4
2012-05-15,42.0
2012-05-16,42.6
2012-05-17,36.0
2012-05-18,39.6
2012-05-19,25.8
2012-05-20,17.4
2012-05-21,37.199999999999996
2012-05-22,32.4
2012-05-23,39.6
2012-05-24,35.4
2012-05-25,31.2
2012-05-26,22.2
2012-05-27,15.6
2012-05-28,22.2
2012-05-29,31.799999999999997
2012-05-30,34.8
2012-05-31,37.8
2012-06-01,34.5
2012-06-02,23.5
2012-06-03,14.5
2012-06-04,36.0
2012-06-05,42.0
2012-06-06,42.5
2012-06-07,35.0
2012-06-08,50.0
2012-06-09,22.0
2012-06-10,17.0
2012-06-11,30.0
2012-06-12,33.0
2012-06-13,31.5
2012-06-14,31.0
2012-06-15,39.5
2012-06-16,18.0
2012-06-17,12.0
2012-06-18,36.0
2012-06-19,36.5
2012-06-20,41.5
2012-06-21,28.5
2012-06-22,27.5
2012-06-23,22.0
2012-06-24,17.0
2012-06-25,28.5
2012-06-26,29.5
2012-06-27,41.5
2012-06-28,27.5
2012-06-29,29.0
2012-06-30,13.5
2012-07-01,15.04
2012-07-02,32.9
2012-07-03,43.71
2012-07-04,16.919999999999998
2012-07-05,28.669999999999998
2012-07-06,36.19
2012-07-07,15.979999999999999
2012-07-08,20.209999999999997
2012-07-09,36.66
2012-07-10,36.19
2012-07-11,36.66
2012-07-12,47.0
2012-07-13,42.3
2012-07-14,19.27
2012-07-15,19.27
2012-07-16,42.3
2012-07-17,32.43
2012-07-18,41.83
2012-07-19,29.61
2012-07-20,31.959999999999997
2012-07-21,22.56
2012-07-22,19.74
2012-07-23,46.059999999999995
2012-07-24,44.65
2012-07-25,40.89
2012-07-26,32.9
2012-07-27,25.849999999999998
2012-07-28,15.51
2012-07-29,20.209999999999997
2012-07-30,31.959999999999997
2012-07-31,46.529999999999994
2012-08-01,32.16
2012-08-02,34.08
2012-08-03,27.36
2012-08-04,15.84
2012-08-05,15.36
2012-08-06,28.799999999999997
2012-08-07,36.96
2012-08-08,27.36
2012-08-09,48.0
2012-08-10,28.799999999999997
2012-08-11,15.84
2012-08-12,8.64
2012-08-13,33.12
2012-08-14,35.04
2012-08-15,37.44
2012-08-16,36.48
2012-08-17,25.919999999999998
2012-08-18,18.24
2012-08-19,11.04
2012-08-20,31.68
2012-08-21,35.519999999999996
2012-08-22,31.68
2012-08-23,35.04
2012-08-24,29.759999999999998
2012-08-25,21.599999999999998
2012-08-26,14.879999999999999
2012-08-27,24.0
2012-08-28,32.16
2012-08-29,30.72
2012-08-30,35.519999999999996
2012-08-31,27.36
2012-09-01,21.150000000000002
2012-09-02,16.650000000000002
2012-09-03,18.0
2012-09-04,40.95
2012-09-05,38.25
2012-09-06,35.550000000000004
2012-09-07,38.25
2012-09-08,16.650000000000002
2012-09-09,24.75
2012-09-10,32.4
2012-09-11,42.300000000000004
2012-09-12,37.35
2012-09-13,45.0
2012-09-14,34.2
2012-09-15,18.0
2012-09-16,20.25
2012-09-17,35.1
2012-09-18,41.4
2012-09-19,34.65
2012-09-20,37.800000000000004
2012-09-21,30.6
2012-09-22,16.650000000000002
2012-09-23,22.05
2012-09-24,31.05
2012-09-25,38.7
2012-09-26,34.65
2012-09-27,30.6
2012-09-28,37.800000000000004
2012-09-29,17.1
2012-09-30,8.55
2012-10-01,43.0
2012-10-02,28.81
2012-10-03,36.12
2012-10-04,39.99
2012-10-05,27.52
2012-10-06,14.62
2012-10-07,22.79
2012-10-08,25.37
2012-10-09,42.57
2012-10-10,37.839999999999996
2012-10-11,42.14
2012-10-12,36.55
2012-10-13,11.61
2012-10-14,17.63
2012-10-15,37.41
2012-10-16,28.38
2012-10-17,37.41
2012-10-18,39.99
2012-10-19,26.66
2012-10-20,11.61
2012-10-21,18.06
2012-10-22,40.85
2012-10-23,35.69
2012-10-24,24.509999999999998
2012-10-25,31.82
2012-10-26,28.81
2012-10-27,12.47
2012-10-28,10.75
2012-10-29,33.54
2012-10-30,20.64
2012-10-31,29.669999999999998
2012-11-01,39.059999999999995
2012-11-02,23.52
2012-11-03,15.959999999999999
2012-11-04,20.16
2012-11-05,31.919999999999998
2012-11-06,28.98
2012-11-07,31.08
2012-11-08,37.379999999999995
2012-11-09,35.28
2012-11-10,16.8
2012-11-11,15.54
2012-11-12,29.4
2012-11-13,32.76
2012-11-14,40.32
2012-11-15,37.8
2012-11-16,30.24
2012-11-17,20.58
2012-11-18,10.08
2012-11-19,37.8
2012-11-20,26.04
2012-11-21,23.52
2012-11-22,14.7
2012-11-23,16.8
2012-11-24,18.48
2012-11-25,21.84
2012-11-26,28.14
2012-11-27,42.0
2012-11-28,36.12
2012-11-29,37.379999999999995
2012-11-30,39.059999999999995
2012-12-01,20.67
2012-12-02,15.21
2012-12-03,37.83
2012-12-04,38.61
2012-12-05,37.44
2012-12-06,39.0
2012-12-07,35.49
2012-12-08,19.89
2012-12-09,16.38
2012-12-10,29.25
2012-12-11,32.76
2012-12-12,30.42
2012-12-13,35.49
2012-12-14,33.93
2012-12-15,12.48
2012-12-16,17.94
2012-12-17,30.42
2012-12-18,36.27
2012-12-19,36.27
2012-12-20,27.3
2012-12-21,28.080000000000002
2012-12-22,18.330000000000002
2012-12-23,11.700000000000001
2012-12-24,13.65
2012-12-25,12.870000000000001
2012-12-26,14.82
2012-12-27,30.03
2012-12-28,24.57
2012-12-29,19.89
2012-12-30,9.36
2012-12-31,17.94
2013-01-01,12.75
2013-01-02,33.660000000000004
2013-01-03,24.990000000000002
2013-01-04,29.580000000000002
2013-01-05,19.89
2013-01-06,16.830000000000002
2013-01-07,20.4
2013-01-08,24.48
2013-01-09,34.68
2013-01-10,35.19
2013-01-11,23.46
2013-01-12,17.85
2013-01-13,13.26
2013-01-14,36.21
2013-01-15,27.54
2013-01-16,39.78
2013-01-17,39.27
2013-01-18,31.62
2013-01-19,10.71
2013-01-20,14.790000000000001
2013-01-21,24.48
2013-01-22,28.05
2013-01-23,25.5
2013-01-24,41.31
2013-01-25,24.990000000000002
2013-01-26,20.91
2013-01-27,28.560000000000002
2013-01-28,35.19
2013-01-29,43.86
2013-01-30,51.0
2013-01-31,40.29
2013-02-01,49.0
2013-02-02,24.99
2013-02-03,14.7
2013-02-04,42.63
2013-02-05,38.71
2013-02-06,35.28
2013-02-07,39.69
2013-02-08,30.87
2013-02-09,21.56
2013-02-10,16.66
2013-02-11,29.89
2013-02-12,32.339999999999996
2013-02-13,42.63
2013-02-14,35.28
2013-02-15,32.339999999999996
2013-02-16,18.13
2013-02-17,22.05
2013-02-18,28.91
2013-02-19,35.769999999999996
2013-02-20,47.53
2013-02-21,43.12
2013-02-22,31.849999999999998
2013-02-23,17.15
2013-02-24,9.8
2013-02-25,31.849999999999998
2013-02-26,38.22
2013-02-27,32.83
2013-02-28,33.32
2013-03-01,37.839999999999996
2013-03-02,16.77
2013-03-03,22.79
2013-03-04,33.97
2013-03-05,40.42
2013-03-06,30.099999999999998
2013-03-07,37.41
2013-03-08,35.26
2013-03-09,20.21
2013-03-10,17.2
2013-03-11,41.28
2013-03-12,38.269999999999996
2013-03-13,40.42
2013-03-14,34.83
2013-03-15,43.0
2013-03-16,20.64
2013-03-17,25.37
2013-03-18,31.82
2013-03-19,36.12
2013-03-20,33.54
2013-03-21,36.98
2013-03-22,41.71
2013-03-23,18.49
2013-03-24,25.37
2013-03-25,33.54
2013-03-26,40.42
2013-03-27,36.98
2013-03-28,42.57
2013-03-29,33.54
2013-03-30,20.64
2013-03-31,17.63
2013-04-01,34.309999999999995
2013-04-02,37.599999999999994
2013-04-03,32.9
2013-04-04,36.19
2013-04-05,32.9
2013-04-06,22.09
2013-04-07,16.45
2013-04-08,34.78
2013-04-09,31.49
2013-04-10,38.54
2013-04-11,47.0
2013-04-12,32.43
2013-04-13,17.39
2013-04-14,22.56
2013-04-15,35.25
2013-04-16,34.309999999999995
2013-04-17,37.599999999999994
2013-04-18,36.19
2013-04-19,34.309999999999995
2013-04-20,23.97
2013-04-21,20.209999999999997
2013-04-22,33.839999999999996
2013-04-23,39.48
2013-04-24,39.01
2013-04-25,36.66
2013-04-26,39.949999999999996
2013-04-27,16.919999999999998
2013-04-28,16.45
2013-04-29,38.07
2013-04-30,36.66
2013-05-01,26.95
2013-05-02,23.03
2013-05-03,24.99
2013-05-04,10.78
2013-05-05,9.31
2013-05-06,49.0
2013-05-07,36.75
2013-05-08,29.89
2013-05-09,19.6
2013-05-10,22.05
2013-05-11,12.25
2013-05-12,10.29
2013-05-13,26.46
2013-05-14,27.93
2013-05-15,25.48
2013-05-16,24.009999999999998
2013-05-17,21.07
2013-05-18,10.78
2013-05-19,9.8
2013-05-20,26.46
2013-05-21,18.62
2013-05-22,21.56
2013-05-23,20.58
2013-05-24,22.54
2013-05-25,11.76
2013-05-26,8.82
2013-05-27,13.23
2013-05-28,19.11
2013-05-29,23.52
2013-05-30,28.91
2013-05-31,20.58
2013-06-01,15.9
2013-06-02,23.32
2013-06-03,46.64
2013-06-04,50.88
2013-06-05,50.88
2013-06-06,39.22
2013-06-07,39.22
2013-06-08,26.5
2013-06-09,19.61
2013-06-10,36.04
2013-06-11,53.0
2013-06-12,37.63
2013-06-13,41.34
2013-06-14,36.57
2013-06-15,18.55
2013-06-16,19.61
2013-06-17,36.57
2013-06-18,46.64
2013-06-19,31.270000000000003
2013-06-20,29.150000000000002
2013-06-21,35.510000000000005
2013-06-22,13.25
2013-06-23,11.66
2013-06-24,35.510000000000005
2013-06-25,27.560000000000002
2013-06-26,34.45
2013-06-27,28.09
2013-06-28,26.5
2013-06-29,8.48
2013-06-30,20.67
2013-07-01,22.36
2013-07-02,23.65
2013-07-03,18.49
2013-07-04,15.049999999999999
2013-07-05,14.62
2013-07-06,12.47
2013-07-07,7.31
2013-07-08,27.52
2013-07-09,25.8
2013-07-10,30.099999999999998
2013-07-11,27.09
2013-07-12,25.8
2013-07-13,12.47
2013-07-14,13.76
2013-07-15,22.79
2013-07-16,21.93
2013-07-17,24.509999999999998
2013-07-18,20.21
2013-07-19,19.35
2013-07-20,15.91
2013-07-21,11.18
2013-07-22,27.09
2013-07-23,25.37
2013-07-24,22.36
2013-07-25,27.52
2013-07-26,26.66
2013-07-27,8.6
2013-07-28,15.049999999999999
2013-07-29,33.54
2013-07-30,43.0
2013-07-31,32.25
2013-08-01,32.3
2013-08-02,28.5
2013-08-03,17.1
2013-08-04,14.06
2013-08-05,35.34
2013-08-06,35.34
2013-08-07,38.0
2013-08-08,33.06
2013-08-09,30.02
2013-08-10,12.16
2013-08-11,14.82
2013-08-12,36.86
2013-08-13,30.02
2013-08-14,31.92
2013-08-15,26.98
2013-08-16,24.7
2013-08-17,11.4
2013-08-18,18.240000000000002
2013-08-19,25.46
2013-08-20,27.36
2013-08-21,23.94
2013-08-22,28.12
2013-08-23,28.88
2013-08-24,15.2
2013-08-25,15.58
2013-08-26,30.4
2013-08-27,34.58
2013-08-28,28.12
2013-08-29,34.2
2013-08-30,20.52
2013-08-31,10.26
2013-09-01,9.120000000000001
2013-09-02,10.64
2013-09-03,26.98
2013-09-04,28.12
2013-09-05,33.06
2013-09-06,33.44
2013-09-07,12.92
2013-09-08,18.62
2013-09-09,36.480000000000004
2013-09-10,22.04
2013-09-11,24.32
2013-09-12,22.8
2013-09-13,24.7
2013-09-14,15.2
2013-09-15,18.62
2013-09-16,20.14
2013-09-17,32.68
2013-09-18,24.7
2013-09-19,28.12
2013-09-20,24.7
2013-09-21,17.86
2013-09-22,15.96
2013-09-23,38.0
2013-09-24,30.02
2013-09-25,32.3
2013-09-26,30.78
2013-09-27,20.52
2013-09-28,8.36
2013-09-29,9.88
2013-09-30,26.22
2013-10-01,30.66
2013-10-02,31.5
2013-10-03,25.2
2013-10-04,25.619999999999997
2013-10-05,17.64
2013-10-06,16.38
2013-10-07,25.2
2013-10-08,30.24
2013-10-09,31.5
2013-10-10,29.4
2013-10-11,23.099999999999998
2013-10-12,13.44
2013-10-13,20.58
2013-10-14,26.88
2013-10-15,31.919999999999998
2013-10-16,30.66
2013-10-17,26.04
2013-10-18,30.24
2013-10-19,11.34
2013-10-20,12.18
2013-10-21,28.98
2013-10-22,24.779999999999998
2013-10-23,30.66
2013-10-24,27.72
2013-10-25,20.58
2013-10-26,14.7
2013-10-27,14.28
2013-10-28,30.66
2013-10-29,42.0
2013-10-30,24.36
2013-10-31,23.939999999999998
2013-11-01,24.419999999999998
2013-11-02,7.77
2013-11-03,14.43
2013-11-04,31.82
2013-11-05,35.519999999999996
2013-11-06,25.9
2013-11-07,34.04
2013-11-08,26.27
2013-11-09,12.209999999999999
2013-11-10,13.69
2013-11-11,27.38
2013-11-12,28.12
2013-11-13,37.0
2013-11-14,30.34
2013-11-15,26.27
2013-11-16,15.17
2013-11-17,18.13
2013-11-18,25.16
2013-11-19,33.3
2013-11-20,34.04
2013-11-21,33.3
2013-11-22,25.9
2013-11-23,12.209999999999999
2013-11-24,16.65
2013-11-25,27.009999999999998
2013-11-26,30.71
2013-11-27,22.2
2013-11-28,11.84
2013-11-29,15.54
2013-11-30,12.58
2013-12-01,10.200000000000001
2013-12-02,19.040000000000003
2013-12-03,19.720000000000002
2013-12-04,27.540000000000003
2013-12-05,32.300000000000004
2013-12-06,27.880000000000003
2013-12-07,16.32
2013-12-08,14.96
2013-12-09,19.040000000000003
2013-12-10,28.220000000000002
2013-12-11,25.840000000000003
2013-12-12,25.500000000000004
2013-12-13,22.1
2013-12-14,16.32
2013-12-15,14.96
2013-12-16,16.32
2013-12-17,34.0
2013-12-18,26.520000000000003
2013-12-19,29.240000000000002
2013-12-20,22.78
2013-12-21,8.84
2013-12-22,8.84
2013-12-23,13.600000000000001
2013-12-24,17.68
2013-12-25,9.860000000000001
2013-12-26,17.0
2013-12-27,14.96
2013-12-28,13.940000000000001
2013-12-29,11.9
2013-12-30,21.42
2013-12-31,13.940000000000001
2014-01-01,13.12
2014-01-02,22.549999999999997
2014-01-03,20.5
2014-01-04,14.35
2014-01-05,13.53
2014-01-06,31.569999999999997
2014-01-07,30.749999999999996
2014-01-08,31.159999999999997
2014-01-09,31.159999999999997
2014-01-10,34.85
2014-01-11,21.73
2014-01-12,20.09
2014-01-13,28.7
2014-01-14,38.949999999999996
2014-01-15,35.669999999999995
2014-01-16,27.47
2014-01-17,30.34
2014-01-18,19.68
2014-01-19,16.4
2014-01-20,20.5
2014-01-21,31.979999999999997
2014-01-22,39.36
2014-01-23,29.93
2014-01-24,28.7
2014-01-25,22.139999999999997
2014-01-26,14.35
2014-01-27,36.08
2014-01-28,41.0
2014-01-29,39.36
2014-01-30,37.309999999999995
2014-01-31,39.36
2014-02-01,14.040000000000001
2014-02-02,10.92
2014-02-03,28.080000000000002
2014-02-04,39.0
2014-02-05,37.050000000000004
2014-02-06,28.080000000000002
2014-02-07,27.3
2014-02-08,21.45
2014-02-09,14.82
2014-02-10,33.54
2014-02-11,27.3
2014-02-12,31.98
2014-02-13,24.96
2014-02-14,22.23
2014-02-15,14.43
2014-02-16,16.77
2014-02-17,23.400000000000002
2014-02-18,25.35
2014-02-19,33.93
2014-02-20,23.400000000000002
2014-02-21,25.740000000000002
2014-02-22,10.92
2014-02-23,16.38
2014-02-24,30.42
2014-02-25,35.88
2014-02-26,25.35
2014-02-27,30.810000000000002
2014-02-28,31.59
2014-03-01,18.48
2014-03-02,14.7
2014-03-03,26.88
2014-03-04,32.76
2014-03-05,23.52
2014-03-06,37.8
2014-03-07,29.4
2014-03-08,14.7
2014-03-09,19.32
2014-03-10,25.619999999999997
2014-03-11,24.779999999999998
2014-03-12,42.0
2014-03-13,33.18
2014-03-14,26.04
2014-03-15,16.8
2014-03-16,10.5
2014-03-17,24.779999999999998
2014-03-18,28.56
2014-03-19,29.82
2014-03-20,28.56
2014-03-21,27.72
2014-03-22,18.48
2014-03-23,13.86
2014-03-24,34.019999999999996
2014-03-25,28.56
2014-03-26,37.379999999999995
2014-03-27,32.339999999999996
2014-03-28,23.099999999999998
2014-03-29,9.66
2014-03-30,16.38
2014-03-31,28.56
2014-04-01,16.5
2014-04-02,17.05
2014-04-03,15.950000000000001
2014-04-04,13.750000000000002
2014-04-05,9.350000000000001
2014-04-06,7.15
2014-04-07,24.750000000000004
2014-04-08,17.05
2014-04-09,18.700000000000003
2014-04-10,19.8
2014-04-11,14.850000000000001
2014-04-12,8.25
2014-04-13,6.050000000000001
2014-04-14,18.700000000000003
2014-04-15,15.950000000000001
2014-04-16,14.850000000000001
2014-04-17,16.5
2014-04-18,12.65
2014-04-19,6.6000000000000005
2014-04-20,16.5
2014-04-21,44.550000000000004
2014-04-22,28.6
2014-04-23,24.750000000000004
2014-04-24,18.700000000000003
2014-04-25,19.8
2014-04-26,7.15
2014-04-27,7.700000000000001
2014-04-28,55.00000000000001
2014-04-29,39.6
2014-04-30,30.800000000000004
2014-05-01,46.2
2014-05-02,50.160000000000004
2014-05-03,34.980000000000004
2014-05-04,19.14
2014-05-05,54.78
2014-05-06,44.22
2014-05-07,40.92
2014-05-08,44.88
2014-05-09,40.260000000000005
2014-05-10,27.060000000000002
2014-05-11,17.82
2014-05-12,48.84
2014-05-13,54.78
2014-05-14,54.120000000000005
2014-05-15,61.38
2014-05-16,44.22
2014-05-17,28.380000000000003
2014-05-18,31.68
2014-05-19,66.0
2014-05-20,48.84
2014-05-21,44.88
2014-05-22,42.24
2014-05-23,41.580000000000005
2014-05-24,26.400000000000002
2014-05-25,19.8
2014-05-26,37.620000000000005
2014-05-27,37.620000000000005
2014-05-28,31.68
2014-05-29,40.260000000000005
2014-05-30,29.040000000000003
2014-05-31,15.84
2014-06-01,17.63
2014-06-02,32.25
2014-06-03,31.82
2014-06-04,31.82
2014-06-05,30.099999999999998
2014-06-06,26.23
2014-06-07,15.91
2014-06-08,11.61
2014-06-09,40.42
2014-06-10,31.82
2014-06-11,38.269999999999996
2014-06-12,30.96
2014-06-13,22.79
2014-06-14,23.22
2014-06-15,19.78
2014-06-16,43.0
2014-06-17,40.42
2014-06-18,31.82
2014-06-19,42.57
2014-06-20,18.919999999999998
2014-06-21,24.08
2014-06-22,15.91
2014-06-23,22.36
2014-06-24,32.25
2014-06-25,39.13
2014-06-26,33.54
2014-06-27,34.4
2014-06-28,16.77
2014-06-29,29.669999999999998
2014-06-30,27.09
2014-07-01,34.76
2014-07-02,35.64
2014-07-03,29.92
2014-07-04,19.8
2014-07-05,11.0
2014-07-06,14.08
2014-07-07,25.52
2014-07-08,35.64
2014-07-09,36.52
2014-07-10,34.76
2014-07-11,32.12
2014-07-12,13.2
2014-07-13,13.2
2014-07-14,35.2
2014-07-15,36.52
2014-07-16,36.08
2014-07-17,35.2
2014-07-18,37.4
2014-07-19,13.2
2014-07-20,18.48
2014-07-21,35.64
2014-07-22,32.12
2014-07-23,37.84
2014-07-24,39.160000000000004
2014-07-25,33.0
2014-07-26,17.16
2014-07-27,12.76
2014-07-28,27.72
2014-07-29,44.0
2014-07-30,41.8
2014-07-31,42.68
2014-08-01,36.26
2014-08-02,21.09
2014-08-03,19.61
2014-08-04,33.3
2014-08-05,30.34
2014-08-06,34.78
2014-08-07,30.71
2014-08-08,31.82
2014-08-09,16.28
2014-08-10,14.06
2014-08-11,29.97
2014-08-12,30.71
2014-08-13,27.009999999999998
2014-08-14,35.519999999999996
2014-08-15,31.82
2014-08-16,18.5
2014-08-17,22.94
2014-08-18,36.26
2014-08-19,32.93
2014-08-20,34.78
2014-08-21,33.67
2014-08-22,32.19
2014-08-23,15.17
2014-08-24,19.61
2014-08-25,37.0
2014-08-26,30.71
2014-08-27,27.38
2014-08-28,32.56
2014-08-29,34.78
2014-08-30,14.43
2014-08-31,6.66
2014-09-01,10.0
2014-09-02,31.200000000000003
2014-09-03,34.800000000000004
2014-09-04,31.6
2014-09-05,29.200000000000003
2014-09-06,12.8
2014-09-07,13.600000000000001
2014-09-08,33.6
2014-09-09,34.800000000000004
2014-09-10,30.8
2014-09-11,30.8
2014-09-12,28.0
2014-09-13,17.6
2014-09-14,14.0
2014-09-15,37.2
2014-09-16,27.200000000000003
2014-09-17,33.6
2014-09-18,30.400000000000002
2014-09-19,27.6
2014-09-20,16.8
2014-09-21,14.4
2014-09-22,30.400000000000002
2014-09-23,40.0
2014-09-24,35.6
2014-09-25,32.4
2014-09-26,26.400000000000002
2014-09-27,17.6
2014-09-28,12.4
2014-09-29,29.200000000000003
2014-09-30,28.8
2014-10-01,30.42
2014-10-02,30.42
2014-10-03,28.470000000000002
2014-10-04,15.600000000000001
2014-10-05,12.870000000000001
2014-10-06,33.93
2014-10-07,31.59
2014-10-08,34.71
2014-10-09,22.23
2014-10-10,20.28
2014-10-11,13.65
2014-10-12,14.43
2014-10-13,33.93
2014-10-14,27.69
2014-10-15,33.15
2014-10-16,33.54
2014-10-17,24.18
2014-10-18,19.5
2014-10-19,14.82
2014-10-20,26.91
2014-10-21,30.42
2014-10-22,24.57
2014-10-23,30.03
2014-10-24,32.76
2014-10-25,18.72
2014-10-26,11.700000000000001
2014-10-27,28.86
2014-10-28,39.0
2014-10-29,26.52
2014-10-30,31.200000000000003
2014-10-31,26.130000000000003
2014-11-01,13.3
2014-11-02,11.78
2014-11-03,23.18
2014-11-04,30.78
2014-11-05,25.080000000000002
2014-11-06,31.54
2014-11-07,28.5
2014-11-08,18.240000000000002
2014-11-09,17.86
2014-11-10,29.64
2014-11-11,33.44
2014-11-12,30.4
2014-11-13,25.84
2014-11-14,33.06
2014-11-15,18.240000000000002
2014-11-16,14.06
2014-11-17,38.0
2014-11-18,29.26
2014-11-19,30.02
2014-11-20,23.56
2014-11-21,21.66
2014-11-22,11.4
2014-11-23,10.64
2014-11-24,29.64
2014-11-25,26.6
2014-11-26,23.56
2014-11-27,9.88
2014-11-28,13.68
2014-11-29,8.36
2014-11-30,13.3
2014-12-01,24.09
2014-12-02,33.0
2014-12-03,26.07
2014-12-04,32.01
2014-12-05,21.12
2014-12-06,13.200000000000001
2014-12-07,9.24
2014-12-08,29.37
2014-12-09,26.07
2014-12-10,32.67
2014-12-11,18.150000000000002
2014-12-12,24.42
2014-12-13,20.790000000000003
2014-12-14,17.490000000000002
2014-12-15,28.71
2014-12-16,28.05
2014-12-17,32.01
2014-12-18,23.1
2014-12-19,22.11
2014-12-20,11.88
2014-12-21,9.24
2014-12-22,25.080000000000002
2014-12-23,24.75
2014-12-24,19.14
2014-12-25,4.95
2014-12-26,15.510000000000002
2014-12-27,9.9
2014-12-28,8.91
2014-12-29,19.470000000000002
2014-12-30,21.78
2014-12-31,12.540000000000001
2015-01-01,15.12
2015-01-02,16.919999999999998
2015-01-03,18.36
2015-01-04,14.76
2015-01-05,25.56
2015-01-06,25.919999999999998
2015-01-07,35.28
2015-01-08,21.24
2015-01-09,34.199999999999996
2015-01-10,19.8
2015-01-11,19.439999999999998
2015-01-12,28.799999999999997
2015-01-13,32.4
2015-01-14,30.959999999999997
2015-01-15,32.04
2015-01-16,30.24
2015-01-17,15.479999999999999
2015-01-18,15.84
2015-01-19,20.52
2015-01-20,29.52
2015-01-21,36.0
2015-01-22,24.119999999999997
2015-01-23,27.36
2015-01-24,14.399999999999999
2015-01-25,11.52
2015-01-26,28.439999999999998
2015-01-27,35.28
2015-01-28,31.68
2015-01-29,34.92
2015-01-30,32.76
2015-01-31,10.799999999999999
2015-02-01,6.0
2015-02-02,13.5
2015-02-03,19.0
2015-02-04,21.0
2015-02-05,50.0
2015-02-06,28.0
2015-02-07,10.0
2015-02-08,11.0
2015-02-09,19.5
2015-02-10,19.0
2015-02-11,19.0
2015-02-12,18.0
2015-02-13,15.5
2015-02-14,9.5
2015-02-15,10.5
2015-02-16,13.5
2015-02-17,18.0
2015-02-18,13.5
2015-02-19,13.5
2015-02-20,15.5
2015-02-21,9.0
2015-02-22,8.5
2015-02-23,16.5
2015-02-24,15.5
2015-02-25,20.0
2015-02-26,18.5
2015-02-27,16.5
2015-02-28,8.5
2015-03-01,11.069999999999999
2015-03-02,28.29
2015-03-03,31.979999999999997
2015-03-04,20.91
2015-03-05,25.419999999999998
2015-03-06,21.32
2015-03-07,14.35
2015-03-08,13.94
2015-03-09,25.009999999999998
2015-03-10,27.47
2015-03-11,24.599999999999998
2015-03-12,27.47
2015-03-13,23.779999999999998
2015-03-14,16.4
2015-03-15,13.53
2015-03-16,27.06
2015-03-17,31.159999999999997
2015-03-18,33.21
2015-03-19,25.83
2015-03-20,27.88
2015-03-21,17.63
2015-03-22,17.22
2015-03-23,34.03
2015-03-24,41.0
2015-03-25,26.65
2015-03-26,29.93
2015-03-27,22.139999999999997
2015-03-28,9.84
2015-03-29,12.299999999999999
2015-03-30,27.06
2015-03-31,24.189999999999998
2015-04-01,30.96
2015-04-02,35.26
2015-04-03,19.35
2015-04-04,15.48
2015-04-05,15.049999999999999
2015-04-06,34.4
2015-04-07,36.98
2015-04-08,35.26
2015-04-09,32.68
2015-04-10,35.26
2015-04-11,21.5
2015-04-12,12.9
2015-04-13,33.97
2015-04-14,36.12
2015-04-15,34.4
2015-04-16,36.98
2015-04-17,27.52
2015-04-18,11.18
2015-04-19,15.049999999999999
2015-04-20,36.98
2015-04-21,40.85
2015-04-22,35.69
2015-04-23,37.839999999999996
2015-04-24,33.11
2015-04-25,15.48
2015-04-26,15.049999999999999
2015-04-27,36.12
2015-04-28,43.0
2015-04-29,35.26
2015-04-30,33.54
2015-05-01,26.64
2015-05-02,11.1
2015-05-03,10.36
2015-05-04,21.83
2015-05-05,37.0
2015-05-06,31.08
2015-05-07,29.97
2015-05-08,22.2
2015-05-09,15.17
2015-05-10,9.25
2015-05-11,24.79
2015-05-12,26.64
2015-05-13,22.57
2015-05-14,31.08
2015-05-15,25.53
2015-05-16,19.61
2015-05-17,11.84
2015-05-18,32.93
2015-05-19,23.68
2015-05-20,32.19
2015-05-21,35.15
2015-05-22,22.2
2015-05-23,15.91
2015-05-24,12.209999999999999
2015-05-25,17.02
2015-05-26,21.09
2015-05-27,31.45
2015-05-28,30.71
2015-05-29,34.78
2015-05-30,17.02
2015-05-31,15.54
2015-06-01,32.0
2015-06-02,35.6
2015-06-03,37.2
2015-06-04,31.200000000000003
2015-06-05,28.0
2015-06-06,16.0
2015-06-07,17.6
2015-06-08,31.6
2015-06-09,38.400000000000006
2015-06-10,32.0
2015-06-11,30.8
2015-06-12,24.400000000000002
2015-06-13,15.600000000000001
2015-06-14,10.8
2015-06-15,24.400000000000002
2015-06-16,33.2
2015-06-17,27.200000000000003
2015-06-18,31.200000000000003
2015-06-19,21.6
2015-06-20,14.4
2015-06-21,11.600000000000001
2015-06-22,28.400000000000002
2015-06-23,31.6
2015-06-24,25.200000000000003
2015-06-25,40.0
2015-06-26,21.6
2015-06-27,13.600000000000001
2015-06-28,14.0
2015-06-29,27.6
2015-06-30,26.0
2015-07-01,24.400000000000002
2015-07-02,24.8
2015-07-03,15.600000000000001
2015-07-04,8.0
2015-07-05,8.0
2015-07-06,27.6
2015-07-07,28.400000000000002
2015-07-08,26.0
2015-07-09,38.800000000000004
2015-07-10,28.400000000000002
2015-07-11,11.600000000000001
2015-07-12,9.200000000000001
2015-07-13,36.4
2015-07-14,28.8
2015-07-15,27.200000000000003
2015-07-16,28.0
2015-07-17,21.6
2015-07-18,12.0
2015-07-19,13.600000000000001
2015-07-20,31.200000000000003
2015-07-21,28.8
2015-07-22,30.0
2015-07-23,30.0
2015-07-24,32.800000000000004
2015-07-25,10.8
2015-07-26,12.0
2015-07-27,30.400000000000002
2015-07-28,27.6
2015-07-29,40.0
2015-07-30,32.4
2015-07-31,18.8
2015-08-01,13.68
2015-08-02,15.58
2015-08-03,29.26
2015-08-04,30.78
2015-08-05,28.12
2015-08-06,25.84
2015-08-07,30.4
2015-08-08,12.92
2015-08-09,9.120000000000001
2015-08-10,30.78
2015-08-11,30.4
2015-08-12,30.78
2015-08-13,29.26
2015-08-14,24.32
2015-08-15,13.3
2015-08-16,8.36
2015-08-17,25.080000000000002
2015-08-18,32.68
2015-08-19,35.72
2015-08-20,31.16
2015-08-21,31.16
2015-08-22,15.2
2015-08-23,14.44
2015-08-24,34.2
2015-08-25,38.0
2015-08-26,34.58
2015-08-27,27.740000000000002
2015-08-28,29.26
2015-08-29,14.82
2015-08-30,11.78
2015-08-31,31.54
2015-09-01,28.86
2015-09-02,28.470000000000002
2015-09-03,34.32
2015-09-04,26.52
2015-09-05,10.92
2015-09-06,7.41
2015-09-07,14.82
2015-09-08,29.64
2015-09-09,28.080000000000002
2015-09-10,39.0
2015-09-11,30.42
2015-09-12,12.870000000000001
2015-09-13,13.26
2015-09-14,24.18
2015-09-15,31.200000000000003
2015-09-16,20.67
2015-09-17,29.25
2015-09-18,30.03
2015-09-19,15.99
2015-09-20,11.700000000000001
2015-09-21,26.130000000000003
2015-09-22,33.15
2015-09-23,34.71
2015-09-24,24.57
2015-09-25,21.060000000000002
2015-09-26,13.65
2015-09-27,16.77
2015-09-28,32.76
2015-09-29,29.25
2015-09-30,25.740000000000002
2015-10-01,9.450000000000001
2015-10-02,11.700000000000001
2015-10-03,4.95
2015-10-04,4.95
2015-10-05,11.700000000000001
2015-10-06,12.6
2015-10-07,13.950000000000001
2015-10-08,11.700000000000001
2015-10-09,10.8
2015-10-10,5.4
2015-10-11,6.3
2015-10-12,12.6
2015-10-13,15.3
2015-10-14,11.700000000000001
2015-10-15,13.05
2015-10-16,10.8
2015-10-17,6.3
2015-10-18,5.4
2015-10-19,13.950000000000001
2015-10-20,11.25
2015-10-21,13.950000000000001
2015-10-22,11.700000000000001
2015-10-23,12.15
2015-10-24,5.8500000000000005
2015-10-25,6.3
2015-10-26,13.5
2015-10-27,15.75
2015-10-28,15.75
2015-10-29,45.0
2015-10-30,21.6
2015-10-31,9.0
2015-11-01,5.52
2015-11-02,13.11
2015-11-03,13.11
2015-11-04,12.419999999999998
2015-11-05,10.35
2015-11-06,9.66
2015-11-07,5.52
2015-11-08,4.83
2015-11-09,10.35
2015-11-10,9.66
2015-11-11,11.04
2015-11-12,8.969999999999999
2015-11-13,9.66
2015-11-14,4.14
2015-11-15,4.83
2015-11-16,10.35
2015-11-17,8.969999999999999
2015-11-18,8.969999999999999
2015-11-19,13.799999999999999
2015-11-20,13.799999999999999
2015-11-21,5.52
2015-11-22,6.8999999999999995
2015-11-23,69.0
2015-11-24,31.74
2015-11-25,15.87
2015-11-26,11.04
2015-11-27,9.66
2015-11-28,8.969999999999999
2015-11-29,5.52
2015-11-30,10.35
2015-12-01,40.0
2015-12-02,32.4
2015-12-03,26.400000000000002
2015-12-04,24.8
2015-12-05,17.2
2015-12-06,17.6
2015-12-07,27.6
2015-12-08,29.200000000000003
2015-12-09,29.200000000000003
2015-12-10,23.200000000000003
2015-12-11,32.0
2015-12-12,12.8
2015-12-13,12.8
2015-12-14,26.400000000000002
2015-12-15,22.0
2015-12-16,26.0
2015-12-17,24.0
2015-12-18,18.8
2015-12-19,12.0
2015-12-20,11.600000000000001
2015-12-21,19.6
2015-12-22,23.200000000000003
2015-12-23,19.6
2015-12-24,14.4
2015-12-25,5.2
2015-12-26,10.0
2015-12-27,8.8
2015-12-28,11.200000000000001
2015-12-29,24.400000000000002
2015-12-30,17.2
2015-12-31,11.200000000000001
2016-01-01,9.5
2016-01-02,13.68
2016-01-03,16.72
2016-01-04,22.04
2016-01-05,31.54
2016-01-06,38.0
2016-01-07,26.98
2016-01-08,34.58
2016-01-09,13.3
2016-01-10,14.06
2016-01-11,26.6
2016-01-12,32.3
2016-01-13,33.44
2016-01-14,27.740000000000002
2016-01-15,29.64
2016-01-16,13.68
2016-01-17,13.68
2016-01-18,20.9
2016-01-19,28.88
2016-01-20,30.78
2016-01-21,31.16
2016-01-22,25.46
2016-01-23,16.34
2016-01-24,10.64
2016-01-25,25.080000000000002
2016-01-26,31.54
2016-01-27,31.16
2016-01-28,33.06
2016-01-29,37.62
2016-01-30,16.72
2016-01-31,12.540000000000001
2016-02-01,33.11
2016-02-02,36.98
2016-02-03,35.69
2016-02-04,42.57
2016-02-05,35.26
2016-02-06,14.19
2016-02-07,27.52
2016-02-08,30.96
2016-02-09,30.099999999999998
2016-02-10,28.81
2016-02-11,34.83
2016-02-12,33.54
2016-02-13,19.35
2016-02-14,13.33
2016-02-15,32.68
2016-02-16,36.12
2016-02-17,36.98
2016-02-18,39.13
2016-02-19,28.81
2016-02-20,21.07
2016-02-21,19.78
2016-02-22,36.55
2016-02-23,43.0
2016-02-24,43.0
2016-02-25,36.98
2016-02-26,42.14
2016-02-27,19.35
2016-02-28,22.36
2016-02-29,32.68
2016-03-01,33.54
2016-03-02,30.53
2016-03-03,35.26
2016-03-04,25.8
2016-03-05,16.34
2016-03-06,13.76
2016-03-07,24.509999999999998
2016-03-08,31.39
2016-03-09,32.25
2016-03-10,28.81
2016-03-11,30.099999999999998
2016-03-12,19.35
2016-03-13,18.06
2016-03-14,33.11
2016-03-15,30.099999999999998
2016-03-16,40.42
2016-03-17,34.83
2016-03-18,43.0
2016-03-19,24.509999999999998
2016-03-20,22.36
2016-03-21,35.26
2016-03-22,26.23
2016-03-23,27.52
2016-03-24,26.23
2016-03-25,22.79
2016-03-26,12.04
2016-03-27,13.33
2016-03-28,31.39
2016-03-29,33.97
2016-03-30,33.11
2016-03-31,35.69
2016-04-01,7.800000000000001
2016-04-02,6.24
2016-04-03,5.2
2016-04-04,11.440000000000001
2016-04-05,26.0
2016-04-06,52.0
2016-04-07,26.52
2016-04-08,13.52
2016-04-09,7.28
2016-04-10,7.28
2016-04-11,13.52
2016-04-12,14.040000000000001
2016-04-13,10.92
2016-04-14,11.440000000000001
2016-04-15,9.88
2016-04-16,8.32
2016-04-17,4.68
2016-04-18,11.440000000000001
2016-04-19,12.48
2016-04-20,11.96
2016-04-21,9.88
2016-04-22,10.4
2016-04-23,5.2
2016-04-24,4.68
2016-04-25,7.800000000000001
2016-04-26,9.88
2016-04-27,10.4
2016-04-28,11.440000000000001
2016-04-29,9.88
2016-04-30,5.720000000000001
2016-05-01,11.600000000000001
2016-05-02,32.4
2016-05-03,40.0
2016-05-04,29.6
2016-05-05,25.200000000000003
2016-05-06,26.0
2016-05-07,11.600000000000001
2016-05-08,9.600000000000001
2016-05-09,22.8
2016-05-10,29.6
2016-05-11,27.6
2016-05-12,24.0
2016-05-13,28.8
2016-05-14,29.6
2016-05-15,13.600000000000001
2016-05-16,37.2
2016-05-17,27.200000000000003
2016-05-18,30.8
2016-05-19,28.0
2016-05-20,24.0
2016-05-21,12.8
2016-05-22,13.200000000000001
2016-05-23,23.200000000000003
2016-05-24,28.8
2016-05-25,25.200000000000003
2016-05-26,24.8
2016-05-27,15.200000000000001
2016-05-28,10.8
2016-05-29,10.8
2016-05-30,10.8
2016-05-31,30.0
2016-06-01,30.400000000000002
2016-06-02,30.0
2016-06-03,36.800000000000004
2016-06-04,6.800000000000001
2016-06-05,17.6
2016-06-06,20.8
2016-06-07,38.0
2016-06-08,39.6
2016-06-09,32.4
2016-06-10,30.8
2016-06-11,14.8
2016-06-12,12.8
2016-06-13,30.0
2016-06-14,28.8
2016-06-15,26.400000000000002
2016-06-16,29.200000000000003
2016-06-17,21.6
2016-06-18,15.600000000000001
2016-06-19,11.600000000000001
2016-06-20,32.0
2016-06-21,22.0
2016-06-22,35.2
2016-06-23,34.4
2016-06-24,40.0
2016-06-25,12.4
2016-06-26,10.8
2016-06-27,29.200000000000003
2016-06-28,34.0
2016-06-29,30.400000000000002
2016-06-30,34.0
2016-07-01,22.2
2016-07-02,8.14
2016-07-03,9.99
2016-07-04,8.51
2016-07-05,25.16
2016-07-06,27.75
2016-07-07,30.34
2016-07-08,24.05
2016-07-09,9.25
2016-07-10,11.84
2016-07-11,27.38
2016-07-12,27.75
2016-07-13,37.0
2016-07-14,30.34
2016-07-15,32.56
2016-07-16,14.43
2016-07-17,12.209999999999999
2016-07-18,25.9
2016-07-19,23.31
2016-07-20,31.82
2016-07-21,28.86
2016-07-22,22.57
2016-07-23,11.84
2016-07-24,11.47
2016-07-25,25.16
2016-07-26,27.38
2016-07-27,25.9
2016-07-28,25.9
2016-07-29,28.12
2016-07-30,13.32
2016-07-31,14.43
2016-08-01,16.77
2016-08-02,23.65
2016-08-03,20.64
2016-08-04,16.34
2016-08-05,11.61
2016-08-06,6.88
2016-08-07,8.17
2016-08-08,14.62
2016-08-09,22.79
2016-08-10,14.62
2016-08-11,13.33
2016-08-12,16.77
2016-08-13,5.16
2016-08-14,6.45
2016-08-15,12.9
2016-08-16,13.76
2016-08-17,11.61
2016-08-18,14.62
2016-08-19,17.2
2016-08-20,5.59
2016-08-21,7.74
2016-08-22,43.0
2016-08-23,27.95
2016-08-24,25.8
2016-08-25,21.5
2016-08-26,17.63
2016-08-27,8.17
2016-08-28,8.17
2016-08-29,16.34
2016-08-30,18.49
2016-08-31,17.63
2016-09-01,22.42
2016-09-02,21.28
2016-09-03,8.36
2016-09-04,10.26
2016-09-05,11.02
2016-09-06,28.88
2016-09-07,32.3
2016-09-08,25.84
2016-09-09,26.22
2016-09-10,12.16
2016-09-11,13.68
2016-09-12,21.66
2016-09-13,25.84
2016-09-14,30.4
2016-09-15,28.5
2016-09-16,23.56
2016-09-17,7.98
2016-09-18,12.92
2016-09-19,30.78
2016-09-20,28.5
2016-09-21,27.36
2016-09-22,33.44
2016-09-23,22.42
2016-09-24,9.5
2016-09-25,13.3
2016-09-26,31.16
2016-09-27,38.0
2016-09-28,29.26
2016-09-29,28.88
2016-09-30,26.22
2016-10-01,15.17
2016-10-02,14.76
2016-10-03,32.39
2016-10-04,38.949999999999996
2016-10-05,41.0
2016-10-06,41.0
2016-10-07,32.8
2016-10-08,16.4
2016-10-09,21.73
2016-10-10,33.21
2016-10-11,30.749999999999996
2016-10-12,29.93
2016-10-13,28.29
2016-10-14,27.88
2016-10-15,12.299999999999999
2016-10-16,16.4
2016-10-17,32.39
2016-10-18,39.36
2016-10-19,29.52
2016-10-20,33.21
2016-10-21,36.08
2016-10-22,20.5
2016-10-23,23.369999999999997
2016-10-24,39.36
2016-10-25,30.34
2016-10-26,35.669999999999995
2016-10-27,37.309999999999995
2016-10-28,27.06
2016-10-29,12.299999999999999
2016-10-30,15.989999999999998
2016-10-31,27.88
2016-11-01,38.0
2016-11-02,28.12
2016-11-03,22.04
2016-11-04,20.14
2016-11-05,11.78
2016-11-06,10.26
2016-11-07,25.080000000000002
2016-11-08,21.66
2016-11-09,34.2
2016-11-10,35.34
2016-11-11,26.6
2016-11-12,19.76
2016-11-13,12.540000000000001
2016-11-14,27.740000000000002
2016-11-15,27.36
2016-11-16,30.4
2016-11-17,22.8
2016-11-18,27.740000000000002
2016-11-19,12.92
2016-11-20,9.5
2016-11-21,29.64
2016-11-22,25.46
2016-11-23,21.28
2016-11-24,9.5
2016-11-25,15.2
2016-11-26,12.16
2016-11-27,14.06
2016-11-28,20.52
2016-11-29,30.78
2016-11-30,26.6
2016-12-01,29.52
2016-12-02,32.76
2016-12-03,12.6
2016-12-04,16.919999999999998
2016-12-05,29.88
2016-12-06,32.04
2016-12-07,35.64
2016-12-08,36.0
2016-12-09,32.76
2016-12-10,18.0
2016-12-11,12.959999999999999
2016-12-12,34.199999999999996
2016-12-13,32.04
2016-12-14,31.32
2016-12-15,27.0
2016-12-16,24.48
2016-12-17,11.879999999999999
2016-12-18,9.36
2016-12-19,23.4
2016-12-20,29.88
2016-12-21,27.72
2016-12-22,24.84
2016-12-23,15.479999999999999
2016-12-24,9.36
2016-12-25,9.0
2016-12-26,10.44
2016-12-27,24.48
2016-12-28,19.439999999999998
2016-12-29,21.24
2016-12-30,24.48
2016-12-31,13.68
2017-01-01,9.43
2017-01-02,13.12
2017-01-03,23.369999999999997
2017-01-04,30.34
2017-01-05,27.47
2017-01-06,33.62
2017-01-07,13.94
2017-01-08,12.299999999999999
2017-01-09,25.009999999999998
2017-01-10,30.749999999999996
2017-01-11,32.39
2017-01-12,28.29
2017-01-13,23.369999999999997
2017-01-14,17.63
2017-01-15,9.84
2017-01-16,22.139999999999997
2017-01-17,31.569999999999997
2017-01-18,29.52
2017-01-19,28.29
2017-01-20,24.189999999999998
2017-01-21,11.069999999999999
2017-01-22,12.709999999999999
2017-01-23,26.65
2017-01-24,36.489999999999995
2017-01-25,29.52
2017-01-26,37.309999999999995
2017-01-27,31.569999999999997
2017-01-28,13.53
2017-01-29,17.22
2017-01-30,27.47
2017-01-31,41.0
2017-02-01,37.309999999999995
2017-02-02,41.0
2017-02-03,31.979999999999997
2017-02-04,19.68
2017-02-05,14.76
2017-02-06,27.88
2017-02-07,38.949999999999996
2017-02-08,36.9
2017-02-09,37.72
2017-02-10,34.44
2017-02-11,15.989999999999998
2017-02-12,14.35
2017-02-13,28.7
2017-02-14,32.39
2017-02-15,34.03
2017-02-16,34.44
2017-02-17,36.08
2017-02-18,14.76
2017-02-19,19.68
2017-02-20,23.369999999999997
2017-02-21,36.08
2017-02-22,33.62
2017-02-23,35.669999999999995
2017-02-24,31.569999999999997
2017-02-25,20.91
2017-02-26,14.35
2017-02-27,31.979999999999997
2017-02-28,38.949999999999996
2017-03-01,42.0
2017-03-02,31.919999999999998
2017-03-03,36.12
2017-03-04,20.16
2017-03-05,22.68
2017-03-06,38.22
2017-03-07,39.9
2017-03-08,38.64
2017-03-09,35.28
2017-03-10,36.12
2017-03-11,20.16
2017-03-12,13.86
2017-03-13,30.66
2017-03-14,29.82
2017-03-15,34.019999999999996
2017-03-16,41.16
2017-03-17,23.52
2017-03-18,10.92
2017-03-19,19.32
2017-03-20,36.96
2017-03-21,39.9
2017-03-22,35.28
2017-03-23,32.76
2017-03-24,23.52
2017-03-25,17.64
2017-03-26,23.52
2017-03-27,33.6
2017-03-28,34.86
2017-03-29,37.8
2017-03-30,34.019999999999996
2017-03-31,36.12
2017-04-01,14.04
2017-04-02,19.439999999999998
2017-04-03,24.84
2017-04-04,31.68
2017-04-05,24.48
2017-04-06,29.88
2017-04-07,19.8
2017-04-08,15.479999999999999
2017-04-09,12.959999999999999
2017-04-10,22.32
2017-04-11,30.959999999999997
2017-04-12,36.0
2017-04-13,19.8
2017-04-14,22.32
2017-04-15,15.12
2017-04-16,11.16
2017-04-17,20.52
2017-04-18,31.68
2017-04-19,30.24
2017-04-20,31.68
2017-04-21,28.08
2017-04-22,20.52
2017-04-23,12.24
2017-04-24,27.36
2017-04-25,28.799999999999997
2017-04-26,25.56
2017-04-27,27.36
2017-04-28,29.88
2017-04-29,14.04
2017-04-30,10.799999999999999
2017-05-01,23.4
2017-05-02,36.0
2017-05-03,26.279999999999998
2017-05-04,23.759999999999998
2017-05-05,22.68
2017-05-06,12.24
2017-05-07,6.4799999999999995
2017-05-08,23.759999999999998
2017-05-09,21.599999999999998
2017-05-10,24.84
2017-05-11,26.64
2017-05-12,18.36
2017-05-13,12.6
2017-05-14,12.6
2017-05-15,22.32
2017-05-16,26.279999999999998
2017-05-17,24.84
2017-05-18,22.32
2017-05-19,20.52
2017-05-20,10.44
2017-05-21,7.56
2017-05-22,21.24
2017-05-23,24.48
2017-05-24,27.0
2017-05-25,27.0
2017-05-26,13.32
2017-05-27,6.12
2017-05-28,12.24
2017-05-29,13.32
2017-05-30,23.04
2017-05-31,25.919999999999998
2017-06-01,26.180000000000003
2017-06-02,27.540000000000003
2017-06-03,11.22
2017-06-04,11.9
2017-06-05,34.0
2017-06-06,29.240000000000002
2017-06-07,24.82
2017-06-08,23.8
2017-06-09,19.380000000000003
2017-06-10,13.940000000000001
2017-06-11,11.9
2017-06-12,19.720000000000002
2017-06-13,23.46
2017-06-14,27.880000000000003
2017-06-15,25.16
2017-06-16,18.360000000000003
2017-06-17,13.940000000000001
2017-06-18,9.180000000000001
2017-06-19,32.64
2017-06-20,29.92
2017-06-21,27.880000000000003
2017-06-22,28.220000000000002
2017-06-23,28.220000000000002
2017-06-24,12.920000000000002
2017-06-25,9.520000000000001
2017-06-26,32.980000000000004
2017-06-27,25.16
2017-06-28,32.64
2017-06-29,25.840000000000003
2017-06-30,18.700000000000003
2017-07-01,9.180000000000001
2017-07-02,10.88
2017-07-03,14.620000000000001
2017-07-04,13.940000000000001
2017-07-05,27.540000000000003
2017-07-06,24.82
2017-07-07,25.500000000000004
2017-07-08,10.88
2017-07-09,10.540000000000001
2017-07-10,22.1
2017-07-11,28.900000000000002
2017-07-12,28.220000000000002
2017-07-13,22.44
2017-07-14,23.8
2017-07-15,11.9
2017-07-16,11.22
2017-07-17,22.78
2017-07-18,31.62
2017-07-19,21.76
2017-07-20,29.240000000000002
2017-07-21,28.220000000000002
2017-07-22,10.200000000000001
2017-07-23,8.84
2017-07-24,24.82
2017-07-25,24.14
2017-07-26,34.0
2017-07-27,27.200000000000003
2017-07-28,22.78
2017-07-29,12.24
2017-07-30,13.940000000000001
2017-07-31,21.42
2017-08-01,36.0
2017-08-02,29.16
2017-08-03,26.64
2017-08-04,23.759999999999998
2017-08-05,14.04
2017-08-06,11.52
2017-08-07,26.279999999999998
2017-08-08,34.92
2017-08-09,27.0
2017-08-10,26.64
2017-08-11,26.279999999999998
2017-08-12,7.199999999999999
2017-08-13,11.879999999999999
2017-08-14,29.52
2017-08-15,27.36
2017-08-16,24.48
2017-08-17,21.24
2017-08-18,25.56
2017-08-19,14.04
2017-08-20,7.56
2017-08-21,21.96
2017-08-22,29.52
2017-08-23,24.119999999999997
2017-08-24,20.52
2017-08-25,23.04
2017-08-26,11.52
2017-08-27,10.44
2017-08-28,22.68
2017-08-29,30.599999999999998
2017-08-30,27.0
2017-08-31,27.36
2017-09-01,22.68
2017-09-02,12.6
2017-09-03,12.959999999999999
2017-09-04,14.76
2017-09-05,27.72
2017-09-06,30.24
2017-09-07,28.439999999999998
2017-09-08,31.32
2017-09-09,13.68
2017-09-10,11.16
2017-09-11,27.36
2017-09-12,32.4
2017-09-13,26.64
2017-09-14,32.04
2017-09-15,25.2
2017-09-16,15.12
2017-09-17,17.64
2017-09-18,30.599999999999998
2017-09-19,25.2
2017-09-20,30.24
2017-09-21,30.599999999999998
2017-09-22,23.04
2017-09-23,12.6
2017-09-24,14.399999999999999
2017-09-25,31.32
2017-09-26,30.599999999999998
2017-09-27,36.0
2017-09-28,28.08
2017-09-29,28.439999999999998
2017-09-30,16.56
2017-10-01,13.200000000000001
2017-10-02,29.200000000000003
2017-10-03,30.8
2017-10-04,23.200000000000003
2017-10-05,37.2
2017-10-06,24.0
2017-10-07,14.0
2017-10-08,11.600000000000001
2017-10-09,27.6
2017-10-10,40.0
2017-10-11,34.800000000000004
2017-10-12,32.0
2017-10-13,28.0
2017-10-14,9.600000000000001
2017-10-15,16.400000000000002
2017-10-16,32.4
2017-10-17,34.800000000000004
2017-10-18,29.6
2017-10-19,30.0
2017-10-20,27.6
2017-10-21,13.600000000000001
2017-10-22,12.0
2017-10-23,25.200000000000003
2017-10-24,30.0
2017-10-25,27.200000000000003
2017-10-26,29.200000000000003
2017-10-27,25.200000000000003
2017-10-28,10.8
2017-10-29,10.8
2017-10-30,29.200000000000003
2017-10-31,32.0
2017-11-01,29.52
2017-11-02,27.72
2017-11-03,33.12
2017-11-04,19.08
2017-11-05,15.84
2017-11-06,24.84
2017-11-07,32.04
2017-11-08,32.76
2017-11-09,31.32
2017-11-10,20.88
2017-11-11,14.399999999999999
2017-11-12,12.6
2017-11-13,28.439999999999998
2017-11-14,33.12
2017-11-15,32.76
2017-11-16,36.0
2017-11-17,23.04
2017-11-18,12.24
2017-11-19,9.719999999999999
2017-11-20,23.759999999999998
2017-11-21,27.72
2017-11-22,27.36
2017-11-23,11.16
2017-11-24,11.52
2017-11-25,11.16
2017-11-26,11.16
2017-11-27,20.52
2017-11-28,20.88
2017-11-29,30.24
2017-11-30,33.12
2017-12-01,28.349999999999998
2017-12-02,12.25
2017-12-03,15.399999999999999
2017-12-04,28.0
2017-12-05,34.65
2017-12-06,33.599999999999994
2017-12-07,35.0
2017-12-08,26.25
2017-12-09,16.45
2017-12-10,14.35
2017-12-11,19.25
2017-12-12,29.749999999999996
2017-12-13,24.5
2017-12-14,30.099999999999998
2017-12-15,29.049999999999997
2017-12-16,18.2
2017-12-17,12.95
2017-12-18,31.849999999999998
2017-12-19,26.599999999999998
2017-12-20,28.7
2017-12-21,31.849999999999998
2017-12-22,20.65
2017-12-23,9.45
2017-12-24,7.35
2017-12-25,7.699999999999999
2017-12-26,18.2
2017-12-27,19.95
2017-12-28,24.849999999999998
2017-12-29,18.9
2017-12-30,8.049999999999999
2017-12-31,7.0
2018-01-01,6.44
2018-01-02,19.78
2018-01-03,24.84
2018-01-04,25.3
2018-01-05,20.240000000000002
2018-01-06,11.96
2018-01-07,15.180000000000001
2018-01-08,32.2
2018-01-09,34.04
2018-01-10,39.1
2018-01-11,29.44
2018-01-12,27.6
2018-01-13,9.66
2018-01-14,13.34
2018-01-15,16.560000000000002
2018-01-16,26.220000000000002
2018-01-17,27.6
2018-01-18,24.84
2018-01-19,22.540000000000003
2018-01-20,15.180000000000001
2018-01-21,13.34
2018-01-22,21.16
2018-01-23,24.380000000000003
2018-01-24,27.14
2018-01-25,24.84
2018-01-26,28.98
2018-01-27,18.86
2018-01-28,13.8
2018-01-29,25.3
2018-01-30,46.0
2018-01-31,38.18
2018-02-01,32.339999999999996
2018-02-02,37.8
2018-02-03,22.259999999999998
2018-02-04,14.28
2018-02-05,37.8
2018-02-06,42.0
2018-02-07,39.48
2018-02-08,37.379999999999995
2018-02-09,32.339999999999996
2018-02-10,19.32
2018-02-11,15.959999999999999
2018-02-12,31.5
2018-02-13,35.28
2018-02-14,34.44
2018-02-15,31.5
2018-02-16,29.4
2018-02-17,19.32
2018-02-18,17.64
2018-02-19,19.32
2018-02-20,28.14
2018-02-21,32.76
2018-02-22,29.82
2018-02-23,28.98
2018-02-24,19.32
2018-02-25,19.32
2018-02-26,35.28
2018-02-27,31.5
2018-02-28,31.5
2018-03-01,26.0
2018-03-02,27.6
2018-03-03,16.400000000000002
2018-03-04,12.8
2018-03-05,30.8
2018-03-06,36.4
2018-03-07,32.800000000000004
2018-03-08,33.2
2018-03-09,30.400000000000002
2018-03-10,12.0
2018-03-11,16.400000000000002
2018-03-12,34.0
2018-03-13,26.400000000000002
2018-03-14,31.6
2018-03-15,25.200000000000003
2018-03-16,28.400000000000002
2018-03-17,14.0
2018-03-18,16.0
2018-03-19,26.8
2018-03-20,37.2
2018-03-21,33.2
2018-03-22,40.0
2018-03-23,35.2
2018-03-24,17.2
2018-03-25,18.0
2018-03-26,32.4
2018-03-27,32.0
2018-03-28,24.0
2018-03-29,32.800000000000004
2018-03-30,27.6
2018-03-31,11.200000000000001
2018-04-01,14.82
2018-04-02,25.46
2018-04-03,35.34
2018-04-04,38.0
2018-04-05,28.88
2018-04-06,25.080000000000002
2018-04-07,12.92
2018-04-08,11.78
2018-04-09,23.56
2018-04-10,35.72
2018-04-11,35.72
2018-04-12,28.88
2018-04-13,25.46
2018-04-14,9.88
2018-04-15,10.64
2018-04-16,29.26
2018-04-17,28.12
2018-04-18,30.02
2018-04-19,25.84
2018-04-20,23.94
2018-04-21,12.16
2018-04-22,13.3
2018-04-23,21.66
2018-04-24,27.740000000000002
2018-04-25,29.26
2018-04-26,27.36
2018-04-27,25.080000000000002
2018-04-28,12.92
2018-04-29,13.3
2018-04-30,26.6
2018-05-01,35.0
2018-05-02,30.099999999999998
2018-05-03,28.0
2018-05-04,22.049999999999997
2018-05-05,12.25
2018-05-06,14.0
2018-05-07,24.15
2018-05-08,31.499999999999996
2018-05-09,26.25
2018-05-10,24.5
2018-05-11,28.7
2018-05-12,19.599999999999998
2018-05-13,14.0
2018-05-14,24.15
2018-05-15,26.95
2018-05-16,25.549999999999997
2018-05-17,29.749999999999996
2018-05-18,26.95
2018-05-19,12.95
2018-05-20,11.549999999999999
2018-05-21,28.7
2018-05-22,31.15
2018-05-23,33.599999999999994
2018-05-24,34.3
2018-05-25,26.95
2018-05-26,10.149999999999999
2018-05-27,11.549999999999999
2018-05-28,10.149999999999999
2018-05-29,26.95
2018-05-30,28.7
2018-05-31,31.15
2018-06-01,24.15
2018-06-02,14.0
2018-06-03,11.899999999999999
2018-06-04,31.499999999999996
2018-06-05,27.65
2018-06-06,29.749999999999996
2018-06-07,30.45
2018-06-08,21.7
2018-06-09,13.299999999999999
2018-06-10,14.0
2018-06-11,25.2
2018-06-12,25.2
2018-06-13,27.299999999999997
2018-06-14,28.0
2018-06-15,24.15
2018-06-16,9.45
2018-06-17,10.149999999999999
2018-06-18,22.4
2018-06-19,31.849999999999998
2018-06-20,26.95
2018-06-21,35.0
2018-06-22,23.45
2018-06-23,10.85
2018-06-24,11.899999999999999
2018-06-25,22.75
2018-06-26,32.199999999999996
2018-06-27,22.049999999999997
2018-06-28,23.799999999999997
2018-06-29,21.349999999999998
2018-06-30,9.1
2018-07-01,8.82
2018-07-02,24.36
2018-07-03,18.06
2018-07-04,11.76
2018-07-05,15.12
2018-07-06,16.8
2018-07-07,6.72
2018-07-08,14.28
2018-07-09,32.339999999999996
2018-07-10,35.699999999999996
2018-07-11,42.0
2018-07-12,31.919999999999998
2018-07-13,21.84
2018-07-14,6.3
2018-07-15,9.24
2018-07-16,26.88
2018-07-17,16.8
2018-07-18,19.32
2018-07-19,20.16
2018-07-20,16.8
2018-07-21,14.7
2018-07-22,12.6
2018-07-23,19.32
2018-07-24,24.36
2018-07-25,24.36
2018-07-26,22.259999999999998
2018-07-27,20.16
2018-07-28,12.6
2018-07-29,7.9799999999999995
2018-07-30,24.36
2018-07-31,37.379999999999995
2018-08-01,38.54
2018-08-02,27.47
2018-08-03,27.06
2018-08-04,13.94
2018-08-05,13.94
2018-08-06,38.129999999999995
2018-08-07,41.0
2018-08-08,37.72
2018-08-09,31.569999999999997
2018-08-10,21.32
2018-08-11,12.299999999999999
2018-08-12,11.889999999999999
2018-08-13,31.569999999999997
2018-08-14,29.52
2018-08-15,25.009999999999998
2018-08-16,30.749999999999996
2018-08-17,29.93
2018-08-18,17.22
2018-08-19,13.12
2018-08-20,23.779999999999998
2018-08-21,28.7
2018-08-22,33.21
2018-08-23,31.979999999999997
2018-08-24,26.65
2018-08-25,17.22
2018-08-26,7.789999999999999
2018-08-27,31.979999999999997
2018-08-28,34.44
2018-08-29,29.11
2018-08-30,32.39
2018-08-31,23.369999999999997
2018-09-01,13.68
2018-09-02,12.24
2018-09-03,11.879999999999999
2018-09-04,29.88
2018-09-05,31.68
2018-09-06,36.0
2018-09-07,21.24
2018-09-08,12.959999999999999
2018-09-09,9.719999999999999
2018-09-10,24.84
2018-09-11,34.56
2018-09-12,33.839999999999996
2018-09-13,27.0
2018-09-14,28.08
2018-09-15,11.879999999999999
2018-09-16,12.24
2018-09-17,30.959999999999997
2018-09-18,33.839999999999996
2018-09-19,34.199999999999996
2018-09-20,35.28
2018-09-21,32.76
2018-09-22,13.68
2018-09-23,12.6
2018-09-24,29.16
2018-09-25,34.199999999999996
2018-09-26,33.48
2018-09-27,28.799999999999997
2018-09-28,27.36
2018-09-29,12.6
2018-09-30,13.68
2018-10-01,35.26
2018-10-02,33.62
2018-10-03,35.669999999999995
2018-10-04,27.88
2018-10-05,27.88
2018-10-06,15.17
2018-10-07,14.76
2018-10-08,25.419999999999998
2018-10-09,41.0
2018-10-10,33.21
2018-10-11,33.62
2018-10-12,28.7
2018-10-13,17.63
2018-10-14,13.53
2018-10-15,29.11
2018-10-16,35.26
2018-10-17,37.309999999999995
2018-10-18,36.9
2018-10-19,27.06
2018-10-20,12.709999999999999
2018-10-21,15.579999999999998
2018-10-22,31.159999999999997
2018-10-23,34.03
2018-10-24,31.569999999999997
2018-10-25,28.29
2018-10-26,27.88
2018-10-27,19.68
2018-10-28,13.94
2018-10-29,29.11
2018-10-30,39.769999999999996
2018-10-31,32.39
2018-11-01,23.01
2018-11-02,23.01
2018-11-03,14.43
2018-11-04,10.530000000000001
2018-11-05,24.18
2018-11-06,26.52
2018-11-07,17.16
2018-11-08,28.080000000000002
2018-11-09,22.62
2018-11-10,10.92
2018-11-11,10.92
2018-11-12,25.35
2018-11-13,25.35
2018-11-14,23.79
2018-11-15,20.28
2018-11-16,25.740000000000002
2018-11-17,20.67
2018-11-18,21.060000000000002
2018-11-19,39.0
2018-11-20,35.1
2018-11-21,25.740000000000002
2018-11-22,14.040000000000001
2018-11-23,11.700000000000001
2018-11-24,11.700000000000001
2018-11-25,10.14
2018-11-26,24.96
2018-11-27,22.62
2018-11-28,26.91
2018-11-29,26.52
2018-11-30,26.130000000000003
2018-12-01,7.82
2018-12-02,8.5
2018-12-03,18.700000000000003
2018-12-04,19.720000000000002
2018-12-05,18.360000000000003
2018-12-06,14.280000000000001
2018-12-07,17.0
2018-12-08,10.88
2018-12-09,8.84
2018-12-10,14.620000000000001
2018-12-11,16.66
2018-12-12,13.940000000000001
2018-12-13,16.32
2018-12-14,18.02
2018-12-15,7.140000000000001
2018-12-16,4.760000000000001
2018-12-17,14.620000000000001
2018-12-18,17.68
2018-12-19,34.0
2018-12-20,25.16
2018-12-21,15.3
2018-12-22,9.180000000000001
2018-12-23,6.800000000000001
2018-12-24,11.9
2018-12-25,11.9
2018-12-26,10.88
2018-12-27,13.600000000000001
2018-12-28,11.56
2018-12-29,6.460000000000001
2018-12-30,6.12
2018-12-31,11.9
2019-01-01,12.4
2019-01-02,23.6
2019-01-03,25.6
2019-01-04,23.200000000000003
2019-01-05,12.4
2019-01-06,9.200000000000001
2019-01-07,26.0
2019-01-08,31.200000000000003
2019-01-09,32.800000000000004
2019-01-10,27.200000000000003
2019-01-11,26.0
2019-01-12,14.4
2019-01-13,14.8
2019-01-14,26.0
2019-01-15,20.0
2019-01-16,30.8
2019-01-17,20.400000000000002
2019-01-18,20.400000000000002
2019-01-19,12.0
2019-01-20,10.4
2019-01-21,17.6
2019-01-22,22.400000000000002
2019-01-23,25.6
2019-01-24,27.6
2019-01-25,26.8
2019-01-26,14.0
2019-01-27,13.600000000000001
2019-01-28,29.200000000000003
2019-01-29,40.0
2019-01-30,28.400000000000002
2019-01-31,26.8
2019-02-01,31.16
2019-02-02,17.1
2019-02-03,13.3
2019-02-04,30.78
2019-02-05,28.12
2019-02-06,30.4
2019-02-07,24.7
2019-02-08,38.0
2019-02-09,17.48
2019-02-10,14.82
2019-02-11,28.12
2019-02-12,27.740000000000002
2019-02-13,31.92
2019-02-14,30.78
2019-02-15,26.22
2019-02-16,12.16
2019-02-17,10.64
2019-02-18,21.66
2019-02-19,31.16
2019-02-20,29.64
2019-02-21,25.46
2019-02-22,28.12
2019-02-23,17.48
2019-02-24,12.92
2019-02-25,31.54
2019-02-26,28.12
2019-02-27,30.4
2019-02-28,30.02
2019-03-01,25.53
2019-03-02,19.24
2019-03-03,13.32
2019-03-04,29.6
2019-03-05,29.97
2019-03-06,27.75
2019-03-07,28.86
2019-03-08,33.3
2019-03-09,18.13
2019-03-10,16.28
2019-03-11,28.49
2019-03-12,35.15
2019-03-13,37.0
2019-03-14,32.19
2019-03-15,28.49
2019-03-16,18.13
2019-03-17,14.8
2019-03-18,31.08
2019-03-19,29.6
2019-03-20,30.34
2019-03-21,29.97
2019-03-22,28.86
2019-03-23,13.69
2019-03-24,12.95
2019-03-25,27.009999999999998
2019-03-26,34.04
2019-03-27,27.38
2019-03-28,32.93
2019-03-29,28.12
2019-03-30,16.65
2019-03-31,12.95
2019-04-01,30.71
2019-04-02,31.45
2019-04-03,31.08
2019-04-04,26.64
2019-04-05,27.38
2019-04-06,15.91
2019-04-07,11.84
2019-04-08,22.94
2019-04-09,25.9
2019-04-10,22.2
2019-04-11,28.12
2019-04-12,22.94
2019-04-13,15.54
2019-04-14,9.62
2019-04-15,24.419999999999998
2019-04-16,33.67
2019-04-17,33.3
2019-04-18,32.56
2019-04-19,20.35
2019-04-20,15.17
2019-04-21,17.02
2019-04-22,24.419999999999998
2019-04-23,31.45
2019-04-24,27.38
2019-04-25,37.0
2019-04-26,28.12
2019-04-27,10.36
2019-04-28,13.69
2019-04-29,24.419999999999998
2019-04-30,36.26
2019-05-01,32.56
2019-05-02,37.0
2019-05-03,29.97
2019-05-04,15.91
2019-05-05,14.43
2019-05-06,33.3
2019-05-07,31.08
2019-05-08,34.41
2019-05-09,36.26
2019-05-10,23.68
2019-05-11,15.54
2019-05-12,18.5
2019-05-13,30.34
2019-05-14,35.519999999999996
2019-05-15,34.78
2019-05-16,37.0
2019-05-17,30.34
2019-05-18,16.28
2019-05-19,12.58
2019-05-20,29.97
2019-05-21,33.67
2019-05-22,26.27
2019-05-23,27.75
2019-05-24,27.38
2019-05-25,14.43
2019-05-26,15.54
2019-05-27,19.24
2019-05-28,29.97
2019-05-29,30.71
2019-05-30,29.97
2019-05-31,23.31
2019-06-01,9.450000000000001
2019-06-02,9.450000000000001
2019-06-03,20.25
2019-06-04,21.150000000000002
2019-06-05,45.0
2019-06-06,31.05
2019-06-07,25.2
2019-06-08,13.950000000000001
2019-06-09,10.8
2019-06-10,21.6
2019-06-11,22.5
2019-06-12,22.5
2019-06-13,22.95
2019-06-14,17.1
2019-06-15,13.05
2019-06-16,6.75
2019-06-17,36.9
2019-06-18,31.5
2019-06-19,25.650000000000002
2019-06-20,20.25
2019-06-21,18.45
2019-06-22,9.9
2019-06-23,6.75
2019-06-24,22.5
2019-06-25,26.1
2019-06-26,22.05
2019-06-27,20.25
2019-06-28,18.0
2019-06-29,10.35
2019-06-30,6.3
2019-07-01,15.989999999999998
2019-07-02,16.4
2019-07-03,16.4
2019-07-04,6.1499999999999995
2019-07-05,12.299999999999999
2019-07-06,4.92
2019-07-07,7.38
2019-07-08,14.76
2019-07-09,14.76
2019-07-10,15.579999999999998
2019-07-11,16.81
2019-07-12,13.94
2019-07-13,6.56
2019-07-14,6.56
2019-07-15,13.53
2019-07-16,13.12
2019-07-17,16.4
2019-07-18,13.12
2019-07-19,10.66
2019-07-20,7.789999999999999
2019-07-21,5.33
2019-07-22,13.12
2019-07-23,12.299999999999999
2019-07-24,15.17
2019-07-25,14.76
2019-07-26,15.989999999999998
2019-07-27,11.479999999999999
2019-07-28,11.479999999999999
2019-07-29,41.0
2019-07-30,31.569999999999997
2019-07-31,19.68
2019-08-01,40.0
2019-08-02,33.2
2019-08-03,16.0
2019-08-04,17.6
2019-08-05,28.0
2019-08-06,25.6
2019-08-07,32.0
2019-08-08,32.4
2019-08-09,22.400000000000002
2019-08-10,13.600000000000001
2019-08-11,11.200000000000001
2019-08-12,36.0
2019-08-13,26.0
2019-08-14,31.6
2019-08-15,40.0
2019-08-16,26.0
2019-08-17,15.200000000000001
2019-08-18,10.4
2019-08-19,26.8
2019-08-20,32.4
2019-08-21,28.0
2019-08-22,29.6
2019-08-23,23.200000000000003
2019-08-24,16.400000000000002
2019-08-25,12.4
2019-08-26,33.2
2019-08-27,19.6
2019-08-28,27.6
2019-08-29,33.2
2019-08-30,20.0
2019-08-31,7.2
2019-09-01,9.36
2019-09-02,10.799999999999999
2019-09-03,25.919999999999998
2019-09-04,29.16
2019-09-05,24.48
2019-09-06,26.64
2019-09-07,14.04
2019-09-08,6.84
2019-09-09,24.48
2019-09-10,24.119999999999997
2019-09-11,24.84
2019-09-12,36.0
2019-09-13,30.24
2019-09-14,13.68
2019-09-15,9.0
2019-09-16,29.16
2019-09-17,25.919999999999998
2019-09-18,29.88
2019-09-19,23.759999999999998
2019-09-20,26.64
2019-09-21,12.24
2019-09-22,9.0
2019-09-23,27.72
2019-09-24,32.04
2019-09-25,28.439999999999998
2019-09-26,24.119999999999997
2019-09-27,28.08
2019-09-28,9.36
2019-09-29,10.44
2019-09-30,27.0
2019-10-01,22.94
2019-10-02,23.31
2019-10-03,24.05
2019-10-04,23.31
2019-10-05,13.32
2019-10-06,9.25
2019-10-07,25.16
2019-10-08,22.2
2019-10-09,29.23
2019-10-10,24.05
2019-10-11,20.72
2019-10-12,12.58
2019-10-13,10.73
2019-10-14,25.16
2019-10-15,25.9
2019-10-16,24.79
2019-10-17,22.94
2019-10-18,22.2
2019-10-19,11.84
2019-10-20,9.25
2019-10-21,29.97
2019-10-22,27.38
2019-10-23,25.53
2019-10-24,24.419999999999998
2019-10-25,24.419999999999998
2019-10-26,8.14
2019-10-27,12.58
2019-10-28,24.79
2019-10-29,37.0
2019-10-30,29.6
2019-10-31,27.38
2019-11-01,22.44
2019-11-02,14.190000000000001
2019-11-03,12.21
2019-11-04,22.44
2019-11-05,31.35
2019-11-06,28.71
2019-11-07,28.05
2019-11-08,25.41
2019-11-09,12.870000000000001
2019-11-10,7.92
2019-11-11,23.43
2019-11-12,27.060000000000002
2019-11-13,32.34
2019-11-14,28.380000000000003
2019-11-15,26.400000000000002
2019-11-16,17.490000000000002
2019-11-17,16.830000000000002
2019-11-18,33.0
2019-11-19,22.44
2019-11-20,32.34
2019-11-21,29.37
2019-11-22,28.05
2019-11-23,12.540000000000001
2019-11-24,14.190000000000001
2019-11-25,26.07
2019-11-26,29.37
2019-11-27,16.17
2019-11-28,12.540000000000001
2019-11-29,14.520000000000001
2019-11-30,12.21
2019-12-01,6.3
2019-12-02,20.099999999999998
2019-12-03,24.9
2019-12-04,23.099999999999998
2019-12-05,23.7
2019-12-06,23.099999999999998
2019-12-07,12.9
2019-12-08,12.0
2019-12-09,22.8
2019-12-10,19.2
2019-12-11,21.9
2019-12-12,25.2
2019-12-13,17.7
2019-12-14,14.7
2019-12-15,11.1
2019-12-16,21.0
2019-12-17,30.0
2019-12-18,24.9
2019-12-19,24.0
2019-12-20,19.5
2019-12-21,11.7
2019-12-22,8.4
2019-12-23,15.0
2019-12-24,15.6
2019-12-25,6.3
2019-12-26,14.399999999999999
2019-12-27,20.099999999999998
2019-12-28,10.2
2019-12-29,8.7
2019-12-30,14.7
2019-12-31,17.099999999999998
2020-01-01,11.549999999999999
2020-01-02,24.849999999999998
2020-01-03,23.45
2020-01-04,9.45
2020-01-05,10.85
2020-01-06,20.65
2020-01-07,25.2
2020-01-08,22.75
2020-01-09,22.75
2020-01-10,29.4
2020-01-11,12.6
2020-01-12,9.45
2020-01-13,21.349999999999998
2020-01-14,24.849999999999998
2020-01-15,28.0
2020-01-16,29.749999999999996
2020-01-17,21.0
2020-01-18,9.799999999999999
2020-01-19,8.049999999999999
2020-01-20,15.749999999999998
2020-01-21,25.549999999999997
2020-01-22,23.099999999999998
2020-01-23,26.95
2020-01-24,24.5
2020-01-25,11.549999999999999
2020-01-26,10.85
2020-01-27,21.0
2020-01-28,35.0
2020-01-29,28.0
2020-01-30,23.45
2020-01-31,24.5
2020-02-01,8.97
2020-02-02,11.700000000000001
2020-02-03,19.5
2020-02-04,29.64
2020-02-05,32.76
2020-02-06,28.080000000000002
2020-02-07,23.79
2020-02-08,13.26
2020-02-09,7.800000000000001
2020-02-10,23.79
2020-02-11,32.370000000000005
2020-02-12,22.23
2020-02-13,20.67
2020-02-14,22.62
2020-02-15,9.75
2020-02-16,12.09
2020-02-17,24.18
2020-02-18,26.52
2020-02-19,21.060000000000002
2020-02-20,30.03
2020-02-21,21.45
2020-02-22,12.09
2020-02-23,13.26
2020-02-24,21.060000000000002
2020-02-25,26.52
2020-02-26,28.470000000000002
2020-02-27,30.810000000000002
2020-02-28,39.0
2020-02-29,15.99
2020-03-01,17.4
2020-03-02,42.339999999999996
2020-03-03,41.18
2020-03-04,43.5
2020-03-05,44.08
2020-03-06,36.54
2020-03-07,28.419999999999998
2020-03-08,22.04
2020-03-09,46.4
2020-03-10,44.08
2020-03-11,38.279999999999994
2020-03-12,49.3
2020-03-13,57.99999999999999
2020-03-14,24.939999999999998
2020-03-15,20.88
2020-03-16,38.279999999999994
2020-03-17,49.879999999999995
2020-03-18,56.26
2020-03-19,50.459999999999994
2020-03-20,44.66
2020-03-21,26.68
2020-03-22,27.259999999999998
2020-03-23,44.08
2020-03-24,46.4
2020-03-25,37.12
2020-03-26,37.12
2020-03-27,33.64
2020-03-28,18.56
2020-03-29,17.98
2020-03-30,38.86
2020-03-31,41.18
2020-04-01,15.079999999999998
2020-04-02,13.919999999999998
2020-04-03,15.659999999999998
2020-04-04,9.86
2020-04-05,9.28
2020-04-06,16.82
2020-04-07,20.88
2020-04-08,16.82
2020-04-09,32.48
2020-04-10,33.64
2020-04-11,13.34
2020-04-12,9.86
2020-04-13,18.56
2020-04-14,19.139999999999997
2020-04-15,19.72
2020-04-16,19.72
2020-04-17,17.4
2020-04-18,8.12
2020-04-19,7.539999999999999
2020-04-20,17.4
2020-04-21,16.24
2020-04-22,19.72
2020-04-23,19.72
2020-04-24,16.82
2020-04-25,9.86
2020-04-26,7.539999999999999
2020-04-27,19.72
2020-04-28,30.159999999999997
2020-04-29,57.99999999999999
2020-04-30,37.12
