date,sba loans
2011-01-01,3.5
2011-01-02,1.4500000000000002
2011-01-03,3.85
2011-01-04,1.1
2011-01-05,3.5500000000000003
2011-01-06,3.25
2011-01-07,1.4500000000000002
2011-01-08,1.35
2011-01-09,4.75
2011-01-10,2.1
2011-01-11,4.800000000000001
2011-01-12,2.75
2011-01-13,4.25
2011-01-14,2.85
2011-01-15,1.8
2011-01-16,1.35
2011-01-17,2.9000000000000004
2011-01-18,2.0500000000000003
2011-01-19,2.75
2011-01-20,2.4000000000000004
2011-01-21,3.2
2011-01-22,2.0
2011-01-23,1.8
2011-01-24,3.45
2011-01-25,4.4
2011-01-26,4.75
2011-01-27,4.1000000000000005
2011-01-28,5.0
2011-01-29,1.9500000000000002
2011-01-30,1.7000000000000002
2011-01-31,4.2
2011-02-01,3.5
2011-02-02,2.0500000000000003
2011-02-03,3.4000000000000004
2011-02-04,3.0
2011-02-05,2.0
2011-02-06,1.35
2011-02-07,2.1
2011-02-08,2.3000000000000003
2011-02-09,2.9000000000000004
2011-02-10,2.4000000000000004
2011-02-11,5.0
2011-02-12,2.1
2011-02-13,1.05
2011-02-14,1.6
2011-02-15,1.85
2011-02-16,3.1500000000000004
2011-02-17,1.6
2011-02-18,1.6500000000000001
2011-02-19,2.0500000000000003
2011-02-20,1.05
2011-02-21,1.6500000000000001
2011-02-22,2.6
2011-02-23,1.05
2011-02-24,1.85
2011-02-25,1.6500000000000001
2011-02-26,2.0500000000000003
2011-02-27,1.7000000000000002
2011-02-28,3.35
2011-03-01,2.36
2011-03-02,1.96
2011-03-03,4.0
2011-03-04,1.6400000000000001
2011-03-05,1.52
2011-03-06,1.0
2011-03-07,2.12
2011-03-08,2.6
2011-03-09,1.96
2011-03-10,2.36
2011-03-11,3.16
2011-03-12,2.7600000000000002
2011-03-13,2.2800000000000002
2011-03-14,0.88
2011-03-15,3.36
2011-03-16,2.64
2011-03-17,1.6400000000000001
2011-03-18,3.04
2011-03-19,3.84
2011-03-20,2.6
2011-03-21,2.88
2011-03-22,2.08
2011-03-23,2.6
2011-03-24,2.0
2011-03-25,1.6400000000000001
2011-03-26,2.04
2011-03-27,2.04
2011-03-28,2.32
2011-03-29,2.32
2011-03-30,1.28
2011-03-31,3.16
2011-04-01,0.0
2011-04-02,1.6199999999999999
2011-04-03,2.04
2011-04-04,1.5
2011-04-05,1.7999999999999998
2011-04-06,1.8599999999999999
2011-04-07,1.8599999999999999
2011-04-08,0.96
2011-04-09,0.8099999999999999
2011-04-10,0.8099999999999999
2011-04-11,1.2
2011-04-12,0.8999999999999999
2011-04-13,2.4299999999999997
2011-04-14,0.63
2011-04-15,0.63
2011-04-16,0.8099999999999999
2011-04-17,1.65
2011-04-18,2.13
2011-04-19,1.7999999999999998
2011-04-20,1.8299999999999998
2011-04-21,1.26
2011-04-22,1.3499999999999999
2011-04-23,1.6199999999999999
2011-04-24,1.29
2011-04-25,1.8599999999999999
2011-04-26,3.0
2011-04-27,1.77
2011-04-28,1.7999999999999998
2011-04-29,0.96
2011-04-30,0.0
2011-05-01,1.14
2011-05-02,2.16
2011-05-03,1.65
2011-05-04,1.68
2011-05-05,0.87
2011-05-06,1.8299999999999998
2011-05-07,2.9099999999999997
2011-05-08,2.4
2011-05-09,1.29
2011-05-10,2.52
2011-05-11,2.28
2011-05-12,2.01
2011-05-13,0.8999999999999999
2011-05-14,2.25
2011-05-15,1.14
2011-05-16,1.98
2011-05-17,1.95
2011-05-18,1.26
2011-05-19,2.88
2011-05-20,3.0
2011-05-21,1.71
2011-05-22,1.17
2011-05-23,1.98
2011-05-24,2.55
2011-05-25,1.98
2011-05-26,2.31
2011-05-27,1.41
2011-05-28,1.2
2011-05-29,1.26
2011-05-30,1.14
2011-05-31,2.31
2011-06-01,2.0
2011-06-02,2.16
2011-06-03,1.68
2011-06-04,3.2800000000000002
2011-06-05,1.08
2011-06-06,2.04
2011-06-07,2.12
2011-06-08,3.52
2011-06-09,2.16
2011-06-10,1.68
2011-06-11,2.88
2011-06-12,1.08
2011-06-13,2.44
2011-06-14,4.0
2011-06-15,1.6
2011-06-16,1.6400000000000001
2011-06-17,1.28
2011-06-18,2.16
2011-06-19,1.12
2011-06-20,1.32
2011-06-21,2.12
2011-06-22,1.8800000000000001
2011-06-23,2.16
2011-06-24,1.96
2011-06-25,2.16
2011-06-26,2.2
2011-06-27,2.44
2011-06-28,1.84
2011-06-29,2.16
2011-06-30,2.08
2011-07-01,2.16
2011-07-02,2.68
2011-07-03,1.4000000000000001
2011-07-04,1.32
2011-07-05,3.08
2011-07-06,1.92
2011-07-07,2.44
2011-07-08,2.0
2011-07-09,0.0
2011-07-10,2.6
2011-07-11,0.96
2011-07-12,3.36
2011-07-13,2.92
2011-07-14,1.96
2011-07-15,2.04
2011-07-16,1.28
2011-07-17,1.28
2011-07-18,2.4
2011-07-19,2.84
2011-07-20,1.44
2011-07-21,1.92
2011-07-22,4.0
2011-07-23,1.2
2011-07-24,1.28
2011-07-25,0.96
2011-07-26,1.4000000000000001
2011-07-27,1.92
2011-07-28,1.92
2011-07-29,0.0
2011-07-30,1.24
2011-07-31,1.28
2011-08-01,4.0
2011-08-02,2.4
2011-08-03,2.8000000000000003
2011-08-04,0.8
2011-08-05,0.0
2011-08-06,1.04
2011-08-07,3.12
2011-08-08,1.96
2011-08-09,3.12
2011-08-10,2.44
2011-08-11,2.44
2011-08-12,2.52
2011-08-13,1.04
2011-08-14,2.08
2011-08-15,1.56
2011-08-16,2.36
2011-08-17,2.4
2011-08-18,2.04
2011-08-19,0.0
2011-08-20,1.04
2011-08-21,2.04
2011-08-22,0.8
2011-08-23,3.08
2011-08-24,3.56
2011-08-25,1.56
2011-08-26,1.6400000000000001
2011-08-27,2.44
2011-08-28,1.96
2011-08-29,1.96
2011-08-30,2.32
2011-08-31,1.56
2011-09-01,1.05
2011-09-02,1.8
2011-09-03,2.6
2011-09-04,2.0500000000000003
2011-09-05,1.2000000000000002
2011-09-06,2.7
2011-09-07,5.0
2011-09-08,2.7
2011-09-09,2.45
2011-09-10,3.85
2011-09-11,1.25
2011-09-12,2.0
2011-09-13,3.6
2011-09-14,2.95
2011-09-15,3.7
2011-09-16,3.2
2011-09-17,3.9000000000000004
2011-09-18,1.85
2011-09-19,3.3000000000000003
2011-09-20,4.3
2011-09-21,1.0
2011-09-22,3.35
2011-09-23,2.75
2011-09-24,3.8000000000000003
2011-09-25,2.9000000000000004
2011-09-26,3.6
2011-09-27,3.25
2011-09-28,3.45
2011-09-29,4.3500000000000005
2011-09-30,3.7
2011-10-01,1.6400000000000001
2011-10-02,0.0
2011-10-03,2.52
2011-10-04,1.8800000000000001
2011-10-05,2.48
2011-10-06,1.92
2011-10-07,2.2
2011-10-08,1.08
2011-10-09,1.08
2011-10-10,2.24
2011-10-11,1.16
2011-10-12,2.6
2011-10-13,1.6400000000000001
2011-10-14,0.88
2011-10-15,1.08
2011-10-16,1.56
2011-10-17,1.8800000000000001
2011-10-18,1.36
2011-10-19,1.08
2011-10-20,3.84
2011-10-21,1.76
2011-10-22,0.0
2011-10-23,1.04
2011-10-24,3.8000000000000003
2011-10-25,4.0
2011-10-26,2.68
2011-10-27,3.68
2011-10-28,2.2800000000000002
2011-10-29,2.08
2011-10-30,2.12
2011-10-31,3.12
2011-11-01,2.12
2011-11-02,1.72
2011-11-03,2.32
2011-11-04,3.0
2011-11-05,1.12
2011-11-06,1.8
2011-11-07,4.0
2011-11-08,2.56
2011-11-09,3.68
2011-11-10,2.04
2011-11-11,2.12
2011-11-12,1.6400000000000001
2011-11-13,2.68
2011-11-14,2.56
2011-11-15,1.68
2011-11-16,1.96
2011-11-17,3.0
2011-11-18,1.8
2011-11-19,1.6400000000000001
2011-11-20,1.8
2011-11-21,3.0
2011-11-22,1.72
2011-11-23,0.92
2011-11-24,1.12
2011-11-25,1.04
2011-11-26,1.08
2011-11-27,1.4000000000000001
2011-11-28,2.04
2011-11-29,3.2
2011-11-30,3.84
2011-12-01,1.08
2011-12-02,0.9299999999999999
2011-12-03,1.3499999999999999
2011-12-04,1.14
2011-12-05,1.3499999999999999
2011-12-06,2.4899999999999998
2011-12-07,1.08
2011-12-08,3.0
2011-12-09,1.1099999999999999
2011-12-10,0.69
2011-12-11,1.02
2011-12-12,1.26
2011-12-13,1.77
2011-12-14,1.26
2011-12-15,2.2199999999999998
2011-12-16,0.96
2011-12-17,0.69
2011-12-18,0.69
2011-12-19,1.3199999999999998
2011-12-20,0.84
2011-12-21,0.96
2011-12-22,0.99
2011-12-23,1.29
2011-12-24,0.0
2011-12-25,0.84
2011-12-26,1.38
2011-12-27,1.56
2011-12-28,1.74
2011-12-29,1.17
2011-12-30,1.41
2011-12-31,1.1099999999999999
2012-01-01,1.3199999999999998
2012-01-02,1.8599999999999999
2012-01-03,2.52
2012-01-04,1.65
2012-01-05,2.82
2012-01-06,1.89
2012-01-07,1.14
2012-01-08,1.1099999999999999
2012-01-09,2.4299999999999997
2012-01-10,1.8299999999999998
2012-01-11,1.44
2012-01-12,1.8299999999999998
2012-01-13,1.89
2012-01-14,0.0
2012-01-15,0.75
2012-01-16,0.63
2012-01-17,3.0
2012-01-18,1.5899999999999999
2012-01-19,1.41
2012-01-20,1.8599999999999999
2012-01-21,0.72
2012-01-22,0.72
2012-01-23,1.56
2012-01-24,2.37
2012-01-25,1.98
2012-01-26,1.5899999999999999
2012-01-27,1.23
2012-01-28,1.71
2012-01-29,2.19
2012-01-30,2.58
2012-01-31,2.55
2012-02-01,2.64
2012-02-02,2.2
2012-02-03,2.7600000000000002
2012-02-04,1.08
2012-02-05,2.2
2012-02-06,0.88
2012-02-07,2.2
2012-02-08,0.88
2012-02-09,3.56
2012-02-10,1.84
2012-02-11,3.24
2012-02-12,1.04
2012-02-13,3.88
2012-02-14,2.24
2012-02-15,1.8
2012-02-16,2.2
2012-02-17,0.92
2012-02-18,1.12
2012-02-19,2.2
2012-02-20,3.68
2012-02-21,2.68
2012-02-22,3.96
2012-02-23,4.0
2012-02-24,3.16
2012-02-25,2.2
2012-02-26,1.68
2012-02-27,2.64
2012-02-28,2.16
2012-02-29,2.6
2012-03-01,2.31
2012-03-02,2.2199999999999998
2012-03-03,1.3199999999999998
2012-03-04,0.6599999999999999
2012-03-05,1.5899999999999999
2012-03-06,2.46
2012-03-07,1.47
2012-03-08,1.71
2012-03-09,0.51
2012-03-10,0.6
2012-03-11,2.46
2012-03-12,1.74
2012-03-13,1.74
2012-03-14,0.99
2012-03-15,0.51
2012-03-16,0.51
2012-03-17,1.23
2012-03-18,0.63
2012-03-19,1.98
2012-03-20,1.71
2012-03-21,1.71
2012-03-22,3.0
2012-03-23,1.29
2012-03-24,1.53
2012-03-25,0.6
2012-03-26,1.95
2012-03-27,1.23
2012-03-28,2.19
2012-03-29,1.23
2012-03-30,0.78
2012-03-31,1.77
2012-04-01,0.51
2012-04-02,1.02
2012-04-03,1.17
2012-04-04,2.01
2012-04-05,0.8099999999999999
2012-04-06,0.8999999999999999
2012-04-07,0.78
2012-04-08,0.54
2012-04-09,1.44
2012-04-10,3.0
2012-04-11,2.16
2012-04-12,1.2
2012-04-13,0.42
2012-04-14,0.0
2012-04-15,0.51
2012-04-16,1.5899999999999999
2012-04-17,1.17
2012-04-18,0.6
2012-04-19,2.01
2012-04-20,0.84
2012-04-21,0.0
2012-04-22,0.99
2012-04-23,0.39
2012-04-24,1.2
2012-04-25,1.95
2012-04-26,1.77
2012-04-27,0.63
2012-04-28,0.48
2012-04-29,0.51
2012-04-30,0.6
2012-05-01,0.8999999999999999
2012-05-02,2.1
2012-05-03,1.8299999999999998
2012-05-04,0.96
2012-05-05,0.78
2012-05-06,0.78
2012-05-07,1.23
2012-05-08,1.5899999999999999
2012-05-09,1.41
2012-05-10,2.4899999999999998
2012-05-11,0.99
2012-05-12,1.2
2012-05-13,1.08
2012-05-14,2.07
2012-05-15,3.0
2012-05-16,1.8599999999999999
2012-05-17,1.47
2012-05-18,1.98
2012-05-19,1.65
2012-05-20,0.8099999999999999
2012-05-21,0.6
2012-05-22,1.02
2012-05-23,0.84
2012-05-24,1.89
2012-05-25,1.65
2012-05-26,1.68
2012-05-27,0.87
2012-05-28,0.78
2012-05-29,2.04
2012-05-30,2.46
2012-05-31,1.56
2012-06-01,1.02
2012-06-02,1.53
2012-06-03,0.75
2012-06-04,1.3499999999999999
2012-06-05,1.74
2012-06-06,1.2
2012-06-07,2.01
2012-06-08,1.26
2012-06-09,1.56
2012-06-10,0.78
2012-06-11,1.5899999999999999
2012-06-12,1.38
2012-06-13,3.0
2012-06-14,1.02
2012-06-15,1.47
2012-06-16,0.0
2012-06-17,1.5899999999999999
2012-06-18,2.01
2012-06-19,1.2
2012-06-20,0.8999999999999999
2012-06-21,1.65
2012-06-22,1.47
2012-06-23,0.75
2012-06-24,1.17
2012-06-25,1.38
2012-06-26,1.17
2012-06-27,1.2
2012-06-28,1.6199999999999999
2012-06-29,2.07
2012-06-30,2.67
2012-07-01,1.8
2012-07-02,2.36
2012-07-03,2.52
2012-07-04,2.32
2012-07-05,2.04
2012-07-06,1.48
2012-07-07,2.32
2012-07-08,1.16
2012-07-09,2.16
2012-07-10,1.24
2012-07-11,3.72
2012-07-12,2.8000000000000003
2012-07-13,2.2800000000000002
2012-07-14,1.56
2012-07-15,1.76
2012-07-16,0.92
2012-07-17,1.52
2012-07-18,3.08
2012-07-19,1.84
2012-07-20,2.84
2012-07-21,2.36
2012-07-22,4.0
2012-07-23,3.08
2012-07-24,3.04
2012-07-25,3.4
2012-07-26,2.7600000000000002
2012-07-27,1.92
2012-07-28,1.72
2012-07-29,1.16
2012-07-30,1.84
2012-07-31,3.3200000000000003
2012-08-01,2.73
2012-08-02,1.89
2012-08-03,1.3199999999999998
2012-08-04,0.0
2012-08-05,1.56
2012-08-06,2.61
2012-08-07,2.9699999999999998
2012-08-08,3.0
2012-08-09,2.9699999999999998
2012-08-10,2.07
2012-08-11,1.41
2012-08-12,1.8599999999999999
2012-08-13,2.73
2012-08-14,1.95
2012-08-15,2.01
2012-08-16,0.75
2012-08-17,2.37
2012-08-18,1.89
2012-08-19,1.89
2012-08-20,2.25
2012-08-21,1.98
2012-08-22,1.89
2012-08-23,2.55
2012-08-24,1.56
2012-08-25,0.9299999999999999
2012-08-26,2.13
2012-08-27,2.46
2012-08-28,2.52
2012-08-29,1.98
2012-08-30,2.01
2012-08-31,1.7999999999999998
2012-09-01,0.64
2012-09-02,1.08
2012-09-03,1.16
2012-09-04,2.16
2012-09-05,1.48
2012-09-06,4.0
2012-09-07,0.68
2012-09-08,2.4
2012-09-09,1.6
2012-09-10,1.48
2012-09-11,1.8
2012-09-12,0.8
2012-09-13,2.16
2012-09-14,2.32
2012-09-15,0.0
2012-09-16,1.84
2012-09-17,2.96
2012-09-18,1.44
2012-09-19,1.32
2012-09-20,1.68
2012-09-21,1.56
2012-09-22,1.24
2012-09-23,0.0
2012-09-24,2.72
2012-09-25,1.48
2012-09-26,1.0
2012-09-27,2.2
2012-09-28,1.28
2012-09-29,0.6
2012-09-30,1.24
2012-10-01,1.3199999999999998
2012-10-02,0.6599999999999999
2012-10-03,1.08
2012-10-04,1.53
2012-10-05,0.8999999999999999
2012-10-06,0.0
2012-10-07,1.6199999999999999
2012-10-08,0.6599999999999999
2012-10-09,1.5
2012-10-10,0.42
2012-10-11,0.44999999999999996
2012-10-12,1.1099999999999999
2012-10-13,0.8099999999999999
2012-10-14,0.0
2012-10-15,0.84
2012-10-16,1.26
2012-10-17,3.0
2012-10-18,2.16
2012-10-19,1.7999999999999998
2012-10-20,1.65
2012-10-21,2.16
2012-10-22,1.71
2012-10-23,0.8099999999999999
2012-10-24,1.47
2012-10-25,0.84
2012-10-26,0.8999999999999999
2012-10-27,0.0
2012-10-28,1.02
2012-10-29,1.02
2012-10-30,1.05
2012-10-31,1.3199999999999998
2012-11-01,2.16
2012-11-02,3.4
2012-11-03,0.92
2012-11-04,2.12
2012-11-05,3.0
2012-11-06,2.92
2012-11-07,2.08
2012-11-08,3.2800000000000002
2012-11-09,2.36
2012-11-10,3.8000000000000003
2012-11-11,1.56
2012-11-12,3.8000000000000003
2012-11-13,3.72
2012-11-14,3.2800000000000002
2012-11-15,2.04
2012-11-16,3.12
2012-11-17,2.7600000000000002
2012-11-18,2.7600000000000002
2012-11-19,1.8800000000000001
2012-11-20,3.0
2012-11-21,1.8800000000000001
2012-11-22,0.0
2012-11-23,0.92
2012-11-24,1.84
2012-11-25,2.08
2012-11-26,1.68
2012-11-27,2.56
2012-11-28,3.36
2012-11-29,4.0
2012-11-30,3.72
2012-12-01,0.8999999999999999
2012-12-02,1.3499999999999999
2012-12-03,2.2199999999999998
2012-12-04,1.3499999999999999
2012-12-05,2.01
2012-12-06,3.0
2012-12-07,2.55
2012-12-08,1.38
2012-12-09,1.56
2012-12-10,2.55
2012-12-11,1.47
2012-12-12,1.98
2012-12-13,0.9299999999999999
2012-12-14,1.92
2012-12-15,0.69
2012-12-16,1.6199999999999999
2012-12-17,1.89
2012-12-18,1.14
2012-12-19,1.17
2012-12-20,1.77
2012-12-21,2.16
2012-12-22,0.75
2012-12-23,0.75
2012-12-24,0.72
2012-12-25,0.8099999999999999
2012-12-26,1.29
2012-12-27,1.44
2012-12-28,1.68
2012-12-29,0.69
2012-12-30,1.74
2012-12-31,1.89
2013-01-01,1.28
2013-01-02,1.36
2013-01-03,2.48
2013-01-04,0.84
2013-01-05,1.16
2013-01-06,1.36
2013-01-07,2.0
2013-01-08,1.76
2013-01-09,1.96
2013-01-10,0.64
2013-01-11,1.16
2013-01-12,1.16
2013-01-13,1.16
2013-01-14,1.92
2013-01-15,1.76
2013-01-16,1.28
2013-01-17,1.28
2013-01-18,2.0
2013-01-19,0.8
2013-01-20,1.4000000000000001
2013-01-21,1.32
2013-01-22,1.72
2013-01-23,4.0
2013-01-24,1.76
2013-01-25,1.32
2013-01-26,1.44
2013-01-27,1.16
2013-01-28,1.72
2013-01-29,2.68
2013-01-30,1.8800000000000001
2013-01-31,1.8800000000000001
2013-02-01,2.36
2013-02-02,1.84
2013-02-03,0.92
2013-02-04,3.56
2013-02-05,2.52
2013-02-06,2.52
2013-02-07,2.8000000000000003
2013-02-08,2.6
2013-02-09,1.84
2013-02-10,1.4000000000000001
2013-02-11,1.48
2013-02-12,1.76
2013-02-13,3.0
2013-02-14,1.96
2013-02-15,3.0
2013-02-16,0.0
2013-02-17,1.8800000000000001
2013-02-18,2.36
2013-02-19,2.24
2013-02-20,2.0
2013-02-21,3.4
2013-02-22,2.08
2013-02-23,0.92
2013-02-24,1.84
2013-02-25,2.44
2013-02-26,2.72
2013-02-27,4.0
2013-02-28,3.8000000000000003
2013-03-01,1.53
2013-03-02,0.6599999999999999
2013-03-03,0.8999999999999999
2013-03-04,1.8299999999999998
2013-03-05,3.0
2013-03-06,1.44
2013-03-07,1.29
2013-03-08,1.3199999999999998
2013-03-09,1.14
2013-03-10,1.68
2013-03-11,1.47
2013-03-12,1.7999999999999998
2013-03-13,0.72
2013-03-14,3.0
2013-03-15,2.16
2013-03-16,1.71
2013-03-17,2.04
2013-03-18,1.29
2013-03-19,2.37
2013-03-20,1.65
2013-03-21,1.68
2013-03-22,1.3499999999999999
2013-03-23,1.02
2013-03-24,0.6599999999999999
2013-03-25,2.37
2013-03-26,1.8599999999999999
2013-03-27,1.14
2013-03-28,2.13
2013-03-29,1.23
2013-03-30,1.92
2013-03-31,0.99
2013-04-01,2.72
2013-04-02,2.68
2013-04-03,2.96
2013-04-04,1.6400000000000001
2013-04-05,1.68
2013-04-06,3.36
2013-04-07,1.32
2013-04-08,2.4
2013-04-09,2.12
2013-04-10,2.4
2013-04-11,2.96
2013-04-12,3.04
2013-04-13,1.0
2013-04-14,1.0
2013-04-15,2.6
2013-04-16,2.6
2013-04-17,3.96
2013-04-18,4.0
2013-04-19,2.44
2013-04-20,1.36
2013-04-21,1.36
2013-04-22,1.6400000000000001
2013-04-23,2.12
2013-04-24,2.12
2013-04-25,1.36
2013-04-26,1.72
2013-04-27,2.08
2013-04-28,2.52
2013-04-29,1.32
2013-04-30,3.7600000000000002
2013-05-01,2.7600000000000002
2013-05-02,2.4
2013-05-03,2.48
2013-05-04,1.52
2013-05-05,1.0
2013-05-06,2.8000000000000003
2013-05-07,3.56
2013-05-08,1.16
2013-05-09,2.4
2013-05-10,2.52
2013-05-11,3.04
2013-05-12,1.56
2013-05-13,2.44
2013-05-14,3.2
2013-05-15,2.8000000000000003
2013-05-16,2.44
2013-05-17,2.12
2013-05-18,1.04
2013-05-19,2.48
2013-05-20,3.6
2013-05-21,2.7600000000000002
2013-05-22,3.2
2013-05-23,1.24
2013-05-24,0.84
2013-05-25,2.12
2013-05-26,1.12
2013-05-27,1.48
2013-05-28,2.8000000000000003
2013-05-29,4.0
2013-05-30,3.64
2013-05-31,3.4
2013-06-01,2.68
2013-06-02,3.08
2013-06-03,3.24
2013-06-04,3.04
2013-06-05,1.84
2013-06-06,2.8000000000000003
2013-06-07,1.92
2013-06-08,1.2
2013-06-09,1.96
2013-06-10,3.36
2013-06-11,2.44
2013-06-12,1.84
2013-06-13,1.84
2013-06-14,2.92
2013-06-15,1.2
2013-06-16,0.0
2013-06-17,3.44
2013-06-18,3.96
2013-06-19,4.0
2013-06-20,2.84
2013-06-21,2.92
2013-06-22,2.0
2013-06-23,1.96
2013-06-24,2.8000000000000003
2013-06-25,3.08
2013-06-26,3.68
2013-06-27,1.56
2013-06-28,2.2800000000000002
2013-06-29,1.96
2013-06-30,2.96
2013-07-01,2.04
2013-07-02,2.04
2013-07-03,2.13
2013-07-04,1.74
2013-07-05,1.65
2013-07-06,1.71
2013-07-07,3.0
2013-07-08,2.94
2013-07-09,2.6999999999999997
2013-07-10,2.4899999999999998
2013-07-11,2.31
2013-07-12,2.13
2013-07-13,1.68
2013-07-14,0.0
2013-07-15,2.04
2013-07-16,1.7999999999999998
2013-07-17,2.04
2013-07-18,2.55
2013-07-19,1.17
2013-07-20,1.41
2013-07-21,1.44
2013-07-22,2.25
2013-07-23,2.9099999999999997
2013-07-24,0.8999999999999999
2013-07-25,1.8299999999999998
2013-07-26,2.37
2013-07-27,1.98
2013-07-28,1.71
2013-07-29,2.6999999999999997
2013-07-30,2.46
2013-07-31,1.7999999999999998
2013-08-01,1.5
2013-08-02,1.56
2013-08-03,1.5899999999999999
2013-08-04,0.8099999999999999
2013-08-05,2.58
2013-08-06,2.13
2013-08-07,1.05
2013-08-08,1.92
2013-08-09,2.2199999999999998
2013-08-10,1.98
2013-08-11,0.8099999999999999
2013-08-12,3.0
2013-08-13,2.31
2013-08-14,2.25
2013-08-15,2.61
2013-08-16,1.1099999999999999
2013-08-17,1.5899999999999999
2013-08-18,1.17
2013-08-19,2.34
2013-08-20,2.76
2013-08-21,1.71
2013-08-22,1.5
2013-08-23,1.53
2013-08-24,2.4
2013-08-25,2.1
2013-08-26,2.76
2013-08-27,2.46
2013-08-28,2.07
2013-08-29,1.89
2013-08-30,0.6599999999999999
2013-08-31,2.31
2013-09-01,1.6199999999999999
2013-09-02,0.75
2013-09-03,1.89
2013-09-04,2.1
2013-09-05,3.0
2013-09-06,1.1099999999999999
2013-09-07,1.56
2013-09-08,1.5
2013-09-09,1.05
2013-09-10,2.46
2013-09-11,2.07
2013-09-12,2.1
2013-09-13,1.08
2013-09-14,0.78
2013-09-15,0.99
2013-09-16,1.8299999999999998
2013-09-17,2.6999999999999997
2013-09-18,2.4899999999999998
2013-09-19,2.19
2013-09-20,1.1099999999999999
2013-09-21,2.34
2013-09-22,1.53
2013-09-23,1.89
2013-09-24,1.68
2013-09-25,3.0
2013-09-26,2.19
2013-09-27,2.28
2013-09-28,0.8099999999999999
2013-09-29,1.29
2013-09-30,2.1
2013-10-01,1.08
2013-10-02,1.26
2013-10-03,1.5899999999999999
2013-10-04,1.65
2013-10-05,0.8999999999999999
2013-10-06,1.74
2013-10-07,1.26
2013-10-08,1.5899999999999999
2013-10-09,1.92
2013-10-10,1.95
2013-10-11,2.25
2013-10-12,1.5
2013-10-13,0.78
2013-10-14,1.2
2013-10-15,3.0
2013-10-16,1.26
2013-10-17,2.25
2013-10-18,2.4899999999999998
2013-10-19,0.6
2013-10-20,1.38
2013-10-21,1.65
2013-10-22,1.71
2013-10-23,1.26
2013-10-24,2.07
2013-10-25,1.17
2013-10-26,0.0
2013-10-27,0.57
2013-10-28,1.23
2013-10-29,2.16
2013-10-30,1.17
2013-10-31,1.29
2013-11-01,0.54
2013-11-02,1.5899999999999999
2013-11-03,2.52
2013-11-04,1.53
2013-11-05,0.51
2013-11-06,1.26
2013-11-07,1.53
2013-11-08,2.1
2013-11-09,1.26
2013-11-10,0.63
2013-11-11,1.7999999999999998
2013-11-12,0.99
2013-11-13,0.99
2013-11-14,0.75
2013-11-15,1.3199999999999998
2013-11-16,0.63
2013-11-17,1.8299999999999998
2013-11-18,1.74
2013-11-19,2.2199999999999998
2013-11-20,2.73
2013-11-21,2.01
2013-11-22,1.05
2013-11-23,1.23
2013-11-24,0.63
2013-11-25,1.5
2013-11-26,3.0
2013-11-27,1.3199999999999998
2013-11-28,0.6599999999999999
2013-11-29,0.6
2013-11-30,0.63
2013-12-01,0.9
2013-12-02,0.98
2013-12-03,1.52
2013-12-04,1.02
2013-12-05,1.56
2013-12-06,1.06
2013-12-07,0.8
2013-12-08,0.0
2013-12-09,1.54
2013-12-10,1.16
2013-12-11,0.78
2013-12-12,0.54
2013-12-13,0.7000000000000001
2013-12-14,0.48
2013-12-15,2.0
2013-12-16,0.8
2013-12-17,0.8
2013-12-18,1.22
2013-12-19,0.42
2013-12-20,1.02
2013-12-21,0.52
2013-12-22,1.58
2013-12-23,1.1400000000000001
2013-12-24,1.0
2013-12-25,0.62
2013-12-26,0.72
2013-12-27,0.68
2013-12-28,0.84
2013-12-29,1.0
2013-12-30,0.84
2013-12-31,0.74
2014-01-01,0.84
2014-01-02,1.02
2014-01-03,1.3499999999999999
2014-01-04,0.57
2014-01-05,1.14
2014-01-06,1.44
2014-01-07,1.92
2014-01-08,1.3199999999999998
2014-01-09,1.47
2014-01-10,3.0
2014-01-11,1.56
2014-01-12,0.78
2014-01-13,0.96
2014-01-14,1.5899999999999999
2014-01-15,0.48
2014-01-16,0.96
2014-01-17,2.16
2014-01-18,1.5
2014-01-19,0.8999999999999999
2014-01-20,1.26
2014-01-21,1.41
2014-01-22,2.37
2014-01-23,1.5899999999999999
2014-01-24,1.77
2014-01-25,1.17
2014-01-26,2.04
2014-01-27,1.38
2014-01-28,1.8599999999999999
2014-01-29,1.56
2014-01-30,1.44
2014-01-31,1.47
2014-02-01,2.01
2014-02-02,1.7999999999999998
2014-02-03,1.5899999999999999
2014-02-04,1.98
2014-02-05,2.85
2014-02-06,1.7999999999999998
2014-02-07,2.19
2014-02-08,0.99
2014-02-09,2.19
2014-02-10,2.16
2014-02-11,0.99
2014-02-12,1.5899999999999999
2014-02-13,1.8299999999999998
2014-02-14,2.55
2014-02-15,0.75
2014-02-16,1.5
2014-02-17,1.05
2014-02-18,2.01
2014-02-19,1.41
2014-02-20,1.2
2014-02-21,1.8599999999999999
2014-02-22,1.26
2014-02-23,0.99
2014-02-24,3.0
2014-02-25,2.16
2014-02-26,2.79
2014-02-27,2.01
2014-02-28,1.44
2014-03-01,0.62
2014-03-02,1.2
2014-03-03,1.6
2014-03-04,0.8200000000000001
2014-03-05,1.16
2014-03-06,1.02
2014-03-07,1.22
2014-03-08,1.26
2014-03-09,1.24
2014-03-10,1.36
2014-03-11,1.02
2014-03-12,1.52
2014-03-13,1.04
2014-03-14,1.62
2014-03-15,1.6
2014-03-16,0.9400000000000001
2014-03-17,0.84
2014-03-18,1.68
2014-03-19,1.7
2014-03-20,1.02
2014-03-21,0.54
2014-03-22,1.26
2014-03-23,1.24
2014-03-24,1.84
2014-03-25,2.0
2014-03-26,1.52
2014-03-27,1.36
2014-03-28,1.76
2014-03-29,0.62
2014-03-30,1.24
2014-03-31,1.68
2014-04-01,1.92
2014-04-02,1.74
2014-04-03,1.17
2014-04-04,1.8299999999999998
2014-04-05,1.23
2014-04-06,1.23
2014-04-07,1.3499999999999999
2014-04-08,1.17
2014-04-09,1.5899999999999999
2014-04-10,0.99
2014-04-11,1.89
2014-04-12,0.78
2014-04-13,1.89
2014-04-14,1.74
2014-04-15,1.8599999999999999
2014-04-16,1.38
2014-04-17,1.8299999999999998
2014-04-18,1.3199999999999998
2014-04-19,1.02
2014-04-20,1.6199999999999999
2014-04-21,1.02
2014-04-22,1.95
2014-04-23,1.38
2014-04-24,3.0
2014-04-25,2.16
2014-04-26,1.5
2014-04-27,1.5
2014-04-28,1.44
2014-04-29,1.89
2014-04-30,2.1
2014-05-01,1.53
2014-05-02,0.8099999999999999
2014-05-03,1.98
2014-05-04,1.65
2014-05-05,2.37
2014-05-06,1.7999999999999998
2014-05-07,1.8299999999999998
2014-05-08,1.3199999999999998
2014-05-09,1.08
2014-05-10,1.3199999999999998
2014-05-11,0.69
2014-05-12,2.1
2014-05-13,2.31
2014-05-14,1.56
2014-05-15,1.56
2014-05-16,1.6199999999999999
2014-05-17,1.02
2014-05-18,0.0
2014-05-19,0.78
2014-05-20,2.67
2014-05-21,0.87
2014-05-22,3.0
2014-05-23,0.96
2014-05-24,0.0
2014-05-25,2.4899999999999998
2014-05-26,0.75
2014-05-27,1.2
2014-05-28,1.74
2014-05-29,2.07
2014-05-30,1.23
2014-05-31,0.78
2014-06-01,0.99
2014-06-02,1.77
2014-06-03,2.01
2014-06-04,2.01
2014-06-05,1.77
2014-06-06,1.3199999999999998
2014-06-07,1.65
2014-06-08,3.0
2014-06-09,2.28
2014-06-10,1.7999999999999998
2014-06-11,1.14
2014-06-12,1.53
2014-06-13,2.79
2014-06-14,0.99
2014-06-15,1.05
2014-06-16,2.07
2014-06-17,2.04
2014-06-18,2.31
2014-06-19,1.56
2014-06-20,1.3499999999999999
2014-06-21,1.47
2014-06-22,0.99
2014-06-23,2.61
2014-06-24,1.26
2014-06-25,1.02
2014-06-26,1.56
2014-06-27,2.4299999999999997
2014-06-28,2.46
2014-06-29,1.98
2014-06-30,2.07
2014-07-01,0.54
2014-07-02,1.14
2014-07-03,1.47
2014-07-04,0.72
2014-07-05,1.05
2014-07-06,1.44
2014-07-07,0.9299999999999999
2014-07-08,1.65
2014-07-09,1.29
2014-07-10,0.9299999999999999
2014-07-11,1.74
2014-07-12,1.17
2014-07-13,0.69
2014-07-14,1.1099999999999999
2014-07-15,1.26
2014-07-16,3.0
2014-07-17,1.3199999999999998
2014-07-18,1.17
2014-07-19,0.69
2014-07-20,1.92
2014-07-21,1.29
2014-07-22,1.38
2014-07-23,2.07
2014-07-24,1.68
2014-07-25,0.6
2014-07-26,0.9299999999999999
2014-07-27,0.0
2014-07-28,2.01
2014-07-29,2.19
2014-07-30,1.8599999999999999
2014-07-31,0.9299999999999999
2014-08-01,1.71
2014-08-02,1.02
2014-08-03,1.53
2014-08-04,0.8099999999999999
2014-08-05,2.16
2014-08-06,1.3499999999999999
2014-08-07,1.8599999999999999
2014-08-08,1.74
2014-08-09,1.05
2014-08-10,1.02
2014-08-11,2.9099999999999997
2014-08-12,2.73
2014-08-13,2.13
2014-08-14,1.65
2014-08-15,1.41
2014-08-16,2.55
2014-08-17,1.53
2014-08-18,2.46
2014-08-19,1.6199999999999999
2014-08-20,2.67
2014-08-21,1.65
2014-08-22,1.38
2014-08-23,3.0
2014-08-24,2.01
2014-08-25,1.8599999999999999
2014-08-26,1.98
2014-08-27,2.37
2014-08-28,2.9099999999999997
2014-08-29,1.95
2014-08-30,0.99
2014-08-31,2.01
2014-09-01,0.0
2014-09-02,1.2
2014-09-03,1.7999999999999998
2014-09-04,0.8099999999999999
2014-09-05,1.05
2014-09-06,3.0
2014-09-07,1.74
2014-09-08,1.6199999999999999
2014-09-09,0.78
2014-09-10,1.2
2014-09-11,2.2199999999999998
2014-09-12,1.56
2014-09-13,1.53
2014-09-14,1.53
2014-09-15,1.41
2014-09-16,1.77
2014-09-17,2.4
2014-09-18,1.41
2014-09-19,2.1
2014-09-20,2.34
2014-09-21,1.74
2014-09-22,2.4
2014-09-23,1.17
2014-09-24,1.7999999999999998
2014-09-25,1.8299999999999998
2014-09-26,1.5
2014-09-27,1.2
2014-09-28,0.78
2014-09-29,1.5899999999999999
2014-09-30,1.5899999999999999
2014-10-01,1.95
2014-10-02,0.57
2014-10-03,0.87
2014-10-04,1.08
2014-10-05,1.08
2014-10-06,0.57
2014-10-07,2.01
2014-10-08,2.04
2014-10-09,1.41
2014-10-10,1.47
2014-10-11,1.44
2014-10-12,0.72
2014-10-13,1.29
2014-10-14,0.8999999999999999
2014-10-15,1.1099999999999999
2014-10-16,1.29
2014-10-17,0.87
2014-10-18,2.19
2014-10-19,1.77
2014-10-20,1.47
2014-10-21,1.29
2014-10-22,3.0
2014-10-23,2.04
2014-10-24,1.3499999999999999
2014-10-25,0.72
2014-10-26,1.44
2014-10-27,1.08
2014-10-28,1.65
2014-10-29,1.08
2014-10-30,1.8599999999999999
2014-10-31,0.8999999999999999
2014-11-01,1.02
2014-11-02,0.0
2014-11-03,1.7999999999999998
2014-11-04,2.01
2014-11-05,1.47
2014-11-06,1.8599999999999999
2014-11-07,1.8299999999999998
2014-11-08,0.99
2014-11-09,0.96
2014-11-10,1.5
2014-11-11,1.26
2014-11-12,2.25
2014-11-13,2.4899999999999998
2014-11-14,0.78
2014-11-15,1.26
2014-11-16,0.9299999999999999
2014-11-17,2.46
2014-11-18,2.4
2014-11-19,2.76
2014-11-20,2.01
2014-11-21,0.78
2014-11-22,1.8599999999999999
2014-11-23,1.89
2014-11-24,2.76
2014-11-25,2.28
2014-11-26,3.0
2014-11-27,0.99
2014-11-28,0.9299999999999999
2014-11-29,0.96
2014-11-30,1.38
2014-12-01,1.04
2014-12-02,0.58
2014-12-03,1.6600000000000001
2014-12-04,1.52
2014-12-05,0.78
2014-12-06,1.1400000000000001
2014-12-07,0.58
2014-12-08,0.68
2014-12-09,0.68
2014-12-10,2.0
2014-12-11,0.9400000000000001
2014-12-12,0.98
2014-12-13,1.02
2014-12-14,0.92
2014-12-15,1.2
2014-12-16,1.58
2014-12-17,0.98
2014-12-18,1.34
2014-12-19,0.7000000000000001
2014-12-20,0.62
2014-12-21,0.64
2014-12-22,1.6
2014-12-23,0.54
2014-12-24,1.4000000000000001
2014-12-25,0.7000000000000001
2014-12-26,1.2
2014-12-27,1.24
2014-12-28,0.62
2014-12-29,1.56
2014-12-30,1.4000000000000001
2014-12-31,1.6400000000000001
2015-01-01,0.8099999999999999
2015-01-02,1.38
2015-01-03,2.67
2015-01-04,0.99
2015-01-05,2.1
2015-01-06,1.23
2015-01-07,1.56
2015-01-08,1.65
2015-01-09,1.26
2015-01-10,2.28
2015-01-11,3.0
2015-01-12,2.2199999999999998
2015-01-13,1.2
2015-01-14,1.8599999999999999
2015-01-15,2.25
2015-01-16,1.71
2015-01-17,1.95
2015-01-18,1.02
2015-01-19,1.3199999999999998
2015-01-20,2.04
2015-01-21,1.6199999999999999
2015-01-22,2.04
2015-01-23,0.9299999999999999
2015-01-24,0.75
2015-01-25,0.75
2015-01-26,1.5899999999999999
2015-01-27,1.38
2015-01-28,1.02
2015-01-29,2.4299999999999997
2015-01-30,1.44
2015-01-31,1.1099999999999999
2015-02-01,1.44
2015-02-02,1.3499999999999999
2015-02-03,1.56
2015-02-04,1.17
2015-02-05,1.17
2015-02-06,3.0
2015-02-07,0.72
2015-02-08,0.72
2015-02-09,1.3199999999999998
2015-02-10,1.3199999999999998
2015-02-11,1.3499999999999999
2015-02-12,1.44
2015-02-13,1.23
2015-02-14,1.8599999999999999
2015-02-15,0.75
2015-02-16,0.63
2015-02-17,1.56
2015-02-18,1.17
2015-02-19,1.47
2015-02-20,1.5
2015-02-21,1.44
2015-02-22,0.96
2015-02-23,1.53
2015-02-24,1.92
2015-02-25,1.77
2015-02-26,1.77
2015-02-27,1.56
2015-02-28,1.92
2015-03-01,0.6599999999999999
2015-03-02,0.54
2015-03-03,1.5899999999999999
2015-03-04,1.74
2015-03-05,1.7999999999999998
2015-03-06,0.84
2015-03-07,0.8999999999999999
2015-03-08,1.38
2015-03-09,1.26
2015-03-10,1.44
2015-03-11,1.44
2015-03-12,2.19
2015-03-13,0.75
2015-03-14,0.69
2015-03-15,0.69
2015-03-16,1.47
2015-03-17,2.01
2015-03-18,1.29
2015-03-19,1.47
2015-03-20,1.29
2015-03-21,0.69
2015-03-22,1.38
2015-03-23,1.44
2015-03-24,1.08
2015-03-25,1.8299999999999998
2015-03-26,1.6199999999999999
2015-03-27,1.14
2015-03-28,1.14
2015-03-29,3.0
2015-03-30,0.75
2015-03-31,1.47
2015-04-01,0.75
2015-04-02,1.56
2015-04-03,1.65
2015-04-04,1.95
2015-04-05,1.53
2015-04-06,2.31
2015-04-07,2.2199999999999998
2015-04-08,1.8599999999999999
2015-04-09,2.25
2015-04-10,2.07
2015-04-11,1.47
2015-04-12,0.99
2015-04-13,2.2199999999999998
2015-04-14,2.16
2015-04-15,1.74
2015-04-16,2.2199999999999998
2015-04-17,1.8299999999999998
2015-04-18,1.3199999999999998
2015-04-19,1.92
2015-04-20,1.71
2015-04-21,1.74
2015-04-22,2.46
2015-04-23,2.28
2015-04-24,1.56
2015-04-25,2.88
2015-04-26,0.96
2015-04-27,0.75
2015-04-28,1.47
2015-04-29,3.0
2015-04-30,1.77
2015-05-01,0.0
2015-05-02,1.04
2015-05-03,0.0
2015-05-04,0.98
2015-05-05,1.36
2015-05-06,1.16
2015-05-07,0.4
2015-05-08,1.86
2015-05-09,0.0
2015-05-10,0.0
2015-05-11,0.4
2015-05-12,1.18
2015-05-13,1.18
2015-05-14,1.2
2015-05-15,1.46
2015-05-16,1.56
2015-05-17,1.06
2015-05-18,0.78
2015-05-19,0.6
2015-05-20,0.8
2015-05-21,1.24
2015-05-22,1.74
2015-05-23,0.56
2015-05-24,0.56
2015-05-25,0.5
2015-05-26,2.0
2015-05-27,1.6
2015-05-28,0.8200000000000001
2015-05-29,0.86
2015-05-30,0.0
2015-05-31,1.04
2015-06-01,1.3499999999999999
2015-06-02,0.78
2015-06-03,1.47
2015-06-04,0.6
2015-06-05,1.44
2015-06-06,1.53
2015-06-07,0.78
2015-06-08,2.07
2015-06-09,0.78
2015-06-10,3.0
2015-06-11,1.41
2015-06-12,1.05
2015-06-13,2.07
2015-06-14,1.56
2015-06-15,0.6
2015-06-16,1.5899999999999999
2015-06-17,1.5899999999999999
2015-06-18,1.98
2015-06-19,1.56
2015-06-20,1.14
2015-06-21,1.5899999999999999
2015-06-22,2.01
2015-06-23,2.76
2015-06-24,1.5899999999999999
2015-06-25,2.13
2015-06-26,1.65
2015-06-27,0.75
2015-06-28,0.0
2015-06-29,1.2
2015-06-30,0.99
2015-07-01,1.3499999999999999
2015-07-02,1.41
2015-07-03,1.65
2015-07-04,0.9299999999999999
2015-07-05,2.88
2015-07-06,1.1099999999999999
2015-07-07,2.88
2015-07-08,2.88
2015-07-09,1.02
2015-07-10,1.65
2015-07-11,3.0
2015-07-12,0.87
2015-07-13,2.6399999999999997
2015-07-14,2.88
2015-07-15,1.77
2015-07-16,1.3499999999999999
2015-07-17,1.41
2015-07-18,1.77
2015-07-19,1.8599999999999999
2015-07-20,1.17
2015-07-21,1.7999999999999998
2015-07-22,1.7999999999999998
2015-07-23,2.28
2015-07-24,1.17
2015-07-25,0.84
2015-07-26,1.14
2015-07-27,2.6399999999999997
2015-07-28,2.46
2015-07-29,1.7999999999999998
2015-07-30,1.5899999999999999
2015-07-31,1.17
2015-08-01,1.29
2015-08-02,1.47
2015-08-03,2.28
2015-08-04,2.76
2015-08-05,1.53
2015-08-06,1.53
2015-08-07,1.5899999999999999
2015-08-08,2.4299999999999997
2015-08-09,1.98
2015-08-10,1.53
2015-08-11,1.26
2015-08-12,2.55
2015-08-13,1.02
2015-08-14,1.56
2015-08-15,0.96
2015-08-16,2.4299999999999997
2015-08-17,3.0
2015-08-18,1.74
2015-08-19,1.5
2015-08-20,2.76
2015-08-21,0.78
2015-08-22,0.96
2015-08-23,0.0
2015-08-24,1.1099999999999999
2015-08-25,2.19
2015-08-26,1.71
2015-08-27,1.47
2015-08-28,1.5
2015-08-29,1.89
2015-08-30,0.9299999999999999
2015-08-31,1.89
2015-09-01,2.07
2015-09-02,2.67
2015-09-03,2.1
2015-09-04,2.19
2015-09-05,1.17
2015-09-06,1.2
2015-09-07,1.1099999999999999
2015-09-08,1.77
2015-09-09,1.74
2015-09-10,1.17
2015-09-11,1.5
2015-09-12,1.89
2015-09-13,1.68
2015-09-14,1.17
2015-09-15,2.04
2015-09-16,2.31
2015-09-17,2.9099999999999997
2015-09-18,2.1
2015-09-19,1.74
2015-09-20,1.1099999999999999
2015-09-21,2.58
2015-09-22,1.71
2015-09-23,1.17
2015-09-24,2.07
2015-09-25,2.13
2015-09-26,1.92
2015-09-27,2.82
2015-09-28,2.55
2015-09-29,2.25
2015-09-30,3.0
2015-10-01,1.5899999999999999
2015-10-02,1.68
2015-10-03,0.8999999999999999
2015-10-04,0.8999999999999999
2015-10-05,3.0
2015-10-06,1.38
2015-10-07,0.9299999999999999
2015-10-08,1.41
2015-10-09,1.44
2015-10-10,1.23
2015-10-11,1.8299999999999998
2015-10-12,2.13
2015-10-13,1.71
2015-10-14,2.6999999999999997
2015-10-15,1.5899999999999999
2015-10-16,1.17
2015-10-17,1.2
2015-10-18,1.17
2015-10-19,1.38
2015-10-20,1.98
2015-10-21,1.3499999999999999
2015-10-22,1.3499999999999999
2015-10-23,0.69
2015-10-24,1.77
2015-10-25,1.29
2015-10-26,1.7999999999999998
2015-10-27,1.53
2015-10-28,2.19
2015-10-29,1.77
2015-10-30,1.44
2015-10-31,0.0
2015-11-01,0.7000000000000001
2015-11-02,2.0
2015-11-03,1.34
2015-11-04,1.34
2015-11-05,1.8800000000000001
2015-11-06,0.88
2015-11-07,0.66
2015-11-08,1.98
2015-11-09,0.76
2015-11-10,1.16
2015-11-11,0.7000000000000001
2015-11-12,1.84
2015-11-13,0.72
2015-11-14,1.6400000000000001
2015-11-15,0.66
2015-11-16,1.02
2015-11-17,1.0
2015-11-18,0.68
2015-11-19,1.02
2015-11-20,1.06
2015-11-21,0.88
2015-11-22,0.66
2015-11-23,1.74
2015-11-24,1.06
2015-11-25,0.76
2015-11-26,0.0
2015-11-27,0.0
2015-11-28,1.3
2015-11-29,0.64
2015-11-30,1.3
2015-12-01,0.8
2015-12-02,1.08
2015-12-03,1.3800000000000001
2015-12-04,0.84
2015-12-05,0.54
2015-12-06,0.8
2015-12-07,0.8200000000000001
2015-12-08,1.22
2015-12-09,0.68
2015-12-10,1.04
2015-12-11,0.86
2015-12-12,0.54
2015-12-13,0.54
2015-12-14,1.5
2015-12-15,0.62
2015-12-16,1.28
2015-12-17,0.88
2015-12-18,0.78
2015-12-19,2.0
2015-12-20,1.16
2015-12-21,1.24
2015-12-22,0.9400000000000001
2015-12-23,0.48
2015-12-24,0.56
2015-12-25,0.64
2015-12-26,0.0
2015-12-27,0.74
2015-12-28,0.0
2015-12-29,1.18
2015-12-30,0.96
2015-12-31,0.84
2016-01-01,0.58
2016-01-02,1.3
2016-01-03,1.52
2016-01-04,1.3
2016-01-05,1.0
2016-01-06,1.02
2016-01-07,1.28
2016-01-08,1.6
2016-01-09,0.66
2016-01-10,0.62
2016-01-11,0.8200000000000001
2016-01-12,1.4000000000000001
2016-01-13,1.28
2016-01-14,0.8
2016-01-15,1.02
2016-01-16,0.5
2016-01-17,1.98
2016-01-18,2.0
2016-01-19,1.4000000000000001
2016-01-20,1.84
2016-01-21,0.72
2016-01-22,1.0
2016-01-23,0.5
2016-01-24,1.0
2016-01-25,1.04
2016-01-26,1.26
2016-01-27,1.42
2016-01-28,1.56
2016-01-29,1.3
2016-01-30,1.28
2016-01-31,0.5
2016-02-01,1.53
2016-02-02,3.0
2016-02-03,1.6199999999999999
2016-02-04,1.17
2016-02-05,1.53
2016-02-06,0.87
2016-02-07,1.05
2016-02-08,1.92
2016-02-09,1.17
2016-02-10,1.5899999999999999
2016-02-11,0.44999999999999996
2016-02-12,0.9299999999999999
2016-02-13,1.5899999999999999
2016-02-14,0.78
2016-02-15,1.68
2016-02-16,1.29
2016-02-17,1.17
2016-02-18,1.47
2016-02-19,1.53
2016-02-20,1.08
2016-02-21,1.3199999999999998
2016-02-22,1.29
2016-02-23,1.5899999999999999
2016-02-24,1.71
2016-02-25,0.44999999999999996
2016-02-26,1.53
2016-02-27,1.26
2016-02-28,0.72
2016-02-29,1.71
2016-03-01,0.74
2016-03-02,0.96
2016-03-03,1.08
2016-03-04,0.56
2016-03-05,0.78
2016-03-06,1.16
2016-03-07,0.44
2016-03-08,0.8
2016-03-09,1.18
2016-03-10,0.66
2016-03-11,1.36
2016-03-12,0.6
2016-03-13,0.58
2016-03-14,0.88
2016-03-15,0.8200000000000001
2016-03-16,1.2
2016-03-17,1.78
2016-03-18,1.16
2016-03-19,0.4
2016-03-20,0.92
2016-03-21,1.0
2016-03-22,0.88
2016-03-23,1.22
2016-03-24,0.92
2016-03-25,1.32
2016-03-26,0.8200000000000001
2016-03-27,0.42
2016-03-28,1.18
2016-03-29,2.0
2016-03-30,0.88
2016-03-31,0.68
2016-04-01,1.23
2016-04-02,0.72
2016-04-03,1.77
2016-04-04,0.6
2016-04-05,1.17
2016-04-06,2.34
2016-04-07,1.2
2016-04-08,0.6
2016-04-09,2.13
2016-04-10,0.72
2016-04-11,1.47
2016-04-12,1.2
2016-04-13,3.0
2016-04-14,0.0
2016-04-15,1.89
2016-04-16,0.75
2016-04-17,0.75
2016-04-18,2.6999999999999997
2016-04-19,2.4
2016-04-20,1.7999999999999998
2016-04-21,2.94
2016-04-22,0.8999999999999999
2016-04-23,0.0
2016-04-24,1.47
2016-04-25,1.47
2016-04-26,0.6
2016-04-27,1.77
2016-04-28,0.6
2016-04-29,1.53
2016-04-30,1.44
2016-05-01,0.0
2016-05-02,0.52
2016-05-03,1.56
2016-05-04,1.9000000000000001
2016-05-05,1.6
2016-05-06,1.48
2016-05-07,1.0
2016-05-08,0.66
2016-05-09,1.98
2016-05-10,1.6
2016-05-11,1.08
2016-05-12,1.6400000000000001
2016-05-13,1.12
2016-05-14,2.0
2016-05-15,0.66
2016-05-16,1.08
2016-05-17,1.32
2016-05-18,1.8
2016-05-19,1.46
2016-05-20,1.1400000000000001
2016-05-21,0.66
2016-05-22,2.0
2016-05-23,1.26
2016-05-24,1.44
2016-05-25,1.1
2016-05-26,1.7
2016-05-27,1.16
2016-05-28,0.92
2016-05-29,0.7000000000000001
2016-05-30,1.62
2016-05-31,1.92
2016-06-01,1.53
2016-06-02,1.38
2016-06-03,1.74
2016-06-04,0.54
2016-06-05,1.3499999999999999
2016-06-06,0.75
2016-06-07,1.7999999999999998
2016-06-08,1.38
2016-06-09,1.17
2016-06-10,0.96
2016-06-11,0.54
2016-06-12,1.1099999999999999
2016-06-13,0.6
2016-06-14,1.08
2016-06-15,1.08
2016-06-16,1.26
2016-06-17,1.44
2016-06-18,0.84
2016-06-19,1.14
2016-06-20,0.63
2016-06-21,0.9299999999999999
2016-06-22,1.26
2016-06-23,1.56
2016-06-24,1.5899999999999999
2016-06-25,0.0
2016-06-26,0.84
2016-06-27,1.23
2016-06-28,3.0
2016-06-29,2.04
2016-06-30,0.96
2016-07-01,1.28
2016-07-02,0.58
2016-07-03,0.6
2016-07-04,0.58
2016-07-05,0.78
2016-07-06,0.24
2016-07-07,0.74
2016-07-08,0.88
2016-07-09,0.28
2016-07-10,0.72
2016-07-11,2.0
2016-07-12,0.5
2016-07-13,0.64
2016-07-14,0.72
2016-07-15,0.52
2016-07-16,1.46
2016-07-17,0.58
2016-07-18,0.62
2016-07-19,1.36
2016-07-20,0.62
2016-07-21,0.76
2016-07-22,0.5
2016-07-23,0.44
2016-07-24,0.0
2016-07-25,0.48
2016-07-26,0.74
2016-07-27,0.74
2016-07-28,0.36
2016-07-29,0.62
2016-07-30,0.28
2016-07-31,0.0
2016-08-01,1.95
2016-08-02,2.16
2016-08-03,1.29
2016-08-04,0.75
2016-08-05,1.17
2016-08-06,0.0
2016-08-07,1.3499999999999999
2016-08-08,2.2199999999999998
2016-08-09,2.2199999999999998
2016-08-10,1.5
2016-08-11,1.47
2016-08-12,1.17
2016-08-13,1.53
2016-08-14,0.6599999999999999
2016-08-15,1.53
2016-08-16,1.53
2016-08-17,0.96
2016-08-18,1.56
2016-08-19,1.98
2016-08-20,1.68
2016-08-21,1.14
2016-08-22,1.89
2016-08-23,2.28
2016-08-24,2.2199999999999998
2016-08-25,3.0
2016-08-26,2.16
2016-08-27,0.63
2016-08-28,2.4899999999999998
2016-08-29,2.4299999999999997
2016-08-30,1.74
2016-08-31,2.25
2016-09-01,1.8299999999999998
2016-09-02,2.04
2016-09-03,0.8099999999999999
2016-09-04,1.65
2016-09-05,1.38
2016-09-06,1.3499999999999999
2016-09-07,1.6199999999999999
2016-09-08,1.5
2016-09-09,0.9299999999999999
2016-09-10,1.5899999999999999
2016-09-11,0.78
2016-09-12,2.2199999999999998
2016-09-13,1.3199999999999998
2016-09-14,3.0
2016-09-15,1.65
2016-09-16,1.08
2016-09-17,1.23
2016-09-18,0.75
2016-09-19,1.89
2016-09-20,1.05
2016-09-21,1.92
2016-09-22,1.14
2016-09-23,1.56
2016-09-24,1.6199999999999999
2016-09-25,0.78
2016-09-26,1.6199999999999999
2016-09-27,1.3199999999999998
2016-09-28,1.65
2016-09-29,1.3499999999999999
2016-09-30,1.8599999999999999
2016-10-01,0.87
2016-10-02,1.1099999999999999
2016-10-03,1.1099999999999999
2016-10-04,0.9299999999999999
2016-10-05,2.37
2016-10-06,1.29
2016-10-07,1.14
2016-10-08,0.78
2016-10-09,1.14
2016-10-10,0.99
2016-10-11,1.6199999999999999
2016-10-12,2.1
2016-10-13,1.14
2016-10-14,1.5
2016-10-15,0.99
2016-10-16,1.3199999999999998
2016-10-17,2.73
2016-10-18,2.4
2016-10-19,1.29
2016-10-20,1.92
2016-10-21,1.47
2016-10-22,0.8999999999999999
2016-10-23,1.17
2016-10-24,1.41
2016-10-25,3.0
2016-10-26,1.74
2016-10-27,1.5899999999999999
2016-10-28,1.98
2016-10-29,1.14
2016-10-30,1.14
2016-10-31,0.96
2016-11-01,1.44
2016-11-02,1.02
2016-11-03,1.0
2016-11-04,1.18
2016-11-05,0.56
2016-11-06,1.22
2016-11-07,1.18
2016-11-08,0.76
2016-11-09,1.5
2016-11-10,1.96
2016-11-11,1.06
2016-11-12,0.42
2016-11-13,0.8200000000000001
2016-11-14,1.46
2016-11-15,0.68
2016-11-16,1.26
2016-11-17,0.7000000000000001
2016-11-18,1.42
2016-11-19,0.7000000000000001
2016-11-20,2.0
2016-11-21,1.3800000000000001
2016-11-22,1.24
2016-11-23,0.74
2016-11-24,0.62
2016-11-25,0.38
2016-11-26,0.38
2016-11-27,0.78
2016-11-28,0.9400000000000001
2016-11-29,0.74
2016-11-30,0.98
2016-12-01,2.16
2016-12-02,2.4
2016-12-03,0.78
2016-12-04,1.44
2016-12-05,0.96
2016-12-06,2.46
2016-12-07,1.29
2016-12-08,3.0
2016-12-09,1.3499999999999999
2016-12-10,1.56
2016-12-11,1.53
2016-12-12,1.68
2016-12-13,1.47
2016-12-14,2.13
2016-12-15,0.6599999999999999
2016-12-16,1.5899999999999999
2016-12-17,1.8599999999999999
2016-12-18,0.78
2016-12-19,2.04
2016-12-20,1.8599999999999999
2016-12-21,1.2
2016-12-22,2.67
2016-12-23,1.5
2016-12-24,1.65
2016-12-25,0.8999999999999999
2016-12-26,1.95
2016-12-27,2.13
2016-12-28,2.61
2016-12-29,1.8599999999999999
2016-12-30,1.47
2016-12-31,1.53
2017-01-01,0.75
2017-01-02,1.68
2017-01-03,3.0
2017-01-04,1.7999999999999998
2017-01-05,1.7999999999999998
2017-01-06,1.2
2017-01-07,1.14
2017-01-08,2.01
2017-01-09,1.56
2017-01-10,1.53
2017-01-11,1.53
2017-01-12,1.17
2017-01-13,1.98
2017-01-14,1.02
2017-01-15,0.6599999999999999
2017-01-16,1.6199999999999999
2017-01-17,1.3199999999999998
2017-01-18,1.74
2017-01-19,1.92
2017-01-20,2.1
2017-01-21,1.3499999999999999
2017-01-22,1.08
2017-01-23,2.46
2017-01-24,1.89
2017-01-25,1.44
2017-01-26,1.71
2017-01-27,1.17
2017-01-28,1.14
2017-01-29,1.02
2017-01-30,2.2199999999999998
2017-01-31,2.04
2017-02-01,2.2199999999999998
2017-02-02,1.5
2017-02-03,2.52
2017-02-04,1.3499999999999999
2017-02-05,1.3199999999999998
2017-02-06,2.55
2017-02-07,2.4
2017-02-08,1.68
2017-02-09,1.89
2017-02-10,2.34
2017-02-11,2.07
2017-02-12,1.02
2017-02-13,2.73
2017-02-14,2.1
2017-02-15,2.6999999999999997
2017-02-16,1.89
2017-02-17,1.71
2017-02-18,0.69
2017-02-19,1.74
2017-02-20,1.17
2017-02-21,1.41
2017-02-22,3.0
2017-02-23,2.25
2017-02-24,1.95
2017-02-25,1.14
2017-02-26,1.3199999999999998
2017-02-27,1.38
2017-02-28,1.41
2017-03-01,1.5
2017-03-02,2.01
2017-03-03,1.3199999999999998
2017-03-04,1.05
2017-03-05,1.23
2017-03-06,2.31
2017-03-07,1.7999999999999998
2017-03-08,2.25
2017-03-09,1.71
2017-03-10,1.26
2017-03-11,1.26
2017-03-12,1.17
2017-03-13,2.79
2017-03-14,2.28
2017-03-15,1.05
2017-03-16,1.23
2017-03-17,1.65
2017-03-18,0.0
2017-03-19,0.84
2017-03-20,1.38
2017-03-21,2.28
2017-03-22,3.0
2017-03-23,2.4899999999999998
2017-03-24,1.7999999999999998
2017-03-25,1.92
2017-03-26,2.2199999999999998
2017-03-27,1.23
2017-03-28,2.13
2017-03-29,1.77
2017-03-30,2.4899999999999998
2017-03-31,1.65
2017-04-01,0.75
2017-04-02,1.47
2017-04-03,2.82
2017-04-04,2.2199999999999998
2017-04-05,2.4299999999999997
2017-04-06,2.4299999999999997
2017-04-07,1.89
2017-04-08,2.67
2017-04-09,1.53
2017-04-10,1.8599999999999999
2017-04-11,2.88
2017-04-12,1.68
2017-04-13,2.1
2017-04-14,2.9699999999999998
2017-04-15,0.75
2017-04-16,1.98
2017-04-17,1.23
2017-04-18,1.41
2017-04-19,1.8299999999999998
2017-04-20,2.85
2017-04-21,1.05
2017-04-22,0.75
2017-04-23,1.1099999999999999
2017-04-24,2.2199999999999998
2017-04-25,3.0
2017-04-26,2.4
2017-04-27,1.02
2017-04-28,1.89
2017-04-29,0.75
2017-04-30,1.47
2017-05-01,1.71
2017-05-02,1.53
2017-05-03,2.07
2017-05-04,2.4299999999999997
2017-05-05,1.44
2017-05-06,0.96
2017-05-07,3.0
2017-05-08,1.5899999999999999
2017-05-09,1.23
2017-05-10,1.77
2017-05-11,1.6199999999999999
2017-05-12,1.47
2017-05-13,0.99
2017-05-14,0.6599999999999999
2017-05-15,1.1099999999999999
2017-05-16,1.68
2017-05-17,1.41
2017-05-18,2.07
2017-05-19,1.95
2017-05-20,0.9299999999999999
2017-05-21,0.69
2017-05-22,1.3199999999999998
2017-05-23,1.7999999999999998
2017-05-24,2.46
2017-05-25,1.71
2017-05-26,0.8999999999999999
2017-05-27,2.16
2017-05-28,1.2
2017-05-29,1.3499999999999999
2017-05-30,1.8599999999999999
2017-05-31,2.01
2017-06-01,1.8800000000000001
2017-06-02,0.9
2017-06-03,0.8
2017-06-04,0.52
2017-06-05,1.42
2017-06-06,1.4000000000000001
2017-06-07,1.72
2017-06-08,1.3
2017-06-09,1.12
2017-06-10,1.58
2017-06-11,1.24
2017-06-12,1.44
2017-06-13,1.98
2017-06-14,1.42
2017-06-15,1.48
2017-06-16,1.04
2017-06-17,1.06
2017-06-18,0.88
2017-06-19,1.58
2017-06-20,0.8200000000000001
2017-06-21,1.52
2017-06-22,1.54
2017-06-23,0.98
2017-06-24,1.0
2017-06-25,0.88
2017-06-26,1.6
2017-06-27,0.9
2017-06-28,1.08
2017-06-29,2.0
2017-06-30,1.56
2017-07-01,2.19
2017-07-02,2.6999999999999997
2017-07-03,1.08
2017-07-04,2.34
2017-07-05,2.61
2017-07-06,1.5
2017-07-07,1.89
2017-07-08,0.84
2017-07-09,2.31
2017-07-10,1.98
2017-07-11,1.98
2017-07-12,0.99
2017-07-13,2.4899999999999998
2017-07-14,1.89
2017-07-15,1.44
2017-07-16,1.77
2017-07-17,1.74
2017-07-18,1.5
2017-07-19,1.23
2017-07-20,2.6999999999999997
2017-07-21,1.26
2017-07-22,1.14
2017-07-23,0.84
2017-07-24,2.67
2017-07-25,2.19
2017-07-26,2.67
2017-07-27,1.71
2017-07-28,3.0
2017-07-29,1.71
2017-07-30,1.74
2017-07-31,1.95
2017-08-01,1.71
2017-08-02,2.07
2017-08-03,2.46
2017-08-04,0.69
2017-08-05,0.78
2017-08-06,1.3199999999999998
2017-08-07,0.69
2017-08-08,1.53
2017-08-09,1.5899999999999999
2017-08-10,0.75
2017-08-11,1.1099999999999999
2017-08-12,1.02
2017-08-13,1.02
2017-08-14,2.6399999999999997
2017-08-15,2.04
2017-08-16,1.77
2017-08-17,1.6199999999999999
2017-08-18,1.17
2017-08-19,0.87
2017-08-20,1.3499999999999999
2017-08-21,0.96
2017-08-22,1.8599999999999999
2017-08-23,2.61
2017-08-24,1.14
2017-08-25,1.17
2017-08-26,1.17
2017-08-27,0.96
2017-08-28,1.71
2017-08-29,1.26
2017-08-30,3.0
2017-08-31,2.28
2017-09-01,3.6400000000000006
2017-09-02,3.5000000000000004
2017-09-03,2.87
2017-09-04,4.9
2017-09-05,3.22
2017-09-06,2.8000000000000003
2017-09-07,4.62
2017-09-08,2.7300000000000004
2017-09-09,1.61
2017-09-10,2.24
2017-09-11,3.7100000000000004
2017-09-12,4.62
2017-09-13,6.0200000000000005
2017-09-14,6.65
2017-09-15,3.7800000000000002
2017-09-16,4.48
2017-09-17,2.1
2017-09-18,3.7100000000000004
2017-09-19,5.95
2017-09-20,7.000000000000001
2017-09-21,5.32
2017-09-22,5.670000000000001
2017-09-23,5.180000000000001
2017-09-24,3.99
2017-09-25,4.69
2017-09-26,3.9200000000000004
2017-09-27,5.460000000000001
2017-09-28,6.510000000000001
2017-09-29,6.86
2017-09-30,4.340000000000001
2017-10-01,3.6500000000000004
2017-10-02,5.0
2017-10-03,4.55
2017-10-04,4.05
2017-10-05,3.7
2017-10-06,3.6
2017-10-07,1.55
2017-10-08,1.3
2017-10-09,3.8000000000000003
2017-10-10,3.0500000000000003
2017-10-11,3.25
2017-10-12,2.2
2017-10-13,1.9000000000000001
2017-10-14,3.35
2017-10-15,1.1
2017-10-16,4.0
2017-10-17,3.1500000000000004
2017-10-18,2.4000000000000004
2017-10-19,2.0500000000000003
2017-10-20,1.9500000000000002
2017-10-21,1.05
2017-10-22,1.3
2017-10-23,1.6500000000000001
2017-10-24,2.0
2017-10-25,1.25
2017-10-26,2.6
2017-10-27,2.3000000000000003
2017-10-28,2.0
2017-10-29,1.1
2017-10-30,1.6
2017-10-31,3.0
2017-11-01,2.07
2017-11-02,2.67
2017-11-03,2.61
2017-11-04,1.53
2017-11-05,1.17
2017-11-06,1.17
2017-11-07,2.16
2017-11-08,2.16
2017-11-09,1.8599999999999999
2017-11-10,1.95
2017-11-11,0.6
2017-11-12,1.2
2017-11-13,1.74
2017-11-14,2.82
2017-11-15,3.0
2017-11-16,1.17
2017-11-17,1.56
2017-11-18,0.8999999999999999
2017-11-19,1.2
2017-11-20,2.58
2017-11-21,1.5899999999999999
2017-11-22,2.2199999999999998
2017-11-23,1.23
2017-11-24,0.57
2017-11-25,1.17
2017-11-26,1.17
2017-11-27,1.41
2017-11-28,2.1
2017-11-29,2.46
2017-11-30,2.82
2017-12-01,0.38
2017-12-02,1.52
2017-12-03,1.34
2017-12-04,1.6
2017-12-05,1.22
2017-12-06,2.0
2017-12-07,1.0
2017-12-08,1.4000000000000001
2017-12-09,0.92
2017-12-10,0.92
2017-12-11,1.24
2017-12-12,1.12
2017-12-13,1.5
2017-12-14,0.76
2017-12-15,0.6
2017-12-16,0.92
2017-12-17,1.3800000000000001
2017-12-18,0.9
2017-12-19,0.78
2017-12-20,1.22
2017-12-21,1.68
2017-12-22,0.66
2017-12-23,0.96
2017-12-24,2.0
2017-12-25,0.8
2017-12-26,0.92
2017-12-27,1.94
2017-12-28,1.42
2017-12-29,1.44
2017-12-30,0.46
2017-12-31,0.7000000000000001
2018-01-01,1.92
2018-01-02,1.8599999999999999
2018-01-03,2.16
2018-01-04,2.16
2018-01-05,1.47
2018-01-06,1.02
2018-01-07,1.23
2018-01-08,2.07
2018-01-09,1.56
2018-01-10,1.95
2018-01-11,2.4899999999999998
2018-01-12,1.7999999999999998
2018-01-13,1.05
2018-01-14,1.02
2018-01-15,1.29
2018-01-16,2.4299999999999997
2018-01-17,1.7999999999999998
2018-01-18,3.0
2018-01-19,2.52
2018-01-20,2.19
2018-01-21,1.41
2018-01-22,2.2199999999999998
2018-01-23,2.94
2018-01-24,2.79
2018-01-25,2.46
2018-01-26,2.31
2018-01-27,1.26
2018-01-28,1.02
2018-01-29,2.2199999999999998
2018-01-30,1.89
2018-01-31,2.76
2018-02-01,3.0
2018-02-02,1.77
2018-02-03,1.3199999999999998
2018-02-04,1.29
2018-02-05,1.6199999999999999
2018-02-06,1.38
2018-02-07,2.6399999999999997
2018-02-08,2.04
2018-02-09,1.5899999999999999
2018-02-10,1.68
2018-02-11,1.1099999999999999
2018-02-12,1.38
2018-02-13,0.9299999999999999
2018-02-14,1.5899999999999999
2018-02-15,1.44
2018-02-16,2.1
2018-02-17,1.1099999999999999
2018-02-18,0.75
2018-02-19,1.47
2018-02-20,1.89
2018-02-21,1.41
2018-02-22,2.19
2018-02-23,0.96
2018-02-24,1.68
2018-02-25,1.29
2018-02-26,1.38
2018-02-27,1.38
2018-02-28,2.19
2018-03-01,0.99
2018-03-02,1.65
2018-03-03,3.0
2018-03-04,1.47
2018-03-05,1.65
2018-03-06,2.28
2018-03-07,1.8599999999999999
2018-03-08,1.26
2018-03-09,2.13
2018-03-10,1.74
2018-03-11,1.23
2018-03-12,1.02
2018-03-13,2.28
2018-03-14,1.65
2018-03-15,1.89
2018-03-16,1.71
2018-03-17,0.75
2018-03-18,1.02
2018-03-19,0.63
2018-03-20,1.65
2018-03-21,1.23
2018-03-22,1.05
2018-03-23,1.29
2018-03-24,0.51
2018-03-25,0.51
2018-03-26,2.55
2018-03-27,1.5
2018-03-28,1.74
2018-03-29,1.08
2018-03-30,0.69
2018-03-31,1.02
2018-04-01,1.41
2018-04-02,1.8299999999999998
2018-04-03,1.92
2018-04-04,1.14
2018-04-05,1.47
2018-04-06,1.8299999999999998
2018-04-07,1.14
2018-04-08,1.71
2018-04-09,2.55
2018-04-10,0.8099999999999999
2018-04-11,1.95
2018-04-12,1.47
2018-04-13,1.5
2018-04-14,0.57
2018-04-15,1.44
2018-04-16,1.56
2018-04-17,1.74
2018-04-18,1.47
2018-04-19,1.6199999999999999
2018-04-20,1.3499999999999999
2018-04-21,1.5899999999999999
2018-04-22,0.8999999999999999
2018-04-23,1.26
2018-04-24,1.74
2018-04-25,3.0
2018-04-26,1.44
2018-04-27,0.75
2018-04-28,0.6
2018-04-29,1.98
2018-04-30,1.6199999999999999
2018-05-01,2.9099999999999997
2018-05-02,2.76
2018-05-03,1.8299999999999998
2018-05-04,2.07
2018-05-05,0.69
2018-05-06,1.02
2018-05-07,2.73
2018-05-08,2.76
2018-05-09,2.58
2018-05-10,2.79
2018-05-11,2.28
2018-05-12,1.02
2018-05-13,2.1
2018-05-14,2.07
2018-05-15,2.79
2018-05-16,1.38
2018-05-17,1.8599999999999999
2018-05-18,2.4899999999999998
2018-05-19,1.3499999999999999
2018-05-20,1.5899999999999999
2018-05-21,2.04
2018-05-22,1.29
2018-05-23,1.92
2018-05-24,2.37
2018-05-25,1.6199999999999999
2018-05-26,1.41
2018-05-27,0.9299999999999999
2018-05-28,1.3199999999999998
2018-05-29,2.07
2018-05-30,3.0
2018-05-31,2.28
2018-06-01,2.04
2018-06-02,0.99
2018-06-03,1.7999999999999998
2018-06-04,1.6199999999999999
2018-06-05,1.6199999999999999
2018-06-06,2.19
2018-06-07,1.8299999999999998
2018-06-08,1.05
2018-06-09,0.8099999999999999
2018-06-10,1.29
2018-06-11,3.0
2018-06-12,2.13
2018-06-13,0.78
2018-06-14,1.6199999999999999
2018-06-15,1.71
2018-06-16,0.8099999999999999
2018-06-17,1.23
2018-06-18,2.31
2018-06-19,1.3499999999999999
2018-06-20,1.1099999999999999
2018-06-21,1.65
2018-06-22,1.41
2018-06-23,0.96
2018-06-24,0.99
2018-06-25,1.92
2018-06-26,1.38
2018-06-27,1.5
2018-06-28,1.26
2018-06-29,1.5
2018-06-30,1.14
2018-07-01,1.05
2018-07-02,3.0
2018-07-03,1.38
2018-07-04,1.41
2018-07-05,0.96
2018-07-06,1.2
2018-07-07,0.69
2018-07-08,1.56
2018-07-09,1.17
2018-07-10,1.95
2018-07-11,1.14
2018-07-12,2.01
2018-07-13,1.41
2018-07-14,1.5899999999999999
2018-07-15,1.8299999999999998
2018-07-16,2.28
2018-07-17,2.4
2018-07-18,1.38
2018-07-19,1.8599999999999999
2018-07-20,1.08
2018-07-21,0.54
2018-07-22,1.05
2018-07-23,1.5
2018-07-24,2.2199999999999998
2018-07-25,1.3499999999999999
2018-07-26,1.38
2018-07-27,0.9299999999999999
2018-07-28,0.78
2018-07-29,0.8099999999999999
2018-07-30,1.53
2018-07-31,1.2
2018-08-01,1.26
2018-08-02,0.96
2018-08-03,0.87
2018-08-04,0.99
2018-08-05,0.8099999999999999
2018-08-06,2.4
2018-08-07,1.1099999999999999
2018-08-08,1.1099999999999999
2018-08-09,0.99
2018-08-10,0.72
2018-08-11,0.75
2018-08-12,0.99
2018-08-13,3.0
2018-08-14,1.26
2018-08-15,1.92
2018-08-16,1.29
2018-08-17,1.14
2018-08-18,1.68
2018-08-19,1.8599999999999999
2018-08-20,2.01
2018-08-21,1.56
2018-08-22,0.99
2018-08-23,1.14
2018-08-24,1.14
2018-08-25,0.84
2018-08-26,1.14
2018-08-27,1.7999999999999998
2018-08-28,1.68
2018-08-29,1.53
2018-08-30,1.1099999999999999
2018-08-31,1.71
2018-09-01,0.54
2018-09-02,1.3199999999999998
2018-09-03,2.4899999999999998
2018-09-04,0.9299999999999999
2018-09-05,1.8299999999999998
2018-09-06,2.4
2018-09-07,1.38
2018-09-08,1.08
2018-09-09,1.3199999999999998
2018-09-10,3.0
2018-09-11,1.65
2018-09-12,1.65
2018-09-13,1.38
2018-09-14,1.71
2018-09-15,1.65
2018-09-16,1.44
2018-09-17,1.98
2018-09-18,1.95
2018-09-19,1.08
2018-09-20,1.38
2018-09-21,1.89
2018-09-22,0.9299999999999999
2018-09-23,1.26
2018-09-24,2.88
2018-09-25,1.5
2018-09-26,1.53
2018-09-27,2.01
2018-09-28,1.26
2018-09-29,0.84
2018-09-30,2.55
2018-10-01,0.96
2018-10-02,1.08
2018-10-03,0.96
2018-10-04,0.69
2018-10-05,1.71
2018-10-06,2.01
2018-10-07,1.14
2018-10-08,1.1099999999999999
2018-10-09,1.92
2018-10-10,1.38
2018-10-11,1.1099999999999999
2018-10-12,1.02
2018-10-13,0.84
2018-10-14,1.17
2018-10-15,1.68
2018-10-16,1.68
2018-10-17,2.4899999999999998
2018-10-18,1.71
2018-10-19,1.02
2018-10-20,0.99
2018-10-21,0.8099999999999999
2018-10-22,2.94
2018-10-23,2.61
2018-10-24,0.8099999999999999
2018-10-25,1.95
2018-10-26,1.5899999999999999
2018-10-27,0.99
2018-10-28,0.99
2018-10-29,3.0
2018-10-30,1.7999999999999998
2018-10-31,2.31
2018-11-01,2.16
2018-11-02,2.07
2018-11-03,0.75
2018-11-04,1.98
2018-11-05,1.5899999999999999
2018-11-06,1.98
2018-11-07,0.96
2018-11-08,1.3499999999999999
2018-11-09,2.37
2018-11-10,1.5
2018-11-11,0.0
2018-11-12,1.89
2018-11-13,1.6199999999999999
2018-11-14,3.0
2018-11-15,2.16
2018-11-16,1.6199999999999999
2018-11-17,1.5
2018-11-18,1.3199999999999998
2018-11-19,1.92
2018-11-20,1.1099999999999999
2018-11-21,1.02
2018-11-22,0.84
2018-11-23,0.87
2018-11-24,1.08
2018-11-25,1.08
2018-11-26,1.44
2018-11-27,2.6999999999999997
2018-11-28,2.16
2018-11-29,1.53
2018-11-30,1.7999999999999998
2018-12-01,1.77
2018-12-02,1.77
2018-12-03,3.0
2018-12-04,2.82
2018-12-05,2.61
2018-12-06,1.98
2018-12-07,1.5899999999999999
2018-12-08,1.3199999999999998
2018-12-09,2.55
2018-12-10,1.98
2018-12-11,1.77
2018-12-12,2.46
2018-12-13,2.67
2018-12-14,2.82
2018-12-15,2.16
2018-12-16,1.6199999999999999
2018-12-17,2.67
2018-12-18,1.5
2018-12-19,2.31
2018-12-20,1.89
2018-12-21,2.19
2018-12-22,1.68
2018-12-23,2.28
2018-12-24,2.76
2018-12-25,0.0
2018-12-26,1.8299999999999998
2018-12-27,0.99
2018-12-28,2.6399999999999997
2018-12-29,2.01
2018-12-30,1.08
2018-12-31,1.5
2019-01-01,0.6
2019-01-02,0.87
2019-01-03,2.01
2019-01-04,2.34
2019-01-05,1.5
2019-01-06,2.04
2019-01-07,1.14
2019-01-08,1.89
2019-01-09,1.77
2019-01-10,2.25
2019-01-11,2.94
2019-01-12,1.14
2019-01-13,1.1099999999999999
2019-01-14,3.0
2019-01-15,1.26
2019-01-16,1.74
2019-01-17,2.6399999999999997
2019-01-18,1.5899999999999999
2019-01-19,1.47
2019-01-20,1.74
2019-01-21,1.6199999999999999
2019-01-22,1.8599999999999999
2019-01-23,2.52
2019-01-24,1.17
2019-01-25,1.77
2019-01-26,1.71
2019-01-27,1.14
2019-01-28,2.19
2019-01-29,2.16
2019-01-30,1.41
2019-01-31,1.41
2019-02-01,1.5899999999999999
2019-02-02,1.26
2019-02-03,1.23
2019-02-04,1.53
2019-02-05,2.6399999999999997
2019-02-06,2.37
2019-02-07,1.71
2019-02-08,1.08
2019-02-09,2.31
2019-02-10,0.84
2019-02-11,2.04
2019-02-12,2.79
2019-02-13,2.1
2019-02-14,2.4899999999999998
2019-02-15,1.5
2019-02-16,1.68
2019-02-17,2.52
2019-02-18,1.29
2019-02-19,2.85
2019-02-20,3.0
2019-02-21,1.95
2019-02-22,2.34
2019-02-23,2.25
2019-02-24,1.26
2019-02-25,1.71
2019-02-26,1.74
2019-02-27,2.04
2019-02-28,2.6399999999999997
2019-03-01,2.1
2019-03-02,1.3499999999999999
2019-03-03,1.3499999999999999
2019-03-04,2.07
2019-03-05,2.28
2019-03-06,1.1099999999999999
2019-03-07,2.31
2019-03-08,2.61
2019-03-09,1.6199999999999999
2019-03-10,0.69
2019-03-11,1.95
2019-03-12,0.96
2019-03-13,1.3499999999999999
2019-03-14,2.1
2019-03-15,1.98
2019-03-16,1.41
2019-03-17,1.89
2019-03-18,2.4
2019-03-19,1.92
2019-03-20,1.98
2019-03-21,1.56
2019-03-22,1.5899999999999999
2019-03-23,1.14
2019-03-24,1.53
2019-03-25,2.76
2019-03-26,2.19
2019-03-27,2.01
2019-03-28,2.6399999999999997
2019-03-29,3.0
2019-03-30,1.41
2019-03-31,1.5899999999999999
2019-04-01,1.32
2019-04-02,1.78
2019-04-03,1.34
2019-04-04,1.8
2019-04-05,0.92
2019-04-06,0.92
2019-04-07,0.54
2019-04-08,1.48
2019-04-09,1.04
2019-04-10,1.8
2019-04-11,1.32
2019-04-12,1.3800000000000001
2019-04-13,1.12
2019-04-14,1.08
2019-04-15,1.2
2019-04-16,1.36
2019-04-17,2.0
2019-04-18,1.54
2019-04-19,1.3
2019-04-20,0.56
2019-04-21,0.58
2019-04-22,1.42
2019-04-23,1.08
2019-04-24,0.76
2019-04-25,1.34
2019-04-26,0.76
2019-04-27,0.54
2019-04-28,2.0
2019-04-29,1.18
2019-04-30,1.74
2019-05-01,1.44
2019-05-02,1.41
2019-05-03,1.3199999999999998
2019-05-04,1.14
2019-05-05,2.04
2019-05-06,0.96
2019-05-07,1.92
2019-05-08,1.7999999999999998
2019-05-09,1.92
2019-05-10,2.34
2019-05-11,0.6
2019-05-12,3.0
2019-05-13,2.34
2019-05-14,1.98
2019-05-15,0.99
2019-05-16,2.76
2019-05-17,1.3499999999999999
2019-05-18,1.02
2019-05-19,1.2
2019-05-20,1.7999999999999998
2019-05-21,1.6199999999999999
2019-05-22,1.3199999999999998
2019-05-23,1.17
2019-05-24,2.4299999999999997
2019-05-25,1.05
2019-05-26,1.05
2019-05-27,1.56
2019-05-28,1.5
2019-05-29,2.1
2019-05-30,1.6199999999999999
2019-05-31,2.88
2019-06-01,0.78
2019-06-02,1.1099999999999999
2019-06-03,1.5899999999999999
2019-06-04,2.4299999999999997
2019-06-05,0.96
2019-06-06,1.47
2019-06-07,1.17
2019-06-08,0.96
2019-06-09,0.78
2019-06-10,1.44
2019-06-11,0.72
2019-06-12,2.16
2019-06-13,2.28
2019-06-14,2.76
2019-06-15,1.14
2019-06-16,1.3499999999999999
2019-06-17,0.8099999999999999
2019-06-18,1.29
2019-06-19,1.92
2019-06-20,1.65
2019-06-21,2.52
2019-06-22,0.6
2019-06-23,0.78
2019-06-24,1.98
2019-06-25,3.0
2019-06-26,1.65
2019-06-27,0.99
2019-06-28,1.38
2019-06-29,0.78
2019-06-30,1.56
2019-07-01,1.47
2019-07-02,1.98
2019-07-03,1.5
2019-07-04,1.14
2019-07-05,1.29
2019-07-06,0.84
2019-07-07,1.1099999999999999
2019-07-08,2.1
2019-07-09,1.65
2019-07-10,1.7999999999999998
2019-07-11,1.6199999999999999
2019-07-12,1.8299999999999998
2019-07-13,1.3499999999999999
2019-07-14,1.74
2019-07-15,1.95
2019-07-16,1.77
2019-07-17,0.96
2019-07-18,1.3199999999999998
2019-07-19,1.2
2019-07-20,1.14
2019-07-21,0.96
2019-07-22,1.65
2019-07-23,1.7999999999999998
2019-07-24,1.89
2019-07-25,1.2
2019-07-26,1.3199999999999998
2019-07-27,0.6
2019-07-28,0.6
2019-07-29,1.5
2019-07-30,0.99
2019-07-31,3.0
2019-08-01,1.65
2019-08-02,2.07
2019-08-03,0.57
2019-08-04,0.96
2019-08-05,1.3199999999999998
2019-08-06,1.5
2019-08-07,1.5
2019-08-08,1.5
2019-08-09,3.0
2019-08-10,1.53
2019-08-11,0.57
2019-08-12,1.47
2019-08-13,2.25
2019-08-14,2.6399999999999997
2019-08-15,1.77
2019-08-16,1.6199999999999999
2019-08-17,1.5
2019-08-18,1.1099999999999999
2019-08-19,1.92
2019-08-20,1.74
2019-08-21,1.44
2019-08-22,1.92
2019-08-23,2.4
2019-08-24,1.3199999999999998
2019-08-25,0.54
2019-08-26,1.08
2019-08-27,2.34
2019-08-28,1.8599999999999999
2019-08-29,2.19
2019-08-30,1.23
2019-08-31,1.95
2019-09-01,0.6599999999999999
2019-09-02,1.23
2019-09-03,1.44
2019-09-04,1.7999999999999998
2019-09-05,2.55
2019-09-06,1.44
2019-09-07,0.6599999999999999
2019-09-08,1.26
2019-09-09,2.37
2019-09-10,1.6199999999999999
2019-09-11,2.01
2019-09-12,1.98
2019-09-13,2.37
2019-09-14,1.1099999999999999
2019-09-15,1.47
2019-09-16,2.16
2019-09-17,1.05
2019-09-18,2.34
2019-09-19,1.1099999999999999
2019-09-20,1.47
2019-09-21,0.63
2019-09-22,1.05
2019-09-23,1.77
2019-09-24,2.01
2019-09-25,1.8299999999999998
2019-09-26,1.29
2019-09-27,3.0
2019-09-28,0.8999999999999999
2019-09-29,2.19
2019-09-30,1.47
2019-10-01,1.53
2019-10-02,3.0
2019-10-03,1.71
2019-10-04,1.2
2019-10-05,1.14
2019-10-06,0.44999999999999996
2019-10-07,0.96
2019-10-08,2.4899999999999998
2019-10-09,0.78
2019-10-10,0.96
2019-10-11,2.16
2019-10-12,0.0
2019-10-13,0.69
2019-10-14,0.78
2019-10-15,1.53
2019-10-16,2.31
2019-10-17,0.96
2019-10-18,0.78
2019-10-19,1.38
2019-10-20,1.3199999999999998
2019-10-21,1.29
2019-10-22,2.01
2019-10-23,2.46
2019-10-24,0.9299999999999999
2019-10-25,1.17
2019-10-26,1.44
2019-10-27,0.6599999999999999
2019-10-28,0.9299999999999999
2019-10-29,1.3199999999999998
2019-10-30,1.14
2019-10-31,0.96
2019-11-01,1.4000000000000001
2019-11-02,1.82
2019-11-03,1.16
2019-11-04,1.6600000000000001
2019-11-05,0.74
2019-11-06,1.48
2019-11-07,1.8
2019-11-08,1.0
2019-11-09,0.98
2019-11-10,0.96
2019-11-11,1.72
2019-11-12,1.6
2019-11-13,0.8200000000000001
2019-11-14,1.3
2019-11-15,1.94
2019-11-16,0.96
2019-11-17,0.9400000000000001
2019-11-18,1.1400000000000001
2019-11-19,1.8
2019-11-20,2.0
2019-11-21,2.0
2019-11-22,1.68
2019-11-23,1.52
2019-11-24,0.0
2019-11-25,1.0
2019-11-26,0.86
2019-11-27,1.24
2019-11-28,1.72
2019-11-29,1.1
2019-11-30,0.56
2019-12-01,0.64
2019-12-02,1.84
2019-12-03,1.12
2019-12-04,1.54
2019-12-05,1.36
2019-12-06,1.96
2019-12-07,0.92
2019-12-08,0.9
2019-12-09,0.78
2019-12-10,0.8
2019-12-11,1.16
2019-12-12,0.38
2019-12-13,0.78
2019-12-14,1.3800000000000001
2019-12-15,0.46
2019-12-16,0.78
2019-12-17,1.18
2019-12-18,1.6
2019-12-19,2.0
2019-12-20,0.62
2019-12-21,0.72
2019-12-22,0.48
2019-12-23,1.08
2019-12-24,1.4000000000000001
2019-12-25,1.84
2019-12-26,1.1400000000000001
2019-12-27,1.28
2019-12-28,0.0
2019-12-29,0.44
2019-12-30,1.04
2019-12-31,0.86
2020-01-01,0.8999999999999999
2020-01-02,1.38
2020-01-03,1.74
2020-01-04,2.13
2020-01-05,1.47
2020-01-06,2.46
2020-01-07,2.46
2020-01-08,1.5
2020-01-09,3.0
2020-01-10,1.29
2020-01-11,1.89
2020-01-12,0.63
2020-01-13,2.2199999999999998
2020-01-14,1.44
2020-01-15,0.87
2020-01-16,2.73
2020-01-17,1.3199999999999998
2020-01-18,0.84
2020-01-19,1.8599999999999999
2020-01-20,1.74
2020-01-21,1.8299999999999998
2020-01-22,2.01
2020-01-23,2.37
2020-01-24,2.2199999999999998
2020-01-25,1.08
2020-01-26,1.5899999999999999
2020-01-27,1.38
2020-01-28,1.7999999999999998
2020-01-29,2.2199999999999998
2020-01-30,1.68
2020-01-31,1.5
2020-02-01,1.2
2020-02-02,1.1099999999999999
2020-02-03,3.0
2020-02-04,2.82
2020-02-05,1.08
2020-02-06,1.6199999999999999
2020-02-07,1.95
2020-02-08,1.44
2020-02-09,0.8099999999999999
2020-02-10,1.8599999999999999
2020-02-11,1.3199999999999998
2020-02-12,2.01
2020-02-13,1.08
2020-02-14,1.92
2020-02-15,0.96
2020-02-16,0.48
2020-02-17,1.29
2020-02-18,1.98
2020-02-19,1.5899999999999999
2020-02-20,1.47
2020-02-21,2.82
2020-02-22,0.78
2020-02-23,1.08
2020-02-24,1.8599999999999999
2020-02-25,2.4899999999999998
2020-02-26,2.16
2020-02-27,1.8299999999999998
2020-02-28,2.28
2020-02-29,1.38
2020-03-01,0.71
2020-03-02,0.71
2020-03-03,0.71
2020-03-04,0.71
2020-03-05,0.71
2020-03-06,1.42
2020-03-07,0.71
2020-03-08,0.71
2020-03-09,0.0
2020-03-10,0.71
2020-03-11,0.71
2020-03-12,10.649999999999999
2020-03-13,7.1
2020-03-14,4.97
2020-03-15,5.68
2020-03-16,14.2
2020-03-17,14.91
2020-03-18,12.78
2020-03-19,14.91
2020-03-20,13.489999999999998
2020-03-21,9.94
2020-03-22,7.81
2020-03-23,14.91
2020-03-24,14.2
2020-03-25,23.43
2020-03-26,34.08
2020-03-27,36.92
2020-03-28,34.79
2020-03-29,31.24
2020-03-30,71.0
2020-03-31,71.0
2020-04-01,75.0
2020-04-02,79.0
2020-04-03,100.0
2020-04-04,51.0
2020-04-05,34.0
2020-04-06,41.0
2020-04-07,31.0
2020-04-08,27.0
2020-04-09,26.0
2020-04-10,18.0
2020-04-11,11.0
2020-04-12,7.0
2020-04-13,14.0
2020-04-14,15.0
2020-04-15,16.0
2020-04-16,21.0
2020-04-17,16.0
2020-04-18,11.0
2020-04-19,7.0
2020-04-20,14.0
2020-04-21,16.0
2020-04-22,16.0
2020-04-23,12.0
2020-04-24,13.0
2020-04-25,8.0
2020-04-26,6.0
2020-04-27,16.0
2020-04-28,12.0
2020-04-29,11.0
2020-04-30,9.0
