date,Disney
2011-01-01,40.8
2011-01-02,40.32
2011-01-03,32.64
2011-01-04,32.16
2011-01-05,30.72
2011-01-06,30.72
2011-01-07,32.16
2011-01-08,40.8
2011-01-09,43.68
2011-01-10,34.56
2011-01-11,31.2
2011-01-12,32.16
2011-01-13,30.72
2011-01-14,30.24
2011-01-15,44.64
2011-01-16,48.0
2011-01-17,38.879999999999995
2011-01-18,32.16
2011-01-19,30.24
2011-01-20,32.16
2011-01-21,33.6
2011-01-22,38.4
2011-01-23,41.28
2011-01-24,31.2
2011-01-25,30.24
2011-01-26,29.759999999999998
2011-01-27,30.72
2011-01-28,30.24
2011-01-29,39.839999999999996
2011-01-30,39.839999999999996
2011-01-31,28.799999999999997
2011-02-01,29.7
2011-02-02,32.85
2011-02-03,30.150000000000002
2011-02-04,32.85
2011-02-05,40.050000000000004
2011-02-06,40.95
2011-02-07,29.7
2011-02-08,31.5
2011-02-09,30.150000000000002
2011-02-10,30.6
2011-02-11,31.05
2011-02-12,40.5
2011-02-13,42.75
2011-02-14,31.05
2011-02-15,31.5
2011-02-16,31.95
2011-02-17,31.05
2011-02-18,32.85
2011-02-19,43.2
2011-02-20,43.2
2011-02-21,40.5
2011-02-22,33.75
2011-02-23,33.300000000000004
2011-02-24,32.85
2011-02-25,32.4
2011-02-26,42.300000000000004
2011-02-27,45.0
2011-02-28,31.05
2011-03-01,31.05
2011-03-02,31.05
2011-03-03,31.05
2011-03-04,32.85
2011-03-05,42.75
2011-03-06,45.0
2011-03-07,32.4
2011-03-08,29.7
2011-03-09,30.150000000000002
2011-03-10,29.7
2011-03-11,30.150000000000002
2011-03-12,36.9
2011-03-13,37.800000000000004
2011-03-14,28.8
2011-03-15,29.7
2011-03-16,29.7
2011-03-17,28.8
2011-03-18,29.7
2011-03-19,36.9
2011-03-20,38.7
2011-03-21,29.25
2011-03-22,29.25
2011-03-23,29.7
2011-03-24,30.6
2011-03-25,31.5
2011-03-26,40.5
2011-03-27,40.95
2011-03-28,31.5
2011-03-29,32.4
2011-03-30,31.05
2011-03-31,31.05
2011-04-01,32.25
2011-04-02,40.85
2011-04-03,43.0
2011-04-04,31.82
2011-04-05,31.39
2011-04-06,31.39
2011-04-07,30.53
2011-04-08,30.53
2011-04-09,40.42
2011-04-10,40.85
2011-04-11,29.669999999999998
2011-04-12,30.96
2011-04-13,30.099999999999998
2011-04-14,30.96
2011-04-15,30.96
2011-04-16,39.56
2011-04-17,39.56
2011-04-18,30.96
2011-04-19,30.96
2011-04-20,31.39
2011-04-21,29.669999999999998
2011-04-22,34.4
2011-04-23,36.55
2011-04-24,37.41
2011-04-25,32.25
2011-04-26,28.38
2011-04-27,29.24
2011-04-28,28.81
2011-04-29,27.95
2011-04-30,35.26
2011-05-01,39.36
2011-05-02,28.7
2011-05-03,29.11
2011-05-04,29.11
2011-05-05,27.47
2011-05-06,30.34
2011-05-07,38.129999999999995
2011-05-08,37.72
2011-05-09,27.88
2011-05-10,27.88
2011-05-11,29.11
2011-05-12,28.7
2011-05-13,30.34
2011-05-14,39.769999999999996
2011-05-15,41.0
2011-05-16,31.569999999999997
2011-05-17,30.749999999999996
2011-05-18,30.34
2011-05-19,29.93
2011-05-20,30.34
2011-05-21,35.669999999999995
2011-05-22,38.949999999999996
2011-05-23,30.749999999999996
2011-05-24,29.11
2011-05-25,29.52
2011-05-26,29.93
2011-05-27,32.39
2011-05-28,36.9
2011-05-29,39.36
2011-05-30,38.54
2011-05-31,30.34
2011-06-01,31.24
2011-06-02,32.56
2011-06-03,32.12
2011-06-04,37.4
2011-06-05,40.48
2011-06-06,32.12
2011-06-07,31.68
2011-06-08,31.24
2011-06-09,32.12
2011-06-10,31.68
2011-06-11,40.04
2011-06-12,40.04
2011-06-13,34.76
2011-06-14,33.88
2011-06-15,32.12
2011-06-16,33.0
2011-06-17,35.2
2011-06-18,40.04
2011-06-19,41.8
2011-06-20,36.52
2011-06-21,34.32
2011-06-22,34.76
2011-06-23,35.64
2011-06-24,36.08
2011-06-25,42.24
2011-06-26,44.0
2011-06-27,36.96
2011-06-28,36.96
2011-06-29,35.2
2011-06-30,33.88
2011-07-01,35.88
2011-07-02,40.480000000000004
2011-07-03,43.7
2011-07-04,43.7
2011-07-05,35.88
2011-07-06,36.34
2011-07-07,36.800000000000004
2011-07-08,37.72
2011-07-09,44.160000000000004
2011-07-10,46.0
2011-07-11,37.72
2011-07-12,37.72
2011-07-13,36.34
2011-07-14,35.42
2011-07-15,35.42
2011-07-16,42.78
2011-07-17,43.24
2011-07-18,38.64
2011-07-19,35.88
2011-07-20,35.42
2011-07-21,35.42
2011-07-22,34.96
2011-07-23,41.86
2011-07-24,43.7
2011-07-25,41.4
2011-07-26,37.260000000000005
2011-07-27,35.88
2011-07-28,35.42
2011-07-29,35.42
2011-07-30,40.940000000000005
2011-07-31,44.620000000000005
2011-08-01,34.4
2011-08-02,33.97
2011-08-03,34.83
2011-08-04,33.97
2011-08-05,33.97
2011-08-06,40.42
2011-08-07,41.28
2011-08-08,34.83
2011-08-09,33.97
2011-08-10,33.97
2011-08-11,32.25
2011-08-12,33.11
2011-08-13,43.0
2011-08-14,42.57
2011-08-15,36.12
2011-08-16,32.68
2011-08-17,31.39
2011-08-18,32.25
2011-08-19,32.25
2011-08-20,39.13
2011-08-21,40.42
2011-08-22,30.96
2011-08-23,28.81
2011-08-24,29.669999999999998
2011-08-25,28.81
2011-08-26,29.24
2011-08-27,38.269999999999996
2011-08-28,36.55
2011-08-29,29.669999999999998
2011-08-30,28.38
2011-08-31,27.95
2011-09-01,28.470000000000002
2011-09-02,30.810000000000002
2011-09-03,37.44
2011-09-04,38.61
2011-09-05,38.22
2011-09-06,28.470000000000002
2011-09-07,27.3
2011-09-08,26.130000000000003
2011-09-09,27.3
2011-09-10,37.050000000000004
2011-09-11,36.660000000000004
2011-09-12,28.86
2011-09-13,27.3
2011-09-14,27.69
2011-09-15,28.080000000000002
2011-09-16,28.470000000000002
2011-09-17,36.27
2011-09-18,37.44
2011-09-19,29.64
2011-09-20,28.080000000000002
2011-09-21,28.470000000000002
2011-09-22,28.080000000000002
2011-09-23,30.810000000000002
2011-09-24,37.050000000000004
2011-09-25,39.0
2011-09-26,30.03
2011-09-27,28.080000000000002
2011-09-28,28.86
2011-09-29,29.64
2011-09-30,31.59
2011-10-01,33.11
2011-10-02,32.25
2011-10-03,24.08
2011-10-04,23.65
2011-10-05,23.65
2011-10-06,24.509999999999998
2011-10-07,24.08
2011-10-08,30.96
2011-10-09,33.11
2011-10-10,27.52
2011-10-11,24.94
2011-10-12,24.509999999999998
2011-10-13,24.08
2011-10-14,25.37
2011-10-15,43.0
2011-10-16,31.82
2011-10-17,24.08
2011-10-18,24.08
2011-10-19,22.79
2011-10-20,23.22
2011-10-21,25.37
2011-10-22,30.53
2011-10-23,31.82
2011-10-24,23.22
2011-10-25,23.22
2011-10-26,23.65
2011-10-27,23.22
2011-10-28,23.65
2011-10-29,30.96
2011-10-30,30.53
2011-10-31,20.64
2011-11-01,24.779999999999998
2011-11-02,27.3
2011-11-03,26.04
2011-11-04,26.459999999999997
2011-11-05,35.699999999999996
2011-11-06,36.96
2011-11-07,28.56
2011-11-08,27.72
2011-11-09,27.3
2011-11-10,26.88
2011-11-11,32.339999999999996
2011-11-12,36.96
2011-11-13,38.22
2011-11-14,28.14
2011-11-15,27.72
2011-11-16,27.3
2011-11-17,27.72
2011-11-18,28.56
2011-11-19,36.54
2011-11-20,35.699999999999996
2011-11-21,29.4
2011-11-22,29.82
2011-11-23,31.08
2011-11-24,36.96
2011-11-25,39.059999999999995
2011-11-26,42.0
2011-11-27,40.32
2011-11-28,30.66
2011-11-29,28.56
2011-11-30,28.56
2011-12-01,30.24
2011-12-02,31.68
2011-12-03,48.0
2011-12-04,45.6
2011-12-05,35.519999999999996
2011-12-06,34.08
2011-12-07,33.12
2011-12-08,33.12
2011-12-09,35.04
2011-12-10,47.519999999999996
2011-12-11,45.12
2011-12-12,35.519999999999996
2011-12-13,32.64
2011-12-14,32.64
2011-12-15,32.16
2011-12-16,35.519999999999996
2011-12-17,42.72
2011-12-18,43.199999999999996
2011-12-19,35.04
2011-12-20,36.96
2011-12-21,36.96
2011-12-22,36.96
2011-12-23,40.8
2011-12-24,41.76
2011-12-25,47.519999999999996
2011-12-26,45.12
2011-12-27,41.28
2011-12-28,40.32
2011-12-29,42.239999999999995
2011-12-30,42.72
2011-12-31,43.68
2012-01-01,47.0
2012-01-02,41.36
2012-01-03,34.78
2012-01-04,32.43
2012-01-05,31.959999999999997
2012-01-06,33.839999999999996
2012-01-07,45.589999999999996
2012-01-08,44.18
2012-01-09,32.9
2012-01-10,30.549999999999997
2012-01-11,30.08
2012-01-12,30.549999999999997
2012-01-13,31.49
2012-01-14,41.36
2012-01-15,39.949999999999996
2012-01-16,37.129999999999995
2012-01-17,31.02
2012-01-18,30.08
2012-01-19,29.139999999999997
2012-01-20,30.549999999999997
2012-01-21,39.949999999999996
2012-01-22,40.89
2012-01-23,30.549999999999997
2012-01-24,31.02
2012-01-25,30.08
2012-01-26,28.669999999999998
2012-01-27,31.49
2012-01-28,41.83
2012-01-29,41.36
2012-01-30,31.02
2012-01-31,29.139999999999997
2012-02-01,28.6
2012-02-02,29.04
2012-02-03,30.36
2012-02-04,40.48
2012-02-05,39.6
2012-02-06,29.48
2012-02-07,31.24
2012-02-08,31.68
2012-02-09,30.36
2012-02-10,30.8
2012-02-11,39.6
2012-02-12,37.84
2012-02-13,28.16
2012-02-14,28.6
2012-02-15,28.16
2012-02-16,29.92
2012-02-17,33.0
2012-02-18,40.04
2012-02-19,42.68
2012-02-20,39.160000000000004
2012-02-21,32.56
2012-02-22,30.36
2012-02-23,31.24
2012-02-24,31.68
2012-02-25,40.04
2012-02-26,44.0
2012-02-27,32.56
2012-02-28,32.12
2012-02-29,31.68
2012-03-01,32.2
2012-03-02,33.120000000000005
2012-03-03,41.4
2012-03-04,46.0
2012-03-05,39.56
2012-03-06,33.58
2012-03-07,31.28
2012-03-08,29.900000000000002
2012-03-09,31.28
2012-03-10,37.72
2012-03-11,40.480000000000004
2012-03-12,31.28
2012-03-13,30.360000000000003
2012-03-14,30.82
2012-03-15,28.98
2012-03-16,29.44
2012-03-17,34.96
2012-03-18,37.72
2012-03-19,28.52
2012-03-20,28.52
2012-03-21,27.6
2012-03-22,30.360000000000003
2012-03-23,32.2
2012-03-24,39.1
2012-03-25,39.56
2012-03-26,30.360000000000003
2012-03-27,29.900000000000002
2012-03-28,30.360000000000003
2012-03-29,28.52
2012-03-30,28.98
2012-03-31,34.5
2012-04-01,38.400000000000006
2012-04-02,30.8
2012-04-03,29.200000000000003
2012-04-04,30.400000000000002
2012-04-05,30.400000000000002
2012-04-06,32.800000000000004
2012-04-07,36.800000000000004
2012-04-08,36.0
2012-04-09,31.6
2012-04-10,30.400000000000002
2012-04-11,30.400000000000002
2012-04-12,29.6
2012-04-13,30.8
2012-04-14,35.6
2012-04-15,38.0
2012-04-16,29.200000000000003
2012-04-17,29.200000000000003
2012-04-18,28.0
2012-04-19,29.200000000000003
2012-04-20,29.200000000000003
2012-04-21,36.800000000000004
2012-04-22,40.0
2012-04-23,30.0
2012-04-24,29.6
2012-04-25,28.400000000000002
2012-04-26,28.8
2012-04-27,29.200000000000003
2012-04-28,37.6
2012-04-29,38.0
2012-04-30,28.8
2012-05-01,26.8
2012-05-02,27.6
2012-05-03,27.200000000000003
2012-05-04,28.400000000000002
2012-05-05,33.2
2012-05-06,37.2
2012-05-07,29.6
2012-05-08,27.200000000000003
2012-05-09,27.6
2012-05-10,28.0
2012-05-11,28.8
2012-05-12,34.0
2012-05-13,36.4
2012-05-14,28.8
2012-05-15,28.8
2012-05-16,28.400000000000002
2012-05-17,28.400000000000002
2012-05-18,28.400000000000002
2012-05-19,33.6
2012-05-20,36.800000000000004
2012-05-21,30.400000000000002
2012-05-22,30.0
2012-05-23,29.6
2012-05-24,28.400000000000002
2012-05-25,30.400000000000002
2012-05-26,36.4
2012-05-27,40.0
2012-05-28,37.2
2012-05-29,30.8
2012-05-30,30.400000000000002
2012-05-31,31.200000000000003
2012-06-01,32.9
2012-06-02,39.48
2012-06-03,40.89
2012-06-04,33.37
2012-06-05,32.43
2012-06-06,31.959999999999997
2012-06-07,33.839999999999996
2012-06-08,33.839999999999996
2012-06-09,38.07
2012-06-10,39.01
2012-06-11,33.37
2012-06-12,33.839999999999996
2012-06-13,33.839999999999996
2012-06-14,34.78
2012-06-15,37.129999999999995
2012-06-16,44.18
2012-06-17,45.12
2012-06-18,38.54
2012-06-19,39.949999999999996
2012-06-20,37.599999999999994
2012-06-21,37.599999999999994
2012-06-22,39.01
2012-06-23,43.71
2012-06-24,47.0
2012-06-25,40.89
2012-06-26,39.01
2012-06-27,36.66
2012-06-28,34.78
2012-06-29,34.309999999999995
2012-06-30,41.36
2012-07-01,41.36
2012-07-02,36.19
2012-07-03,36.19
2012-07-04,40.419999999999995
2012-07-05,36.19
2012-07-06,36.66
2012-07-07,40.89
2012-07-08,42.769999999999996
2012-07-09,36.19
2012-07-10,35.25
2012-07-11,36.66
2012-07-12,35.72
2012-07-13,36.66
2012-07-14,43.239999999999995
2012-07-15,47.0
2012-07-16,39.949999999999996
2012-07-17,36.19
2012-07-18,36.19
2012-07-19,35.72
2012-07-20,35.72
2012-07-21,40.89
2012-07-22,41.36
2012-07-23,34.78
2012-07-24,35.25
2012-07-25,33.839999999999996
2012-07-26,35.25
2012-07-27,33.37
2012-07-28,37.129999999999995
2012-07-29,39.01
2012-07-30,34.78
2012-07-31,32.9
2012-08-01,35.28
2012-08-02,33.6
2012-08-03,34.86
2012-08-04,40.32
2012-08-05,40.74
2012-08-06,36.54
2012-08-07,36.54
2012-08-08,34.44
2012-08-09,33.18
2012-08-10,34.86
2012-08-11,39.9
2012-08-12,40.74
2012-08-13,34.44
2012-08-14,34.019999999999996
2012-08-15,34.44
2012-08-16,32.76
2012-08-17,34.44
2012-08-18,39.059999999999995
2012-08-19,40.74
2012-08-20,33.6
2012-08-21,33.18
2012-08-22,31.5
2012-08-23,31.08
2012-08-24,31.919999999999998
2012-08-25,40.32
2012-08-26,42.0
2012-08-27,32.339999999999996
2012-08-28,31.08
2012-08-29,29.82
2012-08-30,30.66
2012-08-31,29.4
2012-09-01,35.1
2012-09-02,36.660000000000004
2012-09-03,37.050000000000004
2012-09-04,27.3
2012-09-05,24.18
2012-09-06,25.740000000000002
2012-09-07,26.52
2012-09-08,34.71
2012-09-09,33.93
2012-09-10,25.740000000000002
2012-09-11,26.130000000000003
2012-09-12,24.96
2012-09-13,24.96
2012-09-14,27.3
2012-09-15,35.88
2012-09-16,36.660000000000004
2012-09-17,28.86
2012-09-18,28.470000000000002
2012-09-19,27.69
2012-09-20,28.470000000000002
2012-09-21,28.86
2012-09-22,36.27
2012-09-23,35.88
2012-09-24,28.080000000000002
2012-09-25,28.080000000000002
2012-09-26,27.69
2012-09-27,28.080000000000002
2012-09-28,28.86
2012-09-29,36.27
2012-09-30,39.0
2012-10-01,28.38
2012-10-02,27.95
2012-10-03,27.09
2012-10-04,27.09
2012-10-05,28.38
2012-10-06,37.41
2012-10-07,36.98
2012-10-08,31.82
2012-10-09,27.09
2012-10-10,27.95
2012-10-11,27.52
2012-10-12,28.81
2012-10-13,36.55
2012-10-14,38.7
2012-10-15,30.099999999999998
2012-10-16,27.09
2012-10-17,27.09
2012-10-18,27.52
2012-10-19,29.669999999999998
2012-10-20,43.0
2012-10-21,39.56
2012-10-22,30.96
2012-10-23,27.52
2012-10-24,28.81
2012-10-25,27.09
2012-10-26,27.95
2012-10-27,33.54
2012-10-28,32.68
2012-10-29,27.95
2012-10-30,39.13
2012-10-31,40.42
2012-11-01,32.56
2012-11-02,33.0
2012-11-03,41.36
2012-11-04,41.36
2012-11-05,31.68
2012-11-06,29.48
2012-11-07,25.52
2012-11-08,30.8
2012-11-09,32.56
2012-11-10,41.36
2012-11-11,42.24
2012-11-12,35.64
2012-11-13,30.8
2012-11-14,29.48
2012-11-15,29.04
2012-11-16,30.36
2012-11-17,40.48
2012-11-18,41.36
2012-11-19,33.44
2012-11-20,32.12
2012-11-21,34.32
2012-11-22,39.160000000000004
2012-11-23,43.12
2012-11-24,44.0
2012-11-25,43.12
2012-11-26,33.0
2012-11-27,31.24
2012-11-28,30.8
2012-11-29,29.48
2012-11-30,29.92
2012-12-01,40.02
2012-12-02,40.940000000000005
2012-12-03,30.82
2012-12-04,30.82
2012-12-05,34.96
2012-12-06,34.96
2012-12-07,36.34
2012-12-08,46.0
2012-12-09,43.7
2012-12-10,33.120000000000005
2012-12-11,31.740000000000002
2012-12-12,31.740000000000002
2012-12-13,30.82
2012-12-14,29.900000000000002
2012-12-15,40.480000000000004
2012-12-16,41.4
2012-12-17,33.120000000000005
2012-12-18,31.740000000000002
2012-12-19,31.740000000000002
2012-12-20,32.2
2012-12-21,32.660000000000004
2012-12-22,40.02
2012-12-23,41.4
2012-12-24,38.64
2012-12-25,45.54
2012-12-26,40.480000000000004
2012-12-27,40.940000000000005
2012-12-28,41.4
2012-12-29,44.160000000000004
2012-12-30,44.160000000000004
2012-12-31,39.56
2013-01-01,49.0
2013-01-02,38.71
2013-01-03,37.73
2013-01-04,39.2
2013-01-05,44.1
2013-01-06,46.06
2013-01-07,36.26
2013-01-08,35.28
2013-01-09,34.3
2013-01-10,34.79
2013-01-11,37.73
2013-01-12,45.57
2013-01-13,46.55
2013-01-14,36.75
2013-01-15,34.79
2013-01-16,34.79
2013-01-17,32.83
2013-01-18,33.32
2013-01-19,45.57
2013-01-20,49.0
2013-01-21,42.63
2013-01-22,34.3
2013-01-23,34.79
2013-01-24,33.32
2013-01-25,33.32
2013-01-26,41.65
2013-01-27,44.1
2013-01-28,34.79
2013-01-29,33.81
2013-01-30,32.339999999999996
2013-01-31,31.36
2013-02-01,35.1
2013-02-02,42.300000000000004
2013-02-03,40.95
2013-02-04,32.4
2013-02-05,34.2
2013-02-06,32.4
2013-02-07,33.300000000000004
2013-02-08,33.75
2013-02-09,41.4
2013-02-10,42.300000000000004
2013-02-11,32.85
2013-02-12,31.95
2013-02-13,30.150000000000002
2013-02-14,30.6
2013-02-15,33.75
2013-02-16,42.75
2013-02-17,45.0
2013-02-18,40.050000000000004
2013-02-19,33.75
2013-02-20,33.75
2013-02-21,32.4
2013-02-22,33.300000000000004
2013-02-23,42.75
2013-02-24,44.550000000000004
2013-02-25,33.75
2013-02-26,32.4
2013-02-27,31.5
2013-02-28,31.05
2013-03-01,33.300000000000004
2013-03-02,43.2
2013-03-03,45.0
2013-03-04,34.65
2013-03-05,33.300000000000004
2013-03-06,32.4
2013-03-07,33.75
2013-03-08,35.550000000000004
2013-03-09,42.300000000000004
2013-03-10,44.550000000000004
2013-03-11,35.550000000000004
2013-03-12,33.300000000000004
2013-03-13,33.300000000000004
2013-03-14,34.65
2013-03-15,35.1
2013-03-16,42.75
2013-03-17,42.300000000000004
2013-03-18,35.1
2013-03-19,33.300000000000004
2013-03-20,33.300000000000004
2013-03-21,32.4
2013-03-22,33.75
2013-03-23,40.050000000000004
2013-03-24,41.85
2013-03-25,35.1
2013-03-26,34.2
2013-03-27,35.1
2013-03-28,35.550000000000004
2013-03-29,36.0
2013-03-30,39.6
2013-03-31,38.7
2013-04-01,30.66
2013-04-02,31.08
2013-04-03,31.919999999999998
2013-04-04,32.76
2013-04-05,32.339999999999996
2013-04-06,38.64
2013-04-07,42.0
2013-04-08,30.24
2013-04-09,28.98
2013-04-10,28.14
2013-04-11,28.98
2013-04-12,29.4
2013-04-13,38.22
2013-04-14,41.16
2013-04-15,28.14
2013-04-16,26.88
2013-04-17,27.72
2013-04-18,27.72
2013-04-19,27.72
2013-04-20,34.44
2013-04-21,37.379999999999995
2013-04-22,28.98
2013-04-23,27.3
2013-04-24,27.3
2013-04-25,28.98
2013-04-26,28.56
2013-04-27,37.8
2013-04-28,38.64
2013-04-29,29.82
2013-04-30,29.4
2013-05-01,30.53
2013-05-02,30.96
2013-05-03,31.39
2013-05-04,39.99
2013-05-05,39.56
2013-05-06,33.11
2013-05-07,31.39
2013-05-08,29.669999999999998
2013-05-09,30.53
2013-05-10,33.97
2013-05-11,38.7
2013-05-12,40.85
2013-05-13,32.25
2013-05-14,33.54
2013-05-15,33.54
2013-05-16,32.25
2013-05-17,33.54
2013-05-18,39.13
2013-05-19,40.42
2013-05-20,31.82
2013-05-21,29.669999999999998
2013-05-22,31.82
2013-05-23,33.54
2013-05-24,36.12
2013-05-25,43.0
2013-05-26,40.85
2013-05-27,39.99
2013-05-28,32.68
2013-05-29,34.4
2013-05-30,33.54
2013-05-31,33.11
2013-06-01,39.99
2013-06-02,43.0
2013-06-03,37.41
2013-06-04,34.83
2013-06-05,34.4
2013-06-06,34.83
2013-06-07,35.26
2013-06-08,40.42
2013-06-09,41.71
2013-06-10,35.69
2013-06-11,36.55
2013-06-12,34.83
2013-06-13,35.69
2013-06-14,33.97
2013-06-15,38.7
2013-06-16,39.13
2013-06-17,36.55
2013-06-18,35.26
2013-06-19,34.83
2013-06-20,33.54
2013-06-21,34.4
2013-06-22,39.13
2013-06-23,39.99
2013-06-24,34.83
2013-06-25,35.69
2013-06-26,35.69
2013-06-27,33.97
2013-06-28,34.83
2013-06-29,40.42
2013-06-30,43.0
2013-07-01,31.02
2013-07-02,30.549999999999997
2013-07-03,29.61
2013-07-04,32.9
2013-07-05,30.549999999999997
2013-07-06,34.309999999999995
2013-07-07,34.78
2013-07-08,31.959999999999997
2013-07-09,32.43
2013-07-10,30.549999999999997
2013-07-11,31.02
2013-07-12,29.61
2013-07-13,35.25
2013-07-14,35.25
2013-07-15,33.37
2013-07-16,31.959999999999997
2013-07-17,32.43
2013-07-18,31.959999999999997
2013-07-19,34.78
2013-07-20,47.0
2013-07-21,39.949999999999996
2013-07-22,33.37
2013-07-23,31.959999999999997
2013-07-24,32.43
2013-07-25,31.49
2013-07-26,30.08
2013-07-27,37.129999999999995
2013-07-28,36.66
2013-07-29,31.959999999999997
2013-07-30,31.959999999999997
2013-07-31,30.549999999999997
2013-08-01,34.65
2013-08-02,34.2
2013-08-03,38.25
2013-08-04,38.25
2013-08-05,33.75
2013-08-06,35.1
2013-08-07,33.75
2013-08-08,33.300000000000004
2013-08-09,35.1
2013-08-10,38.25
2013-08-11,42.300000000000004
2013-08-12,38.7
2013-08-13,36.0
2013-08-14,33.75
2013-08-15,33.75
2013-08-16,34.2
2013-08-17,40.5
2013-08-18,45.0
2013-08-19,44.1
2013-08-20,38.25
2013-08-21,35.550000000000004
2013-08-22,33.300000000000004
2013-08-23,32.85
2013-08-24,40.95
2013-08-25,40.050000000000004
2013-08-26,29.25
2013-08-27,29.7
2013-08-28,28.8
2013-08-29,29.25
2013-08-30,30.150000000000002
2013-08-31,38.25
2013-09-01,39.2
2013-09-02,40.0
2013-09-03,28.8
2013-09-04,28.400000000000002
2013-09-05,29.200000000000003
2013-09-06,29.200000000000003
2013-09-07,36.800000000000004
2013-09-08,37.6
2013-09-09,29.6
2013-09-10,27.6
2013-09-11,27.6
2013-09-12,28.0
2013-09-13,30.0
2013-09-14,39.2
2013-09-15,39.6
2013-09-16,29.200000000000003
2013-09-17,28.400000000000002
2013-09-18,28.400000000000002
2013-09-19,28.400000000000002
2013-09-20,30.0
2013-09-21,40.0
2013-09-22,39.2
2013-09-23,32.4
2013-09-24,31.6
2013-09-25,30.8
2013-09-26,31.6
2013-09-27,31.6
2013-09-28,39.6
2013-09-29,39.6
2013-09-30,31.6
2013-10-01,31.39
2013-10-02,31.82
2013-10-03,31.82
2013-10-04,32.25
2013-10-05,39.99
2013-10-06,42.57
2013-10-07,32.25
2013-10-08,31.82
2013-10-09,33.11
2013-10-10,31.39
2013-10-11,31.82
2013-10-12,39.56
2013-10-13,40.85
2013-10-14,34.4
2013-10-15,33.11
2013-10-16,32.25
2013-10-17,31.82
2013-10-18,33.11
2013-10-19,39.13
2013-10-20,43.0
2013-10-21,33.11
2013-10-22,31.39
2013-10-23,30.96
2013-10-24,30.53
2013-10-25,30.96
2013-10-26,39.13
2013-10-27,39.99
2013-10-28,31.82
2013-10-29,30.53
2013-10-30,30.099999999999998
2013-10-31,29.24
2013-11-01,28.35
2013-11-02,36.45
2013-11-03,38.25
2013-11-04,29.7
2013-11-05,29.25
2013-11-06,29.25
2013-11-07,29.7
2013-11-08,31.5
2013-11-09,38.7
2013-11-10,40.050000000000004
2013-11-11,33.75
2013-11-12,28.8
2013-11-13,29.7
2013-11-14,29.7
2013-11-15,31.5
2013-11-16,36.9
2013-11-17,38.7
2013-11-18,30.150000000000002
2013-11-19,28.35
2013-11-20,31.95
2013-11-21,29.25
2013-11-22,30.6
2013-11-23,38.7
2013-11-24,40.050000000000004
2013-11-25,33.300000000000004
2013-11-26,32.85
2013-11-27,36.0
2013-11-28,41.4
2013-11-29,45.0
2013-11-30,45.0
2013-12-01,37.5
2013-12-02,34.0
2013-12-03,31.0
2013-12-04,29.0
2013-12-05,30.5
2013-12-06,30.5
2013-12-07,38.0
2013-12-08,38.5
2013-12-09,33.0
2013-12-10,31.5
2013-12-11,30.5
2013-12-12,30.0
2013-12-13,32.0
2013-12-14,39.5
2013-12-15,41.5
2013-12-16,32.0
2013-12-17,31.5
2013-12-18,30.0
2013-12-19,30.0
2013-12-20,31.5
2013-12-21,38.0
2013-12-22,39.0
2013-12-23,36.0
2013-12-24,35.5
2013-12-25,50.0
2013-12-26,43.5
2013-12-27,43.0
2013-12-28,44.5
2013-12-29,45.5
2013-12-30,40.0
2013-12-31,39.5
2014-01-01,49.92
2014-01-02,43.68
2014-01-03,43.160000000000004
2014-01-04,46.28
2014-01-05,47.84
2014-01-06,37.44
2014-01-07,35.88
2014-01-08,35.88
2014-01-09,37.44
2014-01-10,40.04
2014-01-11,49.4
2014-01-12,50.440000000000005
2014-01-13,38.480000000000004
2014-01-14,35.88
2014-01-15,34.32
2014-01-16,35.36
2014-01-17,35.88
2014-01-18,49.4
2014-01-19,52.0
2014-01-20,44.2
2014-01-21,37.44
2014-01-22,36.92
2014-01-23,34.84
2014-01-24,35.88
2014-01-25,46.800000000000004
2014-01-26,48.36
2014-01-27,35.36
2014-01-28,35.88
2014-01-29,34.32
2014-01-30,33.28
2014-01-31,33.800000000000004
2014-02-01,42.32
2014-02-02,41.86
2014-02-03,33.120000000000005
2014-02-04,32.660000000000004
2014-02-05,33.120000000000005
2014-02-06,33.58
2014-02-07,33.120000000000005
2014-02-08,41.4
2014-02-09,44.620000000000005
2014-02-10,34.5
2014-02-11,32.2
2014-02-12,31.740000000000002
2014-02-13,33.58
2014-02-14,33.120000000000005
2014-02-15,41.4
2014-02-16,45.080000000000005
2014-02-17,39.56
2014-02-18,34.5
2014-02-19,33.120000000000005
2014-02-20,31.28
2014-02-21,33.58
2014-02-22,41.86
2014-02-23,46.0
2014-02-24,34.96
2014-02-25,35.42
2014-02-26,34.5
2014-02-27,34.04
2014-02-28,34.5
2014-03-01,45.39
2014-03-02,48.96
2014-03-03,39.27
2014-03-04,37.230000000000004
2014-03-05,35.7
2014-03-06,36.72
2014-03-07,36.21
2014-03-08,43.35
2014-03-09,45.39
2014-03-10,34.68
2014-03-11,33.660000000000004
2014-03-12,34.17
2014-03-13,34.68
2014-03-14,35.19
2014-03-15,43.35
2014-03-16,45.9
2014-03-17,37.230000000000004
2014-03-18,42.33
2014-03-19,40.8
2014-03-20,38.25
2014-03-21,37.74
2014-03-22,47.43
2014-03-23,51.0
2014-03-24,39.78
2014-03-25,38.25
2014-03-26,37.230000000000004
2014-03-27,37.230000000000004
2014-03-28,37.230000000000004
2014-03-29,45.9
2014-03-30,46.92
2014-03-31,36.21
2014-04-01,34.56
2014-04-02,36.0
2014-04-03,36.96
2014-04-04,38.4
2014-04-05,45.12
2014-04-06,48.0
2014-04-07,37.44
2014-04-08,37.44
2014-04-09,36.0
2014-04-10,36.0
2014-04-11,38.879999999999995
2014-04-12,45.12
2014-04-13,47.519999999999996
2014-04-14,37.44
2014-04-15,39.839999999999996
2014-04-16,40.32
2014-04-17,40.8
2014-04-18,42.239999999999995
2014-04-19,44.16
2014-04-20,46.559999999999995
2014-04-21,38.4
2014-04-22,37.92
2014-04-23,36.48
2014-04-24,35.519999999999996
2014-04-25,36.48
2014-04-26,43.68
2014-04-27,47.519999999999996
2014-04-28,37.44
2014-04-29,34.56
2014-04-30,37.44
2014-05-01,36.800000000000004
2014-05-02,40.02
2014-05-03,46.0
2014-05-04,46.0
2014-05-05,36.34
2014-05-06,34.96
2014-05-07,37.260000000000005
2014-05-08,35.42
2014-05-09,34.5
2014-05-10,41.86
2014-05-11,41.86
2014-05-12,35.42
2014-05-13,34.96
2014-05-14,34.5
2014-05-15,35.42
2014-05-16,37.260000000000005
2014-05-17,43.24
2014-05-18,46.0
2014-05-19,39.1
2014-05-20,41.4
2014-05-21,40.02
2014-05-22,40.02
2014-05-23,40.940000000000005
2014-05-24,44.620000000000005
2014-05-25,44.160000000000004
2014-05-26,44.620000000000005
2014-05-27,37.72
2014-05-28,36.800000000000004
2014-05-29,36.800000000000004
2014-05-30,37.72
2014-05-31,44.160000000000004
2014-06-01,45.0
2014-06-02,36.0
2014-06-03,34.65
2014-06-04,34.65
2014-06-05,35.550000000000004
2014-06-06,34.2
2014-06-07,38.7
2014-06-08,40.95
2014-06-09,33.75
2014-06-10,34.65
2014-06-11,33.300000000000004
2014-06-12,32.4
2014-06-13,32.85
2014-06-14,36.0
2014-06-15,40.050000000000004
2014-06-16,32.85
2014-06-17,32.85
2014-06-18,33.75
2014-06-19,33.300000000000004
2014-06-20,34.2
2014-06-21,37.800000000000004
2014-06-22,40.5
2014-06-23,34.2
2014-06-24,32.4
2014-06-25,34.2
2014-06-26,31.95
2014-06-27,35.1
2014-06-28,39.6
2014-06-29,40.050000000000004
2014-06-30,33.75
2014-07-01,36.800000000000004
2014-07-02,38.18
2014-07-03,37.260000000000005
2014-07-04,40.02
2014-07-05,41.4
2014-07-06,44.160000000000004
2014-07-07,39.1
2014-07-08,38.64
2014-07-09,37.260000000000005
2014-07-10,38.64
2014-07-11,38.18
2014-07-12,44.620000000000005
2014-07-13,42.78
2014-07-14,40.480000000000004
2014-07-15,41.86
2014-07-16,40.480000000000004
2014-07-17,39.1
2014-07-18,39.1
2014-07-19,43.24
2014-07-20,46.0
2014-07-21,40.940000000000005
2014-07-22,37.72
2014-07-23,39.56
2014-07-24,40.02
2014-07-25,39.1
2014-07-26,43.24
2014-07-27,46.0
2014-07-28,39.56
2014-07-29,39.56
2014-07-30,39.1
2014-07-31,37.72
2014-08-01,35.69
2014-08-02,39.56
2014-08-03,43.0
2014-08-04,36.98
2014-08-05,35.69
2014-08-06,35.69
2014-08-07,35.26
2014-08-08,35.26
2014-08-09,39.13
2014-08-10,39.99
2014-08-11,34.83
2014-08-12,34.83
2014-08-13,34.4
2014-08-14,38.269999999999996
2014-08-15,34.4
2014-08-16,41.28
2014-08-17,42.57
2014-08-18,34.83
2014-08-19,33.11
2014-08-20,32.68
2014-08-21,32.25
2014-08-22,32.68
2014-08-23,36.98
2014-08-24,39.13
2014-08-25,30.099999999999998
2014-08-26,29.24
2014-08-27,29.669999999999998
2014-08-28,29.24
2014-08-29,30.53
2014-08-30,36.98
2014-08-31,39.56
2014-09-01,37.2
2014-09-02,28.0
2014-09-03,28.400000000000002
2014-09-04,27.6
2014-09-05,29.200000000000003
2014-09-06,35.6
2014-09-07,37.2
2014-09-08,29.200000000000003
2014-09-09,27.6
2014-09-10,29.200000000000003
2014-09-11,28.400000000000002
2014-09-12,30.400000000000002
2014-09-13,37.6
2014-09-14,38.400000000000006
2014-09-15,30.0
2014-09-16,30.0
2014-09-17,29.6
2014-09-18,28.8
2014-09-19,30.0
2014-09-20,36.0
2014-09-21,37.6
2014-09-22,30.8
2014-09-23,30.8
2014-09-24,31.200000000000003
2014-09-25,31.200000000000003
2014-09-26,33.6
2014-09-27,40.0
2014-09-28,40.0
2014-09-29,33.2
2014-09-30,32.4
2014-10-01,31.82
2014-10-02,32.25
2014-10-03,33.54
2014-10-04,42.57
2014-10-05,43.0
2014-10-06,35.26
2014-10-07,33.54
2014-10-08,31.82
2014-10-09,33.54
2014-10-10,34.83
2014-10-11,42.57
2014-10-12,42.14
2014-10-13,35.26
2014-10-14,32.25
2014-10-15,31.39
2014-10-16,30.96
2014-10-17,32.68
2014-10-18,38.269999999999996
2014-10-19,39.56
2014-10-20,32.68
2014-10-21,31.39
2014-10-22,30.96
2014-10-23,30.96
2014-10-24,31.82
2014-10-25,36.98
2014-10-26,39.13
2014-10-27,32.25
2014-10-28,30.53
2014-10-29,30.53
2014-10-30,30.099999999999998
2014-10-31,30.099999999999998
2014-11-01,35.1
2014-11-02,38.25
2014-11-03,28.8
2014-11-04,28.8
2014-11-05,27.900000000000002
2014-11-06,30.150000000000002
2014-11-07,32.85
2014-11-08,40.050000000000004
2014-11-09,42.300000000000004
2014-11-10,32.85
2014-11-11,31.95
2014-11-12,30.6
2014-11-13,31.05
2014-11-14,32.4
2014-11-15,38.25
2014-11-16,39.6
2014-11-17,31.05
2014-11-18,30.150000000000002
2014-11-19,29.7
2014-11-20,30.150000000000002
2014-11-21,31.95
2014-11-22,38.25
2014-11-23,38.25
2014-11-24,32.85
2014-11-25,31.05
2014-11-26,31.5
2014-11-27,37.35
2014-11-28,41.4
2014-11-29,45.0
2014-11-30,40.5
2014-12-01,35.04
2014-12-02,32.64
2014-12-03,32.16
2014-12-04,30.72
2014-12-05,33.12
2014-12-06,39.36
2014-12-07,40.32
2014-12-08,31.68
2014-12-09,31.68
2014-12-10,30.72
2014-12-11,30.72
2014-12-12,32.16
2014-12-13,37.44
2014-12-14,38.879999999999995
2014-12-15,33.6
2014-12-16,32.64
2014-12-17,31.68
2014-12-18,30.72
2014-12-19,32.16
2014-12-20,37.92
2014-12-21,37.92
2014-12-22,34.08
2014-12-23,33.6
2014-12-24,35.04
2014-12-25,45.6
2014-12-26,41.76
2014-12-27,48.0
2014-12-28,44.16
2014-12-29,40.32
2014-12-30,37.92
2014-12-31,37.44
2015-01-01,46.059999999999995
2015-01-02,43.71
2015-01-03,46.059999999999995
2015-01-04,45.12
2015-01-05,37.129999999999995
2015-01-06,36.19
2015-01-07,36.19
2015-01-08,37.599999999999994
2015-01-09,36.19
2015-01-10,44.65
2015-01-11,46.059999999999995
2015-01-12,37.129999999999995
2015-01-13,36.19
2015-01-14,37.129999999999995
2015-01-15,34.78
2015-01-16,36.66
2015-01-17,45.12
2015-01-18,47.0
2015-01-19,40.89
2015-01-20,33.37
2015-01-21,32.9
2015-01-22,33.839999999999996
2015-01-23,35.72
2015-01-24,42.3
2015-01-25,42.3
2015-01-26,33.37
2015-01-27,33.37
2015-01-28,32.9
2015-01-29,32.9
2015-01-30,34.78
2015-01-31,39.949999999999996
2015-02-01,35.26
2015-02-02,27.95
2015-02-03,28.81
2015-02-04,29.24
2015-02-05,29.669999999999998
2015-02-06,30.96
2015-02-07,36.55
2015-02-08,36.98
2015-02-09,29.669999999999998
2015-02-10,29.24
2015-02-11,28.38
2015-02-12,27.95
2015-02-13,29.669999999999998
2015-02-14,36.12
2015-02-15,38.7
2015-02-16,34.4
2015-02-17,31.82
2015-02-18,30.53
2015-02-19,30.96
2015-02-20,32.25
2015-02-21,41.28
2015-02-22,43.0
2015-02-23,33.11
2015-02-24,31.39
2015-02-25,32.68
2015-02-26,30.96
2015-02-27,30.96
2015-02-28,41.71
2015-03-01,44.0
2015-03-02,35.64
2015-03-03,35.64
2015-03-04,32.56
2015-03-05,35.64
2015-03-06,36.08
2015-03-07,43.12
2015-03-08,43.56
2015-03-09,35.2
2015-03-10,33.88
2015-03-11,34.32
2015-03-12,33.44
2015-03-13,35.2
2015-03-14,39.6
2015-03-15,40.48
2015-03-16,33.88
2015-03-17,32.56
2015-03-18,32.12
2015-03-19,33.88
2015-03-20,32.56
2015-03-21,39.6
2015-03-22,42.68
2015-03-23,34.76
2015-03-24,34.32
2015-03-25,31.68
2015-03-26,32.12
2015-03-27,33.44
2015-03-28,41.36
2015-03-29,40.48
2015-03-30,33.88
2015-03-31,32.56
2015-04-01,32.8
2015-04-02,33.21
2015-04-03,33.21
2015-04-04,41.0
2015-04-05,38.54
2015-04-06,34.03
2015-04-07,32.8
2015-04-08,32.39
2015-04-09,31.569999999999997
2015-04-10,31.979999999999997
2015-04-11,36.489999999999995
2015-04-12,37.72
2015-04-13,33.62
2015-04-14,32.8
2015-04-15,29.52
2015-04-16,30.34
2015-04-17,31.569999999999997
2015-04-18,36.08
2015-04-19,37.72
2015-04-20,30.34
2015-04-21,30.34
2015-04-22,30.749999999999996
2015-04-23,31.159999999999997
2015-04-24,31.979999999999997
2015-04-25,37.309999999999995
2015-04-26,38.54
2015-04-27,36.08
2015-04-28,33.21
2015-04-29,31.979999999999997
2015-04-30,31.569999999999997
2015-05-01,31.979999999999997
2015-05-02,34.85
2015-05-03,35.26
2015-05-04,31.979999999999997
2015-05-05,31.979999999999997
2015-05-06,32.8
2015-05-07,31.159999999999997
2015-05-08,31.569999999999997
2015-05-09,34.85
2015-05-10,36.08
2015-05-11,33.21
2015-05-12,30.749999999999996
2015-05-13,32.39
2015-05-14,31.569999999999997
2015-05-15,32.8
2015-05-16,36.9
2015-05-17,40.18
2015-05-18,33.62
2015-05-19,32.39
2015-05-20,33.21
2015-05-21,33.21
2015-05-22,36.08
2015-05-23,41.0
2015-05-24,41.0
2015-05-25,39.769999999999996
2015-05-26,33.62
2015-05-27,30.749999999999996
2015-05-28,33.21
2015-05-29,33.21
2015-05-30,38.129999999999995
2015-05-31,40.18
2015-06-01,35.26
2015-06-02,34.83
2015-06-03,35.69
2015-06-04,34.83
2015-06-05,36.55
2015-06-06,40.85
2015-06-07,42.14
2015-06-08,34.83
2015-06-09,35.69
2015-06-10,33.97
2015-06-11,33.54
2015-06-12,35.26
2015-06-13,39.99
2015-06-14,40.42
2015-06-15,34.4
2015-06-16,34.83
2015-06-17,33.54
2015-06-18,32.25
2015-06-19,33.97
2015-06-20,37.839999999999996
2015-06-21,38.7
2015-06-22,36.55
2015-06-23,35.69
2015-06-24,35.26
2015-06-25,36.12
2015-06-26,35.26
2015-06-27,41.28
2015-06-28,43.0
2015-06-29,36.12
2015-06-30,35.69
2015-07-01,33.88
2015-07-02,34.32
2015-07-03,37.84
2015-07-04,40.92
2015-07-05,43.12
2015-07-06,36.96
2015-07-07,37.84
2015-07-08,37.84
2015-07-09,36.08
2015-07-10,35.64
2015-07-11,39.6
2015-07-12,41.8
2015-07-13,36.96
2015-07-14,39.160000000000004
2015-07-15,37.4
2015-07-16,36.96
2015-07-17,37.84
2015-07-18,41.36
2015-07-19,42.68
2015-07-20,38.28
2015-07-21,37.4
2015-07-22,36.08
2015-07-23,36.08
2015-07-24,35.64
2015-07-25,41.8
2015-07-26,44.0
2015-07-27,38.72
2015-07-28,37.4
2015-07-29,36.96
2015-07-30,35.64
2015-07-31,39.6
2015-08-01,43.65
2015-08-02,42.300000000000004
2015-08-03,37.800000000000004
2015-08-04,36.0
2015-08-05,35.1
2015-08-06,34.2
2015-08-07,34.2
2015-08-08,37.800000000000004
2015-08-09,38.25
2015-08-10,33.75
2015-08-11,32.4
2015-08-12,31.95
2015-08-13,31.95
2015-08-14,32.4
2015-08-15,39.6
2015-08-16,45.0
2015-08-17,36.45
2015-08-18,35.1
2015-08-19,34.2
2015-08-20,32.4
2015-08-21,32.4
2015-08-22,36.9
2015-08-23,37.800000000000004
2015-08-24,31.5
2015-08-25,30.150000000000002
2015-08-26,29.25
2015-08-27,29.7
2015-08-28,29.7
2015-08-29,36.0
2015-08-30,39.6
2015-08-31,30.150000000000002
2015-09-01,29.24
2015-09-02,29.24
2015-09-03,29.669999999999998
2015-09-04,33.54
2015-09-05,40.42
2015-09-06,43.0
2015-09-07,42.14
2015-09-08,31.82
2015-09-09,30.099999999999998
2015-09-10,30.099999999999998
2015-09-11,30.099999999999998
2015-09-12,37.839999999999996
2015-09-13,37.839999999999996
2015-09-14,30.96
2015-09-15,35.26
2015-09-16,34.83
2015-09-17,30.099999999999998
2015-09-18,32.25
2015-09-19,42.57
2015-09-20,41.28
2015-09-21,33.11
2015-09-22,33.11
2015-09-23,37.41
2015-09-24,35.26
2015-09-25,34.4
2015-09-26,41.28
2015-09-27,39.99
2015-09-28,33.11
2015-09-29,32.68
2015-09-30,32.25
2015-10-01,32.12
2015-10-02,31.68
2015-10-03,39.6
2015-10-04,44.0
2015-10-05,36.52
2015-10-06,34.32
2015-10-07,33.44
2015-10-08,33.0
2015-10-09,34.32
2015-10-10,41.36
2015-10-11,42.24
2015-10-12,34.32
2015-10-13,32.56
2015-10-14,31.24
2015-10-15,31.68
2015-10-16,32.56
2015-10-17,40.04
2015-10-18,41.36
2015-10-19,33.0
2015-10-20,33.0
2015-10-21,32.12
2015-10-22,31.68
2015-10-23,33.0
2015-10-24,38.72
2015-10-25,39.6
2015-10-26,33.0
2015-10-27,32.12
2015-10-28,31.24
2015-10-29,29.92
2015-10-30,32.56
2015-10-31,36.08
2015-11-01,39.059999999999995
2015-11-02,33.18
2015-11-03,31.919999999999998
2015-11-04,33.6
2015-11-05,32.76
2015-11-06,33.18
2015-11-07,39.9
2015-11-08,41.58
2015-11-09,33.6
2015-11-10,31.5
2015-11-11,34.44
2015-11-12,32.339999999999996
2015-11-13,32.339999999999996
2015-11-14,36.54
2015-11-15,38.22
2015-11-16,31.08
2015-11-17,29.82
2015-11-18,30.24
2015-11-19,30.24
2015-11-20,31.5
2015-11-21,36.12
2015-11-22,39.059999999999995
2015-11-23,33.18
2015-11-24,31.5
2015-11-25,33.18
2015-11-26,37.8
2015-11-27,41.58
2015-11-28,42.0
2015-11-29,41.58
2015-11-30,33.6
2015-12-01,27.900000000000002
2015-12-02,26.55
2015-12-03,26.1
2015-12-04,27.45
2015-12-05,33.75
2015-12-06,33.300000000000004
2015-12-07,27.45
2015-12-08,26.55
2015-12-09,26.55
2015-12-10,27.900000000000002
2015-12-11,27.900000000000002
2015-12-12,32.4
2015-12-13,33.75
2015-12-14,30.6
2015-12-15,29.25
2015-12-16,28.35
2015-12-17,29.25
2015-12-18,31.5
2015-12-19,35.550000000000004
2015-12-20,35.1
2015-12-21,32.85
2015-12-22,31.05
2015-12-23,31.05
2015-12-24,32.85
2015-12-25,42.300000000000004
2015-12-26,45.0
2015-12-27,40.95
2015-12-28,38.7
2015-12-29,36.45
2015-12-30,35.550000000000004
2015-12-31,34.65
2016-01-01,46.0
2016-01-02,45.54
2016-01-03,43.7
2016-01-04,35.88
2016-01-05,34.04
2016-01-06,34.5
2016-01-07,34.5
2016-01-08,33.58
2016-01-09,42.32
2016-01-10,41.86
2016-01-11,34.04
2016-01-12,33.120000000000005
2016-01-13,31.740000000000002
2016-01-14,29.900000000000002
2016-01-15,32.660000000000004
2016-01-16,40.940000000000005
2016-01-17,41.4
2016-01-18,38.18
2016-01-19,32.2
2016-01-20,31.28
2016-01-21,31.740000000000002
2016-01-22,30.82
2016-01-23,39.56
2016-01-24,39.56
2016-01-25,31.740000000000002
2016-01-26,30.82
2016-01-27,31.28
2016-01-28,30.82
2016-01-29,31.28
2016-01-30,39.56
2016-01-31,38.18
2016-02-01,29.04
2016-02-02,28.6
2016-02-03,29.04
2016-02-04,29.04
2016-02-05,29.48
2016-02-06,35.2
2016-02-07,35.2
2016-02-08,28.16
2016-02-09,29.48
2016-02-10,28.6
2016-02-11,28.6
2016-02-12,29.48
2016-02-13,35.2
2016-02-14,37.4
2016-02-15,35.64
2016-02-16,31.24
2016-02-17,29.92
2016-02-18,31.68
2016-02-19,31.24
2016-02-20,38.28
2016-02-21,41.8
2016-02-22,44.0
2016-02-23,31.68
2016-02-24,29.92
2016-02-25,29.92
2016-02-26,30.8
2016-02-27,35.2
2016-02-28,40.04
2016-02-29,29.92
2016-03-01,32.68
2016-03-02,32.25
2016-03-03,33.54
2016-03-04,33.54
2016-03-05,41.71
2016-03-06,41.71
2016-03-07,35.69
2016-03-08,33.54
2016-03-09,32.25
2016-03-10,32.68
2016-03-11,34.83
2016-03-12,39.56
2016-03-13,42.14
2016-03-14,35.26
2016-03-15,33.97
2016-03-16,32.68
2016-03-17,33.11
2016-03-18,33.54
2016-03-19,39.99
2016-03-20,43.0
2016-03-21,36.12
2016-03-22,34.4
2016-03-23,33.97
2016-03-24,34.4
2016-03-25,35.26
2016-03-26,39.56
2016-03-27,41.28
2016-03-28,35.69
2016-03-29,35.26
2016-03-30,33.11
2016-03-31,33.54
2016-04-01,36.12
2016-04-02,42.14
2016-04-03,41.71
2016-04-04,34.83
2016-04-05,34.4
2016-04-06,33.11
2016-04-07,33.97
2016-04-08,33.97
2016-04-09,39.13
2016-04-10,43.0
2016-04-11,34.83
2016-04-12,34.83
2016-04-13,34.4
2016-04-14,33.54
2016-04-15,33.54
2016-04-16,40.42
2016-04-17,41.71
2016-04-18,33.11
2016-04-19,34.4
2016-04-20,33.97
2016-04-21,32.68
2016-04-22,33.54
2016-04-23,39.13
2016-04-24,40.42
2016-04-25,35.69
2016-04-26,33.97
2016-04-27,33.54
2016-04-28,32.25
2016-04-29,33.11
2016-04-30,38.7
2016-05-01,39.56
2016-05-02,32.25
2016-05-03,31.39
2016-05-04,30.53
2016-05-05,29.669999999999998
2016-05-06,30.099999999999998
2016-05-07,33.97
2016-05-08,35.69
2016-05-09,31.39
2016-05-10,31.39
2016-05-11,32.25
2016-05-12,30.099999999999998
2016-05-13,31.82
2016-05-14,36.12
2016-05-15,40.42
2016-05-16,32.25
2016-05-17,31.39
2016-05-18,29.669999999999998
2016-05-19,30.099999999999998
2016-05-20,30.96
2016-05-21,36.55
2016-05-22,37.839999999999996
2016-05-23,31.82
2016-05-24,33.11
2016-05-25,32.68
2016-05-26,32.25
2016-05-27,36.12
2016-05-28,42.14
2016-05-29,43.0
2016-05-30,42.57
2016-05-31,34.4
2016-06-01,13.0
2016-06-02,13.0
2016-06-03,13.0
2016-06-04,14.56
2016-06-05,16.12
2016-06-06,13.52
2016-06-07,13.52
2016-06-08,13.0
2016-06-09,13.0
2016-06-10,13.52
2016-06-11,14.56
2016-06-12,16.12
2016-06-13,13.52
2016-06-14,14.040000000000001
2016-06-15,52.0
2016-06-16,31.200000000000003
2016-06-17,20.8
2016-06-18,20.28
2016-06-19,18.2
2016-06-20,15.08
2016-06-21,14.56
2016-06-22,14.040000000000001
2016-06-23,13.52
2016-06-24,13.52
2016-06-25,15.08
2016-06-26,15.600000000000001
2016-06-27,14.040000000000001
2016-06-28,13.0
2016-06-29,13.52
2016-06-30,13.0
2016-07-01,36.489999999999995
2016-07-02,39.769999999999996
2016-07-03,39.36
2016-07-04,41.0
2016-07-05,36.489999999999995
2016-07-06,36.9
2016-07-07,33.21
2016-07-08,33.62
2016-07-09,38.129999999999995
2016-07-10,39.36
2016-07-11,35.669999999999995
2016-07-12,34.85
2016-07-13,34.85
2016-07-14,33.62
2016-07-15,33.21
2016-07-16,38.129999999999995
2016-07-17,39.36
2016-07-18,36.9
2016-07-19,36.489999999999995
2016-07-20,33.62
2016-07-21,33.62
2016-07-22,34.03
2016-07-23,37.309999999999995
2016-07-24,40.589999999999996
2016-07-25,34.44
2016-07-26,32.8
2016-07-27,33.21
2016-07-28,32.39
2016-07-29,33.21
2016-07-30,37.309999999999995
2016-07-31,37.72
2016-08-01,32.76
2016-08-02,32.4
2016-08-03,30.959999999999997
2016-08-04,31.68
2016-08-05,29.88
2016-08-06,32.4
2016-08-07,33.839999999999996
2016-08-08,30.24
2016-08-09,30.959999999999997
2016-08-10,29.52
2016-08-11,30.959999999999997
2016-08-12,30.599999999999998
2016-08-13,34.199999999999996
2016-08-14,35.28
2016-08-15,30.24
2016-08-16,29.16
2016-08-17,28.799999999999997
2016-08-18,27.72
2016-08-19,28.439999999999998
2016-08-20,32.04
2016-08-21,34.56
2016-08-22,29.16
2016-08-23,29.16
2016-08-24,29.16
2016-08-25,28.439999999999998
2016-08-26,29.52
2016-08-27,34.199999999999996
2016-08-28,36.0
2016-08-29,29.88
2016-08-30,27.36
2016-08-31,28.439999999999998
2016-09-01,25.9
2016-09-02,27.75
2016-09-03,31.08
2016-09-04,34.41
2016-09-05,35.15
2016-09-06,26.27
2016-09-07,24.79
2016-09-08,25.9
2016-09-09,26.27
2016-09-10,31.45
2016-09-11,30.34
2016-09-12,25.9
2016-09-13,25.53
2016-09-14,25.9
2016-09-15,25.16
2016-09-16,26.64
2016-09-17,32.19
2016-09-18,32.56
2016-09-19,27.38
2016-09-20,27.38
2016-09-21,26.64
2016-09-22,28.86
2016-09-23,29.23
2016-09-24,34.41
2016-09-25,37.0
2016-09-26,28.86
2016-09-27,26.27
2016-09-28,28.49
2016-09-29,27.009999999999998
2016-09-30,27.75
2016-10-01,32.4
2016-10-02,34.800000000000004
2016-10-03,29.200000000000003
2016-10-04,28.0
2016-10-05,30.8
2016-10-06,40.0
2016-10-07,37.6
2016-10-08,36.800000000000004
2016-10-09,34.0
2016-10-10,29.200000000000003
2016-10-11,28.400000000000002
2016-10-12,27.200000000000003
2016-10-13,28.400000000000002
2016-10-14,27.6
2016-10-15,32.4
2016-10-16,33.6
2016-10-17,28.8
2016-10-18,28.0
2016-10-19,27.200000000000003
2016-10-20,25.200000000000003
2016-10-21,28.0
2016-10-22,32.800000000000004
2016-10-23,33.2
2016-10-24,27.6
2016-10-25,28.0
2016-10-26,27.6
2016-10-27,27.6
2016-10-28,28.0
2016-10-29,31.200000000000003
2016-10-30,34.0
2016-10-31,26.0
2016-11-01,22.23
2016-11-02,23.01
2016-11-03,22.62
2016-11-04,23.79
2016-11-05,28.080000000000002
2016-11-06,28.86
2016-11-07,24.18
2016-11-08,22.23
2016-11-09,15.600000000000001
2016-11-10,22.62
2016-11-11,25.740000000000002
2016-11-12,28.470000000000002
2016-11-13,30.810000000000002
2016-11-14,25.740000000000002
2016-11-15,25.35
2016-11-16,25.35
2016-11-17,26.52
2016-11-18,27.69
2016-11-19,30.810000000000002
2016-11-20,31.200000000000003
2016-11-21,27.69
2016-11-22,26.91
2016-11-23,27.3
2016-11-24,30.810000000000002
2016-11-25,36.27
2016-11-26,36.660000000000004
2016-11-27,39.0
2016-11-28,33.54
2016-11-29,30.42
2016-11-30,28.080000000000002
2016-12-01,29.93
2016-12-02,30.34
2016-12-03,34.85
2016-12-04,36.489999999999995
2016-12-05,31.979999999999997
2016-12-06,31.979999999999997
2016-12-07,29.52
2016-12-08,28.7
2016-12-09,29.11
2016-12-10,33.62
2016-12-11,35.669999999999995
2016-12-12,30.749999999999996
2016-12-13,29.11
2016-12-14,28.7
2016-12-15,27.88
2016-12-16,29.93
2016-12-17,34.85
2016-12-18,35.26
2016-12-19,32.39
2016-12-20,31.159999999999997
2016-12-21,30.34
2016-12-22,29.93
2016-12-23,31.979999999999997
2016-12-24,31.569999999999997
2016-12-25,39.769999999999996
2016-12-26,41.0
2016-12-27,37.72
2016-12-28,38.54
2016-12-29,36.9
2016-12-30,36.489999999999995
2016-12-31,38.54
2017-01-01,39.48
2017-01-02,40.32
2017-01-03,34.86
2017-01-04,34.44
2017-01-05,34.019999999999996
2017-01-06,33.6
2017-01-07,42.0
2017-01-08,41.58
2017-01-09,32.339999999999996
2017-01-10,32.339999999999996
2017-01-11,31.08
2017-01-12,31.08
2017-01-13,32.339999999999996
2017-01-14,37.379999999999995
2017-01-15,39.9
2017-01-16,36.12
2017-01-17,30.66
2017-01-18,29.4
2017-01-19,28.14
2017-01-20,27.3
2017-01-21,34.019999999999996
2017-01-22,35.28
2017-01-23,29.82
2017-01-24,28.56
2017-01-25,28.98
2017-01-26,27.72
2017-01-27,28.98
2017-01-28,35.28
2017-01-29,36.96
2017-01-30,28.98
2017-01-31,28.14
2017-02-01,28.0
2017-02-02,28.400000000000002
2017-02-03,29.200000000000003
2017-02-04,36.0
2017-02-05,35.6
2017-02-06,28.0
2017-02-07,29.200000000000003
2017-02-08,29.200000000000003
2017-02-09,30.8
2017-02-10,30.0
2017-02-11,35.6
2017-02-12,38.800000000000004
2017-02-13,29.6
2017-02-14,29.6
2017-02-15,28.8
2017-02-16,30.0
2017-02-17,30.8
2017-02-18,38.0
2017-02-19,39.6
2017-02-20,35.6
2017-02-21,31.6
2017-02-22,32.0
2017-02-23,31.200000000000003
2017-02-24,32.0
2017-02-25,37.6
2017-02-26,40.0
2017-02-27,31.200000000000003
2017-02-28,30.8
2017-03-01,30.36
2017-03-02,32.12
2017-03-03,33.44
2017-03-04,39.6
2017-03-05,43.12
2017-03-06,34.32
2017-03-07,32.56
2017-03-08,32.56
2017-03-09,30.8
2017-03-10,33.88
2017-03-11,40.04
2017-03-12,41.8
2017-03-13,34.76
2017-03-14,33.88
2017-03-15,35.2
2017-03-16,33.88
2017-03-17,35.2
2017-03-18,41.36
2017-03-19,44.0
2017-03-20,36.08
2017-03-21,33.0
2017-03-22,31.68
2017-03-23,33.0
2017-03-24,33.0
2017-03-25,39.6
2017-03-26,41.36
2017-03-27,34.32
2017-03-28,33.44
2017-03-29,31.24
2017-03-30,32.12
2017-03-31,32.56
2017-04-01,38.0
2017-04-02,40.0
2017-04-03,33.2
2017-04-04,32.4
2017-04-05,33.2
2017-04-06,33.6
2017-04-07,32.800000000000004
2017-04-08,38.800000000000004
2017-04-09,38.400000000000006
2017-04-10,32.800000000000004
2017-04-11,30.0
2017-04-12,30.0
2017-04-13,29.6
2017-04-14,32.4
2017-04-15,33.2
2017-04-16,35.6
2017-04-17,31.200000000000003
2017-04-18,33.2
2017-04-19,30.400000000000002
2017-04-20,29.6
2017-04-21,31.200000000000003
2017-04-22,35.6
2017-04-23,38.400000000000006
2017-04-24,36.0
2017-04-25,32.800000000000004
2017-04-26,32.0
2017-04-27,30.400000000000002
2017-04-28,30.0
2017-04-29,34.0
2017-04-30,38.0
2017-05-01,32.370000000000005
2017-05-02,30.810000000000002
2017-05-03,30.03
2017-05-04,31.59
2017-05-05,30.810000000000002
2017-05-06,34.32
2017-05-07,38.22
2017-05-08,32.76
2017-05-09,30.810000000000002
2017-05-10,31.59
2017-05-11,30.810000000000002
2017-05-12,31.98
2017-05-13,36.27
2017-05-14,37.44
2017-05-15,32.76
2017-05-16,30.42
2017-05-17,30.03
2017-05-18,29.25
2017-05-19,33.15
2017-05-20,35.49
2017-05-21,37.44
2017-05-22,31.59
2017-05-23,29.64
2017-05-24,30.03
2017-05-25,31.200000000000003
2017-05-26,32.370000000000005
2017-05-27,37.44
2017-05-28,37.83
2017-05-29,39.0
2017-05-30,32.370000000000005
2017-05-31,30.810000000000002
2017-06-01,31.59
2017-06-02,32.76
2017-06-03,35.49
2017-06-04,37.83
2017-06-05,32.370000000000005
2017-06-06,32.76
2017-06-07,33.93
2017-06-08,31.59
2017-06-09,31.98
2017-06-10,36.660000000000004
2017-06-11,38.61
2017-06-12,32.370000000000005
2017-06-13,32.370000000000005
2017-06-14,31.59
2017-06-15,31.59
2017-06-16,31.59
2017-06-17,35.49
2017-06-18,37.44
2017-06-19,32.76
2017-06-20,32.76
2017-06-21,32.76
2017-06-22,33.54
2017-06-23,32.76
2017-06-24,38.22
2017-06-25,39.0
2017-06-26,32.76
2017-06-27,33.15
2017-06-28,32.370000000000005
2017-06-29,32.76
2017-06-30,31.98
2017-07-01,29.52
2017-07-02,30.34
2017-07-03,29.11
2017-07-04,31.159999999999997
2017-07-05,29.52
2017-07-06,27.47
2017-07-07,28.29
2017-07-08,31.569999999999997
2017-07-09,32.8
2017-07-10,28.7
2017-07-11,28.7
2017-07-12,29.11
2017-07-13,28.29
2017-07-14,30.34
2017-07-15,33.21
2017-07-16,41.0
2017-07-17,33.62
2017-07-18,31.569999999999997
2017-07-19,29.93
2017-07-20,29.52
2017-07-21,31.159999999999997
2017-07-22,39.36
2017-07-23,37.72
2017-07-24,32.39
2017-07-25,31.569999999999997
2017-07-26,30.34
2017-07-27,29.11
2017-07-28,29.52
2017-07-29,33.21
2017-07-30,33.62
2017-07-31,29.11
2017-08-01,31.08
2017-08-02,32.93
2017-08-03,30.34
2017-08-04,30.34
2017-08-05,34.41
2017-08-06,37.0
2017-08-07,31.08
2017-08-08,33.3
2017-08-09,34.41
2017-08-10,30.71
2017-08-11,31.08
2017-08-12,35.15
2017-08-13,35.89
2017-08-14,30.34
2017-08-15,30.34
2017-08-16,28.86
2017-08-17,28.49
2017-08-18,28.49
2017-08-19,32.93
2017-08-20,32.56
2017-08-21,25.16
2017-08-22,27.75
2017-08-23,27.38
2017-08-24,25.53
2017-08-25,27.38
2017-08-26,31.45
2017-08-27,31.45
2017-08-28,25.16
2017-08-29,25.53
2017-08-30,27.009999999999998
2017-08-31,25.16
2017-09-01,27.38
2017-09-02,31.45
2017-09-03,35.15
2017-09-04,32.93
2017-09-05,27.009999999999998
2017-09-06,29.23
2017-09-07,28.49
2017-09-08,35.15
2017-09-09,36.26
2017-09-10,33.67
2017-09-11,37.0
2017-09-12,31.45
2017-09-13,29.23
2017-09-14,27.75
2017-09-15,27.75
2017-09-16,31.45
2017-09-17,32.93
2017-09-18,28.49
2017-09-19,27.38
2017-09-20,27.75
2017-09-21,28.49
2017-09-22,28.12
2017-09-23,33.3
2017-09-24,34.04
2017-09-25,28.49
2017-09-26,29.6
2017-09-27,28.12
2017-09-28,28.12
2017-09-29,28.12
2017-09-30,33.67
2017-10-01,38.0
2017-10-02,28.12
2017-10-03,29.26
2017-10-04,31.16
2017-10-05,29.64
2017-10-06,30.4
2017-10-07,34.96
2017-10-08,36.86
2017-10-09,33.06
2017-10-10,31.54
2017-10-11,31.16
2017-10-12,30.4
2017-10-13,31.92
2017-10-14,35.34
2017-10-15,37.24
2017-10-16,31.54
2017-10-17,32.3
2017-10-18,29.26
2017-10-19,31.54
2017-10-20,29.64
2017-10-21,34.96
2017-10-22,35.72
2017-10-23,31.16
2017-10-24,31.16
2017-10-25,29.26
2017-10-26,28.5
2017-10-27,29.64
2017-10-28,34.2
2017-10-29,36.86
2017-10-30,29.64
2017-10-31,28.12
2017-11-01,28.0
2017-11-02,30.0
2017-11-03,30.8
2017-11-04,36.0
2017-11-05,37.6
2017-11-06,33.6
2017-11-07,34.4
2017-11-08,31.6
2017-11-09,32.0
2017-11-10,34.4
2017-11-11,37.6
2017-11-12,40.0
2017-11-13,32.4
2017-11-14,32.4
2017-11-15,31.6
2017-11-16,32.0
2017-11-17,33.2
2017-11-18,36.800000000000004
2017-11-19,38.0
2017-11-20,33.2
2017-11-21,32.4
2017-11-22,32.800000000000004
2017-11-23,34.800000000000004
2017-11-24,40.0
2017-11-25,39.6
2017-11-26,39.2
2017-11-27,34.0
2017-11-28,32.4
2017-11-29,30.0
2017-11-30,31.6
2017-12-01,32.12
2017-12-02,33.44
2017-12-03,34.32
2017-12-04,29.92
2017-12-05,29.48
2017-12-06,30.36
2017-12-07,28.16
2017-12-08,29.04
2017-12-09,34.32
2017-12-10,34.76
2017-12-11,29.92
2017-12-12,29.04
2017-12-13,28.6
2017-12-14,44.0
2017-12-15,38.28
2017-12-16,37.84
2017-12-17,38.28
2017-12-18,32.12
2017-12-19,34.76
2017-12-20,33.44
2017-12-21,33.44
2017-12-22,31.24
2017-12-23,33.0
2017-12-24,33.0
2017-12-25,42.24
2017-12-26,39.160000000000004
2017-12-27,39.6
2017-12-28,37.4
2017-12-29,35.64
2017-12-30,36.08
2017-12-31,35.2
2018-01-01,36.9
2018-01-02,34.44
2018-01-03,33.21
2018-01-04,34.03
2018-01-05,34.85
2018-01-06,40.18
2018-01-07,41.0
2018-01-08,33.21
2018-01-09,30.749999999999996
2018-01-10,31.159999999999997
2018-01-11,30.749999999999996
2018-01-12,30.749999999999996
2018-01-13,37.309999999999995
2018-01-14,38.54
2018-01-15,34.85
2018-01-16,30.34
2018-01-17,29.52
2018-01-18,29.93
2018-01-19,29.93
2018-01-20,34.44
2018-01-21,36.08
2018-01-22,29.11
2018-01-23,29.52
2018-01-24,30.749999999999996
2018-01-25,29.93
2018-01-26,30.749999999999996
2018-01-27,36.489999999999995
2018-01-28,37.309999999999995
2018-01-29,29.52
2018-01-30,27.88
2018-01-31,27.06
2018-02-01,27.06
2018-02-02,27.88
2018-02-03,33.62
2018-02-04,33.21
2018-02-05,27.06
2018-02-06,29.52
2018-02-07,28.29
2018-02-08,28.7
2018-02-09,28.7
2018-02-10,34.03
2018-02-11,36.9
2018-02-12,31.979999999999997
2018-02-13,29.52
2018-02-14,26.24
2018-02-15,27.88
2018-02-16,30.749999999999996
2018-02-17,38.949999999999996
2018-02-18,41.0
2018-02-19,34.44
2018-02-20,31.979999999999997
2018-02-21,29.52
2018-02-22,29.52
2018-02-23,29.52
2018-02-24,36.08
2018-02-25,37.72
2018-02-26,30.749999999999996
2018-02-27,28.7
2018-02-28,28.7
2018-03-01,31.979999999999997
2018-03-02,31.569999999999997
2018-03-03,37.309999999999995
2018-03-04,39.769999999999996
2018-03-05,34.03
2018-03-06,33.21
2018-03-07,33.21
2018-03-08,31.979999999999997
2018-03-09,32.8
2018-03-10,38.129999999999995
2018-03-11,41.0
2018-03-12,34.44
2018-03-13,33.62
2018-03-14,31.159999999999997
2018-03-15,31.159999999999997
2018-03-16,31.159999999999997
2018-03-17,34.03
2018-03-18,38.949999999999996
2018-03-19,32.39
2018-03-20,31.569999999999997
2018-03-21,31.569999999999997
2018-03-22,31.979999999999997
2018-03-23,31.569999999999997
2018-03-24,35.26
2018-03-25,38.129999999999995
2018-03-26,33.62
2018-03-27,34.44
2018-03-28,34.85
2018-03-29,33.21
2018-03-30,33.21
2018-03-31,35.669999999999995
2018-04-01,36.480000000000004
2018-04-02,33.82
2018-04-03,32.68
2018-04-04,32.68
2018-04-05,32.3
2018-04-06,32.3
2018-04-07,36.1
2018-04-08,38.0
2018-04-09,30.78
2018-04-10,29.64
2018-04-11,28.12
2018-04-12,28.88
2018-04-13,29.26
2018-04-14,34.2
2018-04-15,35.34
2018-04-16,28.88
2018-04-17,29.64
2018-04-18,30.02
2018-04-19,29.26
2018-04-20,30.02
2018-04-21,34.58
2018-04-22,37.62
2018-04-23,30.78
2018-04-24,35.34
2018-04-25,30.78
2018-04-26,29.64
2018-04-27,29.64
2018-04-28,33.82
2018-04-29,36.480000000000004
2018-04-30,33.44
2018-05-01,28.439999999999998
2018-05-02,28.08
2018-05-03,28.08
2018-05-04,28.439999999999998
2018-05-05,30.24
2018-05-06,33.48
2018-05-07,28.08
2018-05-08,28.439999999999998
2018-05-09,27.72
2018-05-10,27.36
2018-05-11,28.439999999999998
2018-05-12,33.48
2018-05-13,36.0
2018-05-14,29.52
2018-05-15,28.799999999999997
2018-05-16,28.08
2018-05-17,27.72
2018-05-18,27.0
2018-05-19,29.88
2018-05-20,33.12
2018-05-21,28.799999999999997
2018-05-22,27.72
2018-05-23,27.72
2018-05-24,28.439999999999998
2018-05-25,27.0
2018-05-26,31.68
2018-05-27,34.199999999999996
2018-05-28,35.64
2018-05-29,29.16
2018-05-30,29.52
2018-05-31,28.799999999999997
2018-06-01,28.080000000000002
2018-06-02,31.59
2018-06-03,34.71
2018-06-04,30.03
2018-06-05,29.64
2018-06-06,29.64
2018-06-07,29.64
2018-06-08,28.86
2018-06-09,31.59
2018-06-10,36.27
2018-06-11,30.42
2018-06-12,31.59
2018-06-13,31.59
2018-06-14,31.200000000000003
2018-06-15,29.25
2018-06-16,32.370000000000005
2018-06-17,33.54
2018-06-18,31.200000000000003
2018-06-19,31.98
2018-06-20,33.93
2018-06-21,32.76
2018-06-22,30.42
2018-06-23,35.88
2018-06-24,39.0
2018-06-25,31.98
2018-06-26,31.59
2018-06-27,30.03
2018-06-28,31.59
2018-06-29,30.810000000000002
2018-06-30,33.54
2018-07-01,38.400000000000006
2018-07-02,33.2
2018-07-03,33.6
2018-07-04,37.2
2018-07-05,36.4
2018-07-06,35.2
2018-07-07,38.0
2018-07-08,40.0
2018-07-09,36.0
2018-07-10,34.4
2018-07-11,34.0
2018-07-12,33.6
2018-07-13,33.2
2018-07-14,37.6
2018-07-15,38.0
2018-07-16,35.6
2018-07-17,35.2
2018-07-18,34.0
2018-07-19,34.800000000000004
2018-07-20,34.800000000000004
2018-07-21,38.800000000000004
2018-07-22,39.2
2018-07-23,34.800000000000004
2018-07-24,35.6
2018-07-25,33.6
2018-07-26,33.2
2018-07-27,35.6
2018-07-28,38.800000000000004
2018-07-29,39.6
2018-07-30,35.6
2018-07-31,33.6
2018-08-01,29.88
2018-08-02,29.88
2018-08-03,29.52
2018-08-04,33.12
2018-08-05,35.64
2018-08-06,30.24
2018-08-07,31.68
2018-08-08,30.599999999999998
2018-08-09,29.52
2018-08-10,29.88
2018-08-11,34.199999999999996
2018-08-12,36.0
2018-08-13,29.52
2018-08-14,29.52
2018-08-15,29.52
2018-08-16,28.439999999999998
2018-08-17,29.16
2018-08-18,33.48
2018-08-19,34.92
2018-08-20,29.88
2018-08-21,27.36
2018-08-22,27.0
2018-08-23,26.64
2018-08-24,27.0
2018-08-25,31.68
2018-08-26,32.04
2018-08-27,27.36
2018-08-28,26.279999999999998
2018-08-29,26.279999999999998
2018-08-30,26.64
2018-08-31,25.919999999999998
2018-09-01,29.749999999999996
2018-09-02,33.599999999999994
2018-09-03,33.599999999999994
2018-09-04,25.9
2018-09-05,25.549999999999997
2018-09-06,25.2
2018-09-07,24.849999999999998
2018-09-08,27.65
2018-09-09,30.799999999999997
2018-09-10,25.2
2018-09-11,25.2
2018-09-12,25.2
2018-09-13,25.2
2018-09-14,25.549999999999997
2018-09-15,30.799999999999997
2018-09-16,31.849999999999998
2018-09-17,27.65
2018-09-18,26.95
2018-09-19,28.349999999999998
2018-09-20,27.65
2018-09-21,26.95
2018-09-22,31.499999999999996
2018-09-23,32.55
2018-09-24,29.4
2018-09-25,29.4
2018-09-26,29.049999999999997
2018-09-27,28.7
2018-09-28,29.4
2018-09-29,33.599999999999994
2018-09-30,35.0
2018-10-01,32.370000000000005
2018-10-02,32.370000000000005
2018-10-03,31.98
2018-10-04,31.98
2018-10-05,32.370000000000005
2018-10-06,36.27
2018-10-07,36.660000000000004
2018-10-08,33.15
2018-10-09,32.370000000000005
2018-10-10,31.200000000000003
2018-10-11,31.98
2018-10-12,32.76
2018-10-13,37.050000000000004
2018-10-14,39.0
2018-10-15,33.15
2018-10-16,32.370000000000005
2018-10-17,31.200000000000003
2018-10-18,30.810000000000002
2018-10-19,31.59
2018-10-20,35.49
2018-10-21,36.660000000000004
2018-10-22,30.810000000000002
2018-10-23,31.200000000000003
2018-10-24,29.64
2018-10-25,30.810000000000002
2018-10-26,31.59
2018-10-27,35.49
2018-10-28,35.88
2018-10-29,32.370000000000005
2018-10-30,31.200000000000003
2018-10-31,29.25
2018-11-01,26.91
2018-11-02,29.64
2018-11-03,35.1
2018-11-04,36.27
2018-11-05,31.98
2018-11-06,28.86
2018-11-07,23.79
2018-11-08,28.080000000000002
2018-11-09,31.59
2018-11-10,35.1
2018-11-11,36.27
2018-11-12,31.59
2018-11-13,29.25
2018-11-14,27.3
2018-11-15,28.080000000000002
2018-11-16,29.25
2018-11-17,33.93
2018-11-18,36.27
2018-11-19,31.59
2018-11-20,28.86
2018-11-21,29.25
2018-11-22,34.32
2018-11-23,38.61
2018-11-24,38.22
2018-11-25,39.0
2018-11-26,32.370000000000005
2018-11-27,31.59
2018-11-28,30.810000000000002
2018-11-29,28.080000000000002
2018-11-30,31.59
2018-12-01,31.200000000000003
2018-12-02,33.6
2018-12-03,28.8
2018-12-04,27.6
2018-12-05,29.200000000000003
2018-12-06,27.200000000000003
2018-12-07,27.200000000000003
2018-12-08,32.800000000000004
2018-12-09,33.6
2018-12-10,28.8
2018-12-11,27.200000000000003
2018-12-12,26.400000000000002
2018-12-13,26.400000000000002
2018-12-14,26.400000000000002
2018-12-15,31.6
2018-12-16,33.2
2018-12-17,28.8
2018-12-18,27.6
2018-12-19,26.400000000000002
2018-12-20,26.8
2018-12-21,27.6
2018-12-22,30.8
2018-12-23,31.6
2018-12-24,29.6
2018-12-25,40.0
2018-12-26,36.0
2018-12-27,34.800000000000004
2018-12-28,33.6
2018-12-29,36.0
2018-12-30,37.2
2018-12-31,32.800000000000004
2019-01-01,39.769999999999996
2019-01-02,40.18
2019-01-03,37.309999999999995
2019-01-04,36.9
2019-01-05,39.36
2019-01-06,41.0
2019-01-07,33.21
2019-01-08,31.159999999999997
2019-01-09,31.159999999999997
2019-01-10,31.569999999999997
2019-01-11,31.159999999999997
2019-01-12,38.129999999999995
2019-01-13,40.589999999999996
2019-01-14,32.8
2019-01-15,30.749999999999996
2019-01-16,29.93
2019-01-17,29.52
2019-01-18,29.93
2019-01-19,37.72
2019-01-20,38.129999999999995
2019-01-21,33.21
2019-01-22,30.749999999999996
2019-01-23,29.52
2019-01-24,29.52
2019-01-25,29.52
2019-01-26,35.26
2019-01-27,37.72
2019-01-28,29.11
2019-01-29,28.29
2019-01-30,29.52
2019-01-31,29.93
2019-02-01,29.25
2019-02-02,33.93
2019-02-03,34.32
2019-02-04,28.080000000000002
2019-02-05,30.03
2019-02-06,28.86
2019-02-07,28.86
2019-02-08,30.03
2019-02-09,35.88
2019-02-10,36.660000000000004
2019-02-11,31.200000000000003
2019-02-12,29.25
2019-02-13,29.64
2019-02-14,27.69
2019-02-15,29.64
2019-02-16,37.050000000000004
2019-02-17,39.0
2019-02-18,35.1
2019-02-19,30.810000000000002
2019-02-20,30.03
2019-02-21,30.03
2019-02-22,31.200000000000003
2019-02-23,35.88
2019-02-24,38.61
2019-02-25,30.810000000000002
2019-02-26,29.64
2019-02-27,28.86
2019-02-28,30.03
2019-03-01,31.08
2019-03-02,37.379999999999995
2019-03-03,41.58
2019-03-04,33.6
2019-03-05,31.5
2019-03-06,31.5
2019-03-07,34.019999999999996
2019-03-08,35.28
2019-03-09,39.9
2019-03-10,42.0
2019-03-11,34.86
2019-03-12,34.86
2019-03-13,34.44
2019-03-14,32.76
2019-03-15,31.919999999999998
2019-03-16,38.22
2019-03-17,41.16
2019-03-18,34.86
2019-03-19,35.699999999999996
2019-03-20,39.9
2019-03-21,34.86
2019-03-22,34.44
2019-03-23,38.22
2019-03-24,39.48
2019-03-25,33.6
2019-03-26,33.6
2019-03-27,31.919999999999998
2019-03-28,33.18
2019-03-29,33.6
2019-03-30,37.379999999999995
2019-03-31,39.48
2019-04-01,30.03
2019-04-02,27.69
2019-04-03,27.69
2019-04-04,28.080000000000002
2019-04-05,28.470000000000002
2019-04-06,31.59
2019-04-07,31.200000000000003
2019-04-08,26.130000000000003
2019-04-09,26.52
2019-04-10,28.080000000000002
2019-04-11,26.91
2019-04-12,39.0
2019-04-13,34.32
2019-04-14,34.32
2019-04-15,29.25
2019-04-16,28.080000000000002
2019-04-17,27.3
2019-04-18,26.91
2019-04-19,27.69
2019-04-20,30.810000000000002
2019-04-21,31.59
2019-04-22,30.810000000000002
2019-04-23,29.25
2019-04-24,29.64
2019-04-25,28.080000000000002
2019-04-26,27.69
2019-04-27,30.42
2019-04-28,33.54
2019-04-29,28.080000000000002
2019-04-30,27.69
2019-05-01,30.02
2019-05-02,31.54
2019-05-03,30.4
2019-05-04,31.92
2019-05-05,36.480000000000004
2019-05-06,30.02
2019-05-07,30.78
2019-05-08,30.78
2019-05-09,29.26
2019-05-10,30.02
2019-05-11,32.3
2019-05-12,35.34
2019-05-13,31.54
2019-05-14,33.44
2019-05-15,30.78
2019-05-16,29.64
2019-05-17,29.26
2019-05-18,32.3
2019-05-19,36.480000000000004
2019-05-20,30.78
2019-05-21,30.4
2019-05-22,30.4
2019-05-23,30.02
2019-05-24,31.16
2019-05-25,33.06
2019-05-26,38.0
2019-05-27,38.0
2019-05-28,31.92
2019-05-29,30.4
2019-05-30,34.58
2019-05-31,31.92
2019-06-01,37.050000000000004
2019-06-02,39.0
2019-06-03,33.54
2019-06-04,33.15
2019-06-05,31.59
2019-06-06,31.200000000000003
2019-06-07,30.42
2019-06-08,34.32
2019-06-09,37.050000000000004
2019-06-10,32.370000000000005
2019-06-11,30.810000000000002
2019-06-12,31.200000000000003
2019-06-13,31.59
2019-06-14,31.59
2019-06-15,33.54
2019-06-16,37.050000000000004
2019-06-17,34.71
2019-06-18,36.660000000000004
2019-06-19,37.050000000000004
2019-06-20,35.49
2019-06-21,32.76
2019-06-22,36.27
2019-06-23,38.61
2019-06-24,34.71
2019-06-25,34.32
2019-06-26,33.15
2019-06-27,31.98
2019-06-28,31.98
2019-06-29,36.27
2019-06-30,36.27
2019-07-01,20.21
2019-07-02,20.21
2019-07-03,19.78
2019-07-04,24.08
2019-07-05,23.65
2019-07-06,24.94
2019-07-07,43.0
2019-07-08,32.25
2019-07-09,29.24
2019-07-10,26.23
2019-07-11,23.65
2019-07-12,22.36
2019-07-13,24.94
2019-07-14,25.37
2019-07-15,21.93
2019-07-16,25.37
2019-07-17,23.65
2019-07-18,22.36
2019-07-19,21.93
2019-07-20,24.08
2019-07-21,27.52
2019-07-22,23.22
2019-07-23,23.22
2019-07-24,23.22
2019-07-25,21.93
2019-07-26,21.93
2019-07-27,24.94
2019-07-28,25.8
2019-07-29,22.79
2019-07-30,21.5
2019-07-31,21.5
2019-08-01,24.779999999999998
2019-08-02,26.04
2019-08-03,31.919999999999998
2019-08-04,30.24
2019-08-05,26.04
2019-08-06,26.88
2019-08-07,29.4
2019-08-08,27.3
2019-08-09,26.459999999999997
2019-08-10,28.56
2019-08-11,29.82
2019-08-12,25.2
2019-08-13,24.779999999999998
2019-08-14,24.779999999999998
2019-08-15,23.939999999999998
2019-08-16,24.36
2019-08-17,28.56
2019-08-18,29.82
2019-08-19,26.459999999999997
2019-08-20,25.2
2019-08-21,26.459999999999997
2019-08-22,26.459999999999997
2019-08-23,28.56
2019-08-24,42.0
2019-08-25,39.059999999999995
2019-08-26,30.66
2019-08-27,28.56
2019-08-28,28.14
2019-08-29,27.3
2019-08-30,26.88
2019-08-31,28.56
2019-09-01,35.49
2019-09-02,39.0
2019-09-03,30.810000000000002
2019-09-04,28.080000000000002
2019-09-05,25.740000000000002
2019-09-06,26.130000000000003
2019-09-07,31.59
2019-09-08,30.810000000000002
2019-09-09,26.52
2019-09-10,27.3
2019-09-11,26.130000000000003
2019-09-12,27.3
2019-09-13,28.080000000000002
2019-09-14,33.15
2019-09-15,33.15
2019-09-16,28.86
2019-09-17,27.3
2019-09-18,28.470000000000002
2019-09-19,27.69
2019-09-20,27.3
2019-09-21,33.54
2019-09-22,34.32
2019-09-23,31.200000000000003
2019-09-24,30.03
2019-09-25,28.080000000000002
2019-09-26,28.470000000000002
2019-09-27,30.42
2019-09-28,35.1
2019-09-29,36.27
2019-09-30,33.15
2019-10-01,31.39
2019-10-02,30.96
2019-10-03,30.099999999999998
2019-10-04,32.25
2019-10-05,36.55
2019-10-06,43.0
2019-10-07,33.97
2019-10-08,31.82
2019-10-09,31.82
2019-10-10,30.53
2019-10-11,30.96
2019-10-12,35.69
2019-10-13,36.98
2019-10-14,36.55
2019-10-15,38.269999999999996
2019-10-16,33.11
2019-10-17,33.11
2019-10-18,32.68
2019-10-19,36.12
2019-10-20,38.7
2019-10-21,33.97
2019-10-22,34.4
2019-10-23,34.83
2019-10-24,32.68
2019-10-25,32.25
2019-10-26,36.98
2019-10-27,37.839999999999996
2019-10-28,34.4
2019-10-29,37.41
2019-10-30,34.83
2019-10-31,32.25
2019-11-01,14.0
2019-11-02,17.0
2019-11-03,19.0
2019-11-04,15.0
2019-11-05,16.0
2019-11-06,17.0
2019-11-07,17.0
2019-11-08,19.0
2019-11-09,22.0
2019-11-10,24.0
2019-11-11,29.0
2019-11-12,100.0
2019-11-13,89.0
2019-11-14,60.0
2019-11-15,48.0
2019-11-16,55.0
2019-11-17,53.0
2019-11-18,40.0
2019-11-19,34.0
2019-11-20,30.0
2019-11-21,28.0
2019-11-22,30.0
2019-11-23,34.0
2019-11-24,35.0
2019-11-25,28.0
2019-11-26,25.0
2019-11-27,25.0
2019-11-28,28.0
2019-11-29,31.0
2019-11-30,30.0
2019-12-01,63.650000000000006
2019-12-02,54.940000000000005
2019-12-03,49.580000000000005
2019-12-04,47.57
2019-12-05,46.230000000000004
2019-12-06,46.900000000000006
2019-12-07,53.6
2019-12-08,52.260000000000005
2019-12-09,44.89
2019-12-10,41.54
2019-12-11,42.88
2019-12-12,41.54
2019-12-13,42.88
2019-12-14,51.59
2019-12-15,56.28
2019-12-16,46.900000000000006
2019-12-17,45.56
2019-12-18,46.230000000000004
2019-12-19,45.56
2019-12-20,50.25
2019-12-21,52.260000000000005
2019-12-22,54.940000000000005
2019-12-23,49.580000000000005
2019-12-24,49.580000000000005
2019-12-25,66.33
2019-12-26,57.620000000000005
2019-12-27,54.940000000000005
2019-12-28,58.96
2019-12-29,59.63
2019-12-30,66.33
2019-12-31,67.0
2020-01-01,60.0
2020-01-02,54.6
2020-01-03,51.0
2020-01-04,54.6
2020-01-05,50.4
2020-01-06,43.199999999999996
2020-01-07,39.6
2020-01-08,36.6
2020-01-09,37.199999999999996
2020-01-10,39.0
2020-01-11,47.4
2020-01-12,49.199999999999996
2020-01-13,37.199999999999996
2020-01-14,34.8
2020-01-15,35.4
2020-01-16,34.199999999999996
2020-01-17,36.0
2020-01-18,46.8
2020-01-19,46.199999999999996
2020-01-20,40.8
2020-01-21,34.199999999999996
2020-01-22,33.6
2020-01-23,31.799999999999997
2020-01-24,34.8
2020-01-25,40.8
2020-01-26,39.6
2020-01-27,30.599999999999998
2020-01-28,29.4
2020-01-29,31.2
2020-01-30,31.2
2020-01-31,31.799999999999997
2020-02-01,45.050000000000004
2020-02-02,46.11
2020-02-03,40.28
2020-02-04,40.28
2020-02-05,37.63
2020-02-06,38.690000000000005
2020-02-07,40.28
2020-02-08,47.17
2020-02-09,49.82
2020-02-10,39.22
2020-02-11,39.75
2020-02-12,39.75
2020-02-13,39.22
2020-02-14,40.81
2020-02-15,53.0
2020-02-16,52.470000000000006
2020-02-17,47.17
2020-02-18,39.75
2020-02-19,40.28
2020-02-20,40.28
2020-02-21,42.400000000000006
2020-02-22,48.760000000000005
2020-02-23,51.940000000000005
2020-02-24,41.870000000000005
2020-02-25,42.93
2020-02-26,41.870000000000005
2020-02-27,41.34
2020-02-28,43.99
2020-02-29,47.17
2020-03-01,30.240000000000002
2020-03-02,24.840000000000003
2020-03-03,22.68
2020-03-04,22.68
2020-03-05,24.3
2020-03-06,24.3
2020-03-07,27.540000000000003
2020-03-08,28.080000000000002
2020-03-09,25.92
2020-03-10,24.840000000000003
2020-03-11,24.840000000000003
2020-03-12,44.82
2020-03-13,54.0
2020-03-14,32.940000000000005
2020-03-15,31.32
2020-03-16,27.0
2020-03-17,25.380000000000003
2020-03-18,24.840000000000003
2020-03-19,24.840000000000003
2020-03-20,27.0
2020-03-21,32.400000000000006
2020-03-22,31.32
2020-03-23,25.92
2020-03-24,25.92
2020-03-25,25.380000000000003
2020-03-26,24.840000000000003
2020-03-27,25.380000000000003
2020-03-28,29.160000000000004
2020-03-29,29.160000000000004
2020-03-30,23.76
2020-03-31,23.220000000000002
2020-04-01,35.519999999999996
2020-04-02,36.48
2020-04-03,40.8
2020-04-04,44.64
2020-04-05,42.72
2020-04-06,36.48
2020-04-07,34.56
2020-04-08,34.56
2020-04-09,36.96
2020-04-10,40.8
2020-04-11,40.8
2020-04-12,42.239999999999995
2020-04-13,36.0
2020-04-14,35.04
2020-04-15,33.12
2020-04-16,37.92
2020-04-17,48.0
2020-04-18,43.68
2020-04-19,40.32
2020-04-20,34.56
2020-04-21,33.6
2020-04-22,33.12
2020-04-23,33.12
2020-04-24,35.519999999999996
2020-04-25,36.96
2020-04-26,38.4
2020-04-27,32.16
2020-04-28,31.2
2020-04-29,32.64
2020-04-30,36.48
