date,Walmart
2011-01-01,40.0
2011-01-02,36.0
2011-01-03,29.200000000000003
2011-01-04,27.200000000000003
2011-01-05,27.200000000000003
2011-01-06,26.8
2011-01-07,26.8
2011-01-08,32.4
2011-01-09,32.800000000000004
2011-01-10,28.0
2011-01-11,26.400000000000002
2011-01-12,25.6
2011-01-13,26.400000000000002
2011-01-14,27.6
2011-01-15,32.4
2011-01-16,33.6
2011-01-17,30.400000000000002
2011-01-18,25.6
2011-01-19,26.0
2011-01-20,25.6
2011-01-21,27.6
2011-01-22,33.2
2011-01-23,32.0
2011-01-24,27.6
2011-01-25,26.400000000000002
2011-01-26,25.6
2011-01-27,26.0
2011-01-28,27.6
2011-01-29,33.2
2011-01-30,34.0
2011-01-31,27.6
2011-02-01,28.86
2011-02-02,29.25
2011-02-03,29.64
2011-02-04,31.98
2011-02-05,39.0
2011-02-06,37.050000000000004
2011-02-07,28.470000000000002
2011-02-08,29.25
2011-02-09,29.25
2011-02-10,28.86
2011-02-11,31.200000000000003
2011-02-12,36.27
2011-02-13,38.61
2011-02-14,30.03
2011-02-15,28.470000000000002
2011-02-16,28.080000000000002
2011-02-17,29.64
2011-02-18,30.03
2011-02-19,36.660000000000004
2011-02-20,35.88
2011-02-21,31.98
2011-02-22,27.69
2011-02-23,27.69
2011-02-24,28.080000000000002
2011-02-25,29.25
2011-02-26,35.1
2011-02-27,35.49
2011-02-28,28.080000000000002
2011-03-01,29.88
2011-03-02,27.72
2011-03-03,27.72
2011-03-04,28.799999999999997
2011-03-05,36.0
2011-03-06,35.28
2011-03-07,28.799999999999997
2011-03-08,27.0
2011-03-09,26.64
2011-03-10,27.72
2011-03-11,29.16
2011-03-12,32.04
2011-03-13,29.52
2011-03-14,27.72
2011-03-15,26.64
2011-03-16,27.0
2011-03-17,27.72
2011-03-18,28.439999999999998
2011-03-19,33.12
2011-03-20,33.839999999999996
2011-03-21,29.16
2011-03-22,27.36
2011-03-23,27.72
2011-03-24,27.36
2011-03-25,29.52
2011-03-26,33.839999999999996
2011-03-27,35.28
2011-03-28,28.799999999999997
2011-03-29,29.88
2011-03-30,28.439999999999998
2011-03-31,27.36
2011-04-01,23.4
2011-04-02,27.0
2011-04-03,28.439999999999998
2011-04-04,23.04
2011-04-05,22.32
2011-04-06,21.96
2011-04-07,23.04
2011-04-08,22.32
2011-04-09,27.36
2011-04-10,28.08
2011-04-11,24.119999999999997
2011-04-12,22.32
2011-04-13,22.32
2011-04-14,22.32
2011-04-15,23.759999999999998
2011-04-16,27.0
2011-04-17,28.08
2011-04-18,23.4
2011-04-19,22.68
2011-04-20,23.04
2011-04-21,22.68
2011-04-22,25.2
2011-04-23,28.08
2011-04-24,36.0
2011-04-25,24.48
2011-04-26,21.599999999999998
2011-04-27,21.599999999999998
2011-04-28,22.32
2011-04-29,21.599999999999998
2011-04-30,27.0
2011-05-01,31.200000000000003
2011-05-02,23.79
2011-05-03,24.18
2011-05-04,25.35
2011-05-05,24.57
2011-05-06,26.91
2011-05-07,31.200000000000003
2011-05-08,30.42
2011-05-09,25.740000000000002
2011-05-10,25.35
2011-05-11,25.35
2011-05-12,24.96
2011-05-13,26.91
2011-05-14,30.810000000000002
2011-05-15,31.98
2011-05-16,25.740000000000002
2011-05-17,24.96
2011-05-18,26.130000000000003
2011-05-19,26.91
2011-05-20,25.740000000000002
2011-05-21,29.64
2011-05-22,33.54
2011-05-23,29.25
2011-05-24,26.52
2011-05-25,26.52
2011-05-26,28.470000000000002
2011-05-27,31.59
2011-05-28,36.27
2011-05-29,37.44
2011-05-30,39.0
2011-05-31,30.03
2011-06-01,33.21
2011-06-02,33.62
2011-06-03,34.44
2011-06-04,40.18
2011-06-05,41.0
2011-06-06,34.03
2011-06-07,32.8
2011-06-08,34.44
2011-06-09,33.62
2011-06-10,35.26
2011-06-11,39.36
2011-06-12,40.589999999999996
2011-06-13,34.03
2011-06-14,34.03
2011-06-15,32.8
2011-06-16,34.03
2011-06-17,34.85
2011-06-18,41.0
2011-06-19,41.0
2011-06-20,35.669999999999995
2011-06-21,33.62
2011-06-22,33.21
2011-06-23,32.39
2011-06-24,34.03
2011-06-25,39.769999999999996
2011-06-26,39.36
2011-06-27,34.44
2011-06-28,32.8
2011-06-29,34.03
2011-06-30,34.44
2011-07-01,37.4
2011-07-02,43.12
2011-07-03,44.0
2011-07-04,42.24
2011-07-05,33.0
2011-07-06,32.56
2011-07-07,34.76
2011-07-08,35.2
2011-07-09,40.92
2011-07-10,41.36
2011-07-11,35.64
2011-07-12,33.44
2011-07-13,33.44
2011-07-14,33.44
2011-07-15,36.08
2011-07-16,40.92
2011-07-17,42.24
2011-07-18,36.08
2011-07-19,35.2
2011-07-20,36.52
2011-07-21,35.2
2011-07-22,36.96
2011-07-23,40.48
2011-07-24,42.24
2011-07-25,35.2
2011-07-26,35.2
2011-07-27,35.64
2011-07-28,35.2
2011-07-29,37.84
2011-07-30,41.8
2011-07-31,43.56
2011-08-01,36.55
2011-08-02,33.97
2011-08-03,34.83
2011-08-04,33.54
2011-08-05,35.69
2011-08-06,40.85
2011-08-07,41.71
2011-08-08,34.83
2011-08-09,33.54
2011-08-10,33.54
2011-08-11,33.54
2011-08-12,34.4
2011-08-13,40.42
2011-08-14,40.85
2011-08-15,35.69
2011-08-16,33.11
2011-08-17,33.54
2011-08-18,34.4
2011-08-19,34.83
2011-08-20,43.0
2011-08-21,41.71
2011-08-22,35.26
2011-08-23,31.82
2011-08-24,31.82
2011-08-25,31.39
2011-08-26,33.54
2011-08-27,38.269999999999996
2011-08-28,38.7
2011-08-29,31.82
2011-08-30,31.39
2011-08-31,32.25
2011-09-01,31.979999999999997
2011-09-02,31.979999999999997
2011-09-03,38.949999999999996
2011-09-04,41.0
2011-09-05,39.36
2011-09-06,31.159999999999997
2011-09-07,29.11
2011-09-08,30.749999999999996
2011-09-09,32.8
2011-09-10,36.9
2011-09-11,36.9
2011-09-12,32.39
2011-09-13,30.749999999999996
2011-09-14,29.52
2011-09-15,30.34
2011-09-16,32.39
2011-09-17,36.489999999999995
2011-09-18,36.9
2011-09-19,30.749999999999996
2011-09-20,29.52
2011-09-21,30.34
2011-09-22,29.11
2011-09-23,30.749999999999996
2011-09-24,36.08
2011-09-25,35.26
2011-09-26,29.93
2011-09-27,29.52
2011-09-28,29.93
2011-09-29,30.749999999999996
2011-09-30,31.979999999999997
2011-10-01,40.48
2011-10-02,40.04
2011-10-03,34.32
2011-10-04,32.56
2011-10-05,33.0
2011-10-06,32.12
2011-10-07,33.88
2011-10-08,38.28
2011-10-09,39.160000000000004
2011-10-10,34.76
2011-10-11,33.0
2011-10-12,32.56
2011-10-13,33.88
2011-10-14,34.76
2011-10-15,38.28
2011-10-16,39.6
2011-10-17,34.76
2011-10-18,35.2
2011-10-19,33.88
2011-10-20,35.2
2011-10-21,36.08
2011-10-22,40.48
2011-10-23,41.36
2011-10-24,36.08
2011-10-25,36.96
2011-10-26,36.08
2011-10-27,36.96
2011-10-28,38.28
2011-10-29,44.0
2011-10-30,42.24
2011-10-31,34.76
2011-11-01,13.14
2011-11-02,13.14
2011-11-03,13.87
2011-11-04,15.33
2011-11-05,18.25
2011-11-06,17.52
2011-11-07,15.33
2011-11-08,15.33
2011-11-09,14.6
2011-11-10,18.98
2011-11-11,19.71
2011-11-12,19.71
2011-11-13,19.71
2011-11-14,17.52
2011-11-15,16.79
2011-11-16,16.79
2011-11-17,18.25
2011-11-18,18.25
2011-11-19,21.9
2011-11-20,24.09
2011-11-21,24.09
2011-11-22,26.28
2011-11-23,30.66
2011-11-24,54.019999999999996
2011-11-25,73.0
2011-11-26,31.39
2011-11-27,29.2
2011-11-28,29.93
2011-11-29,21.9
2011-11-30,18.25
2011-12-01,29.11
2011-12-02,30.529999999999998
2011-12-03,35.5
2011-12-04,36.21
2011-12-05,30.529999999999998
2011-12-06,29.82
2011-12-07,29.11
2011-12-08,29.82
2011-12-09,31.24
2011-12-10,36.92
2011-12-11,37.629999999999995
2011-12-12,31.95
2011-12-13,31.24
2011-12-14,31.24
2011-12-15,31.95
2011-12-16,34.79
2011-12-17,40.47
2011-12-18,40.47
2011-12-19,36.21
2011-12-20,34.79
2011-12-21,36.21
2011-12-22,37.629999999999995
2011-12-23,41.18
2011-12-24,49.699999999999996
2011-12-25,71.0
2011-12-26,50.41
2011-12-27,32.66
2011-12-28,29.11
2011-12-29,26.979999999999997
2011-12-30,27.689999999999998
2011-12-31,29.82
2012-01-01,45.0
2012-01-02,42.75
2012-01-03,34.65
2012-01-04,33.75
2012-01-05,32.85
2012-01-06,33.75
2012-01-07,39.15
2012-01-08,39.15
2012-01-09,31.95
2012-01-10,31.05
2012-01-11,31.05
2012-01-12,30.6
2012-01-13,31.95
2012-01-14,38.25
2012-01-15,37.35
2012-01-16,35.1
2012-01-17,30.6
2012-01-18,30.6
2012-01-19,30.150000000000002
2012-01-20,31.5
2012-01-21,36.45
2012-01-22,35.550000000000004
2012-01-23,30.6
2012-01-24,30.150000000000002
2012-01-25,29.7
2012-01-26,29.7
2012-01-27,31.05
2012-01-28,37.800000000000004
2012-01-29,38.7
2012-01-30,31.95
2012-01-31,30.6
2012-02-01,32.85
2012-02-02,33.75
2012-02-03,35.550000000000004
2012-02-04,42.300000000000004
2012-02-05,40.95
2012-02-06,33.75
2012-02-07,34.2
2012-02-08,34.2
2012-02-09,35.1
2012-02-10,36.9
2012-02-11,45.0
2012-02-12,41.4
2012-02-13,33.300000000000004
2012-02-14,33.75
2012-02-15,32.85
2012-02-16,33.75
2012-02-17,35.1
2012-02-18,40.5
2012-02-19,41.85
2012-02-20,37.35
2012-02-21,32.85
2012-02-22,32.85
2012-02-23,33.300000000000004
2012-02-24,33.300000000000004
2012-02-25,40.95
2012-02-26,41.85
2012-02-27,33.300000000000004
2012-02-28,31.5
2012-02-29,31.5
2012-03-01,32.68
2012-03-02,34.4
2012-03-03,41.28
2012-03-04,41.28
2012-03-05,33.97
2012-03-06,33.54
2012-03-07,32.25
2012-03-08,32.68
2012-03-09,34.83
2012-03-10,41.28
2012-03-11,43.0
2012-03-12,34.83
2012-03-13,33.54
2012-03-14,33.97
2012-03-15,35.26
2012-03-16,36.98
2012-03-17,40.85
2012-03-18,41.71
2012-03-19,34.4
2012-03-20,33.97
2012-03-21,32.68
2012-03-22,33.11
2012-03-23,33.11
2012-03-24,38.7
2012-03-25,39.99
2012-03-26,32.68
2012-03-27,32.25
2012-03-28,30.53
2012-03-29,30.099999999999998
2012-03-30,31.39
2012-03-31,36.12
2012-04-01,31.5
2012-04-02,26.88
2012-04-03,25.2
2012-04-04,25.619999999999997
2012-04-05,25.619999999999997
2012-04-06,28.98
2012-04-07,31.919999999999998
2012-04-08,42.0
2012-04-09,28.56
2012-04-10,25.2
2012-04-11,25.2
2012-04-12,24.779999999999998
2012-04-13,25.619999999999997
2012-04-14,29.82
2012-04-15,31.08
2012-04-16,25.2
2012-04-17,24.36
2012-04-18,24.36
2012-04-19,24.36
2012-04-20,26.88
2012-04-21,32.339999999999996
2012-04-22,31.919999999999998
2012-04-23,28.14
2012-04-24,26.88
2012-04-25,25.2
2012-04-26,24.779999999999998
2012-04-27,25.619999999999997
2012-04-28,30.66
2012-04-29,32.76
2012-04-30,26.88
2012-05-01,32.85
2012-05-02,31.5
2012-05-03,32.85
2012-05-04,32.4
2012-05-05,37.800000000000004
2012-05-06,38.25
2012-05-07,33.300000000000004
2012-05-08,32.85
2012-05-09,31.5
2012-05-10,33.300000000000004
2012-05-11,33.300000000000004
2012-05-12,40.5
2012-05-13,39.6
2012-05-14,33.75
2012-05-15,32.85
2012-05-16,33.300000000000004
2012-05-17,33.300000000000004
2012-05-18,34.2
2012-05-19,41.4
2012-05-20,42.75
2012-05-21,34.65
2012-05-22,33.300000000000004
2012-05-23,33.300000000000004
2012-05-24,34.65
2012-05-25,36.45
2012-05-26,44.550000000000004
2012-05-27,45.0
2012-05-28,44.550000000000004
2012-05-29,35.550000000000004
2012-05-30,33.75
2012-05-31,34.2
2012-06-01,38.22
2012-06-02,44.589999999999996
2012-06-03,44.1
2012-06-04,37.73
2012-06-05,36.26
2012-06-06,35.28
2012-06-07,36.75
2012-06-08,38.22
2012-06-09,42.63
2012-06-10,44.1
2012-06-11,39.69
2012-06-12,38.22
2012-06-13,36.26
2012-06-14,38.22
2012-06-15,40.67
2012-06-16,47.04
2012-06-17,45.08
2012-06-18,38.71
2012-06-19,39.2
2012-06-20,38.22
2012-06-21,39.69
2012-06-22,39.69
2012-06-23,45.57
2012-06-24,46.06
2012-06-25,39.2
2012-06-26,38.71
2012-06-27,38.22
2012-06-28,38.22
2012-06-29,41.16
2012-06-30,49.0
2012-07-01,49.0
2012-07-02,38.71
2012-07-03,39.2
2012-07-04,45.08
2012-07-05,39.69
2012-07-06,39.69
2012-07-07,44.589999999999996
2012-07-08,43.12
2012-07-09,37.24
2012-07-10,35.28
2012-07-11,36.26
2012-07-12,36.26
2012-07-13,37.24
2012-07-14,43.61
2012-07-15,44.1
2012-07-16,38.22
2012-07-17,37.24
2012-07-18,37.24
2012-07-19,36.75
2012-07-20,35.769999999999996
2012-07-21,42.63
2012-07-22,43.61
2012-07-23,36.75
2012-07-24,35.769999999999996
2012-07-25,35.28
2012-07-26,35.28
2012-07-27,36.75
2012-07-28,41.65
2012-07-29,42.63
2012-07-30,38.22
2012-07-31,37.24
2012-08-01,37.24
2012-08-02,37.24
2012-08-03,40.18
2012-08-04,45.08
2012-08-05,47.04
2012-08-06,38.71
2012-08-07,37.24
2012-08-08,37.24
2012-08-09,37.73
2012-08-10,39.2
2012-08-11,45.08
2012-08-12,46.06
2012-08-13,38.22
2012-08-14,37.73
2012-08-15,38.71
2012-08-16,39.69
2012-08-17,40.67
2012-08-18,49.0
2012-08-19,48.51
2012-08-20,40.67
2012-08-21,38.71
2012-08-22,36.26
2012-08-23,37.24
2012-08-24,38.22
2012-08-25,44.1
2012-08-26,45.08
2012-08-27,37.24
2012-08-28,36.26
2012-08-29,35.28
2012-08-30,36.26
2012-08-31,38.22
2012-09-01,47.0
2012-09-02,47.0
2012-09-03,47.0
2012-09-04,35.72
2012-09-05,34.309999999999995
2012-09-06,33.839999999999996
2012-09-07,35.72
2012-09-08,42.3
2012-09-09,42.3
2012-09-10,34.309999999999995
2012-09-11,34.309999999999995
2012-09-12,33.37
2012-09-13,33.839999999999996
2012-09-14,36.66
2012-09-15,43.239999999999995
2012-09-16,44.18
2012-09-17,36.66
2012-09-18,35.72
2012-09-19,35.25
2012-09-20,36.19
2012-09-21,38.07
2012-09-22,44.18
2012-09-23,43.239999999999995
2012-09-24,37.599999999999994
2012-09-25,36.66
2012-09-26,36.66
2012-09-27,34.78
2012-09-28,37.129999999999995
2012-09-29,44.65
2012-09-30,43.71
2012-10-01,37.599999999999994
2012-10-02,35.72
2012-10-03,35.25
2012-10-04,34.309999999999995
2012-10-05,36.19
2012-10-06,44.18
2012-10-07,42.769999999999996
2012-10-08,38.54
2012-10-09,36.19
2012-10-10,36.19
2012-10-11,36.19
2012-10-12,38.07
2012-10-13,44.18
2012-10-14,44.18
2012-10-15,37.129999999999995
2012-10-16,36.66
2012-10-17,35.25
2012-10-18,36.19
2012-10-19,38.07
2012-10-20,45.12
2012-10-21,45.12
2012-10-22,38.07
2012-10-23,36.66
2012-10-24,37.599999999999994
2012-10-25,38.07
2012-10-26,40.419999999999995
2012-10-27,47.0
2012-10-28,43.71
2012-10-29,37.599999999999994
2012-10-30,38.07
2012-10-31,36.19
2012-11-01,14.4
2012-11-02,16.0
2012-11-03,19.200000000000003
2012-11-04,19.200000000000003
2012-11-05,16.0
2012-11-06,15.200000000000001
2012-11-07,13.600000000000001
2012-11-08,20.0
2012-11-09,20.8
2012-11-10,24.0
2012-11-11,24.0
2012-11-12,21.6
2012-11-13,21.6
2012-11-14,20.8
2012-11-15,20.8
2012-11-16,23.200000000000003
2012-11-17,28.0
2012-11-18,31.200000000000003
2012-11-19,28.8
2012-11-20,29.6
2012-11-21,36.800000000000004
2012-11-22,68.0
2012-11-23,80.0
2012-11-24,38.400000000000006
2012-11-25,32.0
2012-11-26,37.6
2012-11-27,26.400000000000002
2012-11-28,20.8
2012-11-29,20.0
2012-11-30,22.400000000000002
2012-12-01,38.76
2012-12-02,41.04
2012-12-03,32.68
2012-12-04,32.68
2012-12-05,31.92
2012-12-06,32.68
2012-12-07,33.44
2012-12-08,39.52
2012-12-09,38.76
2012-12-10,33.44
2012-12-11,32.68
2012-12-12,32.68
2012-12-13,34.96
2012-12-14,34.2
2012-12-15,44.84
2012-12-16,46.36
2012-12-17,38.0
2012-12-18,38.76
2012-12-19,37.24
2012-12-20,38.76
2012-12-21,40.28
2012-12-22,48.64
2012-12-23,47.12
2012-12-24,53.96
2012-12-25,76.0
2012-12-26,47.88
2012-12-27,41.04
2012-12-28,32.68
2012-12-29,33.44
2012-12-30,33.44
2012-12-31,30.4
2013-01-01,47.0
2013-01-02,39.01
2013-01-03,37.599999999999994
2013-01-04,37.599999999999994
2013-01-05,42.769999999999996
2013-01-06,42.3
2013-01-07,34.309999999999995
2013-01-08,31.959999999999997
2013-01-09,31.959999999999997
2013-01-10,31.959999999999997
2013-01-11,33.839999999999996
2013-01-12,39.48
2013-01-13,39.949999999999996
2013-01-14,33.37
2013-01-15,32.9
2013-01-16,32.9
2013-01-17,30.549999999999997
2013-01-18,32.9
2013-01-19,39.949999999999996
2013-01-20,38.54
2013-01-21,35.72
2013-01-22,30.08
2013-01-23,30.08
2013-01-24,29.61
2013-01-25,31.959999999999997
2013-01-26,37.599999999999994
2013-01-27,38.07
2013-01-28,31.02
2013-01-29,29.61
2013-01-30,29.139999999999997
2013-01-31,30.549999999999997
2013-02-01,36.800000000000004
2013-02-02,42.78
2013-02-03,41.4
2013-02-04,32.660000000000004
2013-02-05,34.04
2013-02-06,34.5
2013-02-07,34.5
2013-02-08,36.800000000000004
2013-02-09,44.160000000000004
2013-02-10,46.0
2013-02-11,35.88
2013-02-12,35.42
2013-02-13,35.88
2013-02-14,35.88
2013-02-15,36.800000000000004
2013-02-16,45.080000000000005
2013-02-17,45.080000000000005
2013-02-18,39.56
2013-02-19,34.04
2013-02-20,34.5
2013-02-21,34.04
2013-02-22,36.800000000000004
2013-02-23,43.7
2013-02-24,43.24
2013-02-25,34.5
2013-02-26,34.5
2013-02-27,34.5
2013-02-28,34.96
2013-03-01,33.6
2013-03-02,40.32
2013-03-03,39.36
2013-03-04,31.68
2013-03-05,31.2
2013-03-06,29.759999999999998
2013-03-07,30.72
2013-03-08,31.68
2013-03-09,37.44
2013-03-10,38.879999999999995
2013-03-11,32.16
2013-03-12,31.2
2013-03-13,29.759999999999998
2013-03-14,30.72
2013-03-15,31.2
2013-03-16,37.44
2013-03-17,36.96
2013-03-18,31.68
2013-03-19,30.24
2013-03-20,29.279999999999998
2013-03-21,30.24
2013-03-22,31.68
2013-03-23,37.92
2013-03-24,37.44
2013-03-25,31.68
2013-03-26,31.2
2013-03-27,30.72
2013-03-28,31.68
2013-03-29,33.6
2013-03-30,38.4
2013-03-31,48.0
2013-04-01,40.02
2013-04-02,36.800000000000004
2013-04-03,35.88
2013-04-04,36.34
2013-04-05,38.18
2013-04-06,45.080000000000005
2013-04-07,46.0
2013-04-08,35.88
2013-04-09,35.88
2013-04-10,35.42
2013-04-11,35.88
2013-04-12,35.88
2013-04-13,44.620000000000005
2013-04-14,45.54
2013-04-15,35.42
2013-04-16,34.96
2013-04-17,35.42
2013-04-18,34.04
2013-04-19,34.5
2013-04-20,42.78
2013-04-21,44.160000000000004
2013-04-22,36.34
2013-04-23,35.42
2013-04-24,34.5
2013-04-25,35.42
2013-04-26,36.800000000000004
2013-04-27,44.160000000000004
2013-04-28,44.620000000000005
2013-04-29,37.260000000000005
2013-04-30,36.34
2013-05-01,35.04
2013-05-02,35.04
2013-05-03,36.48
2013-05-04,44.16
2013-05-05,45.6
2013-05-06,36.96
2013-05-07,35.04
2013-05-08,35.519999999999996
2013-05-09,35.519999999999996
2013-05-10,37.44
2013-05-11,45.12
2013-05-12,42.72
2013-05-13,36.48
2013-05-14,35.519999999999996
2013-05-15,35.04
2013-05-16,37.44
2013-05-17,37.44
2013-05-18,44.64
2013-05-19,44.64
2013-05-20,37.92
2013-05-21,35.04
2013-05-22,36.48
2013-05-23,37.92
2013-05-24,40.32
2013-05-25,48.0
2013-05-26,48.0
2013-05-27,46.559999999999995
2013-05-28,36.96
2013-05-29,37.44
2013-05-30,37.44
2013-05-31,40.8
2013-06-01,48.230000000000004
2013-06-02,48.760000000000005
2013-06-03,39.75
2013-06-04,38.160000000000004
2013-06-05,38.690000000000005
2013-06-06,38.160000000000004
2013-06-07,39.75
2013-06-08,47.17
2013-06-09,49.82
2013-06-10,40.81
2013-06-11,39.75
2013-06-12,39.75
2013-06-13,40.81
2013-06-14,43.99
2013-06-15,49.82
2013-06-16,47.7
2013-06-17,39.75
2013-06-18,39.22
2013-06-19,38.160000000000004
2013-06-20,40.28
2013-06-21,40.81
2013-06-22,47.7
2013-06-23,47.7
2013-06-24,41.870000000000005
2013-06-25,40.28
2013-06-26,39.22
2013-06-27,41.870000000000005
2013-06-28,42.93
2013-06-29,49.82
2013-06-30,53.0
2013-07-01,44.82
2013-07-02,44.82
2013-07-03,45.900000000000006
2013-07-04,54.0
2013-07-05,48.06
2013-07-06,50.220000000000006
2013-07-07,49.68000000000001
2013-07-08,42.660000000000004
2013-07-09,41.580000000000005
2013-07-10,41.040000000000006
2013-07-11,41.040000000000006
2013-07-12,42.120000000000005
2013-07-13,48.6
2013-07-14,48.06
2013-07-15,42.660000000000004
2013-07-16,40.5
2013-07-17,41.580000000000005
2013-07-18,42.120000000000005
2013-07-19,43.74
2013-07-20,49.14
2013-07-21,49.68000000000001
2013-07-22,41.580000000000005
2013-07-23,39.96
2013-07-24,39.96
2013-07-25,39.42
2013-07-26,42.120000000000005
2013-07-27,48.06
2013-07-28,49.14
2013-07-29,43.2
2013-07-30,41.040000000000006
2013-07-31,42.120000000000005
2013-08-01,42.400000000000006
2013-08-02,46.11
2013-08-03,51.410000000000004
2013-08-04,53.0
2013-08-05,45.050000000000004
2013-08-06,42.400000000000006
2013-08-07,41.870000000000005
2013-08-08,40.81
2013-08-09,45.050000000000004
2013-08-10,51.410000000000004
2013-08-11,51.940000000000005
2013-08-12,44.52
2013-08-13,41.870000000000005
2013-08-14,41.870000000000005
2013-08-15,42.93
2013-08-16,43.46
2013-08-17,49.29
2013-08-18,50.88
2013-08-19,42.400000000000006
2013-08-20,40.81
2013-08-21,40.28
2013-08-22,40.28
2013-08-23,42.400000000000006
2013-08-24,49.82
2013-08-25,49.29
2013-08-26,39.22
2013-08-27,39.75
2013-08-28,38.690000000000005
2013-08-29,38.690000000000005
2013-08-30,43.46
2013-08-31,50.35
2013-09-01,50.49
2013-09-02,51.0
2013-09-03,38.25
2013-09-04,37.230000000000004
2013-09-05,37.74
2013-09-06,38.76
2013-09-07,45.39
2013-09-08,44.88
2013-09-09,39.27
2013-09-10,36.72
2013-09-11,36.21
2013-09-12,37.230000000000004
2013-09-13,39.27
2013-09-14,47.43
2013-09-15,45.9
2013-09-16,37.74
2013-09-17,39.78
2013-09-18,37.230000000000004
2013-09-19,36.72
2013-09-20,40.29
2013-09-21,46.92
2013-09-22,45.39
2013-09-23,38.76
2013-09-24,37.230000000000004
2013-09-25,36.21
2013-09-26,36.21
2013-09-27,37.74
2013-09-28,45.39
2013-09-29,45.9
2013-09-30,37.74
2013-10-01,37.0
2013-10-02,37.5
2013-10-03,37.0
2013-10-04,38.5
2013-10-05,48.0
2013-10-06,47.0
2013-10-07,39.0
2013-10-08,38.5
2013-10-09,38.0
2013-10-10,38.5
2013-10-11,39.0
2013-10-12,48.0
2013-10-13,48.0
2013-10-14,42.0
2013-10-15,41.0
2013-10-16,39.0
2013-10-17,38.0
2013-10-18,41.0
2013-10-19,49.0
2013-10-20,49.0
2013-10-21,40.0
2013-10-22,39.5
2013-10-23,39.5
2013-10-24,41.0
2013-10-25,42.5
2013-10-26,50.0
2013-10-27,47.5
2013-10-28,39.0
2013-10-29,39.5
2013-10-30,40.5
2013-10-31,38.0
2013-11-01,19.09
2013-11-02,22.41
2013-11-03,22.41
2013-11-04,18.259999999999998
2013-11-05,18.259999999999998
2013-11-06,21.58
2013-11-07,19.09
2013-11-08,19.09
2013-11-09,23.24
2013-11-10,23.24
2013-11-11,20.75
2013-11-12,23.24
2013-11-13,23.24
2013-11-14,22.41
2013-11-15,24.9
2013-11-16,28.22
2013-11-17,27.389999999999997
2013-11-18,23.24
2013-11-19,24.07
2013-11-20,24.9
2013-11-21,26.56
2013-11-22,30.709999999999997
2013-11-23,34.03
2013-11-24,36.519999999999996
2013-11-25,34.03
2013-11-26,34.03
2013-11-27,41.5
2013-11-28,83.0
2013-11-29,83.0
2013-11-30,43.989999999999995
2013-12-01,47.879999999999995
2013-12-02,57.12
2013-12-03,40.32
2013-12-04,37.8
2013-12-05,34.44
2013-12-06,36.12
2013-12-07,42.0
2013-12-08,42.839999999999996
2013-12-09,34.44
2013-12-10,34.44
2013-12-11,34.44
2013-12-12,36.12
2013-12-13,37.8
2013-12-14,45.36
2013-12-15,46.199999999999996
2013-12-16,39.48
2013-12-17,36.96
2013-12-18,36.12
2013-12-19,37.8
2013-12-20,39.48
2013-12-21,47.879999999999995
2013-12-22,47.04
2013-12-23,44.519999999999996
2013-12-24,57.12
2013-12-25,84.0
2013-12-26,51.239999999999995
2013-12-27,36.96
2013-12-28,35.28
2013-12-29,32.76
2013-12-30,29.4
2013-12-31,29.4
2014-01-01,47.0
2014-01-02,38.07
2014-01-03,37.599999999999994
2014-01-04,42.3
2014-01-05,39.48
2014-01-06,31.959999999999997
2014-01-07,31.02
2014-01-08,30.549999999999997
2014-01-09,31.02
2014-01-10,31.49
2014-01-11,38.07
2014-01-12,38.07
2014-01-13,30.549999999999997
2014-01-14,29.61
2014-01-15,29.139999999999997
2014-01-16,29.139999999999997
2014-01-17,30.549999999999997
2014-01-18,38.07
2014-01-19,36.66
2014-01-20,32.9
2014-01-21,28.2
2014-01-22,28.2
2014-01-23,28.669999999999998
2014-01-24,30.549999999999997
2014-01-25,36.66
2014-01-26,36.19
2014-01-27,29.139999999999997
2014-01-28,28.2
2014-01-29,28.669999999999998
2014-01-30,28.669999999999998
2014-01-31,31.02
2014-02-01,44.64
2014-02-02,41.28
2014-02-03,33.12
2014-02-04,34.08
2014-02-05,33.12
2014-02-06,35.04
2014-02-07,37.92
2014-02-08,46.559999999999995
2014-02-09,47.519999999999996
2014-02-10,39.36
2014-02-11,38.879999999999995
2014-02-12,40.32
2014-02-13,40.8
2014-02-14,41.28
2014-02-15,47.04
2014-02-16,48.0
2014-02-17,41.28
2014-02-18,36.48
2014-02-19,36.0
2014-02-20,36.96
2014-02-21,37.44
2014-02-22,47.519999999999996
2014-02-23,46.559999999999995
2014-02-24,37.44
2014-02-25,36.96
2014-02-26,36.96
2014-02-27,36.48
2014-02-28,40.32
2014-03-01,48.0
2014-03-02,46.08
2014-03-03,36.0
2014-03-04,36.0
2014-03-05,35.519999999999996
2014-03-06,36.48
2014-03-07,37.92
2014-03-08,46.08
2014-03-09,46.559999999999995
2014-03-10,37.44
2014-03-11,36.48
2014-03-12,35.04
2014-03-13,36.48
2014-03-14,37.44
2014-03-15,43.68
2014-03-16,46.08
2014-03-17,35.519999999999996
2014-03-18,36.96
2014-03-19,36.0
2014-03-20,35.04
2014-03-21,37.92
2014-03-22,44.64
2014-03-23,46.559999999999995
2014-03-24,37.92
2014-03-25,35.519999999999996
2014-03-26,35.04
2014-03-27,34.56
2014-03-28,36.0
2014-03-29,44.16
2014-03-30,44.64
2014-03-31,36.48
2014-04-01,29.279999999999998
2014-04-02,28.799999999999997
2014-04-03,29.759999999999998
2014-04-04,31.2
2014-04-05,37.44
2014-04-06,37.92
2014-04-07,29.759999999999998
2014-04-08,30.24
2014-04-09,29.279999999999998
2014-04-10,30.24
2014-04-11,30.24
2014-04-12,37.44
2014-04-13,37.92
2014-04-14,30.24
2014-04-15,29.279999999999998
2014-04-16,29.279999999999998
2014-04-17,30.24
2014-04-18,34.08
2014-04-19,39.36
2014-04-20,48.0
2014-04-21,32.64
2014-04-22,29.759999999999998
2014-04-23,28.799999999999997
2014-04-24,29.759999999999998
2014-04-25,30.72
2014-04-26,37.44
2014-04-27,37.44
2014-04-28,29.279999999999998
2014-04-29,28.32
2014-04-30,29.279999999999998
2014-05-01,37.0
2014-05-02,37.5
2014-05-03,46.5
2014-05-04,46.5
2014-05-05,38.5
2014-05-06,36.0
2014-05-07,36.5
2014-05-08,38.0
2014-05-09,38.5
2014-05-10,46.0
2014-05-11,45.0
2014-05-12,37.5
2014-05-13,36.0
2014-05-14,36.0
2014-05-15,36.0
2014-05-16,38.5
2014-05-17,47.0
2014-05-18,47.5
2014-05-19,39.0
2014-05-20,37.5
2014-05-21,37.0
2014-05-22,37.0
2014-05-23,41.0
2014-05-24,49.0
2014-05-25,50.0
2014-05-26,48.0
2014-05-27,39.0
2014-05-28,36.5
2014-05-29,36.5
2014-05-30,39.0
2014-05-31,47.5
2014-06-01,50.440000000000005
2014-06-02,41.6
2014-06-03,40.04
2014-06-04,40.04
2014-06-05,40.56
2014-06-06,42.120000000000005
2014-06-07,48.88
2014-06-08,52.0
2014-06-09,43.68
2014-06-10,41.6
2014-06-11,42.120000000000005
2014-06-12,41.6
2014-06-13,44.2
2014-06-14,50.440000000000005
2014-06-15,50.440000000000005
2014-06-16,40.56
2014-06-17,40.56
2014-06-18,40.04
2014-06-19,40.56
2014-06-20,43.68
2014-06-21,49.92
2014-06-22,50.96
2014-06-23,42.120000000000005
2014-06-24,40.04
2014-06-25,40.56
2014-06-26,40.56
2014-06-27,44.2
2014-06-28,49.4
2014-06-29,52.0
2014-06-30,44.2
2014-07-01,42.00000000000001
2014-07-02,44.800000000000004
2014-07-03,49.28
2014-07-04,56.00000000000001
2014-07-05,49.28
2014-07-06,50.400000000000006
2014-07-07,43.68000000000001
2014-07-08,41.440000000000005
2014-07-09,40.88
2014-07-10,42.00000000000001
2014-07-11,44.24
2014-07-12,49.84
2014-07-13,49.28
2014-07-14,44.800000000000004
2014-07-15,40.32000000000001
2014-07-16,42.00000000000001
2014-07-17,42.56
2014-07-18,43.68000000000001
2014-07-19,50.96000000000001
2014-07-20,51.52
2014-07-21,43.68000000000001
2014-07-22,43.68000000000001
2014-07-23,43.68000000000001
2014-07-24,42.00000000000001
2014-07-25,44.800000000000004
2014-07-26,52.080000000000005
2014-07-27,53.2
2014-07-28,44.800000000000004
2014-07-29,44.800000000000004
2014-07-30,44.24
2014-07-31,44.24
2014-08-01,47.85
2014-08-02,54.45
2014-08-03,54.45
2014-08-04,47.300000000000004
2014-08-05,45.1
2014-08-06,45.650000000000006
2014-08-07,45.650000000000006
2014-08-08,46.75000000000001
2014-08-09,53.900000000000006
2014-08-10,53.900000000000006
2014-08-11,44.550000000000004
2014-08-12,42.35
2014-08-13,43.45
2014-08-14,45.650000000000006
2014-08-15,47.300000000000004
2014-08-16,55.00000000000001
2014-08-17,55.00000000000001
2014-08-18,45.1
2014-08-19,43.45
2014-08-20,41.800000000000004
2014-08-21,43.45
2014-08-22,45.1
2014-08-23,55.00000000000001
2014-08-24,54.45
2014-08-25,42.900000000000006
2014-08-26,41.800000000000004
2014-08-27,41.25
2014-08-28,40.7
2014-08-29,44.550000000000004
2014-08-30,52.25000000000001
2014-08-31,53.35
2014-09-01,50.0
2014-09-02,38.0
2014-09-03,37.5
2014-09-04,37.5
2014-09-05,39.0
2014-09-06,48.0
2014-09-07,47.0
2014-09-08,38.0
2014-09-09,35.0
2014-09-10,36.5
2014-09-11,37.5
2014-09-12,39.5
2014-09-13,47.5
2014-09-14,46.5
2014-09-15,38.5
2014-09-16,37.0
2014-09-17,36.5
2014-09-18,37.5
2014-09-19,40.5
2014-09-20,47.0
2014-09-21,47.0
2014-09-22,38.5
2014-09-23,36.0
2014-09-24,37.5
2014-09-25,38.0
2014-09-26,40.0
2014-09-27,46.5
2014-09-28,46.0
2014-09-29,38.0
2014-09-30,38.0
2014-10-01,39.0
2014-10-02,39.0
2014-10-03,42.64
2014-10-04,50.440000000000005
2014-10-05,52.0
2014-10-06,41.6
2014-10-07,40.04
2014-10-08,40.04
2014-10-09,40.56
2014-10-10,41.6
2014-10-11,49.92
2014-10-12,48.88
2014-10-13,42.120000000000005
2014-10-14,39.52
2014-10-15,39.0
2014-10-16,41.08
2014-10-17,42.64
2014-10-18,50.96
2014-10-19,49.4
2014-10-20,41.6
2014-10-21,40.56
2014-10-22,40.56
2014-10-23,41.08
2014-10-24,41.6
2014-10-25,51.480000000000004
2014-10-26,50.440000000000005
2014-10-27,43.68
2014-10-28,43.160000000000004
2014-10-29,42.120000000000005
2014-10-30,43.68
2014-10-31,45.760000000000005
2014-11-01,23.52
2014-11-02,24.36
2014-11-03,20.16
2014-11-04,19.32
2014-11-05,17.64
2014-11-06,19.32
2014-11-07,20.16
2014-11-08,24.36
2014-11-09,25.2
2014-11-10,21.0
2014-11-11,21.84
2014-11-12,25.2
2014-11-13,25.2
2014-11-14,24.36
2014-11-15,30.24
2014-11-16,30.24
2014-11-17,25.2
2014-11-18,25.2
2014-11-19,25.2
2014-11-20,26.88
2014-11-21,31.919999999999998
2014-11-22,36.12
2014-11-23,37.8
2014-11-24,32.76
2014-11-25,32.76
2014-11-26,40.32
2014-11-27,84.0
2014-11-28,74.75999999999999
2014-11-29,41.16
2014-11-30,36.96
2014-12-01,51.66
2014-12-02,36.08
2014-12-03,29.52
2014-12-04,29.52
2014-12-05,30.34
2014-12-06,37.72
2014-12-07,36.9
2014-12-08,31.159999999999997
2014-12-09,29.52
2014-12-10,29.52
2014-12-11,29.52
2014-12-12,31.979999999999997
2014-12-13,39.36
2014-12-14,39.36
2014-12-15,34.44
2014-12-16,33.62
2014-12-17,32.8
2014-12-18,33.62
2014-12-19,35.26
2014-12-20,42.64
2014-12-21,41.0
2014-12-22,38.54
2014-12-23,39.36
2014-12-24,55.76
2014-12-25,82.0
2014-12-26,48.379999999999995
2014-12-27,35.26
2014-12-28,31.979999999999997
2014-12-29,27.88
2014-12-30,26.24
2014-12-31,29.52
2015-01-01,50.0
2015-01-02,41.5
2015-01-03,44.0
2015-01-04,40.5
2015-01-05,33.5
2015-01-06,31.0
2015-01-07,30.0
2015-01-08,30.0
2015-01-09,31.5
2015-01-10,39.0
2015-01-11,38.5
2015-01-12,30.0
2015-01-13,29.0
2015-01-14,29.0
2015-01-15,29.5
2015-01-16,31.5
2015-01-17,37.5
2015-01-18,35.5
2015-01-19,33.0
2015-01-20,28.0
2015-01-21,27.5
2015-01-22,28.0
2015-01-23,30.0
2015-01-24,35.5
2015-01-25,37.0
2015-01-26,28.5
2015-01-27,28.5
2015-01-28,28.5
2015-01-29,28.5
2015-01-30,30.5
2015-01-31,38.5
2015-02-01,44.1
2015-02-02,34.3
2015-02-03,36.26
2015-02-04,36.75
2015-02-05,37.73
2015-02-06,39.69
2015-02-07,47.53
2015-02-08,48.019999999999996
2015-02-09,38.71
2015-02-10,37.73
2015-02-11,38.22
2015-02-12,38.22
2015-02-13,43.12
2015-02-14,49.0
2015-02-15,48.51
2015-02-16,42.14
2015-02-17,36.75
2015-02-18,36.26
2015-02-19,38.71
2015-02-20,41.65
2015-02-21,48.51
2015-02-22,48.019999999999996
2015-02-23,36.75
2015-02-24,37.73
2015-02-25,37.24
2015-02-26,38.71
2015-02-27,38.71
2015-02-28,47.04
2015-03-01,46.06
2015-03-02,38.22
2015-03-03,38.22
2015-03-04,35.769999999999996
2015-03-05,36.75
2015-03-06,38.71
2015-03-07,49.0
2015-03-08,48.019999999999996
2015-03-09,39.2
2015-03-10,37.24
2015-03-11,36.75
2015-03-12,38.22
2015-03-13,40.18
2015-03-14,47.53
2015-03-15,48.019999999999996
2015-03-16,39.2
2015-03-17,36.75
2015-03-18,35.769999999999996
2015-03-19,37.73
2015-03-20,38.71
2015-03-21,47.04
2015-03-22,48.51
2015-03-23,40.18
2015-03-24,38.22
2015-03-25,39.2
2015-03-26,37.24
2015-03-27,39.2
2015-03-28,47.04
2015-03-29,48.019999999999996
2015-03-30,38.71
2015-03-31,38.22
2015-04-01,31.5
2015-04-02,31.5
2015-04-03,35.0
2015-04-04,41.0
2015-04-05,50.0
2015-04-06,32.5
2015-04-07,30.0
2015-04-08,29.5
2015-04-09,30.0
2015-04-10,33.0
2015-04-11,39.0
2015-04-12,40.5
2015-04-13,31.0
2015-04-14,30.5
2015-04-15,31.0
2015-04-16,30.5
2015-04-17,33.0
2015-04-18,40.0
2015-04-19,39.0
2015-04-20,31.5
2015-04-21,31.0
2015-04-22,30.5
2015-04-23,31.0
2015-04-24,31.5
2015-04-25,38.5
2015-04-26,39.5
2015-04-27,31.0
2015-04-28,29.0
2015-04-29,29.5
2015-04-30,30.0
2015-05-01,39.22
2015-05-02,46.64
2015-05-03,45.050000000000004
2015-05-04,39.75
2015-05-05,37.1
2015-05-06,38.160000000000004
2015-05-07,38.690000000000005
2015-05-08,40.81
2015-05-09,51.940000000000005
2015-05-10,46.64
2015-05-11,39.22
2015-05-12,38.690000000000005
2015-05-13,36.57
2015-05-14,38.160000000000004
2015-05-15,39.75
2015-05-16,49.29
2015-05-17,49.82
2015-05-18,40.28
2015-05-19,39.75
2015-05-20,38.690000000000005
2015-05-21,38.690000000000005
2015-05-22,42.93
2015-05-23,50.88
2015-05-24,51.940000000000005
2015-05-25,53.0
2015-05-26,40.28
2015-05-27,39.22
2015-05-28,39.75
2015-05-29,42.400000000000006
2015-05-30,49.82
2015-05-31,52.470000000000006
2015-06-01,43.5
2015-06-02,42.339999999999996
2015-06-03,41.76
2015-06-04,42.919999999999995
2015-06-05,45.82
2015-06-06,52.779999999999994
2015-06-07,54.519999999999996
2015-06-08,45.82
2015-06-09,46.4
2015-06-10,48.13999999999999
2015-06-11,46.98
2015-06-12,47.559999999999995
2015-06-13,57.419999999999995
2015-06-14,55.67999999999999
2015-06-15,46.98
2015-06-16,45.82
2015-06-17,44.08
2015-06-18,45.82
2015-06-19,48.72
2015-06-20,56.26
2015-06-21,51.62
2015-06-22,44.66
2015-06-23,45.82
2015-06-24,44.08
2015-06-25,46.4
2015-06-26,46.98
2015-06-27,55.67999999999999
2015-06-28,57.99999999999999
2015-06-29,48.13999999999999
2015-06-30,48.13999999999999
2015-07-01,39.06
2015-07-02,40.95
2015-07-03,48.51
2015-07-04,51.660000000000004
2015-07-05,46.62
2015-07-06,39.06
2015-07-07,37.8
2015-07-08,37.17
2015-07-09,36.54
2015-07-10,39.06
2015-07-11,44.73
2015-07-12,45.36
2015-07-13,39.69
2015-07-14,40.95
2015-07-15,63.0
2015-07-16,42.84
2015-07-17,40.95
2015-07-18,45.99
2015-07-19,45.36
2015-07-20,38.43
2015-07-21,38.43
2015-07-22,37.17
2015-07-23,37.8
2015-07-24,39.69
2015-07-25,45.36
2015-07-26,45.36
2015-07-27,38.43
2015-07-28,37.8
2015-07-29,36.54
2015-07-30,38.43
2015-07-31,40.32
2015-08-01,58.199999999999996
2015-08-02,59.4
2015-08-03,49.8
2015-08-04,48.0
2015-08-05,46.8
2015-08-06,47.4
2015-08-07,50.4
2015-08-08,58.8
2015-08-09,57.599999999999994
2015-08-10,49.8
2015-08-11,47.4
2015-08-12,46.199999999999996
2015-08-13,46.8
2015-08-14,49.199999999999996
2015-08-15,59.4
2015-08-16,60.0
2015-08-17,48.6
2015-08-18,47.4
2015-08-19,46.8
2015-08-20,46.199999999999996
2015-08-21,46.8
2015-08-22,56.4
2015-08-23,58.199999999999996
2015-08-24,45.0
2015-08-25,45.0
2015-08-26,42.6
2015-08-27,43.8
2015-08-28,47.4
2015-08-29,56.4
2015-08-30,55.8
2015-08-31,45.6
2015-09-01,38.690000000000005
2015-09-02,38.160000000000004
2015-09-03,38.690000000000005
2015-09-04,41.870000000000005
2015-09-05,49.82
2015-09-06,50.88
2015-09-07,53.0
2015-09-08,38.160000000000004
2015-09-09,35.510000000000005
2015-09-10,37.63
2015-09-11,38.690000000000005
2015-09-12,46.64
2015-09-13,45.580000000000005
2015-09-14,36.57
2015-09-15,36.57
2015-09-16,36.04
2015-09-17,35.510000000000005
2015-09-18,38.160000000000004
2015-09-19,45.580000000000005
2015-09-20,45.050000000000004
2015-09-21,36.57
2015-09-22,35.510000000000005
2015-09-23,35.510000000000005
2015-09-24,34.45
2015-09-25,38.160000000000004
2015-09-26,47.7
2015-09-27,45.050000000000004
2015-09-28,36.57
2015-09-29,34.980000000000004
2015-09-30,35.510000000000005
2015-10-01,39.96
2015-10-02,43.2
2015-10-03,54.0
2015-10-04,50.760000000000005
2015-10-05,41.580000000000005
2015-10-06,38.88
2015-10-07,38.34
2015-10-08,38.34
2015-10-09,41.040000000000006
2015-10-10,51.84
2015-10-11,50.220000000000006
2015-10-12,42.120000000000005
2015-10-13,39.42
2015-10-14,39.96
2015-10-15,41.580000000000005
2015-10-16,42.660000000000004
2015-10-17,51.300000000000004
2015-10-18,50.760000000000005
2015-10-19,42.660000000000004
2015-10-20,39.96
2015-10-21,41.040000000000006
2015-10-22,41.580000000000005
2015-10-23,44.82
2015-10-24,52.38
2015-10-25,51.84
2015-10-26,43.2
2015-10-27,43.2
2015-10-28,42.660000000000004
2015-10-29,43.74
2015-10-30,46.980000000000004
2015-10-31,54.0
2015-11-01,21.32
2015-11-02,17.22
2015-11-03,17.22
2015-11-04,17.22
2015-11-05,17.22
2015-11-06,18.04
2015-11-07,23.779999999999998
2015-11-08,23.779999999999998
2015-11-09,19.68
2015-11-10,19.68
2015-11-11,20.5
2015-11-12,23.779999999999998
2015-11-13,22.139999999999997
2015-11-14,25.419999999999998
2015-11-15,26.24
2015-11-16,21.32
2015-11-17,20.5
2015-11-18,21.32
2015-11-19,21.32
2015-11-20,22.959999999999997
2015-11-21,29.52
2015-11-22,31.159999999999997
2015-11-23,27.88
2015-11-24,28.7
2015-11-25,34.44
2015-11-26,82.0
2015-11-27,68.88
2015-11-28,37.72
2015-11-29,33.62
2015-11-30,34.44
2015-12-01,29.049999999999997
2015-12-02,24.07
2015-12-03,24.07
2015-12-04,26.56
2015-12-05,31.54
2015-12-06,30.709999999999997
2015-12-07,24.9
2015-12-08,24.07
2015-12-09,24.07
2015-12-10,24.07
2015-12-11,25.73
2015-12-12,31.54
2015-12-13,31.54
2015-12-14,26.56
2015-12-15,25.73
2015-12-16,25.73
2015-12-17,26.56
2015-12-18,29.88
2015-12-19,34.86
2015-12-20,34.03
2015-12-21,30.709999999999997
2015-12-22,31.54
2015-12-23,34.03
2015-12-24,53.12
2015-12-25,83.0
2015-12-26,43.16
2015-12-27,29.049999999999997
2015-12-28,24.07
2015-12-29,22.41
2015-12-30,23.24
2015-12-31,25.73
2016-01-01,51.0
2016-01-02,42.33
2016-01-03,37.230000000000004
2016-01-04,31.62
2016-01-05,30.6
2016-01-06,29.07
2016-01-07,28.05
2016-01-08,29.07
2016-01-09,35.19
2016-01-10,33.15
2016-01-11,27.03
2016-01-12,25.5
2016-01-13,26.01
2016-01-14,24.990000000000002
2016-01-15,36.21
2016-01-16,40.8
2016-01-17,35.7
2016-01-18,32.13
2016-01-19,28.05
2016-01-20,28.05
2016-01-21,28.05
2016-01-22,29.07
2016-01-23,35.19
2016-01-24,32.64
2016-01-25,27.03
2016-01-26,26.01
2016-01-27,26.01
2016-01-28,27.03
2016-01-29,28.05
2016-01-30,34.17
2016-01-31,34.17
2016-02-01,35.5
2016-02-02,33.0
2016-02-03,35.0
2016-02-04,35.5
2016-02-05,37.0
2016-02-06,47.5
2016-02-07,44.5
2016-02-08,33.0
2016-02-09,35.5
2016-02-10,37.5
2016-02-11,39.5
2016-02-12,42.5
2016-02-13,50.0
2016-02-14,47.5
2016-02-15,41.0
2016-02-16,35.0
2016-02-17,35.5
2016-02-18,36.5
2016-02-19,38.0
2016-02-20,46.5
2016-02-21,46.0
2016-02-22,36.5
2016-02-23,34.5
2016-02-24,34.0
2016-02-25,36.0
2016-02-26,37.5
2016-02-27,47.5
2016-02-28,46.0
2016-02-29,35.5
2016-03-01,28.080000000000002
2016-03-02,28.080000000000002
2016-03-03,28.6
2016-03-04,29.64
2016-03-05,36.92
2016-03-06,36.92
2016-03-07,29.12
2016-03-08,28.6
2016-03-09,28.080000000000002
2016-03-10,29.12
2016-03-11,30.16
2016-03-12,36.92
2016-03-13,37.44
2016-03-14,30.16
2016-03-15,29.12
2016-03-16,28.6
2016-03-17,28.6
2016-03-18,30.68
2016-03-19,37.44
2016-03-20,37.44
2016-03-21,29.64
2016-03-22,28.6
2016-03-23,28.6
2016-03-24,29.64
2016-03-25,33.28
2016-03-26,38.480000000000004
2016-03-27,52.0
2016-03-28,31.720000000000002
2016-03-29,29.12
2016-03-30,29.12
2016-03-31,29.12
2016-04-01,41.82
2016-04-02,48.96
2016-04-03,49.47
2016-04-04,38.25
2016-04-05,38.25
2016-04-06,36.21
2016-04-07,36.72
2016-04-08,39.27
2016-04-09,47.94
2016-04-10,47.43
2016-04-11,37.74
2016-04-12,37.230000000000004
2016-04-13,36.21
2016-04-14,36.21
2016-04-15,39.78
2016-04-16,48.45
2016-04-17,49.47
2016-04-18,39.27
2016-04-19,37.74
2016-04-20,38.76
2016-04-21,37.230000000000004
2016-04-22,39.78
2016-04-23,51.0
2016-04-24,49.47
2016-04-25,39.78
2016-04-26,38.25
2016-04-27,36.72
2016-04-28,38.25
2016-04-29,40.8
2016-04-30,48.96
2016-05-01,48.160000000000004
2016-05-02,39.2
2016-05-03,36.96
2016-05-04,38.080000000000005
2016-05-05,38.080000000000005
2016-05-06,39.2
2016-05-07,48.720000000000006
2016-05-08,45.36000000000001
2016-05-09,38.080000000000005
2016-05-10,36.96
2016-05-11,36.96
2016-05-12,38.080000000000005
2016-05-13,40.32000000000001
2016-05-14,50.96000000000001
2016-05-15,49.28
2016-05-16,40.32000000000001
2016-05-17,37.52
2016-05-18,38.64
2016-05-19,38.64
2016-05-20,40.88
2016-05-21,49.28
2016-05-22,50.400000000000006
2016-05-23,40.32000000000001
2016-05-24,39.760000000000005
2016-05-25,39.760000000000005
2016-05-26,41.440000000000005
2016-05-27,45.36000000000001
2016-05-28,56.00000000000001
2016-05-29,54.88
2016-05-30,56.00000000000001
2016-05-31,42.00000000000001
2016-06-01,46.62
2016-06-02,47.25
2016-06-03,50.4
2016-06-04,58.59
2016-06-05,58.59
2016-06-06,50.4
2016-06-07,48.51
2016-06-08,47.88
2016-06-09,47.88
2016-06-10,51.03
2016-06-11,59.22
2016-06-12,58.59
2016-06-13,48.51
2016-06-14,52.92
2016-06-15,51.03
2016-06-16,51.03
2016-06-17,52.29
2016-06-18,63.0
2016-06-19,59.22
2016-06-20,49.14
2016-06-21,49.14
2016-06-22,47.88
2016-06-23,49.77
2016-06-24,51.03
2016-06-25,60.480000000000004
2016-06-26,59.85
2016-06-27,49.77
2016-06-28,48.51
2016-06-29,49.14
2016-06-30,51.03
2016-07-01,53.76
2016-07-02,60.800000000000004
2016-07-03,62.08
2016-07-04,64.0
2016-07-05,47.36
2016-07-06,48.0
2016-07-07,48.0
2016-07-08,48.0
2016-07-09,56.32
2016-07-10,56.96
2016-07-11,49.28
2016-07-12,49.28
2016-07-13,48.64
2016-07-14,47.36
2016-07-15,49.92
2016-07-16,57.6
2016-07-17,57.6
2016-07-18,49.28
2016-07-19,45.44
2016-07-20,46.08
2016-07-21,46.72
2016-07-22,48.64
2016-07-23,56.96
2016-07-24,56.32
2016-07-25,48.0
2016-07-26,46.08
2016-07-27,46.08
2016-07-28,46.72
2016-07-29,49.28
2016-07-30,58.24
2016-07-31,56.32
2016-08-01,50.459999999999994
2016-08-02,48.72
2016-08-03,48.72
2016-08-04,48.13999999999999
2016-08-05,49.3
2016-08-06,53.36
2016-08-07,53.36
2016-08-08,46.98
2016-08-09,44.66
2016-08-10,44.08
2016-08-11,45.239999999999995
2016-08-12,46.98
2016-08-13,53.94
2016-08-14,53.94
2016-08-15,46.98
2016-08-16,44.66
2016-08-17,43.5
2016-08-18,43.5
2016-08-19,46.4
2016-08-20,54.519999999999996
2016-08-21,52.779999999999994
2016-08-22,43.5
2016-08-23,42.919999999999995
2016-08-24,43.5
2016-08-25,45.82
2016-08-26,48.13999999999999
2016-08-27,57.99999999999999
2016-08-28,57.419999999999995
2016-08-29,44.08
2016-08-30,43.5
2016-08-31,42.339999999999996
2016-09-01,42.35
2016-09-02,44.0
2016-09-03,53.35
2016-09-04,53.900000000000006
2016-09-05,55.00000000000001
2016-09-06,39.050000000000004
2016-09-07,37.95
2016-09-08,39.050000000000004
2016-09-09,41.800000000000004
2016-09-10,48.95
2016-09-11,47.85
2016-09-12,40.150000000000006
2016-09-13,37.95
2016-09-14,37.95
2016-09-15,39.050000000000004
2016-09-16,41.800000000000004
2016-09-17,50.6
2016-09-18,46.75000000000001
2016-09-19,39.050000000000004
2016-09-20,38.5
2016-09-21,38.5
2016-09-22,39.050000000000004
2016-09-23,41.800000000000004
2016-09-24,50.6
2016-09-25,48.400000000000006
2016-09-26,39.6
2016-09-27,36.85
2016-09-28,37.400000000000006
2016-09-29,37.95
2016-09-30,41.800000000000004
2016-10-01,53.2
2016-10-02,51.52
2016-10-03,42.56
2016-10-04,40.32000000000001
2016-10-05,39.2
2016-10-06,41.440000000000005
2016-10-07,44.800000000000004
2016-10-08,52.64000000000001
2016-10-09,50.96000000000001
2016-10-10,43.68000000000001
2016-10-11,41.440000000000005
2016-10-12,40.88
2016-10-13,42.56
2016-10-14,45.36000000000001
2016-10-15,52.080000000000005
2016-10-16,52.080000000000005
2016-10-17,42.56
2016-10-18,41.440000000000005
2016-10-19,42.00000000000001
2016-10-20,41.440000000000005
2016-10-21,45.36000000000001
2016-10-22,53.760000000000005
2016-10-23,54.32000000000001
2016-10-24,45.36000000000001
2016-10-25,42.00000000000001
2016-10-26,43.120000000000005
2016-10-27,43.68000000000001
2016-10-28,47.040000000000006
2016-10-29,56.00000000000001
2016-10-30,54.32000000000001
2016-10-31,42.56
2016-11-01,16.34
2016-11-02,17.2
2016-11-03,17.2
2016-11-04,18.919999999999998
2016-11-05,23.22
2016-11-06,23.22
2016-11-07,18.06
2016-11-08,17.2
2016-11-09,12.9
2016-11-10,22.36
2016-11-11,26.66
2016-11-12,27.52
2016-11-13,26.66
2016-11-14,22.36
2016-11-15,22.36
2016-11-16,23.22
2016-11-17,24.08
2016-11-18,25.8
2016-11-19,30.96
2016-11-20,32.68
2016-11-21,30.099999999999998
2016-11-22,30.099999999999998
2016-11-23,36.98
2016-11-24,86.0
2016-11-25,73.1
2016-11-26,38.7
2016-11-27,33.54
2016-11-28,33.54
2016-11-29,25.8
2016-11-30,22.36
2016-12-01,30.8
2016-12-02,32.56
2016-12-03,40.48
2016-12-04,38.72
2016-12-05,31.68
2016-12-06,30.8
2016-12-07,30.8
2016-12-08,31.68
2016-12-09,31.68
2016-12-10,38.72
2016-12-11,38.72
2016-12-12,32.56
2016-12-13,31.68
2016-12-14,30.8
2016-12-15,32.56
2016-12-16,35.2
2016-12-17,42.24
2016-12-18,42.24
2016-12-19,36.96
2016-12-20,36.96
2016-12-21,37.84
2016-12-22,40.48
2016-12-23,47.52
2016-12-24,67.76
2016-12-25,88.0
2016-12-26,51.04
2016-12-27,31.68
2016-12-28,29.92
2016-12-29,28.16
2016-12-30,29.92
2016-12-31,33.44
2017-01-01,55.00000000000001
2017-01-02,45.1
2017-01-03,36.85
2017-01-04,35.75
2017-01-05,35.75
2017-01-06,35.75
2017-01-07,41.800000000000004
2017-01-08,41.25
2017-01-09,33.550000000000004
2017-01-10,31.900000000000002
2017-01-11,31.900000000000002
2017-01-12,32.45
2017-01-13,35.2
2017-01-14,42.35
2017-01-15,40.150000000000006
2017-01-16,36.85
2017-01-17,31.900000000000002
2017-01-18,31.35
2017-01-19,31.35
2017-01-20,31.900000000000002
2017-01-21,40.150000000000006
2017-01-22,39.6
2017-01-23,32.45
2017-01-24,31.35
2017-01-25,30.800000000000004
2017-01-26,30.800000000000004
2017-01-27,32.45
2017-01-28,40.150000000000006
2017-01-29,39.6
2017-01-30,31.900000000000002
2017-01-31,33.0
2017-02-01,40.7
2017-02-02,40.150000000000006
2017-02-03,42.35
2017-02-04,52.25000000000001
2017-02-05,48.400000000000006
2017-02-06,35.75
2017-02-07,37.400000000000006
2017-02-08,39.050000000000004
2017-02-09,39.050000000000004
2017-02-10,41.25
2017-02-11,50.6
2017-02-12,49.50000000000001
2017-02-13,40.150000000000006
2017-02-14,37.95
2017-02-15,37.400000000000006
2017-02-16,37.95
2017-02-17,40.150000000000006
2017-02-18,49.50000000000001
2017-02-19,49.50000000000001
2017-02-20,43.45
2017-02-21,39.6
2017-02-22,40.7
2017-02-23,42.900000000000006
2017-02-24,44.0
2017-02-25,55.00000000000001
2017-02-26,52.25000000000001
2017-02-27,41.800000000000004
2017-02-28,41.25
2017-03-01,42.74999999999999
2017-03-02,45.029999999999994
2017-03-03,48.449999999999996
2017-03-04,56.99999999999999
2017-03-05,55.85999999999999
2017-03-06,44.459999999999994
2017-03-07,42.74999999999999
2017-03-08,42.74999999999999
2017-03-09,43.31999999999999
2017-03-10,44.459999999999994
2017-03-11,56.99999999999999
2017-03-12,54.72
2017-03-13,45.599999999999994
2017-03-14,41.61
2017-03-15,42.18
2017-03-16,42.74999999999999
2017-03-17,43.88999999999999
2017-03-18,53.01
2017-03-19,54.15
2017-03-20,42.18
2017-03-21,41.61
2017-03-22,41.61
2017-03-23,42.18
2017-03-24,43.31999999999999
2017-03-25,53.01
2017-03-26,54.72
2017-03-27,42.74999999999999
2017-03-28,42.18
2017-03-29,41.61
2017-03-30,41.61
2017-03-31,45.029999999999994
2017-04-01,39.6
2017-04-02,39.0
2017-04-03,32.4
2017-04-04,30.0
2017-04-05,29.4
2017-04-06,30.599999999999998
2017-04-07,31.799999999999997
2017-04-08,39.0
2017-04-09,39.0
2017-04-10,32.4
2017-04-11,31.799999999999997
2017-04-12,30.599999999999998
2017-04-13,31.799999999999997
2017-04-14,36.6
2017-04-15,42.6
2017-04-16,60.0
2017-04-17,34.199999999999996
2017-04-18,30.0
2017-04-19,30.0
2017-04-20,30.599999999999998
2017-04-21,32.4
2017-04-22,40.199999999999996
2017-04-23,39.0
2017-04-24,31.2
2017-04-25,30.0
2017-04-26,30.599999999999998
2017-04-27,31.799999999999997
2017-04-28,33.0
2017-04-29,40.8
2017-04-30,40.8
2017-05-01,45.14
2017-05-02,42.089999999999996
2017-05-03,42.089999999999996
2017-05-04,43.92
2017-05-05,45.75
2017-05-06,55.51
2017-05-07,53.68
2017-05-08,45.14
2017-05-09,43.31
2017-05-10,42.699999999999996
2017-05-11,43.92
2017-05-12,45.75
2017-05-13,57.949999999999996
2017-05-14,54.29
2017-05-15,45.75
2017-05-16,43.92
2017-05-17,42.699999999999996
2017-05-18,44.53
2017-05-19,48.19
2017-05-20,56.12
2017-05-21,55.51
2017-05-22,45.14
2017-05-23,43.92
2017-05-24,43.92
2017-05-25,45.75
2017-05-26,49.41
2017-05-27,58.56
2017-05-28,59.17
2017-05-29,61.0
2017-05-30,46.36
2017-05-31,46.97
2017-06-01,51.00000000000001
2017-06-02,53.720000000000006
2017-06-03,64.60000000000001
2017-06-04,62.56
2017-06-05,52.36000000000001
2017-06-06,51.00000000000001
2017-06-07,53.040000000000006
2017-06-08,51.68000000000001
2017-06-09,56.440000000000005
2017-06-10,63.92
2017-06-11,64.60000000000001
2017-06-12,55.760000000000005
2017-06-13,53.720000000000006
2017-06-14,54.400000000000006
2017-06-15,55.760000000000005
2017-06-16,59.84
2017-06-17,68.0
2017-06-18,61.88
2017-06-19,55.080000000000005
2017-06-20,54.400000000000006
2017-06-21,53.040000000000006
2017-06-22,54.400000000000006
2017-06-23,57.800000000000004
2017-06-24,65.28
2017-06-25,65.96000000000001
2017-06-26,56.440000000000005
2017-06-27,53.040000000000006
2017-06-28,54.400000000000006
2017-06-29,55.760000000000005
2017-06-30,59.160000000000004
2017-07-01,64.39999999999999
2017-07-02,63.699999999999996
2017-07-03,61.599999999999994
2017-07-04,70.0
2017-07-05,52.5
2017-07-06,52.5
2017-07-07,55.3
2017-07-08,61.599999999999994
2017-07-09,60.199999999999996
2017-07-10,52.5
2017-07-11,51.8
2017-07-12,49.699999999999996
2017-07-13,50.4
2017-07-14,53.199999999999996
2017-07-15,62.3
2017-07-16,60.199999999999996
2017-07-17,52.5
2017-07-18,51.8
2017-07-19,51.099999999999994
2017-07-20,50.4
2017-07-21,53.199999999999996
2017-07-22,63.699999999999996
2017-07-23,63.699999999999996
2017-07-24,53.9
2017-07-25,51.8
2017-07-26,50.4
2017-07-27,51.8
2017-07-28,53.9
2017-07-29,60.9
2017-07-30,61.599999999999994
2017-07-31,52.5
2017-08-01,53.040000000000006
2017-08-02,52.36000000000001
2017-08-03,53.720000000000006
2017-08-04,54.400000000000006
2017-08-05,62.56
2017-08-06,62.56
2017-08-07,53.040000000000006
2017-08-08,51.00000000000001
2017-08-09,50.32
2017-08-10,51.68000000000001
2017-08-11,52.36000000000001
2017-08-12,60.52
2017-08-13,59.84
2017-08-14,53.040000000000006
2017-08-15,52.36000000000001
2017-08-16,52.36000000000001
2017-08-17,54.400000000000006
2017-08-18,58.480000000000004
2017-08-19,65.28
2017-08-20,68.0
2017-08-21,54.400000000000006
2017-08-22,48.28
2017-08-23,48.28
2017-08-24,47.6
2017-08-25,50.32
2017-08-26,56.440000000000005
2017-08-27,53.720000000000006
2017-08-28,48.28
2017-08-29,45.56
2017-08-30,45.56
2017-08-31,48.28
2017-09-01,51.24
2017-09-02,61.0
2017-09-03,58.56
2017-09-04,59.78
2017-09-05,45.75
2017-09-06,43.31
2017-09-07,44.53
2017-09-08,45.75
2017-09-09,53.68
2017-09-10,49.41
2017-09-11,45.75
2017-09-12,44.53
2017-09-13,42.699999999999996
2017-09-14,42.699999999999996
2017-09-15,46.36
2017-09-16,55.51
2017-09-17,53.07
2017-09-18,43.31
2017-09-19,41.48
2017-09-20,42.699999999999996
2017-09-21,42.699999999999996
2017-09-22,45.14
2017-09-23,53.68
2017-09-24,52.46
2017-09-25,43.92
2017-09-26,42.699999999999996
2017-09-27,41.48
2017-09-28,43.31
2017-09-29,50.629999999999995
2017-09-30,54.9
2017-10-01,54.29
2017-10-02,41.48
2017-10-03,41.48
2017-10-04,41.48
2017-10-05,43.92
2017-10-06,45.14
2017-10-07,56.12
2017-10-08,53.68
2017-10-09,46.36
2017-10-10,42.699999999999996
2017-10-11,42.089999999999996
2017-10-12,43.92
2017-10-13,46.97
2017-10-14,54.9
2017-10-15,53.68
2017-10-16,45.75
2017-10-17,43.92
2017-10-18,43.92
2017-10-19,43.92
2017-10-20,45.75
2017-10-21,56.73
2017-10-22,53.68
2017-10-23,45.75
2017-10-24,45.75
2017-10-25,45.75
2017-10-26,46.97
2017-10-27,49.41
2017-10-28,61.0
2017-10-29,56.73
2017-10-30,49.41
2017-10-31,45.75
2017-11-01,19.74
2017-11-02,25.38
2017-11-03,23.5
2017-11-04,27.259999999999998
2017-11-05,26.32
2017-11-06,22.56
2017-11-07,23.5
2017-11-08,22.56
2017-11-09,26.32
2017-11-10,27.259999999999998
2017-11-11,31.02
2017-11-12,30.08
2017-11-13,24.439999999999998
2017-11-14,24.439999999999998
2017-11-15,25.38
2017-11-16,26.32
2017-11-17,28.2
2017-11-18,34.78
2017-11-19,35.72
2017-11-20,31.02
2017-11-21,31.959999999999997
2017-11-22,40.419999999999995
2017-11-23,94.0
2017-11-24,79.89999999999999
2017-11-25,43.239999999999995
2017-11-26,35.72
2017-11-27,38.54
2017-11-28,29.139999999999997
2017-11-29,25.38
2017-11-30,25.38
2017-12-01,32.9
2017-12-02,40.419999999999995
2017-12-03,40.419999999999995
2017-12-04,31.959999999999997
2017-12-05,31.02
2017-12-06,32.9
2017-12-07,32.9
2017-12-08,33.839999999999996
2017-12-09,41.36
2017-12-10,40.419999999999995
2017-12-11,34.78
2017-12-12,32.9
2017-12-13,32.9
2017-12-14,33.839999999999996
2017-12-15,36.66
2017-12-16,45.12
2017-12-17,43.239999999999995
2017-12-18,37.599999999999994
2017-12-19,36.66
2017-12-20,37.599999999999994
2017-12-21,40.419999999999995
2017-12-22,45.12
2017-12-23,52.64
2017-12-24,69.56
2017-12-25,94.0
2017-12-26,48.879999999999995
2017-12-27,35.72
2017-12-28,32.9
2017-12-29,33.839999999999996
2017-12-30,34.78
2017-12-31,37.599999999999994
2018-01-01,60.0
2018-01-02,41.4
2018-01-03,40.199999999999996
2018-01-04,39.0
2018-01-05,38.4
2018-01-06,45.6
2018-01-07,43.8
2018-01-08,35.4
2018-01-09,31.799999999999997
2018-01-10,33.0
2018-01-11,37.8
2018-01-12,37.8
2018-01-13,43.8
2018-01-14,42.0
2018-01-15,38.4
2018-01-16,32.4
2018-01-17,32.4
2018-01-18,33.0
2018-01-19,34.199999999999996
2018-01-20,40.8
2018-01-21,38.4
2018-01-22,32.4
2018-01-23,31.799999999999997
2018-01-24,31.799999999999997
2018-01-25,32.4
2018-01-26,34.199999999999996
2018-01-27,42.0
2018-01-28,40.8
2018-01-29,31.799999999999997
2018-01-30,31.2
2018-01-31,31.2
2018-02-01,42.919999999999995
2018-02-02,44.08
2018-02-03,55.67999999999999
2018-02-04,51.04
2018-02-05,37.699999999999996
2018-02-06,41.18
2018-02-07,41.18
2018-02-08,42.339999999999996
2018-02-09,42.919999999999995
2018-02-10,52.779999999999994
2018-02-11,51.04
2018-02-12,42.919999999999995
2018-02-13,42.339999999999996
2018-02-14,40.599999999999994
2018-02-15,38.86
2018-02-16,42.339999999999996
2018-02-17,50.459999999999994
2018-02-18,53.36
2018-02-19,47.559999999999995
2018-02-20,41.18
2018-02-21,42.339999999999996
2018-02-22,45.82
2018-02-23,46.4
2018-02-24,57.99999999999999
2018-02-25,57.419999999999995
2018-02-26,45.82
2018-02-27,42.919999999999995
2018-02-28,44.08
2018-03-01,47.4
2018-03-02,47.4
2018-03-03,60.0
2018-03-04,58.199999999999996
2018-03-05,47.4
2018-03-06,44.4
2018-03-07,46.199999999999996
2018-03-08,45.0
2018-03-09,46.199999999999996
2018-03-10,57.0
2018-03-11,54.6
2018-03-12,45.6
2018-03-13,43.8
2018-03-14,44.4
2018-03-15,43.8
2018-03-16,45.6
2018-03-17,54.6
2018-03-18,54.6
2018-03-19,45.0
2018-03-20,43.199999999999996
2018-03-21,42.0
2018-03-22,43.199999999999996
2018-03-23,45.6
2018-03-24,55.199999999999996
2018-03-25,55.8
2018-03-26,46.199999999999996
2018-03-27,45.0
2018-03-28,45.0
2018-03-29,46.199999999999996
2018-03-30,52.8
2018-03-31,59.4
2018-04-01,63.0
2018-04-02,37.8
2018-04-03,35.910000000000004
2018-04-04,35.910000000000004
2018-04-05,36.54
2018-04-06,37.8
2018-04-07,44.1
2018-04-08,44.1
2018-04-09,35.28
2018-04-10,33.39
2018-04-11,33.39
2018-04-12,32.76
2018-04-13,35.910000000000004
2018-04-14,44.1
2018-04-15,42.21
2018-04-16,32.76
2018-04-17,33.39
2018-04-18,32.13
2018-04-19,33.39
2018-04-20,34.02
2018-04-21,41.58
2018-04-22,43.47
2018-04-23,33.39
2018-04-24,32.76
2018-04-25,32.13
2018-04-26,32.76
2018-04-27,32.76
2018-04-28,42.21
2018-04-29,40.95
2018-04-30,33.39
2018-05-01,44.85
2018-05-02,45.5
2018-05-03,47.45
2018-05-04,48.75
2018-05-05,59.15
2018-05-06,57.2
2018-05-07,48.75
2018-05-08,46.15
2018-05-09,48.1
2018-05-10,47.45
2018-05-11,48.1
2018-05-12,61.1
2018-05-13,57.85
2018-05-14,47.45
2018-05-15,44.2
2018-05-16,46.15
2018-05-17,48.1
2018-05-18,48.1
2018-05-19,55.9
2018-05-20,57.2
2018-05-21,48.1
2018-05-22,45.5
2018-05-23,46.15
2018-05-24,48.1
2018-05-25,53.300000000000004
2018-05-26,65.0
2018-05-27,64.35000000000001
2018-05-28,65.0
2018-05-29,49.4
2018-05-30,46.800000000000004
2018-05-31,50.050000000000004
2018-06-01,55.199999999999996
2018-06-02,64.17
2018-06-03,64.17
2018-06-04,53.129999999999995
2018-06-05,50.37
2018-06-06,50.37
2018-06-07,51.74999999999999
2018-06-08,53.129999999999995
2018-06-09,61.41
2018-06-10,62.78999999999999
2018-06-11,53.129999999999995
2018-06-12,53.129999999999995
2018-06-13,53.81999999999999
2018-06-14,53.129999999999995
2018-06-15,56.58
2018-06-16,66.24
2018-06-17,62.78999999999999
2018-06-18,54.51
2018-06-19,51.059999999999995
2018-06-20,51.059999999999995
2018-06-21,51.059999999999995
2018-06-22,55.199999999999996
2018-06-23,62.78999999999999
2018-06-24,62.099999999999994
2018-06-25,54.51
2018-06-26,51.74999999999999
2018-06-27,50.37
2018-06-28,53.81999999999999
2018-06-29,59.339999999999996
2018-06-30,69.0
2018-07-01,65.86
2018-07-02,55.5
2018-07-03,59.94
2018-07-04,74.0
2018-07-05,55.5
2018-07-06,55.5
2018-07-07,61.42
2018-07-08,62.9
2018-07-09,55.5
2018-07-10,50.32
2018-07-11,51.8
2018-07-12,52.54
2018-07-13,54.76
2018-07-14,62.16
2018-07-15,60.68
2018-07-16,55.5
2018-07-17,54.019999999999996
2018-07-18,52.54
2018-07-19,51.8
2018-07-20,56.24
2018-07-21,60.68
2018-07-22,60.68
2018-07-23,52.54
2018-07-24,50.32
2018-07-25,50.32
2018-07-26,51.8
2018-07-27,53.28
2018-07-28,60.68
2018-07-29,61.42
2018-07-30,53.28
2018-07-31,51.8
2018-08-01,55.080000000000005
2018-08-02,56.440000000000005
2018-08-03,58.480000000000004
2018-08-04,68.0
2018-08-05,67.32000000000001
2018-08-06,56.440000000000005
2018-08-07,55.080000000000005
2018-08-08,53.720000000000006
2018-08-09,53.720000000000006
2018-08-10,57.120000000000005
2018-08-11,65.28
2018-08-12,64.60000000000001
2018-08-13,55.760000000000005
2018-08-14,53.720000000000006
2018-08-15,54.400000000000006
2018-08-16,55.080000000000005
2018-08-17,57.120000000000005
2018-08-18,65.28
2018-08-19,65.96000000000001
2018-08-20,53.720000000000006
2018-08-21,51.00000000000001
2018-08-22,49.64
2018-08-23,50.32
2018-08-24,53.720000000000006
2018-08-25,63.24
2018-08-26,61.88
2018-08-27,50.32
2018-08-28,48.28
2018-08-29,46.92
2018-08-30,48.28
2018-08-31,51.68000000000001
2018-09-01,61.44
2018-09-02,61.44
2018-09-03,64.0
2018-09-04,45.44
2018-09-05,45.44
2018-09-06,45.44
2018-09-07,46.72
2018-09-08,57.6
2018-09-09,54.4
2018-09-10,46.72
2018-09-11,44.800000000000004
2018-09-12,43.52
2018-09-13,43.52
2018-09-14,46.72
2018-09-15,57.6
2018-09-16,53.76
2018-09-17,45.44
2018-09-18,43.52
2018-09-19,44.160000000000004
2018-09-20,44.160000000000004
2018-09-21,46.72
2018-09-22,56.32
2018-09-23,54.4
2018-09-24,44.800000000000004
2018-09-25,43.52
2018-09-26,42.24
2018-09-27,42.24
2018-09-28,45.44
2018-09-29,55.04
2018-09-30,54.4
2018-10-01,48.51
2018-10-02,45.36
2018-10-03,45.99
2018-10-04,45.99
2018-10-05,48.51
2018-10-06,58.59
2018-10-07,55.44
2018-10-08,48.51
2018-10-09,45.36
2018-10-10,45.36
2018-10-11,46.62
2018-10-12,50.4
2018-10-13,60.480000000000004
2018-10-14,58.59
2018-10-15,48.51
2018-10-16,47.88
2018-10-17,45.36
2018-10-18,47.88
2018-10-19,49.77
2018-10-20,57.33
2018-10-21,57.96
2018-10-22,49.14
2018-10-23,47.25
2018-10-24,45.99
2018-10-25,48.51
2018-10-26,54.18
2018-10-27,63.0
2018-10-28,59.22
2018-10-29,49.14
2018-10-30,50.4
2018-10-31,49.77
2018-11-01,20.0
2018-11-02,22.0
2018-11-03,27.0
2018-11-04,26.0
2018-11-05,22.0
2018-11-06,20.0
2018-11-07,19.0
2018-11-08,24.0
2018-11-09,26.0
2018-11-10,30.0
2018-11-11,30.0
2018-11-12,25.0
2018-11-13,24.0
2018-11-14,25.0
2018-11-15,26.0
2018-11-16,27.0
2018-11-17,34.0
2018-11-18,36.0
2018-11-19,32.0
2018-11-20,32.0
2018-11-21,42.0
2018-11-22,100.0
2018-11-23,78.0
2018-11-24,42.0
2018-11-25,36.0
2018-11-26,40.0
2018-11-27,29.0
2018-11-28,25.0
2018-11-29,25.0
2018-11-30,26.0
2018-12-01,39.2
2018-12-02,40.18
2018-12-03,33.32
2018-12-04,31.36
2018-12-05,32.339999999999996
2018-12-06,31.36
2018-12-07,33.32
2018-12-08,40.18
2018-12-09,40.18
2018-12-10,33.32
2018-12-11,32.339999999999996
2018-12-12,32.339999999999996
2018-12-13,32.339999999999996
2018-12-14,35.28
2018-12-15,44.1
2018-12-16,43.12
2018-12-17,36.26
2018-12-18,36.26
2018-12-19,36.26
2018-12-20,37.24
2018-12-21,41.16
2018-12-22,48.019999999999996
2018-12-23,50.96
2018-12-24,69.58
2018-12-25,98.0
2018-12-26,47.04
2018-12-27,34.3
2018-12-28,31.36
2018-12-29,34.3
2018-12-30,32.339999999999996
2018-12-31,35.28
2019-01-01,62.0
2019-01-02,39.68
2019-01-03,37.82
2019-01-04,37.82
2019-01-05,47.12
2019-01-06,42.78
2019-01-07,34.72
2019-01-08,31.62
2019-01-09,32.86
2019-01-10,32.86
2019-01-11,35.339999999999996
2019-01-12,42.16
2019-01-13,40.92
2019-01-14,34.1
2019-01-15,32.24
2019-01-16,32.24
2019-01-17,32.24
2019-01-18,34.72
2019-01-19,42.16
2019-01-20,38.44
2019-01-21,35.96
2019-01-22,31.62
2019-01-23,32.24
2019-01-24,32.24
2019-01-25,33.48
2019-01-26,42.16
2019-01-27,41.54
2019-01-28,32.24
2019-01-29,31.0
2019-01-30,31.62
2019-01-31,32.86
2019-02-01,42.699999999999996
2019-02-02,53.68
2019-02-03,50.019999999999996
2019-02-04,38.43
2019-02-05,38.43
2019-02-06,38.43
2019-02-07,39.04
2019-02-08,41.48
2019-02-09,51.24
2019-02-10,51.85
2019-02-11,39.65
2019-02-12,40.26
2019-02-13,40.87
2019-02-14,39.65
2019-02-15,40.87
2019-02-16,51.24
2019-02-17,50.629999999999995
2019-02-18,45.14
2019-02-19,39.04
2019-02-20,40.87
2019-02-21,40.87
2019-02-22,45.14
2019-02-23,61.0
2019-02-24,52.46
2019-02-25,40.26
2019-02-26,41.48
2019-02-27,43.92
2019-02-28,45.75
2019-03-01,50.4
2019-03-02,63.0
2019-03-03,62.37
2019-03-04,49.14
2019-03-05,45.99
2019-03-06,47.88
2019-03-07,46.62
2019-03-08,49.77
2019-03-09,60.480000000000004
2019-03-10,61.11
2019-03-11,49.77
2019-03-12,46.62
2019-03-13,46.62
2019-03-14,45.99
2019-03-15,49.77
2019-03-16,62.37
2019-03-17,61.74
2019-03-18,49.77
2019-03-19,47.88
2019-03-20,46.62
2019-03-21,44.73
2019-03-22,49.14
2019-03-23,60.480000000000004
2019-03-24,60.480000000000004
2019-03-25,48.51
2019-03-26,47.25
2019-03-27,47.25
2019-03-28,46.62
2019-03-29,49.77
2019-03-30,59.85
2019-03-31,61.11
2019-04-01,33.5
2019-04-02,32.160000000000004
2019-04-03,32.160000000000004
2019-04-04,33.5
2019-04-05,34.17
2019-04-06,42.21
2019-04-07,42.21
2019-04-08,33.5
2019-04-09,32.160000000000004
2019-04-10,31.490000000000002
2019-04-11,31.490000000000002
2019-04-12,34.84
2019-04-13,42.21
2019-04-14,40.870000000000005
2019-04-15,33.5
2019-04-16,33.5
2019-04-17,33.5
2019-04-18,34.17
2019-04-19,39.53
2019-04-20,46.230000000000004
2019-04-21,67.0
2019-04-22,36.18
2019-04-23,32.160000000000004
2019-04-24,32.160000000000004
2019-04-25,32.160000000000004
2019-04-26,33.5
2019-04-27,41.54
2019-04-28,42.21
2019-04-29,32.830000000000005
2019-04-30,32.830000000000005
2019-05-01,45.5
2019-05-02,46.199999999999996
2019-05-03,47.599999999999994
2019-05-04,60.9
2019-05-05,59.49999999999999
2019-05-06,46.9
2019-05-07,45.5
2019-05-08,45.5
2019-05-09,46.9
2019-05-10,50.4
2019-05-11,61.599999999999994
2019-05-12,58.099999999999994
2019-05-13,46.9
2019-05-14,46.9
2019-05-15,47.599999999999994
2019-05-16,49.0
2019-05-17,51.8
2019-05-18,62.99999999999999
2019-05-19,62.3
2019-05-20,49.699999999999996
2019-05-21,47.599999999999994
2019-05-22,47.599999999999994
2019-05-23,50.4
2019-05-24,55.3
2019-05-25,70.0
2019-05-26,67.89999999999999
2019-05-27,70.0
2019-05-28,51.099999999999994
2019-05-29,49.0
2019-05-30,50.4
2019-05-31,54.599999999999994
2019-06-01,70.08
2019-06-02,70.81
2019-06-03,56.21
2019-06-04,54.019999999999996
2019-06-05,54.019999999999996
2019-06-06,56.21
2019-06-07,57.67
2019-06-08,67.89
2019-06-09,67.89
2019-06-10,56.21
2019-06-11,54.75
2019-06-12,55.48
2019-06-13,54.75
2019-06-14,59.86
2019-06-15,70.08
2019-06-16,65.7
2019-06-17,55.48
2019-06-18,55.48
2019-06-19,54.75
2019-06-20,56.21
2019-06-21,57.67
2019-06-22,70.08
2019-06-23,69.35
2019-06-24,57.67
2019-06-25,57.67
2019-06-26,56.21
2019-06-27,57.67
2019-06-28,62.05
2019-06-29,73.0
2019-06-30,72.27
2019-07-01,56.980000000000004
2019-07-02,56.21
2019-07-03,59.29
2019-07-04,77.0
2019-07-05,64.68
2019-07-06,63.910000000000004
2019-07-07,59.29
2019-07-08,53.9
2019-07-09,51.59
2019-07-10,52.36
2019-07-11,52.36
2019-07-12,56.980000000000004
2019-07-13,66.99
2019-07-14,66.99
2019-07-15,60.06
2019-07-16,55.44
2019-07-17,53.9
2019-07-18,53.13
2019-07-19,58.52
2019-07-20,65.45
2019-07-21,64.68
2019-07-22,54.67
2019-07-23,52.36
2019-07-24,51.59
2019-07-25,52.36
2019-07-26,55.44
2019-07-27,63.910000000000004
2019-07-28,63.910000000000004
2019-07-29,54.67
2019-07-30,56.21
2019-07-31,53.9
2019-08-01,50.92
2019-08-02,53.96
2019-08-03,76.0
2019-08-04,76.0
2019-08-05,56.24
2019-08-06,54.72
2019-08-07,51.68
2019-08-08,50.160000000000004
2019-08-09,57.0
2019-08-10,61.56
2019-08-11,60.04
2019-08-12,50.160000000000004
2019-08-13,47.12
2019-08-14,47.12
2019-08-15,48.64
2019-08-16,50.92
2019-08-17,61.56
2019-08-18,59.28
2019-08-19,47.88
2019-08-20,46.36
2019-08-21,45.6
2019-08-22,45.6
2019-08-23,46.36
2019-08-24,56.24
2019-08-25,54.72
2019-08-26,44.84
2019-08-27,42.56
2019-08-28,42.56
2019-08-29,45.6
2019-08-30,47.12
2019-08-31,56.24
2019-09-01,63.36
2019-09-02,66.0
2019-09-03,53.46
2019-09-04,51.480000000000004
2019-09-05,49.5
2019-09-06,50.82
2019-09-07,61.38
2019-09-08,58.74
2019-09-09,48.18
2019-09-10,45.54
2019-09-11,46.2
2019-09-12,47.52
2019-09-13,49.5
2019-09-14,60.720000000000006
2019-09-15,58.74
2019-09-16,49.5
2019-09-17,50.160000000000004
2019-09-18,48.18
2019-09-19,46.86
2019-09-20,50.160000000000004
2019-09-21,63.36
2019-09-22,59.400000000000006
2019-09-23,48.18
2019-09-24,45.54
2019-09-25,46.86
2019-09-26,45.54
2019-09-27,49.5
2019-09-28,60.720000000000006
2019-09-29,58.74
2019-09-30,48.18
2019-10-01,49.4
2019-10-02,48.1
2019-10-03,50.050000000000004
2019-10-04,52.65
2019-10-05,62.400000000000006
2019-10-06,59.15
2019-10-07,48.75
2019-10-08,47.45
2019-10-09,49.4
2019-10-10,48.75
2019-10-11,52.0
2019-10-12,63.050000000000004
2019-10-13,59.800000000000004
2019-10-14,51.35
2019-10-15,49.4
2019-10-16,49.4
2019-10-17,50.7
2019-10-18,52.65
2019-10-19,63.7
2019-10-20,61.1
2019-10-21,51.35
2019-10-22,51.35
2019-10-23,48.75
2019-10-24,52.0
2019-10-25,56.550000000000004
2019-10-26,65.0
2019-10-27,63.050000000000004
2019-10-28,52.65
2019-10-29,52.65
2019-10-30,54.6
2019-10-31,52.65
2019-11-01,21.119999999999997
2019-11-02,25.919999999999998
2019-11-03,25.919999999999998
2019-11-04,21.119999999999997
2019-11-05,20.16
2019-11-06,20.16
2019-11-07,22.08
2019-11-08,23.04
2019-11-09,27.84
2019-11-10,26.88
2019-11-11,24.0
2019-11-12,22.08
2019-11-13,23.04
2019-11-14,25.919999999999998
2019-11-15,24.96
2019-11-16,29.759999999999998
2019-11-17,29.759999999999998
2019-11-18,25.919999999999998
2019-11-19,24.0
2019-11-20,24.0
2019-11-21,24.0
2019-11-22,25.919999999999998
2019-11-23,31.68
2019-11-24,32.64
2019-11-25,28.799999999999997
2019-11-26,30.72
2019-11-27,39.36
2019-11-28,96.0
2019-11-29,75.84
2019-11-30,40.32
2019-12-01,41.71
2019-12-02,45.589999999999996
2019-12-03,35.89
2019-12-04,31.04
2019-12-05,30.07
2019-12-06,31.04
2019-12-07,37.83
2019-12-08,35.89
2019-12-09,32.98
2019-12-10,32.01
2019-12-11,31.04
2019-12-12,31.04
2019-12-13,32.98
2019-12-14,40.74
2019-12-15,39.769999999999996
2019-12-16,32.98
2019-12-17,32.98
2019-12-18,33.949999999999996
2019-12-19,33.949999999999996
2019-12-20,36.86
2019-12-21,44.62
2019-12-22,43.65
2019-12-23,44.62
2019-12-24,69.84
2019-12-25,97.0
2019-12-26,46.56
2019-12-27,33.949999999999996
2019-12-28,32.98
2019-12-29,30.07
2019-12-30,28.13
2019-12-31,33.949999999999996
2020-01-01,60.0
2020-01-02,39.6
2020-01-03,37.8
2020-01-04,42.6
2020-01-05,40.199999999999996
2020-01-06,33.6
2020-01-07,33.0
2020-01-08,31.2
2020-01-09,31.799999999999997
2020-01-10,33.0
2020-01-11,39.0
2020-01-12,37.8
2020-01-13,32.4
2020-01-14,31.2
2020-01-15,30.599999999999998
2020-01-16,30.599999999999998
2020-01-17,33.0
2020-01-18,39.0
2020-01-19,36.6
2020-01-20,36.0
2020-01-21,30.599999999999998
2020-01-22,30.0
2020-01-23,30.0
2020-01-24,30.599999999999998
2020-01-25,39.6
2020-01-26,34.8
2020-01-27,28.799999999999997
2020-01-28,28.799999999999997
2020-01-29,29.4
2020-01-30,30.0
2020-01-31,31.799999999999997
2020-02-01,55.199999999999996
2020-02-02,52.199999999999996
2020-02-03,39.6
2020-02-04,41.4
2020-02-05,40.8
2020-02-06,40.199999999999996
2020-02-07,43.199999999999996
2020-02-08,52.199999999999996
2020-02-09,52.8
2020-02-10,43.8
2020-02-11,41.4
2020-02-12,42.6
2020-02-13,45.0
2020-02-14,47.4
2020-02-15,52.8
2020-02-16,52.8
2020-02-17,47.4
2020-02-18,40.8
2020-02-19,40.199999999999996
2020-02-20,41.4
2020-02-21,43.199999999999996
2020-02-22,52.199999999999996
2020-02-23,50.4
2020-02-24,42.0
2020-02-25,41.4
2020-02-26,46.199999999999996
2020-02-27,48.0
2020-02-28,49.199999999999996
2020-02-29,60.0
2020-03-01,52.699999999999996
2020-03-02,41.65
2020-03-03,42.5
2020-03-04,41.65
2020-03-05,41.65
2020-03-06,43.35
2020-03-07,52.699999999999996
2020-03-08,51.85
2020-03-09,43.35
2020-03-10,41.65
2020-03-11,43.35
2020-03-12,47.6
2020-03-13,60.35
2020-03-14,73.1
2020-03-15,71.39999999999999
2020-03-16,64.6
2020-03-17,62.9
2020-03-18,62.9
2020-03-19,69.7
2020-03-20,77.35
2020-03-21,85.0
2020-03-22,79.89999999999999
2020-03-23,67.14999999999999
2020-03-24,65.45
2020-03-25,62.9
2020-03-26,62.05
2020-03-27,64.6
2020-03-28,77.35
2020-03-29,73.95
2020-03-30,63.75
2020-03-31,64.6
2020-04-01,72.0
2020-04-02,75.0
2020-04-03,84.0
2020-04-04,100.0
2020-04-05,90.0
2020-04-06,75.0
2020-04-07,73.0
2020-04-08,72.0
2020-04-09,72.0
2020-04-10,74.0
2020-04-11,86.0
2020-04-12,99.0
2020-04-13,66.0
2020-04-14,67.0
2020-04-15,76.0
2020-04-16,74.0
2020-04-17,74.0
2020-04-18,86.0
2020-04-19,84.0
2020-04-20,68.0
2020-04-21,69.0
2020-04-22,67.0
2020-04-23,68.0
2020-04-24,68.0
2020-04-25,84.0
2020-04-26,82.0
2020-04-27,69.0
2020-04-28,70.0
2020-04-29,70.0
2020-04-30,71.0
